Datetime,Hour,DayName,Weekend,DayOfWeek,IndoorTemp,IndoorHumidity
2026-06-21 01:18:24,1,Sunday,1,6,30.8,72.3
2026-06-21 01:18:26,1,Sunday,1,6,30.8,72.4
2026-06-21 01:18:28,1,Sunday,1,6,30.8,72.4
2026-06-21 01:18:30,1,Sunday,1,6,30.8,72.4
2026-06-21 01:18:32,1,Sunday,1,6,30.8,72.4
2026-06-21 01:18:34,1,Sunday,1,6,30.8,72.4
2026-06-21 01:18:36,1,Sunday,1,6,30.8,72.3
2026-06-21 01:18:38,1,Sunday,1,6,30.8,72.3
2026-06-21 01:18:40,1,Sunday,1,6,30.8,72.4
2026-06-21 01:18:42,1,Sunday,1,6,30.8,72.4
2026-06-21 01:18:44,1,Sunday,1,6,30.8,72.4
2026-06-21 01:18:46,1,Sunday,1,6,30.8,72.4
2026-06-21 01:18:48,1,Sunday,1,6,30.8,72.4
2026-06-21 01:18:50,1,Sunday,1,6,30.8,72.4
2026-06-21 01:18:52,1,Sunday,1,6,30.8,72.4
2026-06-21 01:18:54,1,Sunday,1,6,30.8,72.3
2026-06-21 01:18:56,1,Sunday,1,6,30.8,72.2
2026-06-21 01:18:58,1,Sunday,1,6,30.8,72.2
2026-06-21 01:19:00,1,Sunday,1,6,30.8,72.2
2026-06-21 01:19:02,1,Sunday,1,6,30.8,72.1
2026-06-21 01:19:04,1,Sunday,1,6,30.8,72.2
2026-06-21 01:19:06,1,Sunday,1,6,30.8,72.3
2026-06-21 01:19:08,1,Sunday,1,6,30.8,72.4
2026-06-21 01:19:10,1,Sunday,1,6,30.8,72.4
2026-06-21 01:19:12,1,Sunday,1,6,30.8,72.5
2026-06-21 01:19:14,1,Sunday,1,6,30.8,72.6
2026-06-21 01:19:16,1,Sunday,1,6,30.8,72.6
2026-06-21 01:19:18,1,Sunday,1,6,30.8,72.6
2026-06-21 01:19:20,1,Sunday,1,6,30.8,72.6
2026-06-21 01:19:22,1,Sunday,1,6,30.8,72.7
2026-06-21 01:19:24,1,Sunday,1,6,30.8,72.7
2026-06-21 01:19:26,1,Sunday,1,6,30.8,72.8
2026-06-21 01:19:28,1,Sunday,1,6,30.8,72.8
2026-06-21 01:19:30,1,Sunday,1,6,30.8,72.8
2026-06-21 01:19:32,1,Sunday,1,6,30.8,72.8
2026-06-21 01:19:34,1,Sunday,1,6,30.8,72.9
2026-06-21 01:19:36,1,Sunday,1,6,30.8,72.8
2026-06-21 01:19:38,1,Sunday,1,6,30.8,72.8
2026-06-21 01:19:40,1,Sunday,1,6,30.9,72.8
2026-06-21 01:19:42,1,Sunday,1,6,30.8,72.8
2026-06-21 01:19:44,1,Sunday,1,6,30.8,72.8
2026-06-21 01:19:46,1,Sunday,1,6,30.8,72.7
2026-06-21 01:19:48,1,Sunday,1,6,30.8,72.8
2026-06-21 01:19:50,1,Sunday,1,6,30.9,72.8
2026-06-21 01:19:52,1,Sunday,1,6,30.8,72.8
2026-06-21 01:19:54,1,Sunday,1,6,30.8,72.6
2026-06-21 01:29:16,1,Sunday,1,6,31.0,71.4
2026-06-21 01:30:16,1,Sunday,1,6,30.8,72.0
2026-06-21 01:31:16,1,Sunday,1,6,30.8,72.4
2026-06-21 13:01:12,13,Sunday,1,6,31.4,74.7
2026-06-21 13:02:12,13,Sunday,1,6,31.6,74.4
2026-06-21 13:03:12,13,Sunday,1,6,31.7,73.7
2026-06-21 13:04:12,13,Sunday,1,6,31.8,73.8
2026-06-21 13:05:12,13,Sunday,1,6,31.9,73.1
2026-06-21 13:06:12,13,Sunday,1,6,31.9,72.9
2026-06-21 13:07:12,13,Sunday,1,6,32.0,73.3
2026-06-21 13:08:12,13,Sunday,1,6,32.1,73.5
2026-06-21 13:09:12,13,Sunday,1,6,32.1,73.3
2026-06-21 13:10:12,13,Sunday,1,6,32.2,74.0
2026-06-21 13:11:12,13,Sunday,1,6,32.2,72.7
2026-06-21 13:12:12,13,Sunday,1,6,32.2,72.3
2026-06-21 13:13:12,13,Sunday,1,6,32.3,72.8
2026-06-22 11:03:49,11,Monday,0,0,23.2,73.0
2026-06-22 11:05:01,11,Monday,0,0,23.3,73.5
2026-06-22 11:06:01,11,Monday,0,0,23.2,74.8
2026-06-22 11:15:11,11,Monday,0,0,25.0,71.2
2026-06-22 11:16:11,11,Monday,0,0,25.2,70.8
2026-06-22 11:17:11,11,Monday,0,0,25.3,70.7
2026-06-22 11:18:11,11,Monday,0,0,25.4,70.3
2026-06-22 11:19:11,11,Monday,0,0,25.5,69.5
2026-06-22 11:20:11,11,Monday,0,0,25.6,68.7
2026-06-22 11:21:11,11,Monday,0,0,25.6,68.6
2026-06-22 11:22:11,11,Monday,0,0,25.7,68.5
2026-06-22 11:23:11,11,Monday,0,0,25.7,67.5
2026-06-22 11:24:11,11,Monday,0,0,25.7,67.0
2026-06-22 11:25:11,11,Monday,0,0,25.7,66.7
2026-06-22 11:29:05,11,Monday,0,0,25.8,68.6
2026-06-22 11:30:05,11,Monday,0,0,25.9,68.6
2026-06-22 11:31:05,11,Monday,0,0,25.9,68.6
2026-06-22 11:36:09,11,Monday,0,0,26.3,68.4
2026-06-22 11:37:09,11,Monday,0,0,26.4,66.9
2026-06-22 11:38:09,11,Monday,0,0,26.3,68.0
2026-06-22 11:39:09,11,Monday,0,0,26.2,69.1
2026-06-22 11:40:09,11,Monday,0,0,26.1,68.1
2026-06-22 11:41:09,11,Monday,0,0,26.0,66.8
2026-06-22 11:42:09,11,Monday,0,0,25.9,65.6
2026-06-22 11:43:09,11,Monday,0,0,25.7,64.7
2026-06-22 11:46:32,11,Monday,0,0,25.5,62.7
2026-06-22 11:47:32,11,Monday,0,0,25.4,62.7
2026-06-22 11:48:32,11,Monday,0,0,25.3,63.9
2026-06-22 11:49:32,11,Monday,0,0,25.2,64.9
2026-06-22 11:50:32,11,Monday,0,0,25.2,65.2
2026-06-22 11:51:32,11,Monday,0,0,25.2,65.1
2026-06-22 11:52:32,11,Monday,0,0,25.1,64.7
2026-06-22 11:53:32,11,Monday,0,0,25.1,63.9
2026-06-22 11:54:32,11,Monday,0,0,25.0,63.3
2026-06-22 11:55:32,11,Monday,0,0,25.0,62.8
2026-06-22 11:56:32,11,Monday,0,0,24.9,62.1
2026-06-22 11:57:32,11,Monday,0,0,24.8,62.1
2026-06-22 11:58:32,11,Monday,0,0,24.8,62.6
2026-06-22 11:59:32,11,Monday,0,0,24.9,63.4
2026-06-22 12:00:32,12,Monday,0,0,24.9,64.2
2026-06-22 12:01:32,12,Monday,0,0,24.9,64.8
2026-06-22 12:02:32,12,Monday,0,0,25.0,64.6
2026-06-22 12:03:32,12,Monday,0,0,25.0,64.1
2026-06-22 12:04:32,12,Monday,0,0,25.0,63.6
2026-06-22 12:05:32,12,Monday,0,0,25.0,63.3
2026-06-22 12:06:32,12,Monday,0,0,25.0,63.0
2026-06-22 12:07:32,12,Monday,0,0,25.0,62.6
2026-06-22 12:08:32,12,Monday,0,0,24.9,62.2
2026-06-22 12:09:33,12,Monday,0,0,24.9,62.0
2026-06-22 12:10:33,12,Monday,0,0,24.8,62.9
2026-06-22 12:11:33,12,Monday,0,0,24.8,63.3
2026-06-22 12:12:33,12,Monday,0,0,24.8,64.1
2026-06-22 12:13:33,12,Monday,0,0,24.9,64.6
2026-06-22 12:14:33,12,Monday,0,0,25.0,64.6
2026-06-22 12:15:33,12,Monday,0,0,25.0,64.2
2026-06-22 12:16:33,12,Monday,0,0,25.0,63.9
2026-06-22 12:17:33,12,Monday,0,0,24.9,63.6
2026-06-22 12:18:33,12,Monday,0,0,24.8,63.3
2026-06-22 12:19:33,12,Monday,0,0,24.7,63.2
2026-06-22 12:20:33,12,Monday,0,0,24.7,63.1
2026-06-22 12:21:33,12,Monday,0,0,24.6,62.9
2026-06-22 12:22:33,12,Monday,0,0,24.6,63.6
2026-06-22 12:23:33,12,Monday,0,0,24.6,64.5
2026-06-22 12:24:33,12,Monday,0,0,24.6,65.4
2026-06-22 12:25:33,12,Monday,0,0,24.8,65.5
2026-06-22 12:26:33,12,Monday,0,0,24.8,64.8
2026-06-22 12:27:33,12,Monday,0,0,24.8,64.4
2026-06-22 12:28:33,12,Monday,0,0,24.8,63.7
2026-06-22 12:29:33,12,Monday,0,0,24.8,63.3
2026-06-22 12:30:33,12,Monday,0,0,24.7,63.1
2026-06-22 12:31:33,12,Monday,0,0,24.7,62.6
2026-06-22 12:32:33,12,Monday,0,0,24.7,62.5
2026-06-22 12:33:33,12,Monday,0,0,24.6,63.5
2026-06-22 12:34:33,12,Monday,0,0,24.7,64.2
2026-06-22 12:35:33,12,Monday,0,0,24.8,65.0
2026-06-22 12:36:33,12,Monday,0,0,24.8,64.8
2026-06-22 12:45:05,12,Monday,0,0,24.3,65.0
2026-06-22 12:46:05,12,Monday,0,0,24.6,65.4
2026-06-22 12:47:05,12,Monday,0,0,24.7,65.4
2026-06-22 12:48:05,12,Monday,0,0,24.8,65.0
2026-06-22 12:49:05,12,Monday,0,0,24.8,64.5
2026-06-22 12:50:05,12,Monday,0,0,24.9,63.9
2026-06-22 12:51:05,12,Monday,0,0,24.9,63.4
2026-06-22 12:52:05,12,Monday,0,0,24.9,62.8
2026-06-22 12:53:05,12,Monday,0,0,24.8,62.4
2026-06-22 12:54:05,12,Monday,0,0,24.8,62.6
2026-06-22 12:55:05,12,Monday,0,0,24.8,62.4
2026-06-22 12:56:05,12,Monday,0,0,24.8,61.9
2026-06-22 12:57:05,12,Monday,0,0,24.7,61.7
2026-06-22 12:58:05,12,Monday,0,0,24.6,61.4
2026-06-22 12:59:05,12,Monday,0,0,24.6,61.0
2026-06-22 13:00:05,13,Monday,0,0,24.6,61.7
2026-06-22 13:01:05,13,Monday,0,0,24.6,62.6
2026-06-22 13:02:05,13,Monday,0,0,24.6,63.5
2026-06-22 13:03:05,13,Monday,0,0,24.6,63.4
2026-06-22 13:04:05,13,Monday,0,0,24.7,63.3
2026-06-22 13:05:05,13,Monday,0,0,24.7,63.0
2026-06-22 13:06:05,13,Monday,0,0,24.7,62.4
2026-06-22 13:07:05,13,Monday,0,0,24.7,62.2
2026-06-22 13:08:05,13,Monday,0,0,24.6,61.8
2026-06-22 13:09:05,13,Monday,0,0,24.6,61.6
2026-06-22 13:10:05,13,Monday,0,0,24.6,61.5
2026-06-22 13:11:05,13,Monday,0,0,24.6,61.3
2026-06-22 13:12:05,13,Monday,0,0,24.5,61.7
2026-06-22 13:13:05,13,Monday,0,0,24.6,62.7
2026-06-22 13:14:05,13,Monday,0,0,24.7,64.2
2026-06-22 13:15:05,13,Monday,0,0,24.8,64.6
2026-06-22 13:16:05,13,Monday,0,0,24.8,64.1
2026-06-22 13:17:05,13,Monday,0,0,24.9,63.8
2026-06-22 13:18:05,13,Monday,0,0,24.9,63.3
2026-06-22 13:19:05,13,Monday,0,0,24.9,63.5
2026-06-22 13:20:05,13,Monday,0,0,24.9,62.8
2026-06-22 13:21:06,13,Monday,0,0,24.9,62.3
2026-06-22 13:22:06,13,Monday,0,0,24.8,62.3
2026-06-22 13:23:06,13,Monday,0,0,24.8,62.0
2026-06-22 13:24:06,13,Monday,0,0,24.8,61.7
2026-06-22 13:25:06,13,Monday,0,0,24.7,61.5
2026-06-22 13:26:06,13,Monday,0,0,24.8,61.4
2026-06-22 13:27:06,13,Monday,0,0,24.7,61.1
2026-06-22 13:28:06,13,Monday,0,0,24.7,60.9
2026-06-22 13:29:06,13,Monday,0,0,24.7,60.9
2026-06-22 13:30:06,13,Monday,0,0,24.6,60.8
2026-06-22 13:31:06,13,Monday,0,0,24.6,60.3
2026-06-22 13:32:06,13,Monday,0,0,24.6,61.1
2026-06-22 13:33:06,13,Monday,0,0,24.7,63.1
2026-06-22 13:34:06,13,Monday,0,0,24.8,63.8
2026-06-22 13:35:06,13,Monday,0,0,24.8,63.9
2026-06-22 13:36:06,13,Monday,0,0,24.8,63.7
2026-06-22 13:37:06,13,Monday,0,0,24.8,63.1
2026-06-22 13:38:06,13,Monday,0,0,24.8,62.7
2026-06-22 13:39:06,13,Monday,0,0,24.7,62.7
2026-06-22 13:40:06,13,Monday,0,0,24.7,63.2
2026-06-22 13:41:06,13,Monday,0,0,24.7,62.4
2026-06-22 13:42:06,13,Monday,0,0,24.7,61.8
2026-06-22 13:43:06,13,Monday,0,0,24.7,61.4
2026-06-22 13:44:06,13,Monday,0,0,24.6,60.9
2026-06-22 13:45:06,13,Monday,0,0,24.6,60.6
2026-06-22 13:46:06,13,Monday,0,0,24.5,60.0
2026-06-22 13:47:06,13,Monday,0,0,24.4,60.6
2026-06-22 13:48:06,13,Monday,0,0,24.4,61.6
2026-06-22 13:49:06,13,Monday,0,0,24.5,62.6
2026-06-22 13:50:06,13,Monday,0,0,24.5,63.3
2026-06-22 13:51:06,13,Monday,0,0,24.6,63.3
2026-06-22 13:52:06,13,Monday,0,0,24.6,63.0
2026-06-22 13:53:06,13,Monday,0,0,24.5,62.5
2026-06-22 13:54:06,13,Monday,0,0,24.5,62.1
2026-06-22 13:55:06,13,Monday,0,0,24.5,61.6
2026-06-22 13:56:06,13,Monday,0,0,24.5,61.2
2026-06-22 13:57:06,13,Monday,0,0,24.4,60.9
2026-06-22 13:58:06,13,Monday,0,0,24.4,60.6
2026-06-22 13:59:06,13,Monday,0,0,24.3,60.9
2026-06-22 14:00:06,14,Monday,0,0,24.3,61.9
2026-06-22 14:01:06,14,Monday,0,0,24.3,63.1
2026-06-22 14:02:06,14,Monday,0,0,24.4,63.5
2026-06-22 14:03:06,14,Monday,0,0,24.4,63.6
2026-06-22 14:04:06,14,Monday,0,0,24.4,62.8
2026-06-22 14:05:06,14,Monday,0,0,24.4,62.2
2026-06-22 14:06:06,14,Monday,0,0,24.4,61.9
2026-06-22 14:07:06,14,Monday,0,0,24.4,61.7
2026-06-22 14:08:06,14,Monday,0,0,24.3,61.0
2026-06-22 14:09:06,14,Monday,0,0,24.3,60.7
2026-06-22 14:10:06,14,Monday,0,0,24.2,60.3
2026-06-22 14:11:06,14,Monday,0,0,24.2,60.0
2026-06-22 14:12:06,14,Monday,0,0,24.1,60.9
2026-06-22 14:13:07,14,Monday,0,0,24.2,61.7
2026-06-22 14:14:07,14,Monday,0,0,24.2,62.5
2026-06-22 14:15:07,14,Monday,0,0,24.3,63.3
2026-06-22 14:16:07,14,Monday,0,0,24.3,63.4
2026-06-22 14:17:07,14,Monday,0,0,24.2,63.1
2026-06-22 14:18:07,14,Monday,0,0,24.2,62.5
2026-06-22 14:19:07,14,Monday,0,0,24.2,61.8
2026-06-22 14:20:07,14,Monday,0,0,24.1,61.4
2026-06-22 14:21:07,14,Monday,0,0,24.1,61.0
2026-06-22 14:22:07,14,Monday,0,0,24.1,61.5
2026-06-22 14:23:07,14,Monday,0,0,24.1,62.2
2026-06-22 14:24:07,14,Monday,0,0,24.1,63.1
2026-06-22 14:25:07,14,Monday,0,0,24.2,64.5
2026-06-22 14:26:07,14,Monday,0,0,24.2,64.9
2026-06-22 14:27:07,14,Monday,0,0,24.3,64.8
2026-06-22 14:28:07,14,Monday,0,0,24.3,64.1
2026-06-22 14:29:07,14,Monday,0,0,24.3,63.4
2026-06-22 14:30:07,14,Monday,0,0,24.3,62.9
2026-06-22 14:31:07,14,Monday,0,0,24.2,62.4
2026-06-22 14:32:07,14,Monday,0,0,24.2,61.9
2026-06-22 14:33:07,14,Monday,0,0,24.1,61.6
2026-06-22 14:34:07,14,Monday,0,0,24.1,61.5
2026-06-22 14:35:07,14,Monday,0,0,24.0,61.0
2026-06-22 14:36:07,14,Monday,0,0,24.0,61.1
2026-06-22 14:37:07,14,Monday,0,0,24.0,62.0
2026-06-22 14:38:07,14,Monday,0,0,24.0,63.2
2026-06-22 14:39:07,14,Monday,0,0,24.1,63.9
2026-06-22 14:40:07,14,Monday,0,0,24.2,64.1
2026-06-22 14:41:07,14,Monday,0,0,24.2,63.8
2026-06-22 14:42:07,14,Monday,0,0,24.2,63.3
2026-06-22 14:43:07,14,Monday,0,0,24.2,62.9
2026-06-22 14:44:07,14,Monday,0,0,24.2,62.4
2026-06-22 14:45:07,14,Monday,0,0,24.1,61.9
2026-06-22 14:46:07,14,Monday,0,0,24.1,61.4
2026-06-22 14:47:07,14,Monday,0,0,24.0,61.2
2026-06-22 14:48:07,14,Monday,0,0,24.0,60.8
2026-06-22 14:49:07,14,Monday,0,0,24.0,60.6
2026-06-22 14:50:07,14,Monday,0,0,23.9,60.3
2026-06-22 14:51:07,14,Monday,0,0,23.9,60.2
2026-06-22 14:52:07,14,Monday,0,0,23.8,61.0
2026-06-22 14:53:07,14,Monday,0,0,23.9,62.0
2026-06-22 14:54:07,14,Monday,0,0,23.9,63.4
2026-06-22 14:55:07,14,Monday,0,0,24.1,66.5
2026-06-22 14:56:07,14,Monday,0,0,24.3,68.0
2026-06-22 14:57:07,14,Monday,0,0,24.5,68.0
2026-06-22 14:58:07,14,Monday,0,0,24.7,67.8
2026-06-22 14:59:07,14,Monday,0,0,24.8,67.4
2026-06-22 15:00:07,15,Monday,0,0,24.9,67.1
2026-06-22 15:01:07,15,Monday,0,0,24.9,67.2
2026-06-22 15:02:07,15,Monday,0,0,25.0,67.3
2026-06-22 15:03:07,15,Monday,0,0,25.0,67.2
2026-06-22 15:04:07,15,Monday,0,0,25.1,67.1
2026-06-22 15:05:07,15,Monday,0,0,25.1,67.0
2026-06-22 15:06:08,15,Monday,0,0,25.2,66.7
2026-06-22 15:07:08,15,Monday,0,0,25.1,66.5
2026-06-22 15:08:08,15,Monday,0,0,25.2,66.3
2026-06-22 15:09:08,15,Monday,0,0,25.2,66.1
2026-06-22 15:10:08,15,Monday,0,0,25.2,66.1
2026-06-22 15:11:08,15,Monday,0,0,25.2,66.0
2026-06-22 15:12:08,15,Monday,0,0,25.3,65.8
2026-06-22 15:13:08,15,Monday,0,0,25.3,65.9
2026-06-22 15:14:08,15,Monday,0,0,25.3,66.2
2026-06-22 15:15:08,15,Monday,0,0,25.3,66.1
2026-06-22 15:16:08,15,Monday,0,0,25.3,66.3
2026-06-22 15:17:08,15,Monday,0,0,25.4,66.2
2026-06-22 15:18:08,15,Monday,0,0,25.4,66.3
2026-06-22 15:19:08,15,Monday,0,0,25.5,65.9
2026-06-22 15:20:08,15,Monday,0,0,25.5,66.1
2026-06-22 15:21:08,15,Monday,0,0,25.5,65.9
2026-06-22 15:22:08,15,Monday,0,0,25.5,65.9
2026-06-22 15:23:08,15,Monday,0,0,25.5,65.9
2026-06-22 15:24:08,15,Monday,0,0,25.6,65.9
2026-06-22 15:25:08,15,Monday,0,0,25.5,65.5
2026-06-22 15:26:08,15,Monday,0,0,25.5,65.4
2026-06-22 15:27:08,15,Monday,0,0,25.6,65.8
2026-06-22 15:28:08,15,Monday,0,0,25.6,66.1
2026-06-22 15:29:08,15,Monday,0,0,25.6,65.9
2026-06-22 15:30:08,15,Monday,0,0,25.7,66.2
2026-06-22 15:31:08,15,Monday,0,0,25.7,66.2
2026-06-22 15:32:08,15,Monday,0,0,25.7,66.3
2026-06-22 15:33:08,15,Monday,0,0,25.7,66.5
2026-06-22 15:34:08,15,Monday,0,0,25.7,66.3
2026-06-22 15:35:08,15,Monday,0,0,25.8,66.0
2026-06-22 15:36:08,15,Monday,0,0,25.8,66.0
2026-06-22 15:37:08,15,Monday,0,0,25.7,65.8
2026-06-22 15:38:08,15,Monday,0,0,25.7,65.8
2026-06-22 15:39:08,15,Monday,0,0,25.7,65.9
2026-06-22 15:40:08,15,Monday,0,0,25.7,65.7
2026-06-22 15:41:08,15,Monday,0,0,25.7,65.8
2026-06-22 15:42:08,15,Monday,0,0,25.7,65.6
2026-06-22 15:43:08,15,Monday,0,0,25.7,65.4
2026-06-22 15:44:08,15,Monday,0,0,25.7,65.5
2026-06-22 15:45:08,15,Monday,0,0,25.7,65.4
2026-06-22 15:46:08,15,Monday,0,0,25.7,64.9
2026-06-22 15:47:08,15,Monday,0,0,25.7,64.8
2026-06-22 15:48:08,15,Monday,0,0,25.7,64.8
2026-06-22 15:49:08,15,Monday,0,0,25.7,64.9
2026-06-22 15:50:08,15,Monday,0,0,25.6,65.0
2026-06-22 15:51:08,15,Monday,0,0,25.6,65.1
2026-06-22 15:52:08,15,Monday,0,0,25.6,64.6
2026-06-22 15:53:08,15,Monday,0,0,25.6,64.6
2026-06-22 15:54:08,15,Monday,0,0,25.5,64.7
2026-06-22 15:55:08,15,Monday,0,0,25.5,64.6
2026-06-22 15:56:08,15,Monday,0,0,25.6,64.6
2026-06-22 15:57:09,15,Monday,0,0,25.5,64.4
2026-06-22 15:58:09,15,Monday,0,0,25.5,64.8
2026-06-22 15:59:09,15,Monday,0,0,25.5,64.8
2026-06-22 16:00:09,16,Monday,0,0,25.5,65.1
2026-06-22 16:01:09,16,Monday,0,0,25.5,65.5
2026-06-22 16:02:09,16,Monday,0,0,25.5,65.5
2026-06-22 16:03:09,16,Monday,0,0,25.6,65.4
2026-06-22 16:04:09,16,Monday,0,0,25.6,65.2
2026-06-22 16:05:09,16,Monday,0,0,25.5,64.8
2026-06-22 16:06:09,16,Monday,0,0,25.5,64.7
2026-06-22 16:07:09,16,Monday,0,0,25.5,64.5
2026-06-22 16:08:09,16,Monday,0,0,25.5,64.1
2026-06-22 16:09:09,16,Monday,0,0,25.5,64.2
2026-06-22 16:10:09,16,Monday,0,0,25.5,64.2
2026-06-22 16:11:09,16,Monday,0,0,25.5,64.0
2026-06-22 16:12:09,16,Monday,0,0,25.4,63.9
2026-06-22 16:13:09,16,Monday,0,0,25.4,64.9
2026-06-22 16:14:09,16,Monday,0,0,25.5,65.7
2026-06-22 16:15:09,16,Monday,0,0,25.6,66.5
2026-06-22 16:16:09,16,Monday,0,0,25.6,66.8
2026-06-22 16:17:09,16,Monday,0,0,25.6,66.4
2026-06-22 16:18:09,16,Monday,0,0,25.6,66.3
2026-06-22 16:19:09,16,Monday,0,0,25.6,65.8
2026-06-22 16:20:09,16,Monday,0,0,25.6,65.6
2026-06-22 16:21:09,16,Monday,0,0,25.6,65.3
2026-06-22 16:22:09,16,Monday,0,0,25.5,65.0
2026-06-22 16:23:09,16,Monday,0,0,25.5,65.1
2026-06-22 16:24:09,16,Monday,0,0,25.5,65.0
2026-06-22 16:25:09,16,Monday,0,0,25.5,64.6
2026-06-22 16:26:09,16,Monday,0,0,25.4,64.6
2026-06-22 16:27:09,16,Monday,0,0,25.4,64.8
2026-06-22 16:28:09,16,Monday,0,0,25.4,65.4
2026-06-22 16:29:09,16,Monday,0,0,25.4,66.0
2026-06-22 16:30:09,16,Monday,0,0,25.5,67.0
2026-06-22 16:31:09,16,Monday,0,0,25.6,67.6
2026-06-22 16:32:09,16,Monday,0,0,25.6,67.9
2026-06-22 16:33:09,16,Monday,0,0,25.6,67.5
2026-06-22 16:34:09,16,Monday,0,0,25.6,66.1
2026-06-22 16:35:09,16,Monday,0,0,25.5,65.4
2026-06-22 16:36:09,16,Monday,0,0,25.4,64.7
2026-06-22 16:37:09,16,Monday,0,0,25.3,64.3
2026-06-22 16:38:09,16,Monday,0,0,25.2,63.7
2026-06-22 16:39:09,16,Monday,0,0,25.1,63.4
2026-06-22 16:40:09,16,Monday,0,0,25.1,63.0
2026-06-22 16:41:09,16,Monday,0,0,25.0,63.4
2026-06-22 16:42:09,16,Monday,0,0,25.0,64.3
2026-06-22 16:43:09,16,Monday,0,0,25.0,65.4
2026-06-22 16:44:09,16,Monday,0,0,25.1,65.8
2026-06-22 16:45:09,16,Monday,0,0,25.1,65.2
2026-06-22 16:46:09,16,Monday,0,0,25.1,64.8
2026-06-22 16:47:09,16,Monday,0,0,25.0,64.3
2026-06-22 16:48:10,16,Monday,0,0,24.9,63.8
2026-06-22 16:49:10,16,Monday,0,0,24.9,63.5
2026-06-22 16:50:10,16,Monday,0,0,24.8,63.3
2026-06-22 16:51:10,16,Monday,0,0,24.8,62.9
2026-06-22 16:52:10,16,Monday,0,0,24.7,62.6
2026-06-22 16:53:10,16,Monday,0,0,24.7,62.4
2026-06-22 16:54:10,16,Monday,0,0,24.6,63.0
2026-06-22 16:55:10,16,Monday,0,0,24.6,63.9
2026-06-22 16:56:10,16,Monday,0,0,24.7,65.2
2026-06-22 16:57:10,16,Monday,0,0,24.8,65.7
2026-06-22 16:58:10,16,Monday,0,0,24.8,65.2
2026-06-22 16:59:10,16,Monday,0,0,24.8,64.7
2026-06-22 17:00:10,17,Monday,0,0,24.7,64.2
2026-06-22 17:01:10,17,Monday,0,0,24.7,63.5
2026-06-22 17:02:10,17,Monday,0,0,24.6,63.3
2026-06-22 17:03:10,17,Monday,0,0,24.6,62.9
2026-06-22 17:04:10,17,Monday,0,0,24.5,62.7
2026-06-22 17:05:10,17,Monday,0,0,24.5,63.6
2026-06-22 17:06:10,17,Monday,0,0,24.5,64.9
2026-06-22 17:07:10,17,Monday,0,0,24.6,65.4
2026-06-22 17:08:10,17,Monday,0,0,24.6,65.2
2026-06-22 17:09:10,17,Monday,0,0,24.6,64.9
2026-06-22 17:10:10,17,Monday,0,0,24.6,64.3
2026-06-22 17:11:10,17,Monday,0,0,24.6,63.8
2026-06-22 17:12:10,17,Monday,0,0,24.5,63.4
2026-06-22 17:13:10,17,Monday,0,0,24.4,62.9
2026-06-22 17:14:10,17,Monday,0,0,24.4,62.5
2026-06-22 17:15:10,17,Monday,0,0,24.4,62.8
2026-06-22 17:16:10,17,Monday,0,0,24.4,63.9
2026-06-22 17:17:10,17,Monday,0,0,24.4,65.1
2026-06-22 17:18:10,17,Monday,0,0,24.5,65.3
2026-06-22 17:19:10,17,Monday,0,0,24.5,65.0
2026-06-22 17:20:10,17,Monday,0,0,24.5,64.3
2026-06-22 17:21:10,17,Monday,0,0,24.5,64.5
2026-06-22 17:22:10,17,Monday,0,0,24.7,64.4
2026-06-22 17:23:10,17,Monday,0,0,24.9,64.5
2026-06-22 17:24:10,17,Monday,0,0,25.1,64.2
2026-06-22 17:25:10,17,Monday,0,0,25.4,63.6
2026-06-22 17:26:10,17,Monday,0,0,25.6,63.4
2026-06-22 17:27:10,17,Monday,0,0,25.8,63.2
2026-06-22 17:28:10,17,Monday,0,0,26.0,63.1
2026-06-22 17:29:10,17,Monday,0,0,26.1,63.0
2026-06-22 17:30:10,17,Monday,0,0,26.3,62.5
2026-06-22 17:31:10,17,Monday,0,0,26.4,62.2
2026-06-22 17:32:10,17,Monday,0,0,26.6,62.2
2026-06-22 17:33:10,17,Monday,0,0,26.7,62.0
2026-06-22 17:34:10,17,Monday,0,0,26.8,62.0
2026-06-22 17:35:10,17,Monday,0,0,26.9,62.4
2026-06-22 17:36:10,17,Monday,0,0,27.1,62.8
2026-06-22 17:37:10,17,Monday,0,0,27.2,63.4
2026-06-22 17:38:10,17,Monday,0,0,27.3,64.1
2026-06-22 17:39:11,17,Monday,0,0,27.4,64.3
2026-06-22 17:40:11,17,Monday,0,0,27.5,65.2
2026-06-22 17:41:11,17,Monday,0,0,27.5,65.6
2026-06-22 17:42:11,17,Monday,0,0,27.6,66.9
2026-06-22 17:43:11,17,Monday,0,0,27.7,66.9
2026-06-22 17:44:11,17,Monday,0,0,27.8,68.3
2026-06-22 17:45:11,17,Monday,0,0,27.9,69.0
2026-06-22 17:46:11,17,Monday,0,0,27.9,69.9
2026-06-22 17:47:11,17,Monday,0,0,28.0,70.6
2026-06-22 17:48:11,17,Monday,0,0,28.1,70.9
2026-06-22 17:49:11,17,Monday,0,0,28.1,71.2
2026-06-22 17:50:11,17,Monday,0,0,28.2,71.5
2026-06-22 17:51:11,17,Monday,0,0,28.2,71.8
2026-06-22 17:52:11,17,Monday,0,0,28.3,71.8
2026-06-22 17:53:11,17,Monday,0,0,28.3,71.9
2026-06-22 17:54:11,17,Monday,0,0,28.4,71.8
2026-06-22 17:55:11,17,Monday,0,0,28.4,71.9
2026-06-22 17:56:11,17,Monday,0,0,28.5,72.0
2026-06-22 17:57:11,17,Monday,0,0,28.5,72.0
2026-06-22 17:58:11,17,Monday,0,0,28.6,72.0
2026-06-22 17:59:11,17,Monday,0,0,28.6,71.5
2026-06-22 18:00:11,18,Monday,0,0,28.7,71.8
2026-06-22 18:01:11,18,Monday,0,0,28.7,72.1
2026-06-22 18:02:11,18,Monday,0,0,28.7,71.8
2026-06-22 18:03:11,18,Monday,0,0,28.8,71.9
2026-06-22 18:04:11,18,Monday,0,0,28.8,72.1
2026-06-22 18:05:11,18,Monday,0,0,28.9,72.2
2026-06-22 18:06:11,18,Monday,0,0,28.9,72.1
2026-06-22 18:07:11,18,Monday,0,0,29.0,72.3
2026-06-22 18:08:11,18,Monday,0,0,29.0,72.1
2026-06-22 18:09:11,18,Monday,0,0,29.1,72.3
2026-06-22 18:10:11,18,Monday,0,0,29.1,72.3
2026-06-22 18:11:11,18,Monday,0,0,29.1,72.3
2026-06-22 18:12:11,18,Monday,0,0,29.1,72.1
2026-06-22 18:13:11,18,Monday,0,0,29.2,72.0
2026-06-22 18:14:11,18,Monday,0,0,29.2,72.1
2026-06-22 18:15:11,18,Monday,0,0,29.3,72.2
2026-06-22 18:16:11,18,Monday,0,0,29.3,71.6
2026-06-22 18:17:11,18,Monday,0,0,29.3,71.3
2026-06-22 18:18:11,18,Monday,0,0,29.3,71.6
2026-06-22 18:19:11,18,Monday,0,0,29.3,71.7
2026-06-22 18:20:11,18,Monday,0,0,29.4,71.7
2026-06-22 18:21:11,18,Monday,0,0,29.4,71.6
2026-06-22 18:22:11,18,Monday,0,0,29.4,71.7
2026-06-22 18:23:11,18,Monday,0,0,29.5,71.7
2026-06-22 18:24:11,18,Monday,0,0,29.5,71.5
2026-06-22 18:25:11,18,Monday,0,0,29.5,71.3
2026-06-22 18:26:11,18,Monday,0,0,29.5,71.5
2026-06-22 18:27:12,18,Monday,0,0,29.6,71.3
2026-06-22 18:28:12,18,Monday,0,0,29.6,71.4
2026-06-22 18:29:12,18,Monday,0,0,29.6,71.4
2026-06-22 18:30:12,18,Monday,0,0,29.6,71.4
2026-06-22 18:31:12,18,Monday,0,0,29.6,71.3
2026-06-22 18:32:12,18,Monday,0,0,29.7,71.3
2026-06-22 18:33:12,18,Monday,0,0,29.7,71.2
2026-06-22 18:34:12,18,Monday,0,0,29.7,71.1
2026-06-22 18:35:12,18,Monday,0,0,29.7,71.2
2026-06-22 18:36:12,18,Monday,0,0,29.7,71.1
2026-06-22 18:37:12,18,Monday,0,0,29.7,71.1
2026-06-22 18:38:12,18,Monday,0,0,29.7,71.1
2026-06-22 18:39:12,18,Monday,0,0,29.7,71.0
2026-06-22 18:40:12,18,Monday,0,0,29.8,70.7
2026-06-22 18:41:12,18,Monday,0,0,29.8,70.7
2026-06-22 18:42:12,18,Monday,0,0,29.8,70.7
2026-06-22 18:43:12,18,Monday,0,0,29.8,70.7
2026-06-22 18:44:12,18,Monday,0,0,29.8,70.6
2026-06-22 18:45:12,18,Monday,0,0,29.8,70.2
2026-06-22 18:46:12,18,Monday,0,0,29.9,70.5
2026-06-22 18:47:12,18,Monday,0,0,29.9,70.7
2026-06-22 18:48:12,18,Monday,0,0,29.9,70.8
2026-06-22 18:49:12,18,Monday,0,0,29.9,70.6
2026-06-22 18:50:12,18,Monday,0,0,29.9,70.8
2026-06-22 18:51:12,18,Monday,0,0,29.9,70.9
2026-06-22 18:52:12,18,Monday,0,0,29.9,71.1
2026-06-22 18:53:12,18,Monday,0,0,29.9,70.9
2026-06-22 18:54:12,18,Monday,0,0,30.0,70.8
2026-06-22 18:55:12,18,Monday,0,0,30.0,70.6
2026-06-22 18:56:12,18,Monday,0,0,30.0,71.0
2026-06-22 18:57:12,18,Monday,0,0,30.0,71.1
2026-06-22 18:58:12,18,Monday,0,0,30.0,71.2
2026-06-22 18:59:12,18,Monday,0,0,30.0,71.1
2026-06-22 19:00:12,19,Monday,0,0,30.0,71.3
2026-06-22 19:01:12,19,Monday,0,0,30.0,71.3
2026-06-22 19:02:12,19,Monday,0,0,30.0,71.3
2026-06-22 19:03:12,19,Monday,0,0,30.0,71.4
2026-06-22 19:04:12,19,Monday,0,0,30.0,71.5
2026-06-22 19:05:12,19,Monday,0,0,30.1,71.1
2026-06-22 19:06:12,19,Monday,0,0,30.1,71.5
2026-06-22 19:07:12,19,Monday,0,0,30.1,71.5
2026-06-22 19:08:12,19,Monday,0,0,30.1,71.4
2026-06-22 19:09:12,19,Monday,0,0,30.1,71.5
2026-06-22 19:10:12,19,Monday,0,0,30.1,71.4
2026-06-22 19:11:12,19,Monday,0,0,30.1,71.5
2026-06-22 19:12:12,19,Monday,0,0,30.1,71.5
2026-06-22 19:13:13,19,Monday,0,0,30.1,71.6
2026-06-22 19:14:13,19,Monday,0,0,30.1,71.5
2026-06-22 19:15:13,19,Monday,0,0,30.1,71.6
2026-06-22 19:16:13,19,Monday,0,0,30.1,71.7
2026-06-22 19:17:13,19,Monday,0,0,30.1,71.7
2026-06-22 19:18:13,19,Monday,0,0,30.1,71.8
2026-06-22 19:19:13,19,Monday,0,0,30.1,71.8
2026-06-22 19:20:13,19,Monday,0,0,30.1,71.7
2026-06-22 19:21:13,19,Monday,0,0,30.1,71.7
2026-06-22 19:22:13,19,Monday,0,0,30.1,71.7
2026-06-22 19:23:13,19,Monday,0,0,30.2,71.8
2026-06-22 19:24:13,19,Monday,0,0,30.2,71.8
2026-06-22 19:25:13,19,Monday,0,0,30.2,71.9
2026-06-22 19:26:13,19,Monday,0,0,30.2,71.8
2026-06-22 19:27:13,19,Monday,0,0,30.2,71.9
2026-06-22 19:28:13,19,Monday,0,0,30.2,71.9
2026-06-22 19:29:13,19,Monday,0,0,30.2,72.0
2026-06-22 19:30:13,19,Monday,0,0,30.2,72.0
2026-06-22 19:31:13,19,Monday,0,0,30.2,71.9
2026-06-22 19:32:13,19,Monday,0,0,30.2,72.0
2026-06-22 19:33:13,19,Monday,0,0,30.2,72.0
2026-06-22 19:34:13,19,Monday,0,0,30.2,72.1
2026-06-22 19:35:13,19,Monday,0,0,30.2,72.2
2026-06-22 19:36:13,19,Monday,0,0,30.2,72.2
2026-06-22 19:37:13,19,Monday,0,0,30.2,72.2
2026-06-22 19:38:13,19,Monday,0,0,30.2,72.5
2026-06-22 19:39:13,19,Monday,0,0,30.2,72.6
2026-06-22 19:40:13,19,Monday,0,0,30.2,72.3
2026-06-22 19:41:13,19,Monday,0,0,30.2,72.3
2026-06-22 19:42:13,19,Monday,0,0,30.2,72.6
2026-06-22 19:43:13,19,Monday,0,0,30.2,72.6
2026-06-22 19:44:13,19,Monday,0,0,30.2,72.4
2026-06-22 19:45:13,19,Monday,0,0,30.2,72.5
2026-06-22 19:46:13,19,Monday,0,0,30.2,72.5
2026-06-22 19:47:13,19,Monday,0,0,30.2,72.7
2026-06-22 19:48:13,19,Monday,0,0,30.3,72.7
2026-06-22 19:49:13,19,Monday,0,0,30.2,72.6
2026-06-22 19:50:13,19,Monday,0,0,30.3,72.5
2026-06-22 19:51:13,19,Monday,0,0,30.2,72.4
2026-06-22 19:52:13,19,Monday,0,0,30.3,72.6
2026-06-22 19:53:13,19,Monday,0,0,30.3,72.6
2026-06-22 19:54:13,19,Monday,0,0,30.3,72.7
2026-06-22 19:55:13,19,Monday,0,0,30.3,73.0
2026-06-22 19:56:13,19,Monday,0,0,30.3,72.9
2026-06-22 19:57:13,19,Monday,0,0,30.3,73.0
2026-06-22 19:58:13,19,Monday,0,0,30.4,73.0
2026-06-22 19:59:14,19,Monday,0,0,30.4,73.0
2026-06-22 20:00:14,20,Monday,0,0,30.4,73.2
2026-06-22 20:01:14,20,Monday,0,0,30.4,73.1
2026-06-22 20:02:14,20,Monday,0,0,30.4,73.1
2026-06-22 20:03:14,20,Monday,0,0,30.4,73.0
2026-06-22 20:04:14,20,Monday,0,0,30.5,73.2
2026-06-22 20:05:14,20,Monday,0,0,30.5,73.3
2026-06-22 20:06:14,20,Monday,0,0,30.5,73.2
2026-06-22 20:07:14,20,Monday,0,0,30.5,73.3
2026-06-22 20:08:14,20,Monday,0,0,30.5,73.4
2026-06-22 20:09:14,20,Monday,0,0,30.5,73.4
2026-06-22 20:10:14,20,Monday,0,0,30.5,73.3
2026-06-22 20:11:14,20,Monday,0,0,30.5,73.2
2026-06-22 20:12:14,20,Monday,0,0,30.6,73.3
2026-06-22 20:13:14,20,Monday,0,0,30.6,73.3
2026-06-22 20:14:14,20,Monday,0,0,30.6,73.4
2026-06-22 20:15:14,20,Monday,0,0,30.6,73.3
2026-06-22 20:16:14,20,Monday,0,0,30.6,73.3
2026-06-22 20:17:14,20,Monday,0,0,30.6,73.4
2026-06-22 20:18:14,20,Monday,0,0,30.6,73.3
2026-06-22 20:19:14,20,Monday,0,0,30.6,73.5
2026-06-22 20:20:14,20,Monday,0,0,30.6,73.5
2026-06-22 20:21:14,20,Monday,0,0,30.6,73.5
2026-06-22 20:22:14,20,Monday,0,0,30.6,73.6
2026-06-22 20:23:14,20,Monday,0,0,30.6,73.6
2026-06-22 20:24:14,20,Monday,0,0,30.7,73.7
2026-06-22 20:25:14,20,Monday,0,0,30.6,73.7
2026-06-22 20:26:14,20,Monday,0,0,30.7,73.8
2026-06-22 20:27:14,20,Monday,0,0,30.7,73.8
2026-06-22 20:28:14,20,Monday,0,0,30.7,73.8
2026-06-22 20:29:14,20,Monday,0,0,30.7,73.7
2026-06-22 20:30:14,20,Monday,0,0,30.6,74.7
2026-06-22 20:31:14,20,Monday,0,0,30.6,75.9
2026-06-22 20:32:14,20,Monday,0,0,30.5,76.7
2026-06-22 20:33:14,20,Monday,0,0,30.3,76.0
2026-06-22 20:34:14,20,Monday,0,0,30.2,74.4
2026-06-22 20:35:14,20,Monday,0,0,29.9,72.7
2026-06-22 20:36:14,20,Monday,0,0,29.7,71.8
2026-06-22 20:37:14,20,Monday,0,0,29.5,70.7
2026-06-22 20:38:14,20,Monday,0,0,29.3,69.7
2026-06-22 20:39:14,20,Monday,0,0,29.1,69.0
2026-06-22 20:40:14,20,Monday,0,0,28.9,68.0
2026-06-22 20:41:14,20,Monday,0,0,28.7,67.4
2026-06-22 20:42:14,20,Monday,0,0,28.5,66.8
2026-06-22 20:43:14,20,Monday,0,0,28.4,65.9
2026-06-22 20:44:14,20,Monday,0,0,28.1,65.4
2026-06-22 20:45:15,20,Monday,0,0,28.0,65.0
2026-06-22 20:46:15,20,Monday,0,0,27.9,64.5
2026-06-22 20:47:15,20,Monday,0,0,27.7,63.8
2026-06-22 20:48:15,20,Monday,0,0,27.6,63.6
2026-06-22 20:49:15,20,Monday,0,0,27.4,63.2
2026-06-22 20:50:15,20,Monday,0,0,27.3,62.8
2026-06-22 20:51:15,20,Monday,0,0,27.2,62.5
2026-06-22 20:52:15,20,Monday,0,0,27.1,62.2
2026-06-22 20:53:15,20,Monday,0,0,27.0,62.0
2026-06-22 20:54:15,20,Monday,0,0,27.0,61.7
2026-06-22 20:55:15,20,Monday,0,0,26.8,61.4
2026-06-22 20:56:15,20,Monday,0,0,26.8,61.0
2026-06-22 20:57:15,20,Monday,0,0,26.6,60.8
2026-06-22 20:58:15,20,Monday,0,0,26.5,61.2
2026-06-22 20:59:15,20,Monday,0,0,26.5,62.1
2026-06-22 21:00:15,21,Monday,0,0,26.5,63.0
2026-06-22 21:01:15,21,Monday,0,0,26.4,63.3
2026-06-22 21:02:15,21,Monday,0,0,26.4,62.6
2026-06-22 21:03:15,21,Monday,0,0,26.3,62.3
2026-06-22 21:04:15,21,Monday,0,0,26.3,61.7
2026-06-22 21:05:15,21,Monday,0,0,26.1,61.3
2026-06-22 21:06:15,21,Monday,0,0,26.1,61.1
2026-06-22 21:07:15,21,Monday,0,0,26.0,61.3
2026-06-22 21:08:15,21,Monday,0,0,25.9,62.2
2026-06-22 21:09:15,21,Monday,0,0,25.9,62.7
2026-06-22 21:10:15,21,Monday,0,0,25.9,63.3
2026-06-22 21:11:15,21,Monday,0,0,25.9,63.3
2026-06-22 21:12:15,21,Monday,0,0,25.9,62.7
2026-06-22 21:13:15,21,Monday,0,0,25.8,62.1
2026-06-22 21:14:15,21,Monday,0,0,25.7,61.7
2026-06-22 21:15:15,21,Monday,0,0,25.6,61.4
2026-06-22 21:16:15,21,Monday,0,0,25.6,61.4
2026-06-22 21:17:15,21,Monday,0,0,25.5,62.2
2026-06-22 21:18:15,21,Monday,0,0,25.5,63.2
2026-06-22 21:19:15,21,Monday,0,0,25.5,63.8
2026-06-22 21:20:15,21,Monday,0,0,25.5,63.8
2026-06-22 21:21:15,21,Monday,0,0,25.5,63.6
2026-06-22 21:22:15,21,Monday,0,0,25.5,63.1
2026-06-22 21:23:15,21,Monday,0,0,25.5,62.5
2026-06-22 21:24:15,21,Monday,0,0,25.4,61.9
2026-06-22 21:25:15,21,Monday,0,0,25.3,61.9
2026-06-22 21:26:15,21,Monday,0,0,25.3,62.7
2026-06-22 21:27:15,21,Monday,0,0,25.3,63.9
2026-06-22 21:28:15,21,Monday,0,0,25.3,64.6
2026-06-22 21:29:15,21,Monday,0,0,25.3,65.0
2026-06-22 21:30:15,21,Monday,0,0,25.4,64.5
2026-06-22 21:31:15,21,Monday,0,0,25.3,63.8
2026-06-22 21:32:15,21,Monday,0,0,25.3,63.2
2026-06-22 21:33:15,21,Monday,0,0,25.2,62.7
2026-06-22 21:34:15,21,Monday,0,0,25.2,62.6
2026-06-22 21:35:16,21,Monday,0,0,25.1,63.5
2026-06-22 21:36:16,21,Monday,0,0,25.1,64.0
2026-06-22 21:37:16,21,Monday,0,0,25.1,64.7
2026-06-22 21:38:16,21,Monday,0,0,25.1,65.2
2026-06-22 21:39:16,21,Monday,0,0,25.2,64.8
2026-06-22 21:40:16,21,Monday,0,0,25.1,64.1
2026-06-22 21:41:16,21,Monday,0,0,25.1,63.5
2026-06-22 21:42:16,21,Monday,0,0,25.1,62.9
2026-06-22 21:43:16,21,Monday,0,0,25.1,62.4
2026-06-22 21:44:16,21,Monday,0,0,25.0,63.1
2026-06-22 21:45:16,21,Monday,0,0,25.0,64.0
2026-06-22 21:46:16,21,Monday,0,0,25.0,65.0
2026-06-22 21:47:16,21,Monday,0,0,25.0,65.6
2026-06-22 21:48:16,21,Monday,0,0,25.1,65.5
2026-06-22 21:49:16,21,Monday,0,0,25.1,64.9
2026-06-22 21:50:16,21,Monday,0,0,25.0,64.3
2026-06-22 21:51:16,21,Monday,0,0,25.0,63.9
2026-06-22 21:52:16,21,Monday,0,0,24.9,63.5
2026-06-22 21:53:16,21,Monday,0,0,24.8,63.5
2026-06-22 21:54:16,21,Monday,0,0,24.8,64.3
2026-06-22 21:55:16,21,Monday,0,0,24.8,65.1
2026-06-22 21:56:16,21,Monday,0,0,24.8,66.1
2026-06-22 21:57:16,21,Monday,0,0,24.9,66.3
2026-06-22 21:58:16,21,Monday,0,0,24.9,66.1
2026-06-22 21:59:16,21,Monday,0,0,24.9,65.3
2026-06-22 22:00:16,22,Monday,0,0,24.8,64.4
2026-06-22 22:01:16,22,Monday,0,0,24.8,64.1
2026-06-22 22:02:16,22,Monday,0,0,24.7,63.7
2026-06-22 22:03:16,22,Monday,0,0,24.6,64.0
2026-06-22 22:04:16,22,Monday,0,0,24.7,64.8
2026-06-22 22:05:16,22,Monday,0,0,24.7,65.4
2026-06-22 22:06:16,22,Monday,0,0,24.7,66.0
2026-06-22 22:07:16,22,Monday,0,0,24.8,66.2
2026-06-22 22:08:16,22,Monday,0,0,24.7,65.8
2026-06-22 22:09:16,22,Monday,0,0,24.7,65.0
2026-06-22 22:10:16,22,Monday,0,0,24.7,64.4
2026-06-22 22:11:16,22,Monday,0,0,24.6,63.9
2026-06-22 22:12:16,22,Monday,0,0,24.6,63.6
2026-06-22 22:13:16,22,Monday,0,0,24.6,64.6
2026-06-22 22:14:16,22,Monday,0,0,24.6,65.2
2026-06-22 22:15:16,22,Monday,0,0,24.6,65.8
2026-06-22 22:16:16,22,Monday,0,0,24.6,66.0
2026-06-22 22:17:16,22,Monday,0,0,24.7,66.4
2026-06-22 22:18:16,22,Monday,0,0,24.7,65.8
2026-06-22 22:19:16,22,Monday,0,0,24.6,65.0
2026-06-22 22:20:16,22,Monday,0,0,24.6,64.5
2026-06-22 22:21:16,22,Monday,0,0,24.5,63.9
2026-06-22 22:22:16,22,Monday,0,0,24.4,63.9
2026-06-22 22:23:16,22,Monday,0,0,24.5,64.8
2026-06-22 22:24:16,22,Monday,0,0,24.5,65.4
2026-06-22 22:25:16,22,Monday,0,0,24.5,66.0
2026-06-22 22:26:16,22,Monday,0,0,24.6,66.4
2026-06-22 22:27:17,22,Monday,0,0,24.6,66.4
2026-06-22 22:28:17,22,Monday,0,0,24.6,65.6
2026-06-22 22:29:17,22,Monday,0,0,24.6,65.2
2026-06-22 22:30:17,22,Monday,0,0,24.5,64.6
2026-06-22 22:31:17,22,Monday,0,0,24.4,64.5
2026-06-22 22:32:17,22,Monday,0,0,24.3,65.2
2026-06-22 22:33:17,22,Monday,0,0,24.4,65.7
2026-06-22 22:34:17,22,Monday,0,0,24.4,66.3
2026-06-22 22:35:17,22,Monday,0,0,24.4,67.1
2026-06-22 22:36:17,22,Monday,0,0,24.5,67.4
2026-06-22 22:37:17,22,Monday,0,0,24.5,66.7
2026-06-22 22:38:17,22,Monday,0,0,24.5,66.0
2026-06-22 22:39:17,22,Monday,0,0,24.4,65.0
2026-06-22 22:40:17,22,Monday,0,0,24.4,64.6
2026-06-22 22:41:17,22,Monday,0,0,24.4,65.0
2026-06-22 22:42:17,22,Monday,0,0,24.4,65.7
2026-06-22 22:43:17,22,Monday,0,0,24.4,66.3
2026-06-22 22:44:17,22,Monday,0,0,24.4,66.9
2026-06-22 22:45:17,22,Monday,0,0,24.5,67.5
2026-06-22 22:46:17,22,Monday,0,0,24.5,67.1
2026-06-22 22:47:17,22,Monday,0,0,24.5,66.2
2026-06-22 22:48:17,22,Monday,0,0,24.5,65.4
2026-06-22 22:49:17,22,Monday,0,0,24.4,64.9
2026-06-22 22:50:17,22,Monday,0,0,24.3,64.9
2026-06-22 22:51:17,22,Monday,0,0,24.3,65.3
2026-06-22 22:52:17,22,Monday,0,0,24.3,66.1
2026-06-22 22:53:17,22,Monday,0,0,24.3,66.4
2026-06-22 22:54:17,22,Monday,0,0,24.4,67.2
2026-06-22 22:55:17,22,Monday,0,0,24.4,67.1
2026-06-22 22:56:17,22,Monday,0,0,24.3,66.7
2026-06-22 22:57:17,22,Monday,0,0,24.3,65.8
2026-06-22 22:58:17,22,Monday,0,0,24.3,65.1
2026-06-22 22:59:17,22,Monday,0,0,24.2,64.6
2026-06-22 23:00:17,23,Monday,0,0,24.2,65.0
2026-06-22 23:01:17,23,Monday,0,0,24.2,65.6
2026-06-22 23:02:17,23,Monday,0,0,24.2,66.2
2026-06-22 23:03:17,23,Monday,0,0,24.2,66.7
2026-06-22 23:04:17,23,Monday,0,0,24.3,67.3
2026-06-22 23:05:17,23,Monday,0,0,24.3,67.2
2026-06-22 23:06:17,23,Monday,0,0,24.3,66.6
2026-06-22 23:07:17,23,Monday,0,0,24.3,65.7
2026-06-22 23:08:17,23,Monday,0,0,24.3,65.1
2026-06-22 23:09:17,23,Monday,0,0,24.2,64.7
2026-06-22 23:10:17,23,Monday,0,0,24.2,65.5
2026-06-22 23:11:17,23,Monday,0,0,24.2,66.1
2026-06-22 23:12:17,23,Monday,0,0,24.2,66.7
2026-06-22 23:13:17,23,Monday,0,0,24.2,67.0
2026-06-22 23:14:17,23,Monday,0,0,24.2,67.4
2026-06-22 23:15:17,23,Monday,0,0,24.3,67.1
2026-06-22 23:16:17,23,Monday,0,0,24.3,66.7
2026-06-22 23:17:17,23,Monday,0,0,24.3,65.7
2026-06-22 23:18:17,23,Monday,0,0,24.2,65.0
2026-06-22 23:19:18,23,Monday,0,0,24.2,65.5
2026-06-22 23:20:18,23,Monday,0,0,24.3,65.7
2026-06-22 23:21:18,23,Monday,0,0,24.5,65.6
2026-06-22 23:22:18,23,Monday,0,0,24.8,65.4
2026-06-22 23:23:18,23,Monday,0,0,25.0,65.9
2026-06-22 23:24:18,23,Monday,0,0,25.2,66.1
2026-06-22 23:25:18,23,Monday,0,0,25.4,66.3
2026-06-22 23:26:18,23,Monday,0,0,25.6,66.8
2026-06-22 23:27:18,23,Monday,0,0,25.8,68.1
2026-06-22 23:28:18,23,Monday,0,0,25.9,68.3
2026-06-22 23:29:18,23,Monday,0,0,26.1,68.7
2026-06-22 23:30:18,23,Monday,0,0,26.2,68.8
2026-06-22 23:31:18,23,Monday,0,0,26.3,69.0
2026-06-22 23:32:18,23,Monday,0,0,26.4,68.9
2026-06-22 23:33:18,23,Monday,0,0,26.5,69.0
2026-06-22 23:34:18,23,Monday,0,0,26.6,69.1
2026-06-22 23:35:18,23,Monday,0,0,26.7,69.1
2026-06-22 23:36:18,23,Monday,0,0,26.8,69.6
2026-06-22 23:37:18,23,Monday,0,0,26.8,69.7
2026-06-22 23:38:18,23,Monday,0,0,26.9,69.8
2026-06-22 23:39:18,23,Monday,0,0,27.0,69.8
2026-06-22 23:40:18,23,Monday,0,0,27.0,70.0
2026-06-22 23:41:18,23,Monday,0,0,27.1,70.0
2026-06-22 23:42:18,23,Monday,0,0,27.2,70.0
2026-06-22 23:43:18,23,Monday,0,0,27.2,69.9
2026-06-22 23:44:18,23,Monday,0,0,27.3,70.1
2026-06-22 23:45:18,23,Monday,0,0,27.3,70.4
2026-06-22 23:46:18,23,Monday,0,0,27.4,70.4
2026-06-22 23:47:18,23,Monday,0,0,27.4,70.3
2026-06-22 23:48:18,23,Monday,0,0,27.5,70.4
2026-06-22 23:49:18,23,Monday,0,0,27.5,70.4
2026-06-22 23:50:18,23,Monday,0,0,27.6,70.6
2026-06-22 23:51:18,23,Monday,0,0,27.6,70.7
2026-06-22 23:52:18,23,Monday,0,0,27.7,70.6
2026-06-22 23:53:18,23,Monday,0,0,27.7,70.8
2026-06-22 23:54:18,23,Monday,0,0,27.7,70.9
2026-06-22 23:55:18,23,Monday,0,0,27.8,70.8
2026-06-22 23:56:18,23,Monday,0,0,27.8,70.8
2026-06-22 23:57:18,23,Monday,0,0,27.9,70.9
2026-06-22 23:58:18,23,Monday,0,0,27.9,70.8
2026-06-22 23:59:18,23,Monday,0,0,27.9,70.8
2026-06-23 00:00:18,0,Tuesday,0,1,28.0,70.6
2026-06-23 00:01:18,0,Tuesday,0,1,28.0,70.7
2026-06-23 00:02:18,0,Tuesday,0,1,28.0,70.7
2026-06-23 00:03:18,0,Tuesday,0,1,28.1,70.8
2026-06-23 00:04:18,0,Tuesday,0,1,28.1,70.7
2026-06-23 00:05:18,0,Tuesday,0,1,28.1,70.7
2026-06-23 00:06:18,0,Tuesday,0,1,28.2,70.6
2026-06-23 00:07:18,0,Tuesday,0,1,28.2,70.5
2026-06-23 00:08:18,0,Tuesday,0,1,28.2,70.6
2026-06-23 00:09:19,0,Tuesday,0,1,28.3,70.5
2026-06-23 00:10:19,0,Tuesday,0,1,28.3,70.6
2026-06-23 00:11:19,0,Tuesday,0,1,28.3,70.7
2026-06-23 00:12:19,0,Tuesday,0,1,28.3,70.7
2026-06-23 00:13:19,0,Tuesday,0,1,28.4,70.6
2026-06-23 00:14:19,0,Tuesday,0,1,28.4,70.6
2026-06-23 00:15:19,0,Tuesday,0,1,28.4,70.5
2026-06-23 00:16:19,0,Tuesday,0,1,28.4,70.5
2026-06-23 00:17:19,0,Tuesday,0,1,28.5,70.6
2026-06-23 00:18:19,0,Tuesday,0,1,28.5,70.7
2026-06-23 00:19:19,0,Tuesday,0,1,28.5,70.8
2026-06-23 00:20:19,0,Tuesday,0,1,28.5,70.9
2026-06-23 00:21:19,0,Tuesday,0,1,28.5,71.0
2026-06-23 00:22:19,0,Tuesday,0,1,28.5,71.2
2026-06-23 00:23:19,0,Tuesday,0,1,28.6,71.3
2026-06-23 00:24:19,0,Tuesday,0,1,28.5,71.2
2026-06-23 00:25:19,0,Tuesday,0,1,28.5,71.2
2026-06-23 00:26:19,0,Tuesday,0,1,28.6,71.2
2026-06-23 00:27:19,0,Tuesday,0,1,28.6,71.2
2026-06-23 00:28:19,0,Tuesday,0,1,28.6,71.4
2026-06-23 00:29:19,0,Tuesday,0,1,28.6,71.5
2026-06-23 00:30:19,0,Tuesday,0,1,28.6,71.5
2026-06-23 00:31:19,0,Tuesday,0,1,28.6,71.6
2026-06-23 00:32:19,0,Tuesday,0,1,28.6,71.7
2026-06-23 00:33:19,0,Tuesday,0,1,28.6,71.7
2026-06-23 00:34:19,0,Tuesday,0,1,28.6,71.9
2026-06-23 00:35:19,0,Tuesday,0,1,28.6,72.2
2026-06-23 00:36:19,0,Tuesday,0,1,28.6,72.3
2026-06-23 00:37:19,0,Tuesday,0,1,28.6,72.5
2026-06-23 00:38:19,0,Tuesday,0,1,28.6,72.6
2026-06-23 00:39:19,0,Tuesday,0,1,28.6,72.8
2026-06-23 00:40:19,0,Tuesday,0,1,28.6,72.9
2026-06-23 00:41:19,0,Tuesday,0,1,28.7,73.1
2026-06-23 00:42:19,0,Tuesday,0,1,28.7,73.1
2026-06-23 00:43:19,0,Tuesday,0,1,28.7,73.2
2026-06-23 00:44:19,0,Tuesday,0,1,28.7,73.3
2026-06-23 00:45:19,0,Tuesday,0,1,28.7,73.4
2026-06-23 00:46:19,0,Tuesday,0,1,28.7,73.4
2026-06-23 00:47:19,0,Tuesday,0,1,28.7,73.4
2026-06-23 00:48:19,0,Tuesday,0,1,28.7,73.5
2026-06-23 00:49:19,0,Tuesday,0,1,28.7,73.7
2026-06-23 00:50:19,0,Tuesday,0,1,28.7,73.8
2026-06-23 00:51:19,0,Tuesday,0,1,28.7,73.8
2026-06-23 00:52:19,0,Tuesday,0,1,28.7,73.7
2026-06-23 00:53:19,0,Tuesday,0,1,28.7,73.8
2026-06-23 00:54:19,0,Tuesday,0,1,28.7,73.8
2026-06-23 00:55:19,0,Tuesday,0,1,28.8,73.7
2026-06-23 00:56:19,0,Tuesday,0,1,28.8,73.9
2026-06-23 00:57:20,0,Tuesday,0,1,28.8,73.9
2026-06-23 00:58:20,0,Tuesday,0,1,28.8,74.0
2026-06-23 00:59:20,0,Tuesday,0,1,28.8,74.2
2026-06-23 01:00:20,1,Tuesday,0,1,28.8,74.4
2026-06-23 01:01:20,1,Tuesday,0,1,28.8,74.3
2026-06-23 01:02:20,1,Tuesday,0,1,28.8,74.3
2026-06-23 01:03:20,1,Tuesday,0,1,28.8,74.2
2026-06-23 01:04:20,1,Tuesday,0,1,28.8,74.2
2026-06-23 01:05:20,1,Tuesday,0,1,28.8,74.5
2026-06-23 01:06:20,1,Tuesday,0,1,28.8,74.4
2026-06-23 01:07:20,1,Tuesday,0,1,28.8,74.5
2026-06-23 01:08:20,1,Tuesday,0,1,28.9,74.5
2026-06-23 01:09:20,1,Tuesday,0,1,28.8,74.7
2026-06-23 01:10:20,1,Tuesday,0,1,28.9,74.6
2026-06-23 01:11:20,1,Tuesday,0,1,28.9,74.7
2026-06-23 01:12:20,1,Tuesday,0,1,28.9,74.6
2026-06-23 01:13:20,1,Tuesday,0,1,28.9,74.7
2026-06-23 01:14:20,1,Tuesday,0,1,28.9,74.8
2026-06-23 01:15:20,1,Tuesday,0,1,28.9,74.9
2026-06-23 01:16:20,1,Tuesday,0,1,28.9,74.9
2026-06-23 01:17:20,1,Tuesday,0,1,28.9,74.9
2026-06-23 01:18:20,1,Tuesday,0,1,28.9,74.9
2026-06-23 01:19:20,1,Tuesday,0,1,28.9,74.9
2026-06-23 01:20:20,1,Tuesday,0,1,28.9,75.0
2026-06-23 01:21:20,1,Tuesday,0,1,28.9,75.0
2026-06-23 01:22:20,1,Tuesday,0,1,28.9,74.8
2026-06-23 01:23:20,1,Tuesday,0,1,28.9,74.8
2026-06-23 01:24:20,1,Tuesday,0,1,28.9,75.0
2026-06-23 01:25:20,1,Tuesday,0,1,29.0,75.1
2026-06-23 01:26:20,1,Tuesday,0,1,29.0,75.0
2026-06-23 01:27:20,1,Tuesday,0,1,29.0,75.2
2026-06-23 01:28:20,1,Tuesday,0,1,28.9,74.9
2026-06-23 01:29:20,1,Tuesday,0,1,29.0,75.1
2026-06-23 01:30:20,1,Tuesday,0,1,29.0,75.0
2026-06-23 01:31:20,1,Tuesday,0,1,29.0,75.1
2026-06-23 01:32:20,1,Tuesday,0,1,29.0,75.2
2026-06-23 01:33:20,1,Tuesday,0,1,29.0,75.2
2026-06-23 01:34:20,1,Tuesday,0,1,29.0,75.1
2026-06-23 01:35:20,1,Tuesday,0,1,29.0,75.0
2026-06-23 01:36:20,1,Tuesday,0,1,29.0,75.1
2026-06-23 01:37:20,1,Tuesday,0,1,29.0,75.1
2026-06-23 01:38:20,1,Tuesday,0,1,29.0,75.0
2026-06-23 01:39:20,1,Tuesday,0,1,29.0,75.1
2026-06-23 01:40:20,1,Tuesday,0,1,29.0,75.2
2026-06-23 01:41:20,1,Tuesday,0,1,29.0,75.3
2026-06-23 01:42:20,1,Tuesday,0,1,29.0,75.4
2026-06-23 01:43:20,1,Tuesday,0,1,29.0,75.1
2026-06-23 01:44:20,1,Tuesday,0,1,29.0,75.2
2026-06-23 01:45:21,1,Tuesday,0,1,29.1,75.4
2026-06-23 01:46:21,1,Tuesday,0,1,29.1,75.3
2026-06-23 01:47:21,1,Tuesday,0,1,29.1,75.1
2026-06-23 01:48:21,1,Tuesday,0,1,29.1,75.2
2026-06-23 01:49:21,1,Tuesday,0,1,29.1,75.4
2026-06-23 01:50:21,1,Tuesday,0,1,29.1,75.2
2026-06-23 01:51:21,1,Tuesday,0,1,29.1,75.1
2026-06-23 01:52:21,1,Tuesday,0,1,29.1,75.2
2026-06-23 01:53:21,1,Tuesday,0,1,29.1,75.3
2026-06-23 01:54:21,1,Tuesday,0,1,29.1,75.3
2026-06-23 01:55:21,1,Tuesday,0,1,29.1,75.5
2026-06-23 01:56:21,1,Tuesday,0,1,29.1,75.3
2026-06-23 01:57:21,1,Tuesday,0,1,29.1,75.3
2026-06-23 01:58:21,1,Tuesday,0,1,29.1,75.3
2026-06-23 01:59:21,1,Tuesday,0,1,29.1,75.2
2026-06-23 02:00:21,2,Tuesday,0,1,29.1,75.4
2026-06-23 02:01:21,2,Tuesday,0,1,29.1,75.5
2026-06-23 02:02:21,2,Tuesday,0,1,29.1,75.4
2026-06-23 02:03:21,2,Tuesday,0,1,29.1,75.5
2026-06-23 02:04:21,2,Tuesday,0,1,29.1,75.5
2026-06-23 02:05:21,2,Tuesday,0,1,29.1,75.4
2026-06-23 02:06:21,2,Tuesday,0,1,29.2,75.5
2026-06-23 02:07:21,2,Tuesday,0,1,29.1,75.6
2026-06-23 02:08:21,2,Tuesday,0,1,29.2,75.4
2026-06-23 02:09:21,2,Tuesday,0,1,29.2,75.5
2026-06-23 02:10:21,2,Tuesday,0,1,29.1,75.5
2026-06-23 02:11:21,2,Tuesday,0,1,29.2,75.2
2026-06-23 02:12:21,2,Tuesday,0,1,29.2,75.3
2026-06-23 02:13:21,2,Tuesday,0,1,29.2,75.3
2026-06-23 02:14:21,2,Tuesday,0,1,29.2,75.3
2026-06-23 02:15:21,2,Tuesday,0,1,29.2,75.3
2026-06-23 02:16:21,2,Tuesday,0,1,29.2,75.3
2026-06-23 02:17:21,2,Tuesday,0,1,29.2,75.3
2026-06-23 02:18:21,2,Tuesday,0,1,29.2,75.1
2026-06-23 02:19:21,2,Tuesday,0,1,29.2,75.4
2026-06-23 02:20:21,2,Tuesday,0,1,29.2,75.2
2026-06-23 02:21:21,2,Tuesday,0,1,29.2,75.2
2026-06-23 02:22:21,2,Tuesday,0,1,29.2,75.3
2026-06-23 02:23:21,2,Tuesday,0,1,29.2,75.2
2026-06-23 02:24:21,2,Tuesday,0,1,29.2,75.3
2026-06-23 02:25:21,2,Tuesday,0,1,29.2,75.3
2026-06-23 02:26:21,2,Tuesday,0,1,29.2,75.2
2026-06-23 02:27:21,2,Tuesday,0,1,29.2,75.3
2026-06-23 02:28:21,2,Tuesday,0,1,29.2,75.4
2026-06-23 02:29:21,2,Tuesday,0,1,29.2,75.6
2026-06-23 02:30:21,2,Tuesday,0,1,29.2,75.4
2026-06-23 02:31:21,2,Tuesday,0,1,29.2,75.2
2026-06-23 02:32:22,2,Tuesday,0,1,29.2,75.6
2026-06-23 02:33:22,2,Tuesday,0,1,29.2,75.4
2026-06-23 02:34:22,2,Tuesday,0,1,29.2,75.5
2026-06-23 02:35:22,2,Tuesday,0,1,29.3,75.6
2026-06-23 02:36:22,2,Tuesday,0,1,29.2,75.6
2026-06-23 02:37:22,2,Tuesday,0,1,29.3,75.7
2026-06-23 02:38:22,2,Tuesday,0,1,29.3,75.6
2026-06-23 02:39:22,2,Tuesday,0,1,29.2,75.6
2026-06-23 02:40:22,2,Tuesday,0,1,29.2,75.5
2026-06-23 02:41:22,2,Tuesday,0,1,29.3,75.6
2026-06-23 02:42:22,2,Tuesday,0,1,29.2,75.5
2026-06-23 02:43:22,2,Tuesday,0,1,29.3,75.6
2026-06-23 02:44:22,2,Tuesday,0,1,29.3,75.4
2026-06-23 02:45:22,2,Tuesday,0,1,29.3,75.5
2026-06-23 02:46:22,2,Tuesday,0,1,29.3,75.5
2026-06-23 02:47:22,2,Tuesday,0,1,29.3,75.4
2026-06-23 02:48:22,2,Tuesday,0,1,29.3,75.4
2026-06-23 02:49:22,2,Tuesday,0,1,29.3,75.8
2026-06-23 02:50:22,2,Tuesday,0,1,29.3,75.4
2026-06-23 02:51:22,2,Tuesday,0,1,29.3,75.7
2026-06-23 02:52:22,2,Tuesday,0,1,29.3,75.5
2026-06-23 02:53:22,2,Tuesday,0,1,29.3,75.7
2026-06-23 02:54:22,2,Tuesday,0,1,29.3,75.7
2026-06-23 02:55:22,2,Tuesday,0,1,29.3,75.7
2026-06-23 02:56:22,2,Tuesday,0,1,29.3,75.7
2026-06-23 02:57:22,2,Tuesday,0,1,29.3,75.6
2026-06-23 02:58:22,2,Tuesday,0,1,29.3,75.6
2026-06-23 02:59:22,2,Tuesday,0,1,29.3,75.5
2026-06-23 03:00:22,3,Tuesday,0,1,29.3,75.5
2026-06-23 03:01:22,3,Tuesday,0,1,29.3,75.5
2026-06-23 03:02:22,3,Tuesday,0,1,29.3,75.5
2026-06-23 03:03:22,3,Tuesday,0,1,29.3,75.6
2026-06-23 03:04:22,3,Tuesday,0,1,29.3,75.6
2026-06-23 03:05:22,3,Tuesday,0,1,29.3,75.9
2026-06-23 03:06:22,3,Tuesday,0,1,29.3,76.0
2026-06-23 03:07:22,3,Tuesday,0,1,29.3,75.8
2026-06-23 03:08:22,3,Tuesday,0,1,29.3,75.6
2026-06-23 03:09:22,3,Tuesday,0,1,29.3,75.7
2026-06-23 03:10:22,3,Tuesday,0,1,29.3,75.5
2026-06-23 03:11:22,3,Tuesday,0,1,29.3,75.7
2026-06-23 03:12:22,3,Tuesday,0,1,29.3,75.8
2026-06-23 03:13:22,3,Tuesday,0,1,29.3,75.7
2026-06-23 03:14:22,3,Tuesday,0,1,29.3,75.7
2026-06-23 03:15:22,3,Tuesday,0,1,29.3,75.8
2026-06-23 03:16:22,3,Tuesday,0,1,29.3,75.7
2026-06-23 03:17:22,3,Tuesday,0,1,29.3,75.7
2026-06-23 03:18:22,3,Tuesday,0,1,29.3,75.9
2026-06-23 03:19:23,3,Tuesday,0,1,29.3,75.8
2026-06-23 03:20:23,3,Tuesday,0,1,29.4,75.9
2026-06-23 03:21:23,3,Tuesday,0,1,29.3,75.8
2026-06-23 03:22:23,3,Tuesday,0,1,29.4,75.9
2026-06-23 03:23:23,3,Tuesday,0,1,29.3,75.9
2026-06-23 03:24:23,3,Tuesday,0,1,29.3,76.3
2026-06-23 03:25:23,3,Tuesday,0,1,29.3,76.5
2026-06-23 03:26:23,3,Tuesday,0,1,29.4,76.5
2026-06-23 03:27:23,3,Tuesday,0,1,29.3,76.4
2026-06-23 03:28:23,3,Tuesday,0,1,29.4,76.5
2026-06-23 03:29:23,3,Tuesday,0,1,29.3,76.6
2026-06-23 03:30:23,3,Tuesday,0,1,29.4,76.6
2026-06-23 03:31:23,3,Tuesday,0,1,29.3,76.4
2026-06-23 03:32:23,3,Tuesday,0,1,29.3,76.5
2026-06-23 03:33:23,3,Tuesday,0,1,29.4,76.5
2026-06-23 03:34:23,3,Tuesday,0,1,29.3,76.5
2026-06-23 03:35:23,3,Tuesday,0,1,29.3,76.5
2026-06-23 03:36:23,3,Tuesday,0,1,29.4,76.4
2026-06-23 03:37:23,3,Tuesday,0,1,29.3,76.5
2026-06-23 03:38:23,3,Tuesday,0,1,29.4,76.6
2026-06-23 03:39:23,3,Tuesday,0,1,29.4,76.3
2026-06-23 03:40:23,3,Tuesday,0,1,29.4,76.3
2026-06-23 03:41:23,3,Tuesday,0,1,29.3,76.4
2026-06-23 03:42:23,3,Tuesday,0,1,29.3,76.2
2026-06-23 03:43:23,3,Tuesday,0,1,29.4,76.2
2026-06-23 03:44:23,3,Tuesday,0,1,29.3,76.2
2026-06-23 03:45:23,3,Tuesday,0,1,29.3,76.3
2026-06-23 03:46:23,3,Tuesday,0,1,29.4,76.9
2026-06-23 03:47:23,3,Tuesday,0,1,29.4,76.8
2026-06-23 03:48:23,3,Tuesday,0,1,29.3,77.1
2026-06-23 03:49:23,3,Tuesday,0,1,29.3,76.7
2026-06-23 03:50:23,3,Tuesday,0,1,29.3,77.0
2026-06-23 03:51:23,3,Tuesday,0,1,29.3,76.8
2026-06-23 03:52:23,3,Tuesday,0,1,29.3,77.0
2026-06-23 03:53:23,3,Tuesday,0,1,29.3,77.3
2026-06-23 03:54:23,3,Tuesday,0,1,29.4,77.3
2026-06-23 03:55:23,3,Tuesday,0,1,29.4,77.2
2026-06-23 03:56:23,3,Tuesday,0,1,29.4,76.7
2026-06-23 03:57:23,3,Tuesday,0,1,29.3,76.9
2026-06-23 03:58:23,3,Tuesday,0,1,29.4,77.3
2026-06-23 03:59:23,3,Tuesday,0,1,29.4,77.2
2026-06-23 04:00:23,4,Tuesday,0,1,29.4,77.6
2026-06-23 04:01:23,4,Tuesday,0,1,29.3,77.1
2026-06-23 04:02:23,4,Tuesday,0,1,29.4,77.2
2026-06-23 04:03:23,4,Tuesday,0,1,29.4,77.3
2026-06-23 04:04:23,4,Tuesday,0,1,29.4,77.4
2026-06-23 04:05:23,4,Tuesday,0,1,29.4,77.2
2026-06-23 04:06:24,4,Tuesday,0,1,29.4,77.3
2026-06-23 04:07:24,4,Tuesday,0,1,29.4,77.2
2026-06-23 04:08:24,4,Tuesday,0,1,29.4,76.9
2026-06-23 04:09:24,4,Tuesday,0,1,29.4,77.1
2026-06-23 04:10:24,4,Tuesday,0,1,29.4,77.0
2026-06-23 04:11:24,4,Tuesday,0,1,29.4,77.1
2026-06-23 04:12:24,4,Tuesday,0,1,29.4,76.9
2026-06-23 04:13:24,4,Tuesday,0,1,29.4,76.9
2026-06-23 04:14:24,4,Tuesday,0,1,29.4,76.8
2026-06-23 04:15:24,4,Tuesday,0,1,29.4,76.9
2026-06-23 04:16:24,4,Tuesday,0,1,29.4,76.9
2026-06-23 04:17:24,4,Tuesday,0,1,29.4,77.1
2026-06-23 04:18:24,4,Tuesday,0,1,29.4,77.0
2026-06-23 04:19:24,4,Tuesday,0,1,29.4,77.0
2026-06-23 04:20:24,4,Tuesday,0,1,29.4,77.2
2026-06-23 04:21:24,4,Tuesday,0,1,29.4,77.0
2026-06-23 04:22:24,4,Tuesday,0,1,29.4,77.5
2026-06-23 04:23:24,4,Tuesday,0,1,29.4,77.2
2026-06-23 04:24:24,4,Tuesday,0,1,29.4,77.5
2026-06-23 04:25:24,4,Tuesday,0,1,29.4,77.6
2026-06-23 04:26:24,4,Tuesday,0,1,29.4,77.6
2026-06-23 04:27:24,4,Tuesday,0,1,29.4,77.6
2026-06-23 04:28:24,4,Tuesday,0,1,29.4,77.3
2026-06-23 04:29:24,4,Tuesday,0,1,29.4,77.4
2026-06-23 04:30:24,4,Tuesday,0,1,29.4,77.3
2026-06-23 04:31:24,4,Tuesday,0,1,29.4,77.2
2026-06-23 04:32:24,4,Tuesday,0,1,29.4,77.2
2026-06-23 04:33:24,4,Tuesday,0,1,29.4,77.4
2026-06-23 04:34:24,4,Tuesday,0,1,29.4,77.4
2026-06-23 04:35:24,4,Tuesday,0,1,29.4,77.3
2026-06-23 04:36:24,4,Tuesday,0,1,29.4,77.4
2026-06-23 04:37:24,4,Tuesday,0,1,29.4,77.3
2026-06-23 04:38:24,4,Tuesday,0,1,29.4,77.5
2026-06-23 04:39:24,4,Tuesday,0,1,29.4,77.0
2026-06-23 04:40:24,4,Tuesday,0,1,29.4,77.1
2026-06-23 04:41:24,4,Tuesday,0,1,29.4,77.4
2026-06-23 04:42:24,4,Tuesday,0,1,29.4,77.5
2026-06-23 04:43:24,4,Tuesday,0,1,29.4,77.4
2026-06-23 04:44:24,4,Tuesday,0,1,29.4,77.5
2026-06-23 04:45:24,4,Tuesday,0,1,29.4,77.5
2026-06-23 04:46:24,4,Tuesday,0,1,29.4,77.4
2026-06-23 04:47:24,4,Tuesday,0,1,29.4,77.3
2026-06-23 04:48:24,4,Tuesday,0,1,29.4,77.5
2026-06-23 04:49:24,4,Tuesday,0,1,29.4,77.5
2026-06-23 04:50:24,4,Tuesday,0,1,29.4,77.4
2026-06-23 04:51:24,4,Tuesday,0,1,29.4,77.5
2026-06-23 04:52:24,4,Tuesday,0,1,29.4,77.5
2026-06-23 04:53:25,4,Tuesday,0,1,29.4,77.4
2026-06-23 04:54:25,4,Tuesday,0,1,29.4,77.5
2026-06-23 04:55:25,4,Tuesday,0,1,29.4,77.4
2026-06-23 04:56:25,4,Tuesday,0,1,29.4,77.4
2026-06-23 04:57:25,4,Tuesday,0,1,29.4,77.4
2026-06-23 04:58:25,4,Tuesday,0,1,29.4,77.4
2026-06-23 04:59:25,4,Tuesday,0,1,29.4,77.5
2026-06-23 05:00:25,5,Tuesday,0,1,29.4,77.5
2026-06-23 05:01:25,5,Tuesday,0,1,29.4,77.4
2026-06-23 05:02:25,5,Tuesday,0,1,29.4,77.4
2026-06-23 05:03:25,5,Tuesday,0,1,29.4,77.4
2026-06-23 05:04:25,5,Tuesday,0,1,29.4,77.2
2026-06-23 05:05:25,5,Tuesday,0,1,29.4,77.4
2026-06-23 05:06:25,5,Tuesday,0,1,29.4,77.4
2026-06-23 05:07:25,5,Tuesday,0,1,29.4,77.3
2026-06-23 05:08:25,5,Tuesday,0,1,29.4,77.2
2026-06-23 05:09:25,5,Tuesday,0,1,29.4,77.3
2026-06-23 05:10:25,5,Tuesday,0,1,29.4,77.3
2026-06-23 05:11:25,5,Tuesday,0,1,29.4,77.3
2026-06-23 05:12:25,5,Tuesday,0,1,29.4,77.2
2026-06-23 05:13:25,5,Tuesday,0,1,29.4,77.2
2026-06-23 05:14:25,5,Tuesday,0,1,29.4,77.4
2026-06-23 05:15:25,5,Tuesday,0,1,29.4,77.3
2026-06-23 05:16:25,5,Tuesday,0,1,29.4,77.4
2026-06-23 05:17:25,5,Tuesday,0,1,29.4,77.2
2026-06-23 05:18:25,5,Tuesday,0,1,29.4,77.4
2026-06-23 05:19:25,5,Tuesday,0,1,29.3,77.3
2026-06-23 05:20:25,5,Tuesday,0,1,29.3,77.2
2026-06-23 05:21:25,5,Tuesday,0,1,29.3,77.2
2026-06-23 05:22:25,5,Tuesday,0,1,29.4,77.2
2026-06-23 05:23:25,5,Tuesday,0,1,29.4,77.2
2026-06-23 05:24:25,5,Tuesday,0,1,29.4,77.2
2026-06-23 05:25:25,5,Tuesday,0,1,29.4,77.3
2026-06-23 05:26:25,5,Tuesday,0,1,29.4,77.2
2026-06-23 05:27:25,5,Tuesday,0,1,29.4,77.3
2026-06-23 05:28:25,5,Tuesday,0,1,29.3,77.3
2026-06-23 05:29:25,5,Tuesday,0,1,29.3,77.2
2026-06-23 05:30:25,5,Tuesday,0,1,29.3,77.3
2026-06-23 05:31:25,5,Tuesday,0,1,29.4,77.2
2026-06-23 05:32:25,5,Tuesday,0,1,29.3,77.2
2026-06-23 05:33:25,5,Tuesday,0,1,29.4,77.1
2026-06-23 05:34:25,5,Tuesday,0,1,29.3,77.1
2026-06-23 05:35:25,5,Tuesday,0,1,29.3,77.2
2026-06-23 05:36:25,5,Tuesday,0,1,29.4,77.1
2026-06-23 05:37:25,5,Tuesday,0,1,29.4,77.2
2026-06-23 05:38:25,5,Tuesday,0,1,29.4,77.2
2026-06-23 05:39:25,5,Tuesday,0,1,29.4,77.2
2026-06-23 05:40:26,5,Tuesday,0,1,29.4,77.2
2026-06-23 05:41:26,5,Tuesday,0,1,29.4,77.2
2026-06-23 05:42:26,5,Tuesday,0,1,29.3,77.2
2026-06-23 05:43:26,5,Tuesday,0,1,29.4,77.3
2026-06-23 05:44:26,5,Tuesday,0,1,29.3,77.3
2026-06-23 05:45:26,5,Tuesday,0,1,29.3,77.2
2026-06-23 05:46:26,5,Tuesday,0,1,29.4,77.4
2026-06-23 05:47:26,5,Tuesday,0,1,29.3,77.3
2026-06-23 05:48:26,5,Tuesday,0,1,29.4,77.3
2026-06-23 05:49:26,5,Tuesday,0,1,29.3,77.4
2026-06-23 05:50:26,5,Tuesday,0,1,29.3,77.4
2026-06-23 05:51:26,5,Tuesday,0,1,29.4,77.4
2026-06-23 05:52:26,5,Tuesday,0,1,29.4,77.3
2026-06-23 05:53:26,5,Tuesday,0,1,29.4,77.3
2026-06-23 05:54:26,5,Tuesday,0,1,29.4,77.4
2026-06-23 05:55:26,5,Tuesday,0,1,29.4,77.3
2026-06-23 05:56:26,5,Tuesday,0,1,29.4,77.3
2026-06-23 05:57:26,5,Tuesday,0,1,29.4,77.4
2026-06-23 05:58:26,5,Tuesday,0,1,29.4,77.3
2026-06-23 05:59:26,5,Tuesday,0,1,29.4,77.4
2026-06-23 06:00:26,6,Tuesday,0,1,29.4,77.3
2026-06-23 06:01:26,6,Tuesday,0,1,29.3,77.4
2026-06-23 06:02:26,6,Tuesday,0,1,29.4,77.4
2026-06-23 06:03:26,6,Tuesday,0,1,29.3,77.4
2026-06-23 06:04:26,6,Tuesday,0,1,29.4,77.4
2026-06-23 06:05:26,6,Tuesday,0,1,29.4,77.6
2026-06-23 06:06:26,6,Tuesday,0,1,29.4,77.7
2026-06-23 06:07:26,6,Tuesday,0,1,29.3,77.7
2026-06-23 06:08:26,6,Tuesday,0,1,29.3,77.7
2026-06-23 06:09:26,6,Tuesday,0,1,29.4,77.7
2026-06-23 06:10:26,6,Tuesday,0,1,29.4,77.7
2026-06-23 06:11:26,6,Tuesday,0,1,29.4,77.7
2026-06-23 06:12:26,6,Tuesday,0,1,29.4,77.6
2026-06-23 06:13:26,6,Tuesday,0,1,29.4,77.7
2026-06-23 06:14:26,6,Tuesday,0,1,29.3,77.6
2026-06-23 06:15:26,6,Tuesday,0,1,29.4,77.7
2026-06-23 06:16:26,6,Tuesday,0,1,29.3,77.6
2026-06-23 06:17:26,6,Tuesday,0,1,29.4,77.5
2026-06-23 06:18:26,6,Tuesday,0,1,29.3,77.5
2026-06-23 06:19:26,6,Tuesday,0,1,29.3,77.5
2026-06-23 06:20:26,6,Tuesday,0,1,29.3,77.6
2026-06-23 06:21:26,6,Tuesday,0,1,29.3,77.5
2026-06-23 06:22:26,6,Tuesday,0,1,29.3,77.5
2026-06-23 06:23:26,6,Tuesday,0,1,29.4,77.5
2026-06-23 06:24:26,6,Tuesday,0,1,29.3,77.4
2026-06-23 06:25:26,6,Tuesday,0,1,29.3,77.5
2026-06-23 06:26:26,6,Tuesday,0,1,29.3,77.4
2026-06-23 06:27:27,6,Tuesday,0,1,29.3,77.5
2026-06-23 06:28:27,6,Tuesday,0,1,29.3,77.5
2026-06-23 06:29:27,6,Tuesday,0,1,29.3,77.5
2026-06-23 06:30:27,6,Tuesday,0,1,29.3,77.5
2026-06-23 06:31:27,6,Tuesday,0,1,29.3,77.6
2026-06-23 06:32:27,6,Tuesday,0,1,29.3,77.6
2026-06-23 06:33:27,6,Tuesday,0,1,29.3,77.6
2026-06-23 06:34:27,6,Tuesday,0,1,29.3,77.6
2026-06-23 06:35:27,6,Tuesday,0,1,29.3,77.6
2026-06-23 06:36:27,6,Tuesday,0,1,29.3,77.6
2026-06-23 06:37:27,6,Tuesday,0,1,29.3,77.7
2026-06-23 06:38:27,6,Tuesday,0,1,29.3,77.8
2026-06-23 06:39:27,6,Tuesday,0,1,29.3,77.8
2026-06-23 06:40:27,6,Tuesday,0,1,29.3,77.8
2026-06-23 06:41:27,6,Tuesday,0,1,29.3,77.8
2026-06-23 06:42:27,6,Tuesday,0,1,29.3,77.8
2026-06-23 06:43:27,6,Tuesday,0,1,29.3,77.9
2026-06-23 06:44:27,6,Tuesday,0,1,29.3,78.0
2026-06-23 06:45:27,6,Tuesday,0,1,29.3,78.0
2026-06-23 06:46:27,6,Tuesday,0,1,29.3,78.0
2026-06-23 06:47:27,6,Tuesday,0,1,29.3,78.1
2026-06-23 06:48:27,6,Tuesday,0,1,29.3,78.2
2026-06-23 06:49:27,6,Tuesday,0,1,29.3,78.1
2026-06-23 06:50:27,6,Tuesday,0,1,29.3,78.2
2026-06-23 06:51:27,6,Tuesday,0,1,29.3,78.3
2026-06-23 06:52:27,6,Tuesday,0,1,29.3,78.3
2026-06-23 06:53:27,6,Tuesday,0,1,29.3,78.2
2026-06-23 06:54:27,6,Tuesday,0,1,29.3,78.2
2026-06-23 06:55:27,6,Tuesday,0,1,29.3,78.2
2026-06-23 06:56:27,6,Tuesday,0,1,29.3,78.0
2026-06-23 06:57:27,6,Tuesday,0,1,29.3,78.1
2026-06-23 06:58:27,6,Tuesday,0,1,29.3,78.1
2026-06-23 06:59:27,6,Tuesday,0,1,29.3,78.2
2026-06-23 07:00:27,7,Tuesday,0,1,29.3,78.1
2026-06-23 07:01:27,7,Tuesday,0,1,29.3,78.2
2026-06-23 07:02:27,7,Tuesday,0,1,29.3,78.2
2026-06-23 07:03:27,7,Tuesday,0,1,29.3,78.2
2026-06-23 07:04:27,7,Tuesday,0,1,29.3,78.0
2026-06-23 07:05:27,7,Tuesday,0,1,29.3,78.1
2026-06-23 07:06:27,7,Tuesday,0,1,29.3,78.0
2026-06-23 07:07:27,7,Tuesday,0,1,29.3,78.1
2026-06-23 07:08:27,7,Tuesday,0,1,29.3,77.9
2026-06-23 07:09:27,7,Tuesday,0,1,29.3,77.9
2026-06-23 07:10:27,7,Tuesday,0,1,29.3,77.8
2026-06-23 07:11:27,7,Tuesday,0,1,29.3,77.8
2026-06-23 07:12:27,7,Tuesday,0,1,29.3,77.9
2026-06-23 07:13:27,7,Tuesday,0,1,29.3,77.8
2026-06-23 07:14:28,7,Tuesday,0,1,29.3,77.8
2026-06-23 07:15:28,7,Tuesday,0,1,29.3,77.8
2026-06-23 07:16:28,7,Tuesday,0,1,29.3,77.8
2026-06-23 07:17:28,7,Tuesday,0,1,29.3,77.7
2026-06-23 07:18:28,7,Tuesday,0,1,29.3,77.8
2026-06-23 07:19:28,7,Tuesday,0,1,29.3,77.7
2026-06-23 07:20:28,7,Tuesday,0,1,29.3,77.8
2026-06-23 07:21:28,7,Tuesday,0,1,29.3,77.8
2026-06-23 07:22:28,7,Tuesday,0,1,29.3,77.8
2026-06-23 07:23:28,7,Tuesday,0,1,29.3,77.8
2026-06-23 07:24:28,7,Tuesday,0,1,29.3,77.7
2026-06-23 07:25:28,7,Tuesday,0,1,29.3,77.7
2026-06-23 07:26:28,7,Tuesday,0,1,29.3,77.6
2026-06-23 07:27:28,7,Tuesday,0,1,29.3,77.8
2026-06-23 07:28:28,7,Tuesday,0,1,29.3,77.9
2026-06-23 07:29:28,7,Tuesday,0,1,29.3,77.9
2026-06-23 07:30:28,7,Tuesday,0,1,29.3,78.0
2026-06-23 07:31:28,7,Tuesday,0,1,29.3,77.9
2026-06-23 07:32:28,7,Tuesday,0,1,29.4,78.0
2026-06-23 07:33:28,7,Tuesday,0,1,29.3,77.9
2026-06-23 07:34:28,7,Tuesday,0,1,29.3,77.9
2026-06-23 07:35:28,7,Tuesday,0,1,29.4,77.9
2026-06-23 07:36:28,7,Tuesday,0,1,29.4,77.8
2026-06-23 07:37:28,7,Tuesday,0,1,29.4,77.7
2026-06-23 07:38:28,7,Tuesday,0,1,29.4,77.7
2026-06-23 07:39:28,7,Tuesday,0,1,29.4,77.6
2026-06-23 07:40:28,7,Tuesday,0,1,29.4,77.6
2026-06-23 07:41:28,7,Tuesday,0,1,29.4,77.5
2026-06-23 07:42:28,7,Tuesday,0,1,29.4,77.7
2026-06-23 07:43:28,7,Tuesday,0,1,29.4,77.7
2026-06-23 07:44:28,7,Tuesday,0,1,29.4,77.7
2026-06-23 07:45:28,7,Tuesday,0,1,29.4,77.7
2026-06-23 07:46:28,7,Tuesday,0,1,29.5,77.6
2026-06-23 07:47:28,7,Tuesday,0,1,29.5,77.5
2026-06-23 07:48:28,7,Tuesday,0,1,29.5,77.5
2026-06-23 07:49:28,7,Tuesday,0,1,29.5,77.6
2026-06-23 07:50:28,7,Tuesday,0,1,29.5,77.5
2026-06-23 07:51:28,7,Tuesday,0,1,29.6,77.4
2026-06-23 07:52:28,7,Tuesday,0,1,29.6,77.2
2026-06-23 07:53:28,7,Tuesday,0,1,29.6,77.1
2026-06-23 07:54:28,7,Tuesday,0,1,29.7,77.0
2026-06-23 07:55:28,7,Tuesday,0,1,29.7,76.8
2026-06-23 07:56:28,7,Tuesday,0,1,29.8,76.8
2026-06-23 07:57:28,7,Tuesday,0,1,29.8,76.6
2026-06-23 07:58:28,7,Tuesday,0,1,29.8,76.5
2026-06-23 07:59:28,7,Tuesday,0,1,29.8,76.3
2026-06-23 08:00:28,8,Tuesday,0,1,29.9,76.4
2026-06-23 08:01:29,8,Tuesday,0,1,29.9,76.3
2026-06-23 08:02:29,8,Tuesday,0,1,29.9,76.4
2026-06-23 08:03:29,8,Tuesday,0,1,29.9,76.3
2026-06-23 08:04:29,8,Tuesday,0,1,29.9,76.4
2026-06-23 08:05:29,8,Tuesday,0,1,29.9,76.4
2026-06-23 08:06:29,8,Tuesday,0,1,30.0,76.4
2026-06-23 08:07:29,8,Tuesday,0,1,30.0,76.3
2026-06-23 08:08:29,8,Tuesday,0,1,30.1,76.2
2026-06-23 08:09:29,8,Tuesday,0,1,30.1,76.1
2026-06-23 08:10:29,8,Tuesday,0,1,30.1,76.2
2026-06-23 08:11:29,8,Tuesday,0,1,30.1,76.2
2026-06-23 08:12:29,8,Tuesday,0,1,30.1,76.3
2026-06-23 08:13:29,8,Tuesday,0,1,30.1,76.5
2026-06-23 08:14:29,8,Tuesday,0,1,30.1,76.4
2026-06-23 08:15:29,8,Tuesday,0,1,30.1,76.6
2026-06-23 08:16:29,8,Tuesday,0,1,30.1,76.6
2026-06-23 08:17:29,8,Tuesday,0,1,30.1,76.6
2026-06-23 08:18:29,8,Tuesday,0,1,30.1,76.7
2026-06-23 08:19:29,8,Tuesday,0,1,30.1,76.8
2026-06-23 08:20:29,8,Tuesday,0,1,30.1,76.8
2026-06-23 08:21:29,8,Tuesday,0,1,30.1,76.7
2026-06-23 08:22:29,8,Tuesday,0,1,30.1,77.3
2026-06-23 08:23:29,8,Tuesday,0,1,30.1,77.7
2026-06-23 08:24:29,8,Tuesday,0,1,30.1,77.4
2026-06-23 08:25:29,8,Tuesday,0,1,30.1,77.1
2026-06-23 08:26:29,8,Tuesday,0,1,30.1,77.0
2026-06-23 08:27:29,8,Tuesday,0,1,30.1,77.3
2026-06-23 08:28:29,8,Tuesday,0,1,30.1,77.1
2026-06-23 08:29:29,8,Tuesday,0,1,30.1,77.3
2026-06-23 08:30:29,8,Tuesday,0,1,30.1,77.2
2026-06-23 08:31:29,8,Tuesday,0,1,30.1,77.2
2026-06-23 08:32:29,8,Tuesday,0,1,30.1,77.2
2026-06-23 08:33:29,8,Tuesday,0,1,30.1,77.3
2026-06-23 08:34:29,8,Tuesday,0,1,30.1,77.2
2026-06-23 08:35:29,8,Tuesday,0,1,30.1,77.2
2026-06-23 08:36:29,8,Tuesday,0,1,30.1,77.2
2026-06-23 08:37:29,8,Tuesday,0,1,30.1,77.2
2026-06-23 08:38:29,8,Tuesday,0,1,30.1,77.3
2026-06-23 08:39:29,8,Tuesday,0,1,30.1,77.4
2026-06-23 08:40:29,8,Tuesday,0,1,30.1,77.5
2026-06-23 08:41:29,8,Tuesday,0,1,30.1,77.3
2026-06-23 08:42:29,8,Tuesday,0,1,30.1,77.4
2026-06-23 08:43:29,8,Tuesday,0,1,30.0,77.3
2026-06-23 08:44:29,8,Tuesday,0,1,30.0,77.5
2026-06-23 08:45:29,8,Tuesday,0,1,30.1,77.5
2026-06-23 08:46:29,8,Tuesday,0,1,30.1,77.5
2026-06-23 08:47:30,8,Tuesday,0,1,30.1,77.3
2026-06-23 08:48:30,8,Tuesday,0,1,30.1,77.6
2026-06-23 08:49:30,8,Tuesday,0,1,30.1,77.4
2026-06-23 08:50:30,8,Tuesday,0,1,30.1,77.6
2026-06-23 08:51:30,8,Tuesday,0,1,30.0,77.5
2026-06-23 08:52:30,8,Tuesday,0,1,30.1,77.6
2026-06-23 08:53:30,8,Tuesday,0,1,30.1,77.6
2026-06-23 08:54:30,8,Tuesday,0,1,30.1,77.6
2026-06-23 08:55:30,8,Tuesday,0,1,30.1,77.4
2026-06-23 08:56:30,8,Tuesday,0,1,30.1,77.4
2026-06-23 08:57:30,8,Tuesday,0,1,30.1,77.6
2026-06-23 08:58:30,8,Tuesday,0,1,30.1,77.5
2026-06-23 08:59:30,8,Tuesday,0,1,30.1,77.3
2026-06-23 09:00:30,9,Tuesday,0,1,30.2,77.5
2026-06-23 09:01:30,9,Tuesday,0,1,30.2,77.3
2026-06-23 09:02:30,9,Tuesday,0,1,30.2,77.3
2026-06-23 09:03:30,9,Tuesday,0,1,30.2,77.6
2026-06-23 09:04:30,9,Tuesday,0,1,30.2,77.3
2026-06-23 09:05:30,9,Tuesday,0,1,30.2,77.7
2026-06-23 09:06:30,9,Tuesday,0,1,30.2,77.6
2026-06-23 09:07:30,9,Tuesday,0,1,30.2,77.3
2026-06-23 09:08:30,9,Tuesday,0,1,30.2,77.4
2026-06-23 09:09:30,9,Tuesday,0,1,30.2,77.5
2026-06-23 09:10:30,9,Tuesday,0,1,30.3,77.5
2026-06-23 09:11:30,9,Tuesday,0,1,30.3,77.5
2026-06-23 09:12:30,9,Tuesday,0,1,30.3,77.7
2026-06-23 09:13:30,9,Tuesday,0,1,30.4,77.5
2026-06-23 09:14:30,9,Tuesday,0,1,30.4,77.3
2026-06-23 09:15:30,9,Tuesday,0,1,30.4,77.3
2026-06-23 09:16:30,9,Tuesday,0,1,30.5,77.3
2026-06-23 09:17:30,9,Tuesday,0,1,30.5,77.2
2026-06-23 09:18:30,9,Tuesday,0,1,30.5,77.1
2026-06-23 09:19:30,9,Tuesday,0,1,30.5,76.9
2026-06-23 09:20:30,9,Tuesday,0,1,30.6,77.0
2026-06-23 09:21:30,9,Tuesday,0,1,30.6,76.7
2026-06-23 09:22:30,9,Tuesday,0,1,30.6,76.9
2026-06-23 09:23:30,9,Tuesday,0,1,30.7,76.7
2026-06-23 09:24:30,9,Tuesday,0,1,30.7,76.7
2026-06-23 09:25:30,9,Tuesday,0,1,30.7,76.7
2026-06-23 09:26:30,9,Tuesday,0,1,30.7,76.6
2026-06-23 09:27:30,9,Tuesday,0,1,30.7,76.6
2026-06-23 09:28:30,9,Tuesday,0,1,30.7,76.4
2026-06-23 09:29:30,9,Tuesday,0,1,30.7,76.5
2026-06-23 09:30:30,9,Tuesday,0,1,30.7,76.6
2026-06-23 09:31:30,9,Tuesday,0,1,30.7,76.5
2026-06-23 09:32:30,9,Tuesday,0,1,30.7,76.5
2026-06-23 09:33:31,9,Tuesday,0,1,30.7,76.6
2026-06-23 09:34:31,9,Tuesday,0,1,30.7,76.4
2026-06-23 09:35:31,9,Tuesday,0,1,30.7,76.6
2026-06-23 09:36:31,9,Tuesday,0,1,30.8,76.4
2026-06-23 09:37:31,9,Tuesday,0,1,30.8,76.6
2026-06-23 09:38:31,9,Tuesday,0,1,30.8,76.5
2026-06-23 09:39:31,9,Tuesday,0,1,30.8,76.5
2026-06-23 09:40:31,9,Tuesday,0,1,30.8,76.6
2026-06-23 09:41:31,9,Tuesday,0,1,30.8,76.6
2026-06-23 09:42:31,9,Tuesday,0,1,30.8,76.6
2026-06-23 09:43:31,9,Tuesday,0,1,30.8,76.5
2026-06-23 09:44:31,9,Tuesday,0,1,30.8,76.5
2026-06-23 09:45:31,9,Tuesday,0,1,30.8,76.5
2026-06-23 09:46:31,9,Tuesday,0,1,30.8,76.4
2026-06-23 09:47:31,9,Tuesday,0,1,30.8,76.4
2026-06-23 09:48:31,9,Tuesday,0,1,30.8,76.5
2026-06-23 09:49:31,9,Tuesday,0,1,30.8,76.2
2026-06-23 09:50:31,9,Tuesday,0,1,30.8,76.3
2026-06-23 09:51:31,9,Tuesday,0,1,30.8,76.3
2026-06-23 09:52:31,9,Tuesday,0,1,30.9,76.5
2026-06-23 09:53:31,9,Tuesday,0,1,30.9,76.3
2026-06-23 09:54:31,9,Tuesday,0,1,30.9,76.3
2026-06-23 09:55:31,9,Tuesday,0,1,30.9,76.2
2026-06-23 09:56:31,9,Tuesday,0,1,30.9,76.3
2026-06-23 09:57:31,9,Tuesday,0,1,31.0,76.2
2026-06-23 09:58:31,9,Tuesday,0,1,31.0,76.3
2026-06-23 09:59:31,9,Tuesday,0,1,31.0,76.1
2026-06-23 10:00:31,10,Tuesday,0,1,31.0,76.0
2026-06-23 10:01:31,10,Tuesday,0,1,31.1,76.0
2026-06-23 10:02:31,10,Tuesday,0,1,31.1,76.0
2026-06-23 10:03:31,10,Tuesday,0,1,31.1,75.8
2026-06-23 10:04:31,10,Tuesday,0,1,31.1,75.8
2026-06-23 10:05:31,10,Tuesday,0,1,31.1,75.7
2026-06-23 10:06:31,10,Tuesday,0,1,31.2,75.7
2026-06-23 10:07:31,10,Tuesday,0,1,31.2,75.6
2026-06-23 10:08:31,10,Tuesday,0,1,31.2,75.5
2026-06-23 10:09:31,10,Tuesday,0,1,31.2,75.5
2026-06-23 10:10:31,10,Tuesday,0,1,31.2,75.4
2026-06-23 10:11:31,10,Tuesday,0,1,31.2,75.4
2026-06-23 10:12:31,10,Tuesday,0,1,31.2,75.5
2026-06-23 10:13:31,10,Tuesday,0,1,31.2,75.6
2026-06-23 10:14:31,10,Tuesday,0,1,31.2,75.6
2026-06-23 10:15:31,10,Tuesday,0,1,31.2,75.5
2026-06-23 10:16:31,10,Tuesday,0,1,31.2,75.6
2026-06-23 10:17:32,10,Tuesday,0,1,31.2,75.6
2026-06-23 10:18:32,10,Tuesday,0,1,31.2,75.6
2026-06-23 10:19:32,10,Tuesday,0,1,31.2,75.5
2026-06-23 10:20:32,10,Tuesday,0,1,31.3,75.5
2026-06-23 10:21:32,10,Tuesday,0,1,31.3,75.4
2026-06-23 10:22:32,10,Tuesday,0,1,31.2,75.3
2026-06-23 10:23:32,10,Tuesday,0,1,31.3,75.3
2026-06-23 10:24:32,10,Tuesday,0,1,31.3,75.3
2026-06-23 10:25:32,10,Tuesday,0,1,31.3,75.3
2026-06-23 10:26:32,10,Tuesday,0,1,31.3,75.2
2026-06-23 10:27:32,10,Tuesday,0,1,31.3,75.2
2026-06-23 10:28:32,10,Tuesday,0,1,31.4,75.3
2026-06-23 10:29:32,10,Tuesday,0,1,31.4,75.1
2026-06-23 10:30:32,10,Tuesday,0,1,31.4,75.3
2026-06-23 10:31:32,10,Tuesday,0,1,31.4,75.1
2026-06-23 10:32:32,10,Tuesday,0,1,31.4,75.1
2026-06-23 10:33:32,10,Tuesday,0,1,31.4,75.0
2026-06-23 10:34:32,10,Tuesday,0,1,31.4,74.9
2026-06-23 10:35:32,10,Tuesday,0,1,31.4,75.0
2026-06-23 10:36:32,10,Tuesday,0,1,31.4,74.9
2026-06-23 10:37:32,10,Tuesday,0,1,31.4,74.8
2026-06-23 10:38:32,10,Tuesday,0,1,31.4,75.0
2026-06-23 10:39:32,10,Tuesday,0,1,31.4,75.2
2026-06-23 10:40:32,10,Tuesday,0,1,31.4,75.1
2026-06-23 10:41:32,10,Tuesday,0,1,31.4,75.1
2026-06-23 10:42:32,10,Tuesday,0,1,31.4,75.0
2026-06-23 10:43:32,10,Tuesday,0,1,31.4,75.0
2026-06-23 10:44:32,10,Tuesday,0,1,31.4,75.0
2026-06-23 10:45:32,10,Tuesday,0,1,31.4,74.9
2026-06-23 10:46:32,10,Tuesday,0,1,31.4,74.9
2026-06-23 10:47:32,10,Tuesday,0,1,31.5,74.8
2026-06-23 10:48:32,10,Tuesday,0,1,31.5,74.7
2026-06-23 10:49:32,10,Tuesday,0,1,31.5,74.6
2026-06-23 10:50:32,10,Tuesday,0,1,31.5,74.6
2026-06-23 10:51:32,10,Tuesday,0,1,31.5,74.5
2026-06-23 10:52:32,10,Tuesday,0,1,31.5,74.5
2026-06-23 10:53:32,10,Tuesday,0,1,31.5,74.3
2026-06-23 10:54:32,10,Tuesday,0,1,31.5,74.5
2026-06-23 10:55:32,10,Tuesday,0,1,31.5,74.5
2026-06-23 10:56:32,10,Tuesday,0,1,31.5,74.4
2026-06-23 10:57:32,10,Tuesday,0,1,31.5,74.4
2026-06-23 10:58:32,10,Tuesday,0,1,31.5,74.4
2026-06-23 10:59:32,10,Tuesday,0,1,31.5,74.4
2026-06-23 11:00:32,11,Tuesday,0,1,31.5,74.5
2026-06-23 11:01:32,11,Tuesday,0,1,31.5,74.4
2026-06-23 11:02:33,11,Tuesday,0,1,31.5,74.4
2026-06-23 11:03:33,11,Tuesday,0,1,31.5,74.5
2026-06-23 11:04:33,11,Tuesday,0,1,31.5,74.5
2026-06-23 11:05:33,11,Tuesday,0,1,31.6,74.4
2026-06-23 11:06:33,11,Tuesday,0,1,31.6,74.3
2026-06-23 11:07:33,11,Tuesday,0,1,31.5,74.4
2026-06-23 11:08:33,11,Tuesday,0,1,31.6,74.4
2026-06-23 11:09:33,11,Tuesday,0,1,31.6,74.3
2026-06-23 11:10:33,11,Tuesday,0,1,31.6,74.2
2026-06-23 11:11:33,11,Tuesday,0,1,31.6,74.2
2026-06-23 11:12:33,11,Tuesday,0,1,31.6,74.2
2026-06-23 11:13:33,11,Tuesday,0,1,31.6,74.2
2026-06-23 11:14:33,11,Tuesday,0,1,31.6,74.2
2026-06-23 11:15:33,11,Tuesday,0,1,31.6,74.3
2026-06-23 11:16:33,11,Tuesday,0,1,31.6,74.3
2026-06-23 11:17:33,11,Tuesday,0,1,31.6,74.3
2026-06-23 11:18:33,11,Tuesday,0,1,31.6,74.2
2026-06-23 11:19:33,11,Tuesday,0,1,31.6,74.1
2026-06-23 11:20:33,11,Tuesday,0,1,31.6,74.1
2026-06-23 11:21:33,11,Tuesday,0,1,31.7,74.0
2026-06-23 11:22:33,11,Tuesday,0,1,31.6,73.9
2026-06-23 11:23:33,11,Tuesday,0,1,31.7,74.0
2026-06-23 11:24:33,11,Tuesday,0,1,31.7,73.9
2026-06-23 11:25:33,11,Tuesday,0,1,31.7,73.7
2026-06-23 11:26:33,11,Tuesday,0,1,31.7,73.7
2026-06-23 11:27:33,11,Tuesday,0,1,31.8,73.6
2026-06-23 11:28:33,11,Tuesday,0,1,31.8,73.7
2026-06-23 11:29:33,11,Tuesday,0,1,31.8,73.7
2026-06-23 11:30:33,11,Tuesday,0,1,31.8,73.6
2026-06-23 11:31:33,11,Tuesday,0,1,31.8,73.6
2026-06-23 11:32:33,11,Tuesday,0,1,31.8,73.5
2026-06-23 11:33:33,11,Tuesday,0,1,31.8,73.4
2026-06-23 11:34:33,11,Tuesday,0,1,31.9,73.4
2026-06-23 11:35:33,11,Tuesday,0,1,31.9,73.4
2026-06-23 11:36:33,11,Tuesday,0,1,31.9,73.3
2026-06-23 11:37:33,11,Tuesday,0,1,31.9,73.3
2026-06-23 11:38:33,11,Tuesday,0,1,31.9,73.2
2026-06-23 11:39:33,11,Tuesday,0,1,31.9,73.2
2026-06-23 11:40:33,11,Tuesday,0,1,31.9,73.2
2026-06-23 11:41:33,11,Tuesday,0,1,32.0,73.3
2026-06-23 11:42:33,11,Tuesday,0,1,32.0,73.1
2026-06-23 11:43:33,11,Tuesday,0,1,32.0,72.9
2026-06-23 11:44:33,11,Tuesday,0,1,32.0,73.0
2026-06-23 11:45:33,11,Tuesday,0,1,32.0,72.8
2026-06-23 11:46:34,11,Tuesday,0,1,32.0,72.8
2026-06-23 11:47:34,11,Tuesday,0,1,32.0,72.9
2026-06-23 11:48:34,11,Tuesday,0,1,32.0,72.9
2026-06-23 11:49:34,11,Tuesday,0,1,32.0,72.9
2026-06-23 11:50:34,11,Tuesday,0,1,32.1,72.9
2026-06-23 11:51:34,11,Tuesday,0,1,32.0,72.9
2026-06-23 11:52:34,11,Tuesday,0,1,32.1,72.7
2026-06-23 11:53:34,11,Tuesday,0,1,32.1,72.6
2026-06-23 11:54:34,11,Tuesday,0,1,32.1,72.6
2026-06-23 11:55:34,11,Tuesday,0,1,32.1,72.5
2026-06-23 11:56:34,11,Tuesday,0,1,32.1,72.5
2026-06-23 11:57:34,11,Tuesday,0,1,32.1,72.4
2026-06-23 11:58:34,11,Tuesday,0,1,32.1,72.4
2026-06-23 11:59:34,11,Tuesday,0,1,32.1,72.5
2026-06-23 12:00:34,12,Tuesday,0,1,32.2,72.4
2026-06-23 12:01:34,12,Tuesday,0,1,32.2,72.3
2026-06-23 12:02:34,12,Tuesday,0,1,32.2,72.3
2026-06-23 12:03:34,12,Tuesday,0,1,32.2,72.3
2026-06-23 12:04:34,12,Tuesday,0,1,32.2,72.3
2026-06-23 12:05:34,12,Tuesday,0,1,32.3,72.3
2026-06-23 12:06:34,12,Tuesday,0,1,32.3,72.1
2026-06-23 12:07:34,12,Tuesday,0,1,32.3,72.2
2026-06-23 12:08:34,12,Tuesday,0,1,32.3,72.2
2026-06-23 12:09:34,12,Tuesday,0,1,32.3,72.0
2026-06-23 12:10:34,12,Tuesday,0,1,32.3,72.0
2026-06-23 12:11:34,12,Tuesday,0,1,32.4,72.0
2026-06-23 12:12:34,12,Tuesday,0,1,32.4,71.9
2026-06-23 12:13:34,12,Tuesday,0,1,32.4,71.9
2026-06-23 12:14:34,12,Tuesday,0,1,32.5,71.9
2026-06-23 12:15:34,12,Tuesday,0,1,32.5,71.9
2026-06-23 12:16:34,12,Tuesday,0,1,32.4,71.8
2026-06-23 12:17:34,12,Tuesday,0,1,32.5,71.7
2026-06-23 12:18:34,12,Tuesday,0,1,32.5,71.7
2026-06-23 12:19:34,12,Tuesday,0,1,32.5,71.6
2026-06-23 12:20:34,12,Tuesday,0,1,32.5,71.6
2026-06-23 12:21:34,12,Tuesday,0,1,32.5,71.5
2026-06-23 12:22:34,12,Tuesday,0,1,32.5,71.5
2026-06-23 12:23:34,12,Tuesday,0,1,32.6,71.4
2026-06-23 12:24:34,12,Tuesday,0,1,32.6,71.3
2026-06-23 12:25:34,12,Tuesday,0,1,32.6,71.5
2026-06-23 12:26:34,12,Tuesday,0,1,32.6,71.4
2026-06-23 12:27:34,12,Tuesday,0,1,32.6,71.4
2026-06-23 12:28:34,12,Tuesday,0,1,32.6,71.3
2026-06-23 12:29:34,12,Tuesday,0,1,32.7,71.3
2026-06-23 12:30:35,12,Tuesday,0,1,32.7,71.3
2026-06-23 12:31:35,12,Tuesday,0,1,32.7,71.2
2026-06-23 12:32:35,12,Tuesday,0,1,32.7,71.2
2026-06-23 12:33:35,12,Tuesday,0,1,32.7,71.1
2026-06-23 12:34:35,12,Tuesday,0,1,32.8,70.9
2026-06-23 12:35:35,12,Tuesday,0,1,32.8,71.1
2026-06-23 12:36:35,12,Tuesday,0,1,32.8,71.0
2026-06-23 12:37:35,12,Tuesday,0,1,32.8,71.0
2026-06-23 12:38:35,12,Tuesday,0,1,32.8,71.0
2026-06-23 12:39:35,12,Tuesday,0,1,32.9,71.0
2026-06-23 12:40:35,12,Tuesday,0,1,32.9,70.9
2026-06-23 12:41:35,12,Tuesday,0,1,32.9,70.9
2026-06-23 12:42:35,12,Tuesday,0,1,32.9,70.9
2026-06-23 12:43:35,12,Tuesday,0,1,32.9,70.9
2026-06-23 12:44:35,12,Tuesday,0,1,32.9,70.8
2026-06-23 12:45:35,12,Tuesday,0,1,33.0,70.7
2026-06-23 12:46:35,12,Tuesday,0,1,33.0,70.8
2026-06-23 12:47:35,12,Tuesday,0,1,33.0,70.7
2026-06-23 12:48:35,12,Tuesday,0,1,33.0,70.8
2026-06-23 12:49:35,12,Tuesday,0,1,33.0,70.7
2026-06-23 12:50:35,12,Tuesday,0,1,33.0,70.7
2026-06-23 12:51:35,12,Tuesday,0,1,33.0,70.6
2026-06-23 12:52:35,12,Tuesday,0,1,33.0,70.7
2026-06-23 12:53:35,12,Tuesday,0,1,33.0,70.6
2026-06-23 12:54:35,12,Tuesday,0,1,33.0,70.7
2026-06-23 12:55:35,12,Tuesday,0,1,33.0,70.5
2026-06-23 12:56:35,12,Tuesday,0,1,33.0,70.6
2026-06-23 12:57:35,12,Tuesday,0,1,33.0,70.6
2026-06-23 12:58:35,12,Tuesday,0,1,33.0,70.6
2026-06-23 12:59:35,12,Tuesday,0,1,33.0,70.5
2026-06-23 13:00:35,13,Tuesday,0,1,33.0,70.6
2026-06-23 13:01:35,13,Tuesday,0,1,33.0,70.5
2026-06-23 13:02:35,13,Tuesday,0,1,33.0,70.6
2026-06-23 13:03:35,13,Tuesday,0,1,33.0,70.5
2026-06-23 13:04:35,13,Tuesday,0,1,33.1,70.4
2026-06-23 13:05:35,13,Tuesday,0,1,33.0,70.4
2026-06-23 13:06:35,13,Tuesday,0,1,33.0,70.3
2026-06-23 13:07:35,13,Tuesday,0,1,33.0,70.3
2026-06-23 13:08:35,13,Tuesday,0,1,33.0,70.3
2026-06-23 13:09:35,13,Tuesday,0,1,33.1,70.2
2026-06-23 13:10:35,13,Tuesday,0,1,33.1,70.4
2026-06-23 13:11:35,13,Tuesday,0,1,33.0,70.4
2026-06-23 13:12:35,13,Tuesday,0,1,33.0,70.4
2026-06-23 13:13:36,13,Tuesday,0,1,33.0,70.4
2026-06-23 13:14:36,13,Tuesday,0,1,33.0,70.4
2026-06-23 13:15:36,13,Tuesday,0,1,33.0,70.3
2026-06-23 13:16:36,13,Tuesday,0,1,33.0,70.4
2026-06-23 13:17:36,13,Tuesday,0,1,33.0,70.3
2026-06-23 13:18:36,13,Tuesday,0,1,33.0,70.3
2026-06-23 13:19:36,13,Tuesday,0,1,33.0,70.4
2026-06-23 13:20:36,13,Tuesday,0,1,33.0,70.3
2026-06-23 13:21:36,13,Tuesday,0,1,33.0,70.3
2026-06-23 13:22:36,13,Tuesday,0,1,33.0,70.3
2026-06-23 13:23:36,13,Tuesday,0,1,33.0,70.3
2026-06-23 13:24:36,13,Tuesday,0,1,33.0,70.3
2026-06-23 13:25:36,13,Tuesday,0,1,33.0,70.3
2026-06-23 13:26:36,13,Tuesday,0,1,33.0,70.3
2026-06-23 13:27:36,13,Tuesday,0,1,33.0,70.3
2026-06-23 13:28:36,13,Tuesday,0,1,33.0,70.2
2026-06-23 13:29:36,13,Tuesday,0,1,33.0,70.1
2026-06-23 13:30:36,13,Tuesday,0,1,33.0,70.2
2026-06-23 13:31:36,13,Tuesday,0,1,33.0,70.1
2026-06-23 13:32:36,13,Tuesday,0,1,33.0,70.1
2026-06-23 13:33:36,13,Tuesday,0,1,33.0,70.2
2026-06-23 13:34:36,13,Tuesday,0,1,33.0,70.2
2026-06-23 13:35:36,13,Tuesday,0,1,33.0,70.1
2026-06-23 13:36:36,13,Tuesday,0,1,33.1,70.1
2026-06-23 13:37:36,13,Tuesday,0,1,33.1,70.1
2026-06-23 13:38:36,13,Tuesday,0,1,33.1,70.0
2026-06-23 13:39:36,13,Tuesday,0,1,33.1,69.9
2026-06-23 13:40:36,13,Tuesday,0,1,33.1,69.9
2026-06-23 13:41:36,13,Tuesday,0,1,33.1,69.7
2026-06-23 13:42:36,13,Tuesday,0,1,33.1,69.7
2026-06-23 13:43:36,13,Tuesday,0,1,33.2,69.8
2026-06-23 13:44:36,13,Tuesday,0,1,33.2,69.6
2026-06-23 13:45:36,13,Tuesday,0,1,33.2,69.7
2026-06-23 13:46:36,13,Tuesday,0,1,33.2,69.6
2026-06-23 13:47:36,13,Tuesday,0,1,33.3,69.6
2026-06-23 13:48:36,13,Tuesday,0,1,33.2,69.5
2026-06-23 13:49:36,13,Tuesday,0,1,33.3,69.6
2026-06-23 13:50:36,13,Tuesday,0,1,33.3,69.4
2026-06-23 13:51:36,13,Tuesday,0,1,33.3,69.4
2026-06-23 13:52:36,13,Tuesday,0,1,33.3,69.4
2026-06-23 13:53:36,13,Tuesday,0,1,33.3,69.3
2026-06-23 13:54:36,13,Tuesday,0,1,33.3,69.2
2026-06-23 13:55:36,13,Tuesday,0,1,33.3,69.3
2026-06-23 13:56:37,13,Tuesday,0,1,33.3,69.3
2026-06-23 13:57:37,13,Tuesday,0,1,33.4,69.3
2026-06-23 13:58:37,13,Tuesday,0,1,33.4,69.2
2026-06-23 13:59:37,13,Tuesday,0,1,33.4,69.2
2026-06-23 14:00:37,14,Tuesday,0,1,33.4,69.2
2026-06-23 14:01:37,14,Tuesday,0,1,33.5,69.0
2026-06-23 14:02:37,14,Tuesday,0,1,33.5,68.9
2026-06-23 14:03:37,14,Tuesday,0,1,33.5,69.0
2026-06-23 14:04:37,14,Tuesday,0,1,33.5,68.9
2026-06-23 14:05:37,14,Tuesday,0,1,33.5,68.9
2026-06-23 14:06:37,14,Tuesday,0,1,33.5,68.8
2026-06-23 14:07:37,14,Tuesday,0,1,33.5,68.9
2026-06-23 14:08:37,14,Tuesday,0,1,33.5,68.8
2026-06-23 14:09:37,14,Tuesday,0,1,33.6,68.5
2026-06-23 14:10:37,14,Tuesday,0,1,33.6,68.6
2026-06-23 14:11:37,14,Tuesday,0,1,33.6,68.5
2026-06-23 14:12:37,14,Tuesday,0,1,33.6,68.5
2026-06-23 14:13:37,14,Tuesday,0,1,33.7,68.4
2026-06-23 14:14:37,14,Tuesday,0,1,33.6,68.4
2026-06-23 14:15:37,14,Tuesday,0,1,33.7,68.3
2026-06-23 14:16:37,14,Tuesday,0,1,33.7,68.3
2026-06-23 14:17:37,14,Tuesday,0,1,33.7,68.1
2026-06-23 14:18:37,14,Tuesday,0,1,33.7,68.2
2026-06-23 14:19:37,14,Tuesday,0,1,33.7,68.1
2026-06-23 14:20:37,14,Tuesday,0,1,33.7,68.1
2026-06-23 14:21:37,14,Tuesday,0,1,33.7,68.0
2026-06-23 14:22:37,14,Tuesday,0,1,33.7,68.0
2026-06-23 14:23:37,14,Tuesday,0,1,33.7,68.0
2026-06-23 14:24:37,14,Tuesday,0,1,33.7,68.0
2026-06-23 14:25:37,14,Tuesday,0,1,33.7,68.0
2026-06-23 14:26:37,14,Tuesday,0,1,33.7,67.9
2026-06-23 14:27:37,14,Tuesday,0,1,33.7,68.0
2026-06-23 14:28:37,14,Tuesday,0,1,33.7,68.0
2026-06-23 14:29:37,14,Tuesday,0,1,33.7,68.0
2026-06-23 14:30:37,14,Tuesday,0,1,33.7,68.0
2026-06-23 14:31:37,14,Tuesday,0,1,33.7,67.9
2026-06-23 14:32:37,14,Tuesday,0,1,33.7,67.8
2026-06-23 14:33:37,14,Tuesday,0,1,33.7,67.9
2026-06-23 14:34:37,14,Tuesday,0,1,33.7,67.9
2026-06-23 14:35:37,14,Tuesday,0,1,33.7,67.8
2026-06-23 14:36:37,14,Tuesday,0,1,33.6,67.9
2026-06-23 14:37:37,14,Tuesday,0,1,33.7,67.9
2026-06-23 14:38:38,14,Tuesday,0,1,33.7,68.0
2026-06-23 14:39:38,14,Tuesday,0,1,33.7,68.0
2026-06-23 14:40:38,14,Tuesday,0,1,33.6,67.9
2026-06-23 14:41:38,14,Tuesday,0,1,33.6,68.0
2026-06-23 14:42:38,14,Tuesday,0,1,33.6,67.9
2026-06-23 14:43:38,14,Tuesday,0,1,33.6,67.9
2026-06-23 14:44:38,14,Tuesday,0,1,33.6,67.9
2026-06-23 14:45:38,14,Tuesday,0,1,33.6,67.9
2026-06-23 14:46:38,14,Tuesday,0,1,33.6,67.9
2026-06-23 14:47:38,14,Tuesday,0,1,33.6,67.8
2026-06-23 14:48:38,14,Tuesday,0,1,33.6,67.8
2026-06-23 14:49:38,14,Tuesday,0,1,33.6,67.8
2026-06-23 14:50:38,14,Tuesday,0,1,33.6,67.9
2026-06-23 14:51:38,14,Tuesday,0,1,33.6,67.8
2026-06-23 14:52:38,14,Tuesday,0,1,33.6,67.9
2026-06-23 14:53:38,14,Tuesday,0,1,33.6,67.9
2026-06-23 14:54:38,14,Tuesday,0,1,33.5,67.8
2026-06-23 14:55:38,14,Tuesday,0,1,33.6,67.8
2026-06-23 14:56:38,14,Tuesday,0,1,33.6,67.8
2026-06-23 14:57:38,14,Tuesday,0,1,33.6,67.7
2026-06-23 14:58:38,14,Tuesday,0,1,33.5,67.8
2026-06-23 14:59:38,14,Tuesday,0,1,33.6,67.7
2026-06-23 15:00:38,15,Tuesday,0,1,33.5,67.7
2026-06-23 15:01:38,15,Tuesday,0,1,33.6,67.6
2026-06-23 15:02:38,15,Tuesday,0,1,33.5,67.6
2026-06-23 15:03:38,15,Tuesday,0,1,33.5,67.6
2026-06-23 15:04:38,15,Tuesday,0,1,33.5,67.6
2026-06-23 15:05:38,15,Tuesday,0,1,33.5,67.6
2026-06-23 15:06:38,15,Tuesday,0,1,33.5,67.7
2026-06-23 15:07:38,15,Tuesday,0,1,33.5,67.6
2026-06-23 15:08:38,15,Tuesday,0,1,33.5,67.6
2026-06-23 15:09:38,15,Tuesday,0,1,33.5,67.6
2026-06-23 15:10:38,15,Tuesday,0,1,33.5,67.6
2026-06-23 15:11:38,15,Tuesday,0,1,33.5,67.6
2026-06-23 15:12:38,15,Tuesday,0,1,33.5,67.4
2026-06-23 15:13:38,15,Tuesday,0,1,33.5,67.4
2026-06-23 15:14:38,15,Tuesday,0,1,33.5,67.4
2026-06-23 15:15:38,15,Tuesday,0,1,33.6,67.5
2026-06-23 15:16:38,15,Tuesday,0,1,33.6,67.4
2026-06-23 15:17:38,15,Tuesday,0,1,33.6,67.5
2026-06-23 15:18:38,15,Tuesday,0,1,33.6,67.4
2026-06-23 15:19:38,15,Tuesday,0,1,33.6,67.4
2026-06-23 15:20:38,15,Tuesday,0,1,33.6,67.5
2026-06-23 15:21:39,15,Tuesday,0,1,33.6,67.7
2026-06-23 15:22:39,15,Tuesday,0,1,33.6,67.7
2026-06-23 15:23:39,15,Tuesday,0,1,33.6,67.6
2026-06-23 15:24:39,15,Tuesday,0,1,33.6,67.7
2026-06-23 15:25:39,15,Tuesday,0,1,33.6,67.8
2026-06-23 15:26:39,15,Tuesday,0,1,33.6,67.7
2026-06-23 15:27:39,15,Tuesday,0,1,33.6,67.9
2026-06-23 15:28:39,15,Tuesday,0,1,33.6,67.9
2026-06-23 15:29:39,15,Tuesday,0,1,33.6,67.7
2026-06-23 15:30:39,15,Tuesday,0,1,33.7,67.8
2026-06-23 15:31:39,15,Tuesday,0,1,33.7,67.8
2026-06-23 15:32:39,15,Tuesday,0,1,33.7,67.9
2026-06-23 15:33:39,15,Tuesday,0,1,33.7,67.9
2026-06-23 15:34:39,15,Tuesday,0,1,33.7,67.9
2026-06-23 15:35:39,15,Tuesday,0,1,33.7,67.9
2026-06-23 15:36:39,15,Tuesday,0,1,33.7,67.9
2026-06-23 15:37:39,15,Tuesday,0,1,33.7,67.9
2026-06-23 15:38:39,15,Tuesday,0,1,33.7,67.9
2026-06-23 15:39:39,15,Tuesday,0,1,33.8,68.0
2026-06-23 15:40:39,15,Tuesday,0,1,33.8,68.0
2026-06-23 15:41:39,15,Tuesday,0,1,33.8,68.0
2026-06-23 15:42:39,15,Tuesday,0,1,33.8,68.0
2026-06-23 15:43:39,15,Tuesday,0,1,33.8,68.0
2026-06-23 15:44:39,15,Tuesday,0,1,33.8,68.0
2026-06-23 15:45:39,15,Tuesday,0,1,33.8,68.1
2026-06-23 15:46:39,15,Tuesday,0,1,33.9,68.2
2026-06-23 15:47:39,15,Tuesday,0,1,33.9,68.3
2026-06-23 15:48:39,15,Tuesday,0,1,33.9,68.4
2026-06-23 15:49:39,15,Tuesday,0,1,33.9,68.4
2026-06-23 15:50:39,15,Tuesday,0,1,33.9,68.3
2026-06-23 15:51:39,15,Tuesday,0,1,33.9,68.3
2026-06-23 15:52:39,15,Tuesday,0,1,33.9,68.4
2026-06-23 15:53:39,15,Tuesday,0,1,34.0,68.3
2026-06-23 15:54:39,15,Tuesday,0,1,34.0,68.4
2026-06-23 15:55:39,15,Tuesday,0,1,34.0,68.5
2026-06-23 15:56:39,15,Tuesday,0,1,34.0,68.5
2026-06-23 15:57:39,15,Tuesday,0,1,34.0,68.7
2026-06-23 15:58:39,15,Tuesday,0,1,34.0,69.0
2026-06-23 15:59:39,15,Tuesday,0,1,34.0,68.8
2026-06-23 16:00:39,16,Tuesday,0,1,34.0,68.8
2026-06-23 16:01:39,16,Tuesday,0,1,34.0,68.7
2026-06-23 16:02:39,16,Tuesday,0,1,34.1,68.6
2026-06-23 16:03:40,16,Tuesday,0,1,34.1,68.6
2026-06-23 16:04:40,16,Tuesday,0,1,34.1,68.6
2026-06-23 16:05:40,16,Tuesday,0,1,34.1,68.6
2026-06-23 16:06:40,16,Tuesday,0,1,34.1,68.6
2026-06-23 16:07:40,16,Tuesday,0,1,34.1,68.5
2026-06-23 16:08:40,16,Tuesday,0,1,34.1,68.6
2026-06-23 16:09:40,16,Tuesday,0,1,34.1,68.5
2026-06-23 16:10:40,16,Tuesday,0,1,34.1,68.5
2026-06-23 16:11:40,16,Tuesday,0,1,34.2,68.5
2026-06-23 16:12:40,16,Tuesday,0,1,34.2,68.6
2026-06-23 16:13:40,16,Tuesday,0,1,34.1,68.5
2026-06-23 16:14:40,16,Tuesday,0,1,34.1,68.6
2026-06-23 16:15:40,16,Tuesday,0,1,34.1,68.5
2026-06-23 16:16:40,16,Tuesday,0,1,34.1,68.6
2026-06-23 16:17:40,16,Tuesday,0,1,34.2,68.5
2026-06-23 16:18:40,16,Tuesday,0,1,34.2,68.6
2026-06-23 16:19:40,16,Tuesday,0,1,34.2,68.7
2026-06-23 16:20:40,16,Tuesday,0,1,34.2,68.6
2026-06-23 16:21:40,16,Tuesday,0,1,34.2,68.6
2026-06-23 16:22:40,16,Tuesday,0,1,34.2,68.6
2026-06-23 16:23:40,16,Tuesday,0,1,34.1,68.5
2026-06-23 16:24:40,16,Tuesday,0,1,34.2,68.6
2026-06-23 16:25:40,16,Tuesday,0,1,34.2,68.6
2026-06-23 16:26:40,16,Tuesday,0,1,34.2,68.6
2026-06-23 16:27:40,16,Tuesday,0,1,34.2,68.6
2026-06-23 16:28:40,16,Tuesday,0,1,34.2,68.6
2026-06-23 16:29:40,16,Tuesday,0,1,34.2,68.6
2026-06-23 16:30:40,16,Tuesday,0,1,34.2,68.6
2026-06-23 16:31:40,16,Tuesday,0,1,34.2,68.6
2026-06-23 16:32:40,16,Tuesday,0,1,34.2,68.6
2026-06-23 16:33:40,16,Tuesday,0,1,34.2,68.5
2026-06-23 16:34:40,16,Tuesday,0,1,34.2,68.6
2026-06-23 16:35:40,16,Tuesday,0,1,34.3,68.6
2026-06-23 16:36:40,16,Tuesday,0,1,34.2,68.6
2026-06-23 16:37:40,16,Tuesday,0,1,34.2,68.6
2026-06-23 16:38:40,16,Tuesday,0,1,34.3,68.6
2026-06-23 16:39:40,16,Tuesday,0,1,34.3,68.6
2026-06-23 16:40:40,16,Tuesday,0,1,34.3,68.5
2026-06-23 16:41:40,16,Tuesday,0,1,34.3,68.5
2026-06-23 16:42:40,16,Tuesday,0,1,34.3,68.6
2026-06-23 16:43:40,16,Tuesday,0,1,34.3,68.7
2026-06-23 16:44:40,16,Tuesday,0,1,34.3,68.6
2026-06-23 16:45:41,16,Tuesday,0,1,34.4,68.6
2026-06-23 16:46:41,16,Tuesday,0,1,34.4,68.4
2026-06-23 16:47:41,16,Tuesday,0,1,34.4,68.5
2026-06-23 16:48:41,16,Tuesday,0,1,34.4,68.5
2026-06-23 16:49:41,16,Tuesday,0,1,34.4,68.5
2026-06-23 16:50:41,16,Tuesday,0,1,34.4,68.6
2026-06-23 16:51:41,16,Tuesday,0,1,34.4,68.5
2026-06-23 16:52:41,16,Tuesday,0,1,34.4,68.5
2026-06-23 16:53:41,16,Tuesday,0,1,34.4,68.4
2026-06-23 16:54:41,16,Tuesday,0,1,34.4,68.5
2026-06-23 16:55:41,16,Tuesday,0,1,34.4,68.4
2026-06-23 16:56:41,16,Tuesday,0,1,34.4,68.5
2026-06-23 16:57:41,16,Tuesday,0,1,34.4,68.4
2026-06-23 16:58:41,16,Tuesday,0,1,34.4,68.4
2026-06-23 16:59:41,16,Tuesday,0,1,34.4,68.4
2026-06-23 17:00:41,17,Tuesday,0,1,34.4,68.4
2026-06-23 17:01:41,17,Tuesday,0,1,34.4,68.4
2026-06-23 17:02:41,17,Tuesday,0,1,34.5,68.3
2026-06-23 17:03:41,17,Tuesday,0,1,34.4,68.4
2026-06-23 17:04:41,17,Tuesday,0,1,34.5,68.4
2026-06-23 17:05:41,17,Tuesday,0,1,34.5,68.3
2026-06-23 17:06:41,17,Tuesday,0,1,34.5,68.3
2026-06-23 17:07:41,17,Tuesday,0,1,34.5,68.3
2026-06-23 17:08:41,17,Tuesday,0,1,34.5,68.3
2026-06-23 17:09:41,17,Tuesday,0,1,34.5,68.3
2026-06-23 17:10:41,17,Tuesday,0,1,34.5,68.3
2026-06-23 17:11:41,17,Tuesday,0,1,34.5,68.3
2026-06-23 17:12:41,17,Tuesday,0,1,34.5,68.3
2026-06-23 17:13:41,17,Tuesday,0,1,34.5,68.3
2026-06-23 17:14:41,17,Tuesday,0,1,34.5,68.3
2026-06-23 17:15:41,17,Tuesday,0,1,34.5,68.2
2026-06-23 17:16:41,17,Tuesday,0,1,34.5,68.3
2026-06-23 17:17:41,17,Tuesday,0,1,34.5,68.2
2026-06-23 17:18:41,17,Tuesday,0,1,34.5,68.2
2026-06-23 17:19:41,17,Tuesday,0,1,34.5,68.3
2026-06-23 17:20:41,17,Tuesday,0,1,34.5,68.3
2026-06-23 17:21:41,17,Tuesday,0,1,34.5,68.2
2026-06-23 17:22:41,17,Tuesday,0,1,34.5,68.2
2026-06-23 17:23:41,17,Tuesday,0,1,34.5,68.2
2026-06-23 17:24:41,17,Tuesday,0,1,34.5,68.2
2026-06-23 17:25:41,17,Tuesday,0,1,34.5,68.2
2026-06-23 17:26:42,17,Tuesday,0,1,34.5,68.1
2026-06-23 17:27:42,17,Tuesday,0,1,34.4,68.1
2026-06-23 17:28:42,17,Tuesday,0,1,34.5,68.1
2026-06-23 17:29:42,17,Tuesday,0,1,34.5,68.2
2026-06-23 17:30:42,17,Tuesday,0,1,34.4,68.2
2026-06-23 17:31:42,17,Tuesday,0,1,34.4,68.1
2026-06-23 17:32:42,17,Tuesday,0,1,34.4,68.2
2026-06-23 17:33:42,17,Tuesday,0,1,34.4,68.1
2026-06-23 17:34:42,17,Tuesday,0,1,34.4,68.1
2026-06-23 17:35:42,17,Tuesday,0,1,34.4,68.1
2026-06-23 17:36:42,17,Tuesday,0,1,34.4,68.1
2026-06-23 17:37:42,17,Tuesday,0,1,34.4,68.0
2026-06-23 17:38:42,17,Tuesday,0,1,34.4,68.0
2026-06-23 17:39:42,17,Tuesday,0,1,34.4,68.0
2026-06-23 17:40:42,17,Tuesday,0,1,34.4,67.9
2026-06-23 17:41:42,17,Tuesday,0,1,34.4,68.0
2026-06-23 17:42:42,17,Tuesday,0,1,34.4,67.9
2026-06-23 17:43:42,17,Tuesday,0,1,34.4,67.9
2026-06-23 17:44:42,17,Tuesday,0,1,34.4,67.9
2026-06-23 17:45:42,17,Tuesday,0,1,34.4,67.9
2026-06-23 17:46:42,17,Tuesday,0,1,34.4,67.8
2026-06-23 17:47:42,17,Tuesday,0,1,34.4,67.9
2026-06-23 17:48:42,17,Tuesday,0,1,34.4,67.9
2026-06-23 17:49:42,17,Tuesday,0,1,34.4,67.8
2026-06-23 17:50:42,17,Tuesday,0,1,34.3,67.9
2026-06-23 17:51:42,17,Tuesday,0,1,34.3,67.9
2026-06-23 17:52:42,17,Tuesday,0,1,34.3,67.9
2026-06-23 17:53:42,17,Tuesday,0,1,34.3,68.0
2026-06-23 17:54:42,17,Tuesday,0,1,34.3,68.0
2026-06-23 17:55:42,17,Tuesday,0,1,34.3,67.9
2026-06-23 17:56:42,17,Tuesday,0,1,34.3,67.9
2026-06-23 17:57:42,17,Tuesday,0,1,34.3,67.8
2026-06-23 17:58:42,17,Tuesday,0,1,34.3,67.8
2026-06-23 17:59:42,17,Tuesday,0,1,34.3,67.9
2026-06-23 18:00:42,18,Tuesday,0,1,34.3,68.0
2026-06-23 18:01:42,18,Tuesday,0,1,34.2,67.9
2026-06-23 18:02:42,18,Tuesday,0,1,34.2,68.0
2026-06-23 18:03:42,18,Tuesday,0,1,34.2,68.2
2026-06-23 18:04:42,18,Tuesday,0,1,34.2,68.1
2026-06-23 18:05:42,18,Tuesday,0,1,34.2,68.1
2026-06-23 18:06:42,18,Tuesday,0,1,34.2,68.1
2026-06-23 18:07:42,18,Tuesday,0,1,34.2,68.1
2026-06-23 18:08:43,18,Tuesday,0,1,34.2,68.3
2026-06-23 18:09:43,18,Tuesday,0,1,34.2,68.3
2026-06-23 18:10:43,18,Tuesday,0,1,34.1,68.3
2026-06-23 18:11:43,18,Tuesday,0,1,34.1,68.3
2026-06-23 18:12:43,18,Tuesday,0,1,34.1,68.4
2026-06-23 18:13:43,18,Tuesday,0,1,34.1,68.4
2026-06-23 18:14:43,18,Tuesday,0,1,34.1,68.4
2026-06-23 18:15:43,18,Tuesday,0,1,34.1,68.4
2026-06-23 18:16:43,18,Tuesday,0,1,34.1,68.4
2026-06-23 18:17:43,18,Tuesday,0,1,34.1,68.4
2026-06-23 18:18:43,18,Tuesday,0,1,34.0,68.5
2026-06-23 18:19:43,18,Tuesday,0,1,34.0,68.5
2026-06-23 18:20:43,18,Tuesday,0,1,34.0,68.6
2026-06-23 18:21:43,18,Tuesday,0,1,34.0,68.6
2026-06-23 18:22:43,18,Tuesday,0,1,34.0,68.6
2026-06-23 18:23:43,18,Tuesday,0,1,34.0,68.7
2026-06-23 18:24:43,18,Tuesday,0,1,33.9,68.7
2026-06-23 18:25:43,18,Tuesday,0,1,33.9,68.8
2026-06-23 18:26:43,18,Tuesday,0,1,33.9,68.7
2026-06-23 18:27:43,18,Tuesday,0,1,33.9,68.8
2026-06-23 18:28:43,18,Tuesday,0,1,33.9,68.8
2026-06-23 18:29:43,18,Tuesday,0,1,33.9,68.6
2026-06-23 18:30:43,18,Tuesday,0,1,33.9,68.8
2026-06-23 18:31:43,18,Tuesday,0,1,33.9,68.8
2026-06-23 18:32:43,18,Tuesday,0,1,33.9,68.8
2026-06-23 18:33:43,18,Tuesday,0,1,33.8,68.8
2026-06-23 18:34:43,18,Tuesday,0,1,33.8,68.7
2026-06-23 18:35:43,18,Tuesday,0,1,33.8,68.7
2026-06-23 18:36:43,18,Tuesday,0,1,33.8,68.9
2026-06-23 18:37:43,18,Tuesday,0,1,33.8,68.8
2026-06-23 18:38:43,18,Tuesday,0,1,33.8,68.8
2026-06-23 18:39:43,18,Tuesday,0,1,33.8,68.8
2026-06-23 18:40:43,18,Tuesday,0,1,33.8,68.8
2026-06-23 18:41:43,18,Tuesday,0,1,33.8,68.9
2026-06-23 18:42:43,18,Tuesday,0,1,33.7,69.0
2026-06-23 18:43:43,18,Tuesday,0,1,33.7,68.9
2026-06-23 18:44:43,18,Tuesday,0,1,33.7,69.0
2026-06-23 18:45:43,18,Tuesday,0,1,33.7,68.9
2026-06-23 18:46:43,18,Tuesday,0,1,33.7,68.9
2026-06-23 18:47:43,18,Tuesday,0,1,33.7,68.8
2026-06-23 18:48:43,18,Tuesday,0,1,33.7,68.9
2026-06-23 18:49:43,18,Tuesday,0,1,33.7,69.0
2026-06-23 18:50:44,18,Tuesday,0,1,33.7,69.0
2026-06-23 18:51:44,18,Tuesday,0,1,33.7,69.0
2026-06-23 18:52:44,18,Tuesday,0,1,33.7,68.9
2026-06-23 18:53:44,18,Tuesday,0,1,33.7,68.9
2026-06-23 18:54:44,18,Tuesday,0,1,33.7,69.0
2026-06-23 18:55:44,18,Tuesday,0,1,33.7,69.0
2026-06-23 18:56:44,18,Tuesday,0,1,33.7,69.0
2026-06-23 18:57:44,18,Tuesday,0,1,33.6,69.0
2026-06-23 18:58:44,18,Tuesday,0,1,33.6,69.1
2026-06-23 18:59:44,18,Tuesday,0,1,33.6,69.2
2026-06-23 19:00:44,19,Tuesday,0,1,33.6,69.2
2026-06-23 19:01:44,19,Tuesday,0,1,33.6,69.2
2026-06-23 19:02:44,19,Tuesday,0,1,33.6,69.1
2026-06-23 19:03:44,19,Tuesday,0,1,33.6,69.2
2026-06-23 19:04:44,19,Tuesday,0,1,33.6,69.2
2026-06-23 19:05:44,19,Tuesday,0,1,33.6,69.3
2026-06-23 19:06:44,19,Tuesday,0,1,33.6,69.3
2026-06-23 19:07:44,19,Tuesday,0,1,33.6,69.4
2026-06-23 19:08:44,19,Tuesday,0,1,33.6,69.4
2026-06-23 19:09:44,19,Tuesday,0,1,33.6,69.5
2026-06-23 19:10:44,19,Tuesday,0,1,33.6,69.5
2026-06-23 19:11:44,19,Tuesday,0,1,33.6,69.6
2026-06-23 19:12:44,19,Tuesday,0,1,33.5,69.7
2026-06-23 19:13:44,19,Tuesday,0,1,33.5,69.7
2026-06-23 19:14:44,19,Tuesday,0,1,33.5,69.7
2026-06-23 19:15:44,19,Tuesday,0,1,33.5,69.7
2026-06-23 19:16:44,19,Tuesday,0,1,33.5,69.7
2026-06-23 19:17:44,19,Tuesday,0,1,33.5,69.8
2026-06-23 19:18:44,19,Tuesday,0,1,33.5,69.8
2026-06-23 19:19:44,19,Tuesday,0,1,33.5,69.9
2026-06-23 19:20:44,19,Tuesday,0,1,33.5,69.8
2026-06-23 19:21:44,19,Tuesday,0,1,33.5,69.9
2026-06-23 19:22:44,19,Tuesday,0,1,33.5,70.0
2026-06-23 19:23:44,19,Tuesday,0,1,33.5,70.0
2026-06-23 19:24:44,19,Tuesday,0,1,33.5,70.1
2026-06-23 19:25:44,19,Tuesday,0,1,33.5,70.0
2026-06-23 19:26:44,19,Tuesday,0,1,33.4,70.1
2026-06-23 19:27:44,19,Tuesday,0,1,33.5,70.1
2026-06-23 19:28:44,19,Tuesday,0,1,33.4,70.1
2026-06-23 19:29:44,19,Tuesday,0,1,33.4,70.0
2026-06-23 19:30:44,19,Tuesday,0,1,33.4,70.2
2026-06-23 19:31:44,19,Tuesday,0,1,33.5,70.2
2026-06-23 19:32:44,19,Tuesday,0,1,33.4,70.4
2026-06-23 19:33:45,19,Tuesday,0,1,33.4,70.3
2026-06-23 19:34:45,19,Tuesday,0,1,33.4,70.2
2026-06-23 19:35:45,19,Tuesday,0,1,33.4,70.1
2026-06-23 19:36:45,19,Tuesday,0,1,33.4,70.3
2026-06-23 19:37:45,19,Tuesday,0,1,33.4,70.3
2026-06-23 19:38:45,19,Tuesday,0,1,33.4,70.3
2026-06-23 19:39:45,19,Tuesday,0,1,33.4,70.3
2026-06-23 19:40:45,19,Tuesday,0,1,33.4,70.3
2026-06-23 19:41:45,19,Tuesday,0,1,33.4,70.4
2026-06-23 19:42:45,19,Tuesday,0,1,33.4,70.5
2026-06-23 19:43:45,19,Tuesday,0,1,33.4,70.5
2026-06-23 19:44:45,19,Tuesday,0,1,33.4,70.6
2026-06-23 19:45:45,19,Tuesday,0,1,33.4,70.7
2026-06-23 19:46:45,19,Tuesday,0,1,33.4,70.6
2026-06-23 19:47:45,19,Tuesday,0,1,33.4,70.7
2026-06-23 19:48:45,19,Tuesday,0,1,33.4,70.7
2026-06-23 19:49:45,19,Tuesday,0,1,33.4,70.7
2026-06-23 19:50:45,19,Tuesday,0,1,33.3,70.7
2026-06-23 19:51:45,19,Tuesday,0,1,33.3,70.8
2026-06-23 19:52:45,19,Tuesday,0,1,33.3,70.8
2026-06-23 19:53:45,19,Tuesday,0,1,33.3,70.7
2026-06-23 19:54:45,19,Tuesday,0,1,33.3,70.8
2026-06-23 19:55:45,19,Tuesday,0,1,33.3,70.8
2026-06-23 19:56:45,19,Tuesday,0,1,33.3,70.9
2026-06-23 19:57:45,19,Tuesday,0,1,33.3,70.9
2026-06-23 19:58:45,19,Tuesday,0,1,33.3,71.0
2026-06-23 19:59:45,19,Tuesday,0,1,33.3,71.1
2026-06-23 20:00:45,20,Tuesday,0,1,33.3,71.2
2026-06-23 20:01:45,20,Tuesday,0,1,33.3,71.3
2026-06-23 20:02:45,20,Tuesday,0,1,33.3,71.2
2026-06-23 20:03:45,20,Tuesday,0,1,33.3,71.5
2026-06-23 20:04:45,20,Tuesday,0,1,33.2,71.3
2026-06-23 20:05:45,20,Tuesday,0,1,33.2,71.5
2026-06-23 20:06:45,20,Tuesday,0,1,33.2,71.4
2026-06-23 20:07:45,20,Tuesday,0,1,33.2,71.3
2026-06-23 20:08:45,20,Tuesday,0,1,33.2,71.5
2026-06-23 20:09:45,20,Tuesday,0,1,33.2,71.6
2026-06-23 20:10:45,20,Tuesday,0,1,33.2,71.7
2026-06-23 20:11:45,20,Tuesday,0,1,33.2,71.5
2026-06-23 20:12:45,20,Tuesday,0,1,33.2,71.4
2026-06-23 20:13:45,20,Tuesday,0,1,33.1,71.6
2026-06-23 20:14:45,20,Tuesday,0,1,33.1,71.7
2026-06-23 20:15:45,20,Tuesday,0,1,33.1,71.7
2026-06-23 20:16:46,20,Tuesday,0,1,33.1,71.7
2026-06-23 20:17:46,20,Tuesday,0,1,33.1,71.6
2026-06-23 20:18:46,20,Tuesday,0,1,33.1,71.7
2026-06-23 20:19:46,20,Tuesday,0,1,33.1,71.7
2026-06-23 20:20:46,20,Tuesday,0,1,33.1,71.7
2026-06-23 20:21:46,20,Tuesday,0,1,33.1,71.7
2026-06-23 20:22:46,20,Tuesday,0,1,33.1,71.8
2026-06-23 20:23:46,20,Tuesday,0,1,33.0,71.9
2026-06-23 20:24:46,20,Tuesday,0,1,33.0,72.0
2026-06-23 20:25:46,20,Tuesday,0,1,33.0,72.3
2026-06-23 20:26:46,20,Tuesday,0,1,33.0,72.3
2026-06-23 20:27:46,20,Tuesday,0,1,33.0,72.4
2026-06-23 20:28:46,20,Tuesday,0,1,33.0,72.4
2026-06-23 20:29:46,20,Tuesday,0,1,32.9,72.3
2026-06-23 20:30:46,20,Tuesday,0,1,32.9,72.4
2026-06-23 20:31:46,20,Tuesday,0,1,32.9,72.4
2026-06-23 20:32:46,20,Tuesday,0,1,32.9,72.3
2026-06-23 20:33:46,20,Tuesday,0,1,32.9,72.5
2026-06-23 20:34:46,20,Tuesday,0,1,32.9,72.4
2026-06-23 20:35:46,20,Tuesday,0,1,32.9,72.5
2026-06-23 20:36:46,20,Tuesday,0,1,32.9,72.3
2026-06-23 20:37:46,20,Tuesday,0,1,32.9,72.4
2026-06-23 20:38:46,20,Tuesday,0,1,32.8,72.4
2026-06-23 20:39:46,20,Tuesday,0,1,32.8,72.4
2026-06-23 20:40:46,20,Tuesday,0,1,32.8,72.4
2026-06-23 20:41:46,20,Tuesday,0,1,32.8,72.4
2026-06-23 20:42:46,20,Tuesday,0,1,32.8,72.4
2026-06-23 20:43:46,20,Tuesday,0,1,32.8,72.4
2026-06-23 20:44:46,20,Tuesday,0,1,32.8,72.4
2026-06-23 20:45:46,20,Tuesday,0,1,32.8,72.6
2026-06-23 20:46:46,20,Tuesday,0,1,32.7,72.5
2026-06-23 20:47:46,20,Tuesday,0,1,32.7,72.3
2026-06-23 20:48:46,20,Tuesday,0,1,32.7,72.3
2026-06-23 20:49:46,20,Tuesday,0,1,32.7,72.3
2026-06-23 20:50:46,20,Tuesday,0,1,32.7,72.3
2026-06-23 20:51:46,20,Tuesday,0,1,32.7,72.3
2026-06-23 20:52:46,20,Tuesday,0,1,32.7,72.3
2026-06-23 20:53:46,20,Tuesday,0,1,32.7,72.2
2026-06-23 20:54:46,20,Tuesday,0,1,32.6,72.2
2026-06-23 20:55:46,20,Tuesday,0,1,32.6,72.2
2026-06-23 20:56:46,20,Tuesday,0,1,32.6,72.2
2026-06-23 20:57:46,20,Tuesday,0,1,32.6,72.3
2026-06-23 20:58:46,20,Tuesday,0,1,32.6,72.3
2026-06-23 20:59:47,20,Tuesday,0,1,32.6,72.2
2026-06-23 21:00:47,21,Tuesday,0,1,32.6,72.1
2026-06-23 21:01:47,21,Tuesday,0,1,32.5,72.3
2026-06-23 21:02:47,21,Tuesday,0,1,32.5,72.3
2026-06-23 21:03:47,21,Tuesday,0,1,32.6,72.3
2026-06-23 21:04:47,21,Tuesday,0,1,32.5,72.2
2026-06-23 21:05:47,21,Tuesday,0,1,32.5,72.4
2026-06-23 21:06:47,21,Tuesday,0,1,32.5,72.3
2026-06-23 21:07:47,21,Tuesday,0,1,32.5,72.3
2026-06-23 21:08:47,21,Tuesday,0,1,32.5,72.3
2026-06-23 21:09:47,21,Tuesday,0,1,32.5,72.3
2026-06-23 21:10:47,21,Tuesday,0,1,32.5,72.2
2026-06-23 21:11:47,21,Tuesday,0,1,32.5,72.3
2026-06-23 21:12:47,21,Tuesday,0,1,32.6,72.2
2026-06-23 21:13:47,21,Tuesday,0,1,32.5,72.3
2026-06-23 21:14:47,21,Tuesday,0,1,32.5,72.4
2026-06-23 21:15:47,21,Tuesday,0,1,32.5,72.4
2026-06-23 21:16:47,21,Tuesday,0,1,32.5,72.5
2026-06-23 21:17:47,21,Tuesday,0,1,32.5,72.6
2026-06-23 21:18:47,21,Tuesday,0,1,32.5,72.6
2026-06-23 21:19:47,21,Tuesday,0,1,32.5,72.6
2026-06-23 21:20:47,21,Tuesday,0,1,32.5,72.5
2026-06-23 21:21:47,21,Tuesday,0,1,32.4,72.5
2026-06-23 21:22:47,21,Tuesday,0,1,32.4,72.6
2026-06-23 21:23:47,21,Tuesday,0,1,32.4,72.6
2026-06-23 21:24:47,21,Tuesday,0,1,32.4,72.6
2026-06-23 21:25:47,21,Tuesday,0,1,32.4,72.6
2026-06-23 21:26:47,21,Tuesday,0,1,32.4,72.7
2026-06-23 21:27:47,21,Tuesday,0,1,32.4,72.7
2026-06-23 21:28:47,21,Tuesday,0,1,32.4,72.8
2026-06-23 21:29:47,21,Tuesday,0,1,32.4,72.8
2026-06-23 21:30:47,21,Tuesday,0,1,32.4,72.8
2026-06-23 21:31:47,21,Tuesday,0,1,32.4,72.8
2026-06-23 21:32:47,21,Tuesday,0,1,32.4,72.9
2026-06-23 21:33:47,21,Tuesday,0,1,32.4,72.9
2026-06-23 21:34:47,21,Tuesday,0,1,32.4,73.0
2026-06-23 21:35:47,21,Tuesday,0,1,32.4,72.9
2026-06-23 21:36:47,21,Tuesday,0,1,32.4,73.0
2026-06-23 21:37:47,21,Tuesday,0,1,32.4,72.9
2026-06-23 21:38:47,21,Tuesday,0,1,32.4,73.1
2026-06-23 21:39:47,21,Tuesday,0,1,32.4,73.1
2026-06-23 21:40:47,21,Tuesday,0,1,32.4,73.1
2026-06-23 21:41:47,21,Tuesday,0,1,32.4,73.3
2026-06-23 21:42:47,21,Tuesday,0,1,32.4,73.4
2026-06-23 21:43:48,21,Tuesday,0,1,32.3,73.4
2026-06-23 21:44:48,21,Tuesday,0,1,32.3,73.7
2026-06-23 21:45:48,21,Tuesday,0,1,32.3,73.9
2026-06-23 21:46:48,21,Tuesday,0,1,32.3,73.8
2026-06-23 21:47:48,21,Tuesday,0,1,32.3,73.9
2026-06-23 21:48:48,21,Tuesday,0,1,32.3,73.9
2026-06-23 21:49:48,21,Tuesday,0,1,32.3,73.9
2026-06-23 21:50:48,21,Tuesday,0,1,32.3,73.8
2026-06-23 21:51:48,21,Tuesday,0,1,32.3,73.8
2026-06-23 21:52:48,21,Tuesday,0,1,32.3,73.8
2026-06-23 21:53:48,21,Tuesday,0,1,32.3,73.8
2026-06-23 21:54:48,21,Tuesday,0,1,32.3,73.8
2026-06-23 21:55:48,21,Tuesday,0,1,32.3,73.8
2026-06-23 21:56:48,21,Tuesday,0,1,32.3,73.8
2026-06-23 21:57:48,21,Tuesday,0,1,32.3,73.7
2026-06-23 21:58:48,21,Tuesday,0,1,32.3,73.7
2026-06-23 21:59:48,21,Tuesday,0,1,32.3,73.8
2026-06-23 22:00:48,22,Tuesday,0,1,32.2,73.9
2026-06-23 22:01:48,22,Tuesday,0,1,32.2,73.8
2026-06-23 22:02:48,22,Tuesday,0,1,32.2,73.8
2026-06-23 22:03:48,22,Tuesday,0,1,32.2,73.9
2026-06-23 22:04:48,22,Tuesday,0,1,32.2,74.0
2026-06-23 22:05:48,22,Tuesday,0,1,32.2,74.1
2026-06-23 22:06:48,22,Tuesday,0,1,32.2,74.1
2026-06-23 22:07:48,22,Tuesday,0,1,32.2,74.0
2026-06-23 22:08:48,22,Tuesday,0,1,32.2,74.1
2026-06-23 22:09:48,22,Tuesday,0,1,32.2,74.1
2026-06-23 22:10:48,22,Tuesday,0,1,32.2,74.1
2026-06-23 22:11:48,22,Tuesday,0,1,32.2,74.2
2026-06-23 22:12:48,22,Tuesday,0,1,32.2,74.1
2026-06-23 22:13:48,22,Tuesday,0,1,32.2,74.3
2026-06-23 22:14:48,22,Tuesday,0,1,32.2,74.3
2026-06-23 22:15:48,22,Tuesday,0,1,32.1,74.4
2026-06-23 22:16:48,22,Tuesday,0,1,32.2,74.4
2026-06-23 22:17:48,22,Tuesday,0,1,32.1,74.5
2026-06-23 22:18:48,22,Tuesday,0,1,32.1,74.5
2026-06-23 22:19:48,22,Tuesday,0,1,32.1,74.5
2026-06-23 22:20:48,22,Tuesday,0,1,32.1,74.5
2026-06-23 22:21:48,22,Tuesday,0,1,32.1,74.5
2026-06-23 22:22:48,22,Tuesday,0,1,32.1,74.6
2026-06-23 22:23:48,22,Tuesday,0,1,32.1,74.6
2026-06-23 22:24:48,22,Tuesday,0,1,32.1,74.5
2026-06-23 22:25:48,22,Tuesday,0,1,32.1,74.5
2026-06-23 22:26:48,22,Tuesday,0,1,32.2,74.5
2026-06-23 22:27:49,22,Tuesday,0,1,32.2,74.6
2026-06-23 22:28:49,22,Tuesday,0,1,32.1,74.6
2026-06-23 22:29:49,22,Tuesday,0,1,32.1,74.6
2026-06-23 22:30:49,22,Tuesday,0,1,32.1,74.6
2026-06-23 22:31:49,22,Tuesday,0,1,32.1,74.9
2026-06-23 22:32:49,22,Tuesday,0,1,32.1,74.8
2026-06-23 22:33:49,22,Tuesday,0,1,32.1,74.9
2026-06-23 22:34:49,22,Tuesday,0,1,32.1,74.9
2026-06-23 22:35:49,22,Tuesday,0,1,32.1,75.0
2026-06-23 22:36:49,22,Tuesday,0,1,32.1,74.9
2026-06-23 22:37:49,22,Tuesday,0,1,32.1,74.9
2026-06-23 22:38:49,22,Tuesday,0,1,32.1,74.9
2026-06-23 22:39:49,22,Tuesday,0,1,32.1,74.8
2026-06-23 22:40:49,22,Tuesday,0,1,32.1,74.7
2026-06-23 22:41:49,22,Tuesday,0,1,32.1,74.7
2026-06-23 22:42:49,22,Tuesday,0,1,32.1,74.8
2026-06-23 22:43:49,22,Tuesday,0,1,32.1,74.8
2026-06-23 22:44:49,22,Tuesday,0,1,32.1,74.8
2026-06-23 22:45:49,22,Tuesday,0,1,32.1,74.8
2026-06-23 22:46:49,22,Tuesday,0,1,32.1,74.7
2026-06-23 22:47:49,22,Tuesday,0,1,32.1,74.7
2026-06-23 22:48:49,22,Tuesday,0,1,32.1,74.8
2026-06-23 22:49:49,22,Tuesday,0,1,32.1,74.6
2026-06-23 22:50:49,22,Tuesday,0,1,32.1,74.5
2026-06-23 22:51:49,22,Tuesday,0,1,32.1,74.4
2026-06-23 22:52:49,22,Tuesday,0,1,32.1,74.4
2026-06-23 22:53:49,22,Tuesday,0,1,32.1,74.4
2026-06-23 22:54:49,22,Tuesday,0,1,32.1,74.4
2026-06-23 22:55:49,22,Tuesday,0,1,32.1,74.3
2026-06-23 22:56:49,22,Tuesday,0,1,32.1,74.3
2026-06-23 22:57:49,22,Tuesday,0,1,32.1,74.5
2026-06-23 22:58:49,22,Tuesday,0,1,32.1,74.7
2026-06-23 22:59:49,22,Tuesday,0,1,32.1,74.7
2026-06-23 23:00:49,23,Tuesday,0,1,32.1,74.7
2026-06-23 23:01:49,23,Tuesday,0,1,32.1,74.8
2026-06-23 23:02:49,23,Tuesday,0,1,32.1,74.7
2026-06-23 23:03:49,23,Tuesday,0,1,32.0,74.9
2026-06-23 23:04:49,23,Tuesday,0,1,32.0,74.9
2026-06-23 23:05:49,23,Tuesday,0,1,32.0,74.9
2026-06-23 23:06:49,23,Tuesday,0,1,32.0,74.9
2026-06-23 23:07:49,23,Tuesday,0,1,32.0,75.0
2026-06-23 23:08:49,23,Tuesday,0,1,32.0,74.9
2026-06-23 23:09:49,23,Tuesday,0,1,32.0,74.9
2026-06-23 23:10:49,23,Tuesday,0,1,32.0,74.9
2026-06-23 23:11:49,23,Tuesday,0,1,32.0,75.0
2026-06-23 23:12:50,23,Tuesday,0,1,32.0,75.1
2026-06-23 23:13:50,23,Tuesday,0,1,32.0,75.1
2026-06-23 23:14:50,23,Tuesday,0,1,32.0,75.1
2026-06-23 23:15:50,23,Tuesday,0,1,32.0,75.2
2026-06-23 23:16:50,23,Tuesday,0,1,32.0,75.3
2026-06-23 23:17:50,23,Tuesday,0,1,32.0,75.3
2026-06-23 23:18:50,23,Tuesday,0,1,32.0,75.5
2026-06-23 23:19:50,23,Tuesday,0,1,32.0,75.5
2026-06-23 23:20:50,23,Tuesday,0,1,32.0,75.4
2026-06-23 23:21:50,23,Tuesday,0,1,31.9,75.3
2026-06-23 23:22:50,23,Tuesday,0,1,31.9,75.2
2026-06-23 23:23:50,23,Tuesday,0,1,31.9,75.3
2026-06-23 23:24:50,23,Tuesday,0,1,31.9,75.3
2026-06-23 23:25:50,23,Tuesday,0,1,32.0,75.2
2026-06-23 23:26:50,23,Tuesday,0,1,32.0,75.2
2026-06-23 23:27:50,23,Tuesday,0,1,32.0,75.0
2026-06-23 23:28:50,23,Tuesday,0,1,32.0,75.2
2026-06-23 23:29:50,23,Tuesday,0,1,31.9,75.1
2026-06-23 23:30:50,23,Tuesday,0,1,31.9,75.1
2026-06-23 23:31:50,23,Tuesday,0,1,31.9,75.2
2026-06-23 23:32:50,23,Tuesday,0,1,31.9,75.1
2026-06-23 23:33:50,23,Tuesday,0,1,31.9,75.2
2026-06-23 23:34:50,23,Tuesday,0,1,31.9,75.2
2026-06-23 23:35:50,23,Tuesday,0,1,31.9,75.2
2026-06-23 23:36:50,23,Tuesday,0,1,31.9,75.2
2026-06-23 23:37:50,23,Tuesday,0,1,31.9,75.1
2026-06-23 23:38:50,23,Tuesday,0,1,31.9,75.0
2026-06-23 23:39:50,23,Tuesday,0,1,31.9,75.0
2026-06-23 23:40:50,23,Tuesday,0,1,31.9,75.0
2026-06-23 23:41:50,23,Tuesday,0,1,31.9,75.1
2026-06-23 23:42:50,23,Tuesday,0,1,31.9,74.9
2026-06-23 23:43:50,23,Tuesday,0,1,31.9,75.0
2026-06-23 23:44:50,23,Tuesday,0,1,31.9,74.9
2026-06-23 23:45:50,23,Tuesday,0,1,32.0,74.9
2026-06-23 23:46:50,23,Tuesday,0,1,31.9,74.9
2026-06-23 23:47:50,23,Tuesday,0,1,32.0,74.7
2026-06-23 23:48:50,23,Tuesday,0,1,31.9,74.9
2026-06-23 23:49:50,23,Tuesday,0,1,31.9,74.7
2026-06-23 23:50:50,23,Tuesday,0,1,31.9,74.7
2026-06-23 23:51:50,23,Tuesday,0,1,31.9,74.6
2026-06-23 23:52:50,23,Tuesday,0,1,31.9,74.7
2026-06-23 23:53:50,23,Tuesday,0,1,31.9,74.6
2026-06-23 23:54:50,23,Tuesday,0,1,32.0,74.6
2026-06-23 23:55:51,23,Tuesday,0,1,31.9,74.7
2026-06-23 23:56:51,23,Tuesday,0,1,31.9,74.6
2026-06-23 23:57:51,23,Tuesday,0,1,31.9,74.6
2026-06-23 23:58:51,23,Tuesday,0,1,31.9,74.6
2026-06-23 23:59:51,23,Tuesday,0,1,31.9,74.6
2026-06-24 00:00:51,0,Wednesday,0,2,31.9,74.7
2026-06-24 00:01:51,0,Wednesday,0,2,31.9,74.6
2026-06-24 00:02:51,0,Wednesday,0,2,31.9,74.6
2026-06-24 00:03:51,0,Wednesday,0,2,31.9,74.6
2026-06-24 00:04:51,0,Wednesday,0,2,31.9,74.5
2026-06-24 00:05:51,0,Wednesday,0,2,31.9,74.6
2026-06-24 00:06:51,0,Wednesday,0,2,31.9,74.5
2026-06-24 00:07:51,0,Wednesday,0,2,31.9,74.4
2026-06-24 00:08:51,0,Wednesday,0,2,31.9,74.5
2026-06-24 00:09:51,0,Wednesday,0,2,31.9,74.6
2026-06-24 00:10:51,0,Wednesday,0,2,31.9,74.5
2026-06-24 00:11:51,0,Wednesday,0,2,31.9,74.6
2026-06-24 00:12:51,0,Wednesday,0,2,31.9,74.7
2026-06-24 00:13:51,0,Wednesday,0,2,31.9,74.6
2026-06-24 00:14:51,0,Wednesday,0,2,31.9,74.5
2026-06-24 00:15:51,0,Wednesday,0,2,31.8,74.7
2026-06-24 00:16:51,0,Wednesday,0,2,31.9,74.7
2026-06-24 00:17:51,0,Wednesday,0,2,31.9,74.6
2026-06-24 00:18:51,0,Wednesday,0,2,31.9,74.7
2026-06-24 00:19:51,0,Wednesday,0,2,31.8,74.6
2026-06-24 00:20:51,0,Wednesday,0,2,31.8,74.7
2026-06-24 00:21:51,0,Wednesday,0,2,31.8,74.7
2026-06-24 00:22:51,0,Wednesday,0,2,31.8,74.8
2026-06-24 00:23:51,0,Wednesday,0,2,31.9,74.7
2026-06-24 00:24:51,0,Wednesday,0,2,31.8,74.8
2026-06-24 00:25:51,0,Wednesday,0,2,31.8,74.8
2026-06-24 00:26:51,0,Wednesday,0,2,31.8,74.9
2026-06-24 00:27:51,0,Wednesday,0,2,31.8,74.9
2026-06-24 00:28:51,0,Wednesday,0,2,31.8,75.1
2026-06-24 00:29:51,0,Wednesday,0,2,31.8,75.0
2026-06-24 00:30:51,0,Wednesday,0,2,31.8,75.1
2026-06-24 00:31:51,0,Wednesday,0,2,31.8,75.1
2026-06-24 00:32:51,0,Wednesday,0,2,31.8,75.2
2026-06-24 00:33:51,0,Wednesday,0,2,31.8,75.3
2026-06-24 00:34:51,0,Wednesday,0,2,31.8,75.2
2026-06-24 00:35:51,0,Wednesday,0,2,31.8,75.4
2026-06-24 00:36:51,0,Wednesday,0,2,31.7,75.4
2026-06-24 00:37:51,0,Wednesday,0,2,31.7,75.3
2026-06-24 00:38:51,0,Wednesday,0,2,31.8,75.5
2026-06-24 00:39:52,0,Wednesday,0,2,31.7,75.4
2026-06-24 00:40:52,0,Wednesday,0,2,31.7,75.5
2026-06-24 00:41:52,0,Wednesday,0,2,31.7,75.4
2026-06-24 00:42:52,0,Wednesday,0,2,31.7,75.4
2026-06-24 00:43:52,0,Wednesday,0,2,31.8,75.5
2026-06-24 00:44:52,0,Wednesday,0,2,31.8,75.4
2026-06-24 00:45:52,0,Wednesday,0,2,31.7,75.4
2026-06-24 00:46:52,0,Wednesday,0,2,31.7,75.4
2026-06-24 00:47:52,0,Wednesday,0,2,31.7,75.3
2026-06-24 00:48:52,0,Wednesday,0,2,31.7,75.5
2026-06-24 00:49:52,0,Wednesday,0,2,31.7,75.3
2026-06-24 00:50:52,0,Wednesday,0,2,31.7,75.3
2026-06-24 00:51:52,0,Wednesday,0,2,31.7,75.3
2026-06-24 00:52:52,0,Wednesday,0,2,31.7,75.1
2026-06-24 00:53:52,0,Wednesday,0,2,31.7,75.2
2026-06-24 00:54:52,0,Wednesday,0,2,31.7,75.4
2026-06-24 00:55:52,0,Wednesday,0,2,31.7,75.3
2026-06-24 00:56:52,0,Wednesday,0,2,31.7,75.2
2026-06-24 00:57:52,0,Wednesday,0,2,31.7,75.2
2026-06-24 00:58:52,0,Wednesday,0,2,31.7,75.1
2026-06-24 00:59:52,0,Wednesday,0,2,31.7,75.2
2026-06-24 01:00:52,1,Wednesday,0,2,31.7,75.1
2026-06-24 01:01:52,1,Wednesday,0,2,31.7,75.2
2026-06-24 01:02:52,1,Wednesday,0,2,31.7,75.3
2026-06-24 01:03:52,1,Wednesday,0,2,31.7,75.3
2026-06-24 01:04:52,1,Wednesday,0,2,31.7,75.3
2026-06-24 01:05:52,1,Wednesday,0,2,31.7,75.2
2026-06-24 01:06:52,1,Wednesday,0,2,31.7,75.2
2026-06-24 01:07:52,1,Wednesday,0,2,31.7,75.0
2026-06-24 01:08:52,1,Wednesday,0,2,31.7,75.1
2026-06-24 01:09:52,1,Wednesday,0,2,31.7,75.1
2026-06-24 01:10:52,1,Wednesday,0,2,31.7,75.2
2026-06-24 01:11:52,1,Wednesday,0,2,31.7,75.1
2026-06-24 01:12:52,1,Wednesday,0,2,31.7,75.1
2026-06-24 01:13:52,1,Wednesday,0,2,31.7,75.1
2026-06-24 01:14:52,1,Wednesday,0,2,31.7,75.2
2026-06-24 01:15:52,1,Wednesday,0,2,31.7,75.0
2026-06-24 01:16:52,1,Wednesday,0,2,31.7,75.0
2026-06-24 01:17:52,1,Wednesday,0,2,31.7,75.1
2026-06-24 01:18:52,1,Wednesday,0,2,31.7,75.1
2026-06-24 01:19:52,1,Wednesday,0,2,31.7,75.0
2026-06-24 01:20:52,1,Wednesday,0,2,31.7,75.0
2026-06-24 01:21:52,1,Wednesday,0,2,31.7,75.0
2026-06-24 01:22:52,1,Wednesday,0,2,31.7,74.9
2026-06-24 01:23:53,1,Wednesday,0,2,31.7,75.0
2026-06-24 01:24:53,1,Wednesday,0,2,31.7,75.0
2026-06-24 01:25:53,1,Wednesday,0,2,31.6,74.9
2026-06-24 01:26:53,1,Wednesday,0,2,31.6,75.0
2026-06-24 01:27:53,1,Wednesday,0,2,31.6,75.0
2026-06-24 01:28:53,1,Wednesday,0,2,31.6,75.0
2026-06-24 01:29:53,1,Wednesday,0,2,31.6,74.9
2026-06-24 01:30:53,1,Wednesday,0,2,31.6,75.0
2026-06-24 01:31:53,1,Wednesday,0,2,31.6,75.1
2026-06-24 01:32:53,1,Wednesday,0,2,31.6,75.1
2026-06-24 01:33:53,1,Wednesday,0,2,31.6,75.1
2026-06-24 01:34:53,1,Wednesday,0,2,31.6,75.2
2026-06-24 01:35:53,1,Wednesday,0,2,31.6,75.1
2026-06-24 01:36:53,1,Wednesday,0,2,31.6,75.1
2026-06-24 01:37:53,1,Wednesday,0,2,31.6,75.2
2026-06-24 01:38:53,1,Wednesday,0,2,31.6,75.2
2026-06-24 01:39:53,1,Wednesday,0,2,31.6,75.3
2026-06-24 01:40:53,1,Wednesday,0,2,31.6,75.2
2026-06-24 01:41:53,1,Wednesday,0,2,31.6,75.3
2026-06-24 01:42:53,1,Wednesday,0,2,31.6,75.5
2026-06-24 01:43:53,1,Wednesday,0,2,31.6,75.3
2026-06-24 01:44:53,1,Wednesday,0,2,31.6,75.5
2026-06-24 01:45:53,1,Wednesday,0,2,31.6,75.5
2026-06-24 01:46:53,1,Wednesday,0,2,31.5,75.6
2026-06-24 01:47:53,1,Wednesday,0,2,31.5,75.6
2026-06-24 01:48:53,1,Wednesday,0,2,31.5,75.4
2026-06-24 01:49:53,1,Wednesday,0,2,31.5,75.6
2026-06-24 01:50:53,1,Wednesday,0,2,31.5,75.7
2026-06-24 01:51:53,1,Wednesday,0,2,31.5,75.8
2026-06-24 01:52:53,1,Wednesday,0,2,31.5,75.8
2026-06-24 01:53:53,1,Wednesday,0,2,31.5,75.7
2026-06-24 01:54:53,1,Wednesday,0,2,31.5,75.6
2026-06-24 01:55:53,1,Wednesday,0,2,31.5,75.6
2026-06-24 01:56:53,1,Wednesday,0,2,31.5,75.9
2026-06-24 01:57:53,1,Wednesday,0,2,31.5,75.8
2026-06-24 01:58:53,1,Wednesday,0,2,31.5,75.8
2026-06-24 01:59:53,1,Wednesday,0,2,31.5,75.8
2026-06-24 02:00:53,2,Wednesday,0,2,31.5,75.7
2026-06-24 02:01:53,2,Wednesday,0,2,31.5,75.7
2026-06-24 02:02:53,2,Wednesday,0,2,31.5,75.8
2026-06-24 02:03:53,2,Wednesday,0,2,31.5,75.7
2026-06-24 02:04:53,2,Wednesday,0,2,31.5,75.8
2026-06-24 02:05:53,2,Wednesday,0,2,31.5,75.8
2026-06-24 02:06:53,2,Wednesday,0,2,31.5,75.8
2026-06-24 02:07:54,2,Wednesday,0,2,31.5,75.9
2026-06-24 02:08:54,2,Wednesday,0,2,31.5,75.9
2026-06-24 02:09:54,2,Wednesday,0,2,31.5,75.9
2026-06-24 02:10:54,2,Wednesday,0,2,31.5,76.0
2026-06-24 02:11:54,2,Wednesday,0,2,31.4,76.1
2026-06-24 02:12:54,2,Wednesday,0,2,31.4,76.1
2026-06-24 02:13:54,2,Wednesday,0,2,31.4,75.9
2026-06-24 02:14:54,2,Wednesday,0,2,31.4,76.2
2026-06-24 02:15:54,2,Wednesday,0,2,31.4,76.0
2026-06-24 02:16:54,2,Wednesday,0,2,31.4,76.1
2026-06-24 02:17:54,2,Wednesday,0,2,31.4,76.2
2026-06-24 02:18:54,2,Wednesday,0,2,31.4,76.2
2026-06-24 02:19:54,2,Wednesday,0,2,31.4,76.1
2026-06-24 02:20:54,2,Wednesday,0,2,31.4,76.2
2026-06-24 02:21:54,2,Wednesday,0,2,31.4,76.1
2026-06-24 02:22:54,2,Wednesday,0,2,31.4,76.2
2026-06-24 02:23:54,2,Wednesday,0,2,31.4,76.0
2026-06-24 02:24:54,2,Wednesday,0,2,31.4,76.2
2026-06-24 02:25:54,2,Wednesday,0,2,31.4,76.2
2026-06-24 02:26:54,2,Wednesday,0,2,31.4,76.2
2026-06-24 02:27:54,2,Wednesday,0,2,31.4,76.2
2026-06-24 02:28:54,2,Wednesday,0,2,31.4,76.2
2026-06-24 02:29:54,2,Wednesday,0,2,31.4,76.3
2026-06-24 02:30:54,2,Wednesday,0,2,31.4,76.2
2026-06-24 02:31:54,2,Wednesday,0,2,31.4,76.0
2026-06-24 02:32:54,2,Wednesday,0,2,31.4,76.1
2026-06-24 02:33:54,2,Wednesday,0,2,31.4,76.0
2026-06-24 02:34:54,2,Wednesday,0,2,31.4,76.1
2026-06-24 02:35:54,2,Wednesday,0,2,31.4,76.0
2026-06-24 02:36:54,2,Wednesday,0,2,31.4,76.2
2026-06-24 02:37:54,2,Wednesday,0,2,31.4,76.2
2026-06-24 02:38:54,2,Wednesday,0,2,31.4,76.0
2026-06-24 02:39:54,2,Wednesday,0,2,31.3,76.0
2026-06-24 02:40:54,2,Wednesday,0,2,31.3,76.1
2026-06-24 02:41:54,2,Wednesday,0,2,31.3,76.1
2026-06-24 02:42:54,2,Wednesday,0,2,31.3,76.2
2026-06-24 02:43:54,2,Wednesday,0,2,31.3,76.1
2026-06-24 02:44:54,2,Wednesday,0,2,31.4,76.1
2026-06-24 02:45:54,2,Wednesday,0,2,31.3,76.2
2026-06-24 02:46:54,2,Wednesday,0,2,31.3,76.2
2026-06-24 02:47:54,2,Wednesday,0,2,31.3,76.3
2026-06-24 02:48:54,2,Wednesday,0,2,31.3,76.2
2026-06-24 02:49:54,2,Wednesday,0,2,31.3,76.2
2026-06-24 02:50:54,2,Wednesday,0,2,31.3,76.2
2026-06-24 02:51:54,2,Wednesday,0,2,31.3,76.1
2026-06-24 02:52:55,2,Wednesday,0,2,31.3,76.2
2026-06-24 02:53:55,2,Wednesday,0,2,31.3,76.3
2026-06-24 02:54:55,2,Wednesday,0,2,31.3,76.2
2026-06-24 02:55:55,2,Wednesday,0,2,31.3,76.4
2026-06-24 02:56:55,2,Wednesday,0,2,31.3,76.5
2026-06-24 02:57:55,2,Wednesday,0,2,31.3,76.5
2026-06-24 02:58:55,2,Wednesday,0,2,31.3,76.5
2026-06-24 02:59:55,2,Wednesday,0,2,31.3,76.5
2026-06-24 03:00:55,3,Wednesday,0,2,31.3,76.6
2026-06-24 03:01:55,3,Wednesday,0,2,31.2,76.5
2026-06-24 03:02:55,3,Wednesday,0,2,31.2,76.6
2026-06-24 03:03:55,3,Wednesday,0,2,31.2,76.7
2026-06-24 03:04:55,3,Wednesday,0,2,31.2,76.6
2026-06-24 03:05:55,3,Wednesday,0,2,31.2,76.7
2026-06-24 03:06:55,3,Wednesday,0,2,31.2,76.6
2026-06-24 03:07:55,3,Wednesday,0,2,31.2,76.7
2026-06-24 03:08:55,3,Wednesday,0,2,31.2,76.6
2026-06-24 03:09:55,3,Wednesday,0,2,31.2,76.7
2026-06-24 03:10:55,3,Wednesday,0,2,31.2,76.9
2026-06-24 03:11:55,3,Wednesday,0,2,31.2,76.7
2026-06-24 03:12:55,3,Wednesday,0,2,31.2,76.8
2026-06-24 03:13:55,3,Wednesday,0,2,31.2,77.0
2026-06-24 03:14:55,3,Wednesday,0,2,31.2,76.8
2026-06-24 03:15:55,3,Wednesday,0,2,31.2,76.9
2026-06-24 03:16:55,3,Wednesday,0,2,31.2,76.9
2026-06-24 03:17:55,3,Wednesday,0,2,31.2,76.9
2026-06-24 03:18:55,3,Wednesday,0,2,31.2,76.8
2026-06-24 03:19:55,3,Wednesday,0,2,31.2,76.7
2026-06-24 03:20:55,3,Wednesday,0,2,31.2,76.6
2026-06-24 03:21:55,3,Wednesday,0,2,31.2,76.8
2026-06-24 03:22:55,3,Wednesday,0,2,31.2,76.7
2026-06-24 03:23:55,3,Wednesday,0,2,31.2,76.7
2026-06-24 03:24:55,3,Wednesday,0,2,31.2,76.7
2026-06-24 03:25:55,3,Wednesday,0,2,31.2,76.7
2026-06-24 03:26:55,3,Wednesday,0,2,31.2,76.7
2026-06-24 03:27:55,3,Wednesday,0,2,31.2,76.8
2026-06-24 03:28:55,3,Wednesday,0,2,31.2,76.8
2026-06-24 03:29:55,3,Wednesday,0,2,31.2,76.8
2026-06-24 03:30:55,3,Wednesday,0,2,31.2,76.8
2026-06-24 03:31:55,3,Wednesday,0,2,31.2,77.0
2026-06-24 03:32:55,3,Wednesday,0,2,31.2,76.9
2026-06-24 03:33:55,3,Wednesday,0,2,31.2,77.0
2026-06-24 03:34:55,3,Wednesday,0,2,31.2,76.9
2026-06-24 03:35:55,3,Wednesday,0,2,31.2,77.0
2026-06-24 03:36:56,3,Wednesday,0,2,31.2,77.0
2026-06-24 03:37:56,3,Wednesday,0,2,31.2,77.0
2026-06-24 03:38:56,3,Wednesday,0,2,31.2,77.0
2026-06-24 03:39:56,3,Wednesday,0,2,31.2,77.0
2026-06-24 03:40:56,3,Wednesday,0,2,31.2,77.1
2026-06-24 03:41:56,3,Wednesday,0,2,31.2,77.0
2026-06-24 03:42:56,3,Wednesday,0,2,31.2,76.9
2026-06-24 03:43:56,3,Wednesday,0,2,31.2,76.7
2026-06-24 03:44:56,3,Wednesday,0,2,31.2,76.8
2026-06-24 03:45:56,3,Wednesday,0,2,31.2,76.6
2026-06-24 03:46:56,3,Wednesday,0,2,31.2,76.5
2026-06-24 03:47:56,3,Wednesday,0,2,31.2,76.6
2026-06-24 03:48:56,3,Wednesday,0,2,31.2,76.7
2026-06-24 03:49:56,3,Wednesday,0,2,31.2,76.7
2026-06-24 03:50:56,3,Wednesday,0,2,31.2,76.7
2026-06-24 03:51:56,3,Wednesday,0,2,31.2,76.8
2026-06-24 03:52:56,3,Wednesday,0,2,31.1,76.6
2026-06-24 03:53:56,3,Wednesday,0,2,31.1,76.7
2026-06-24 03:54:56,3,Wednesday,0,2,31.2,76.9
2026-06-24 03:55:56,3,Wednesday,0,2,31.1,76.8
2026-06-24 03:56:56,3,Wednesday,0,2,31.2,76.8
2026-06-24 03:57:56,3,Wednesday,0,2,31.1,76.7
2026-06-24 03:58:56,3,Wednesday,0,2,31.1,76.8
2026-06-24 03:59:56,3,Wednesday,0,2,31.1,76.8
2026-06-24 04:00:56,4,Wednesday,0,2,31.1,76.7
2026-06-24 04:01:56,4,Wednesday,0,2,31.1,76.7
2026-06-24 04:02:56,4,Wednesday,0,2,31.1,76.8
2026-06-24 04:03:56,4,Wednesday,0,2,31.1,76.8
2026-06-24 04:04:56,4,Wednesday,0,2,31.1,76.9
2026-06-24 04:05:56,4,Wednesday,0,2,31.1,76.9
2026-06-24 04:06:56,4,Wednesday,0,2,31.1,76.9
2026-06-24 04:07:56,4,Wednesday,0,2,31.1,76.8
2026-06-24 04:08:56,4,Wednesday,0,2,31.1,76.7
2026-06-24 04:09:56,4,Wednesday,0,2,31.1,76.6
2026-06-24 04:10:56,4,Wednesday,0,2,31.1,76.6
2026-06-24 04:11:56,4,Wednesday,0,2,31.1,76.5
2026-06-24 04:12:56,4,Wednesday,0,2,31.1,76.5
2026-06-24 04:13:56,4,Wednesday,0,2,31.1,76.5
2026-06-24 04:14:56,4,Wednesday,0,2,31.1,76.6
2026-06-24 04:15:56,4,Wednesday,0,2,31.1,76.5
2026-06-24 04:16:56,4,Wednesday,0,2,31.1,76.4
2026-06-24 04:17:56,4,Wednesday,0,2,31.1,76.3
2026-06-24 04:18:56,4,Wednesday,0,2,31.1,76.3
2026-06-24 04:19:56,4,Wednesday,0,2,31.1,76.4
2026-06-24 04:20:56,4,Wednesday,0,2,31.1,76.6
2026-06-24 04:21:57,4,Wednesday,0,2,31.1,76.5
2026-06-24 04:22:57,4,Wednesday,0,2,31.1,76.5
2026-06-24 04:23:57,4,Wednesday,0,2,31.1,76.5
2026-06-24 04:24:57,4,Wednesday,0,2,31.1,76.6
2026-06-24 04:25:57,4,Wednesday,0,2,31.1,76.5
2026-06-24 04:26:57,4,Wednesday,0,2,31.1,76.5
2026-06-24 04:27:57,4,Wednesday,0,2,31.1,76.5
2026-06-24 04:28:57,4,Wednesday,0,2,31.1,76.5
2026-06-24 04:29:57,4,Wednesday,0,2,31.1,76.5
2026-06-24 04:30:57,4,Wednesday,0,2,31.1,76.6
2026-06-24 04:31:57,4,Wednesday,0,2,31.1,76.4
2026-06-24 04:32:57,4,Wednesday,0,2,31.1,76.5
2026-06-24 04:33:57,4,Wednesday,0,2,31.1,76.6
2026-06-24 04:34:57,4,Wednesday,0,2,31.1,76.5
2026-06-24 04:35:57,4,Wednesday,0,2,31.1,76.7
2026-06-24 04:36:57,4,Wednesday,0,2,31.1,76.8
2026-06-24 04:37:57,4,Wednesday,0,2,31.0,76.9
2026-06-24 04:38:57,4,Wednesday,0,2,31.0,77.0
2026-06-24 04:39:57,4,Wednesday,0,2,31.0,76.8
2026-06-24 04:40:57,4,Wednesday,0,2,31.0,76.9
2026-06-24 04:41:57,4,Wednesday,0,2,31.0,76.9
2026-06-24 04:42:57,4,Wednesday,0,2,31.0,76.9
2026-06-24 04:43:57,4,Wednesday,0,2,31.0,77.0
2026-06-24 04:44:57,4,Wednesday,0,2,31.0,76.9
2026-06-24 04:45:57,4,Wednesday,0,2,31.0,77.0
2026-06-24 04:46:57,4,Wednesday,0,2,31.0,77.0
2026-06-24 04:47:57,4,Wednesday,0,2,31.0,77.0
2026-06-24 04:48:57,4,Wednesday,0,2,31.0,77.0
2026-06-24 04:49:57,4,Wednesday,0,2,31.0,77.0
2026-06-24 04:50:57,4,Wednesday,0,2,31.0,77.1
2026-06-24 04:51:57,4,Wednesday,0,2,31.0,77.0
2026-06-24 04:52:57,4,Wednesday,0,2,31.0,77.0
2026-06-24 04:53:57,4,Wednesday,0,2,31.0,76.9
2026-06-24 04:54:57,4,Wednesday,0,2,31.0,77.0
2026-06-24 04:55:57,4,Wednesday,0,2,31.0,76.7
2026-06-24 04:56:57,4,Wednesday,0,2,31.0,76.8
2026-06-24 04:57:57,4,Wednesday,0,2,31.0,76.9
2026-06-24 04:58:57,4,Wednesday,0,2,31.0,76.8
2026-06-24 04:59:57,4,Wednesday,0,2,31.0,76.8
2026-06-24 05:00:57,5,Wednesday,0,2,31.0,76.8
2026-06-24 05:01:57,5,Wednesday,0,2,31.0,76.7
2026-06-24 05:02:57,5,Wednesday,0,2,31.0,76.5
2026-06-24 05:03:57,5,Wednesday,0,2,31.0,76.5
2026-06-24 05:04:57,5,Wednesday,0,2,31.0,76.4
2026-06-24 05:05:57,5,Wednesday,0,2,31.0,76.4
2026-06-24 05:06:58,5,Wednesday,0,2,31.0,76.4
2026-06-24 05:07:58,5,Wednesday,0,2,31.0,76.4
2026-06-24 05:08:58,5,Wednesday,0,2,31.0,76.5
2026-06-24 05:09:58,5,Wednesday,0,2,31.0,76.4
2026-06-24 05:10:58,5,Wednesday,0,2,31.0,76.4
2026-06-24 05:11:58,5,Wednesday,0,2,31.0,76.5
2026-06-24 05:12:58,5,Wednesday,0,2,31.0,76.4
2026-06-24 05:13:58,5,Wednesday,0,2,31.0,76.4
2026-06-24 05:14:58,5,Wednesday,0,2,31.0,76.4
2026-06-24 05:15:58,5,Wednesday,0,2,31.0,76.4
2026-06-24 05:16:58,5,Wednesday,0,2,31.0,76.4
2026-06-24 05:17:58,5,Wednesday,0,2,31.0,76.4
2026-06-24 05:18:58,5,Wednesday,0,2,31.0,76.4
2026-06-24 05:19:58,5,Wednesday,0,2,31.0,76.5
2026-06-24 05:20:58,5,Wednesday,0,2,30.9,76.3
2026-06-24 05:21:58,5,Wednesday,0,2,30.9,76.4
2026-06-24 05:22:58,5,Wednesday,0,2,31.0,76.5
2026-06-24 05:23:58,5,Wednesday,0,2,31.0,76.4
2026-06-24 05:24:58,5,Wednesday,0,2,31.0,76.4
2026-06-24 05:25:58,5,Wednesday,0,2,30.9,76.5
2026-06-24 05:26:58,5,Wednesday,0,2,30.9,76.4
2026-06-24 05:27:58,5,Wednesday,0,2,30.9,76.5
2026-06-24 05:28:58,5,Wednesday,0,2,31.0,76.4
2026-06-24 05:29:58,5,Wednesday,0,2,30.9,76.3
2026-06-24 05:30:58,5,Wednesday,0,2,30.9,76.2
2026-06-24 05:31:58,5,Wednesday,0,2,30.9,76.2
2026-06-24 05:32:58,5,Wednesday,0,2,30.9,76.2
2026-06-24 05:33:58,5,Wednesday,0,2,31.0,76.2
2026-06-24 05:34:58,5,Wednesday,0,2,30.9,76.2
2026-06-24 05:35:58,5,Wednesday,0,2,30.9,76.2
2026-06-24 05:36:58,5,Wednesday,0,2,30.9,76.2
2026-06-24 05:37:58,5,Wednesday,0,2,30.9,76.2
2026-06-24 05:38:58,5,Wednesday,0,2,30.9,76.3
2026-06-24 05:39:58,5,Wednesday,0,2,30.9,76.2
2026-06-24 05:40:58,5,Wednesday,0,2,30.9,76.2
2026-06-24 05:41:58,5,Wednesday,0,2,30.9,76.2
2026-06-24 05:42:58,5,Wednesday,0,2,30.9,76.2
2026-06-24 05:43:58,5,Wednesday,0,2,30.9,76.1
2026-06-24 05:44:58,5,Wednesday,0,2,30.9,76.1
2026-06-24 05:45:58,5,Wednesday,0,2,30.9,76.2
2026-06-24 05:46:58,5,Wednesday,0,2,30.9,76.1
2026-06-24 05:47:58,5,Wednesday,0,2,30.9,76.2
2026-06-24 05:48:58,5,Wednesday,0,2,30.9,76.2
2026-06-24 05:49:58,5,Wednesday,0,2,30.9,76.2
2026-06-24 05:50:58,5,Wednesday,0,2,30.9,76.2
2026-06-24 05:51:59,5,Wednesday,0,2,30.9,76.2
2026-06-24 05:52:59,5,Wednesday,0,2,30.9,76.1
2026-06-24 05:53:59,5,Wednesday,0,2,30.9,76.0
2026-06-24 05:54:59,5,Wednesday,0,2,30.9,76.1
2026-06-24 05:55:59,5,Wednesday,0,2,30.9,76.0
2026-06-24 05:56:59,5,Wednesday,0,2,30.9,76.1
2026-06-24 05:57:59,5,Wednesday,0,2,30.9,76.0
2026-06-24 05:58:59,5,Wednesday,0,2,30.9,76.1
2026-06-24 05:59:59,5,Wednesday,0,2,30.9,76.1
2026-06-24 06:00:59,6,Wednesday,0,2,30.9,76.1
2026-06-24 06:01:59,6,Wednesday,0,2,30.9,76.0
2026-06-24 06:02:59,6,Wednesday,0,2,30.9,75.9
2026-06-24 06:03:59,6,Wednesday,0,2,30.9,76.2
2026-06-24 06:04:59,6,Wednesday,0,2,30.9,76.1
2026-06-24 06:05:59,6,Wednesday,0,2,30.9,76.1
2026-06-24 06:06:59,6,Wednesday,0,2,30.9,76.0
2026-06-24 06:07:59,6,Wednesday,0,2,30.9,76.0
2026-06-24 06:08:59,6,Wednesday,0,2,30.9,76.0
2026-06-24 06:09:59,6,Wednesday,0,2,30.9,76.0
2026-06-24 06:10:59,6,Wednesday,0,2,30.9,76.0
2026-06-24 06:11:59,6,Wednesday,0,2,30.9,76.0
2026-06-24 06:12:59,6,Wednesday,0,2,30.9,75.9
2026-06-24 06:13:59,6,Wednesday,0,2,30.9,75.9
2026-06-24 06:14:59,6,Wednesday,0,2,30.9,76.0
2026-06-24 06:15:59,6,Wednesday,0,2,30.9,76.0
2026-06-24 06:16:59,6,Wednesday,0,2,30.9,76.1
2026-06-24 06:17:59,6,Wednesday,0,2,30.9,76.0
2026-06-24 06:18:59,6,Wednesday,0,2,30.9,76.0
2026-06-24 06:19:59,6,Wednesday,0,2,30.9,76.0
2026-06-24 06:20:59,6,Wednesday,0,2,30.9,75.9
2026-06-24 06:21:59,6,Wednesday,0,2,30.9,76.0
2026-06-24 06:22:59,6,Wednesday,0,2,30.9,76.0
2026-06-24 06:23:59,6,Wednesday,0,2,30.8,76.0
2026-06-24 06:24:59,6,Wednesday,0,2,30.9,76.3
2026-06-24 06:25:59,6,Wednesday,0,2,30.8,76.2
2026-06-24 06:26:59,6,Wednesday,0,2,30.9,76.1
2026-06-24 06:27:59,6,Wednesday,0,2,30.9,76.2
2026-06-24 06:28:59,6,Wednesday,0,2,30.8,76.2
2026-06-24 06:29:59,6,Wednesday,0,2,30.8,76.4
2026-06-24 06:30:59,6,Wednesday,0,2,30.8,76.5
2026-06-24 06:31:59,6,Wednesday,0,2,30.8,76.4
2026-06-24 06:32:59,6,Wednesday,0,2,30.8,76.2
2026-06-24 06:33:59,6,Wednesday,0,2,30.8,76.4
2026-06-24 06:34:59,6,Wednesday,0,2,30.8,76.4
2026-06-24 06:35:59,6,Wednesday,0,2,30.8,76.4
2026-06-24 06:36:59,6,Wednesday,0,2,30.8,76.4
2026-06-24 06:38:00,6,Wednesday,0,2,30.8,76.3
2026-06-24 06:39:00,6,Wednesday,0,2,30.8,76.4
2026-06-24 06:40:00,6,Wednesday,0,2,30.8,76.4
2026-06-24 06:41:00,6,Wednesday,0,2,30.8,76.4
2026-06-24 06:42:00,6,Wednesday,0,2,30.8,76.3
2026-06-24 06:43:00,6,Wednesday,0,2,30.8,76.1
2026-06-24 06:44:00,6,Wednesday,0,2,30.8,76.1
2026-06-24 06:45:00,6,Wednesday,0,2,30.8,76.1
2026-06-24 06:46:00,6,Wednesday,0,2,30.8,76.1
2026-06-24 06:47:00,6,Wednesday,0,2,30.8,76.3
2026-06-24 06:48:00,6,Wednesday,0,2,30.8,76.2
2026-06-24 06:49:00,6,Wednesday,0,2,30.8,76.1
2026-06-24 06:50:00,6,Wednesday,0,2,30.8,76.2
2026-06-24 06:51:00,6,Wednesday,0,2,30.8,76.0
2026-06-24 06:52:00,6,Wednesday,0,2,30.8,76.0
2026-06-24 06:53:00,6,Wednesday,0,2,30.8,76.2
2026-06-24 06:54:00,6,Wednesday,0,2,30.8,76.2
2026-06-24 06:55:00,6,Wednesday,0,2,30.8,76.1
2026-06-24 06:56:00,6,Wednesday,0,2,30.8,76.2
2026-06-24 06:57:00,6,Wednesday,0,2,30.7,76.2
2026-06-24 06:58:00,6,Wednesday,0,2,30.8,76.2
2026-06-24 06:59:00,6,Wednesday,0,2,30.8,76.2
2026-06-24 07:00:00,7,Wednesday,0,2,30.8,76.3
2026-06-24 07:01:00,7,Wednesday,0,2,30.8,76.6
2026-06-24 07:02:00,7,Wednesday,0,2,30.7,76.5
2026-06-24 07:03:00,7,Wednesday,0,2,30.7,76.7
2026-06-24 07:04:00,7,Wednesday,0,2,30.7,76.5
2026-06-24 07:05:00,7,Wednesday,0,2,30.7,76.5
2026-06-24 07:06:00,7,Wednesday,0,2,30.7,76.4
2026-06-24 07:07:00,7,Wednesday,0,2,30.7,76.5
2026-06-24 07:08:00,7,Wednesday,0,2,30.7,76.4
2026-06-24 07:09:00,7,Wednesday,0,2,30.7,76.4
2026-06-24 07:10:00,7,Wednesday,0,2,30.7,76.4
2026-06-24 07:11:00,7,Wednesday,0,2,30.7,76.4
2026-06-24 07:12:00,7,Wednesday,0,2,30.7,76.2
2026-06-24 07:13:00,7,Wednesday,0,2,30.7,76.3
2026-06-24 07:14:00,7,Wednesday,0,2,30.7,76.3
2026-06-24 07:15:00,7,Wednesday,0,2,30.7,76.4
2026-06-24 07:16:00,7,Wednesday,0,2,30.7,76.4
2026-06-24 07:17:00,7,Wednesday,0,2,30.7,76.3
2026-06-24 07:18:00,7,Wednesday,0,2,30.7,76.3
2026-06-24 07:19:00,7,Wednesday,0,2,30.7,76.3
2026-06-24 07:20:00,7,Wednesday,0,2,30.7,76.4
2026-06-24 07:21:00,7,Wednesday,0,2,30.7,76.4
2026-06-24 07:22:00,7,Wednesday,0,2,30.7,76.4
2026-06-24 07:23:01,7,Wednesday,0,2,30.7,76.5
2026-06-24 07:24:01,7,Wednesday,0,2,30.7,76.4
2026-06-24 07:25:01,7,Wednesday,0,2,30.7,76.3
2026-06-24 07:26:01,7,Wednesday,0,2,30.7,76.4
2026-06-24 07:27:01,7,Wednesday,0,2,30.7,76.3
2026-06-24 07:28:01,7,Wednesday,0,2,30.7,76.3
2026-06-24 07:29:01,7,Wednesday,0,2,30.7,76.3
2026-06-24 07:30:01,7,Wednesday,0,2,30.7,76.3
2026-06-24 07:31:01,7,Wednesday,0,2,30.7,76.2
2026-06-24 07:32:01,7,Wednesday,0,2,30.7,76.2
2026-06-24 07:33:01,7,Wednesday,0,2,30.7,76.2
2026-06-24 07:34:01,7,Wednesday,0,2,30.7,76.0
2026-06-24 07:35:01,7,Wednesday,0,2,30.7,76.2
2026-06-24 07:36:01,7,Wednesday,0,2,30.7,76.1
2026-06-24 07:37:01,7,Wednesday,0,2,30.7,76.0
2026-06-24 07:38:01,7,Wednesday,0,2,30.7,76.0
2026-06-24 07:39:01,7,Wednesday,0,2,30.7,76.1
2026-06-24 07:40:01,7,Wednesday,0,2,30.7,76.0
2026-06-24 07:41:01,7,Wednesday,0,2,30.7,75.9
2026-06-24 07:42:01,7,Wednesday,0,2,30.7,75.9
2026-06-24 07:43:01,7,Wednesday,0,2,30.7,75.9
2026-06-24 07:44:01,7,Wednesday,0,2,30.7,76.0
2026-06-24 07:45:01,7,Wednesday,0,2,30.7,75.9
2026-06-24 07:46:01,7,Wednesday,0,2,30.7,76.1
2026-06-24 07:47:01,7,Wednesday,0,2,30.7,75.9
2026-06-24 07:48:01,7,Wednesday,0,2,30.7,75.8
2026-06-24 07:49:01,7,Wednesday,0,2,30.7,75.8
2026-06-24 07:50:01,7,Wednesday,0,2,30.7,75.8
2026-06-24 07:51:01,7,Wednesday,0,2,30.7,76.1
2026-06-24 07:52:01,7,Wednesday,0,2,30.7,76.1
2026-06-24 07:53:01,7,Wednesday,0,2,30.7,76.2
2026-06-24 07:54:01,7,Wednesday,0,2,30.6,76.3
2026-06-24 07:55:01,7,Wednesday,0,2,30.7,76.6
2026-06-24 07:56:01,7,Wednesday,0,2,30.6,76.5
2026-06-24 07:57:01,7,Wednesday,0,2,30.7,76.6
2026-06-24 07:58:01,7,Wednesday,0,2,30.7,76.4
2026-06-24 07:59:01,7,Wednesday,0,2,30.7,76.4
2026-06-24 08:00:01,8,Wednesday,0,2,30.7,76.4
2026-06-24 08:01:01,8,Wednesday,0,2,30.6,76.5
2026-06-24 08:02:01,8,Wednesday,0,2,30.7,76.6
2026-06-24 08:03:01,8,Wednesday,0,2,30.7,76.6
2026-06-24 08:04:01,8,Wednesday,0,2,30.7,76.5
2026-06-24 08:05:01,8,Wednesday,0,2,30.7,76.6
2026-06-24 08:06:01,8,Wednesday,0,2,30.7,76.7
2026-06-24 08:07:01,8,Wednesday,0,2,30.7,76.5
2026-06-24 08:08:02,8,Wednesday,0,2,30.7,76.5
2026-06-24 08:09:02,8,Wednesday,0,2,30.6,76.6
2026-06-24 08:10:02,8,Wednesday,0,2,30.7,76.8
2026-06-24 08:11:02,8,Wednesday,0,2,30.7,77.0
2026-06-24 08:12:02,8,Wednesday,0,2,30.6,76.6
2026-06-24 08:13:02,8,Wednesday,0,2,30.7,76.8
2026-06-24 08:14:02,8,Wednesday,0,2,30.7,76.8
2026-06-24 08:15:02,8,Wednesday,0,2,30.6,76.7
2026-06-24 08:16:02,8,Wednesday,0,2,30.6,76.7
2026-06-24 08:17:02,8,Wednesday,0,2,30.7,76.7
2026-06-24 08:18:02,8,Wednesday,0,2,30.7,76.7
2026-06-24 08:19:02,8,Wednesday,0,2,30.7,76.7
2026-06-24 08:20:02,8,Wednesday,0,2,30.7,76.7
2026-06-24 08:21:02,8,Wednesday,0,2,30.7,76.7
2026-06-24 08:22:02,8,Wednesday,0,2,30.7,76.8
2026-06-24 08:23:02,8,Wednesday,0,2,30.6,76.8
2026-06-24 08:24:02,8,Wednesday,0,2,30.7,76.8
2026-06-24 08:25:02,8,Wednesday,0,2,30.7,76.5
2026-06-24 08:26:02,8,Wednesday,0,2,30.7,76.6
2026-06-24 08:27:02,8,Wednesday,0,2,30.7,76.6
2026-06-24 08:28:02,8,Wednesday,0,2,30.7,76.5
2026-06-24 08:29:02,8,Wednesday,0,2,30.7,76.6
2026-06-24 08:30:02,8,Wednesday,0,2,30.7,76.6
2026-06-24 08:31:02,8,Wednesday,0,2,30.7,76.6
2026-06-24 08:32:02,8,Wednesday,0,2,30.7,76.6
2026-06-24 08:33:02,8,Wednesday,0,2,30.7,76.6
2026-06-24 08:34:02,8,Wednesday,0,2,30.7,76.6
2026-06-24 08:35:02,8,Wednesday,0,2,30.7,76.6
2026-06-24 08:36:02,8,Wednesday,0,2,30.7,76.7
2026-06-24 08:37:02,8,Wednesday,0,2,30.7,76.7
2026-06-24 08:38:02,8,Wednesday,0,2,30.7,76.6
2026-06-24 08:39:02,8,Wednesday,0,2,30.7,76.7
2026-06-24 08:40:02,8,Wednesday,0,2,30.7,76.7
2026-06-24 08:41:02,8,Wednesday,0,2,30.7,76.6
2026-06-24 08:42:02,8,Wednesday,0,2,30.7,76.6
2026-06-24 08:43:02,8,Wednesday,0,2,30.7,76.5
2026-06-24 08:44:02,8,Wednesday,0,2,30.7,76.6
2026-06-24 08:45:02,8,Wednesday,0,2,30.7,76.6
2026-06-24 08:46:02,8,Wednesday,0,2,30.7,76.6
2026-06-24 08:47:02,8,Wednesday,0,2,30.7,76.5
2026-06-24 08:48:02,8,Wednesday,0,2,30.7,76.6
2026-06-24 08:49:02,8,Wednesday,0,2,30.7,76.6
2026-06-24 08:50:02,8,Wednesday,0,2,30.7,76.5
2026-06-24 08:51:02,8,Wednesday,0,2,30.8,76.3
2026-06-24 08:52:02,8,Wednesday,0,2,30.8,76.5
2026-06-24 08:53:03,8,Wednesday,0,2,30.8,76.5
2026-06-24 08:54:03,8,Wednesday,0,2,30.8,76.4
2026-06-24 08:55:03,8,Wednesday,0,2,30.8,76.3
2026-06-24 08:56:03,8,Wednesday,0,2,30.8,76.3
2026-06-24 08:57:03,8,Wednesday,0,2,30.8,76.5
2026-06-24 08:58:03,8,Wednesday,0,2,30.8,76.3
2026-06-24 08:59:03,8,Wednesday,0,2,30.8,76.5
2026-06-24 09:00:03,9,Wednesday,0,2,30.8,76.5
2026-06-24 09:01:03,9,Wednesday,0,2,30.8,76.6
2026-06-24 09:02:03,9,Wednesday,0,2,30.8,76.7
2026-06-24 09:03:03,9,Wednesday,0,2,30.8,76.4
2026-06-24 09:04:03,9,Wednesday,0,2,30.8,76.4
2026-06-24 09:05:03,9,Wednesday,0,2,30.8,76.6
2026-06-24 09:06:03,9,Wednesday,0,2,30.8,76.4
2026-06-24 09:07:03,9,Wednesday,0,2,30.8,76.3
2026-06-24 09:08:03,9,Wednesday,0,2,30.8,76.2
2026-06-24 09:09:03,9,Wednesday,0,2,30.9,76.2
2026-06-24 09:10:03,9,Wednesday,0,2,30.8,76.3
2026-06-24 09:11:03,9,Wednesday,0,2,30.8,76.2
2026-06-24 09:12:03,9,Wednesday,0,2,30.9,76.2
2026-06-24 09:13:03,9,Wednesday,0,2,30.9,76.3
2026-06-24 09:14:03,9,Wednesday,0,2,30.9,76.2
2026-06-24 09:15:03,9,Wednesday,0,2,30.9,76.1
2026-06-24 09:16:03,9,Wednesday,0,2,30.9,76.3
2026-06-24 09:17:03,9,Wednesday,0,2,30.9,76.4
2026-06-24 09:18:03,9,Wednesday,0,2,30.9,76.2
2026-06-24 09:19:03,9,Wednesday,0,2,30.9,76.3
2026-06-24 09:20:03,9,Wednesday,0,2,30.9,76.3
2026-06-24 09:21:03,9,Wednesday,0,2,31.0,76.2
2026-06-24 09:22:03,9,Wednesday,0,2,31.0,76.2
2026-06-24 09:23:03,9,Wednesday,0,2,31.0,76.4
2026-06-24 09:24:03,9,Wednesday,0,2,31.0,76.1
2026-06-24 09:25:03,9,Wednesday,0,2,31.0,76.3
2026-06-24 09:26:03,9,Wednesday,0,2,31.0,76.1
2026-06-24 09:27:03,9,Wednesday,0,2,31.0,76.0
2026-06-24 09:28:03,9,Wednesday,0,2,31.0,76.0
2026-06-24 09:29:03,9,Wednesday,0,2,31.0,76.0
2026-06-24 09:30:03,9,Wednesday,0,2,31.0,76.0
2026-06-24 09:31:03,9,Wednesday,0,2,31.0,76.0
2026-06-24 09:32:03,9,Wednesday,0,2,31.1,76.0
2026-06-24 09:33:03,9,Wednesday,0,2,31.1,75.9
2026-06-24 09:34:03,9,Wednesday,0,2,31.1,75.8
2026-06-24 09:35:03,9,Wednesday,0,2,31.1,75.9
2026-06-24 09:36:03,9,Wednesday,0,2,31.1,75.9
2026-06-24 09:37:03,9,Wednesday,0,2,31.1,75.7
2026-06-24 09:38:03,9,Wednesday,0,2,31.1,75.8
2026-06-24 09:39:04,9,Wednesday,0,2,31.1,76.0
2026-06-24 09:40:04,9,Wednesday,0,2,31.1,76.4
2026-06-24 09:41:04,9,Wednesday,0,2,31.1,76.6
2026-06-24 09:42:04,9,Wednesday,0,2,31.1,76.7
2026-06-24 09:43:04,9,Wednesday,0,2,31.0,75.7
2026-06-24 09:44:04,9,Wednesday,0,2,30.8,74.6
2026-06-24 09:45:04,9,Wednesday,0,2,30.6,73.4
2026-06-24 09:46:04,9,Wednesday,0,2,30.4,72.2
2026-06-24 09:47:04,9,Wednesday,0,2,30.2,71.6
2026-06-24 09:48:04,9,Wednesday,0,2,30.0,70.7
2026-06-24 09:49:04,9,Wednesday,0,2,29.8,70.1
2026-06-24 09:50:04,9,Wednesday,0,2,29.6,69.4
2026-06-24 09:51:04,9,Wednesday,0,2,29.4,68.8
2026-06-24 09:52:04,9,Wednesday,0,2,29.2,68.0
2026-06-24 09:53:04,9,Wednesday,0,2,29.0,67.4
2026-06-24 09:54:04,9,Wednesday,0,2,28.9,66.9
2026-06-24 09:55:04,9,Wednesday,0,2,28.7,66.4
2026-06-24 09:56:04,9,Wednesday,0,2,28.6,66.0
2026-06-24 09:57:04,9,Wednesday,0,2,28.4,65.6
2026-06-24 09:58:04,9,Wednesday,0,2,28.3,65.3
2026-06-24 09:59:04,9,Wednesday,0,2,28.1,64.8
2026-06-24 10:00:04,10,Wednesday,0,2,28.0,64.4
2026-06-24 10:01:04,10,Wednesday,0,2,27.9,64.3
2026-06-24 10:02:04,10,Wednesday,0,2,27.7,63.9
2026-06-24 10:03:04,10,Wednesday,0,2,27.6,63.7
2026-06-24 10:04:04,10,Wednesday,0,2,27.5,63.6
2026-06-24 10:05:04,10,Wednesday,0,2,27.5,63.2
2026-06-24 10:06:04,10,Wednesday,0,2,27.4,62.9
2026-06-24 10:07:04,10,Wednesday,0,2,27.3,62.8
2026-06-24 10:08:04,10,Wednesday,0,2,27.2,62.4
2026-06-24 10:09:04,10,Wednesday,0,2,27.2,62.1
2026-06-24 10:10:04,10,Wednesday,0,2,27.1,62.1
2026-06-24 10:11:04,10,Wednesday,0,2,27.0,61.9
2026-06-24 10:12:04,10,Wednesday,0,2,26.9,61.7
2026-06-24 10:13:04,10,Wednesday,0,2,26.8,61.7
2026-06-24 10:14:04,10,Wednesday,0,2,26.8,61.5
2026-06-24 10:15:04,10,Wednesday,0,2,26.7,61.3
2026-06-24 10:16:04,10,Wednesday,0,2,26.7,61.1
2026-06-24 10:17:04,10,Wednesday,0,2,26.6,61.1
2026-06-24 10:18:04,10,Wednesday,0,2,26.6,61.6
2026-06-24 10:19:04,10,Wednesday,0,2,26.6,62.7
2026-06-24 10:20:04,10,Wednesday,0,2,26.6,63.6
2026-06-24 10:21:04,10,Wednesday,0,2,26.6,64.4
2026-06-24 10:22:04,10,Wednesday,0,2,26.7,63.8
2026-06-24 10:23:04,10,Wednesday,0,2,26.6,63.2
2026-06-24 10:24:04,10,Wednesday,0,2,26.6,62.3
2026-06-24 10:25:04,10,Wednesday,0,2,26.5,62.2
2026-06-24 10:26:04,10,Wednesday,0,2,26.5,62.1
2026-06-24 10:27:05,10,Wednesday,0,2,26.4,62.2
2026-06-24 10:28:05,10,Wednesday,0,2,26.4,62.0
2026-06-24 10:29:05,10,Wednesday,0,2,26.3,62.0
2026-06-24 10:30:05,10,Wednesday,0,2,26.3,61.8
2026-06-24 10:31:05,10,Wednesday,0,2,26.3,61.6
2026-06-24 10:32:05,10,Wednesday,0,2,26.3,61.4
2026-06-24 10:33:05,10,Wednesday,0,2,26.2,61.1
2026-06-24 10:34:05,10,Wednesday,0,2,26.2,61.0
2026-06-24 10:35:05,10,Wednesday,0,2,26.2,60.9
2026-06-24 10:36:05,10,Wednesday,0,2,26.2,61.2
2026-06-24 10:37:05,10,Wednesday,0,2,26.2,62.3
2026-06-24 10:38:05,10,Wednesday,0,2,26.3,63.2
2026-06-24 10:39:05,10,Wednesday,0,2,26.3,63.9
2026-06-24 10:40:05,10,Wednesday,0,2,26.3,63.8
2026-06-24 10:41:05,10,Wednesday,0,2,26.3,63.1
2026-06-24 10:42:05,10,Wednesday,0,2,26.3,62.7
2026-06-24 10:43:05,10,Wednesday,0,2,26.2,62.1
2026-06-24 10:44:05,10,Wednesday,0,2,26.2,61.8
2026-06-24 10:45:05,10,Wednesday,0,2,26.1,61.6
2026-06-24 10:46:05,10,Wednesday,0,2,26.1,61.3
2026-06-24 10:47:05,10,Wednesday,0,2,26.0,61.2
2026-06-24 10:48:05,10,Wednesday,0,2,25.9,61.2
2026-06-24 10:49:05,10,Wednesday,0,2,25.9,61.4
2026-06-24 10:50:05,10,Wednesday,0,2,25.9,61.3
2026-06-24 10:51:05,10,Wednesday,0,2,25.9,61.1
2026-06-24 10:52:05,10,Wednesday,0,2,25.9,62.2
2026-06-24 10:53:05,10,Wednesday,0,2,26.0,63.4
2026-06-24 10:54:05,10,Wednesday,0,2,26.0,64.3
2026-06-24 10:55:05,10,Wednesday,0,2,26.1,63.9
2026-06-24 10:56:05,10,Wednesday,0,2,26.1,63.3
2026-06-24 10:57:05,10,Wednesday,0,2,26.1,63.0
2026-06-24 10:58:05,10,Wednesday,0,2,26.0,62.7
2026-06-24 10:59:05,10,Wednesday,0,2,26.0,62.4
2026-06-24 11:00:05,11,Wednesday,0,2,26.0,62.3
2026-06-24 11:01:05,11,Wednesday,0,2,26.0,62.1
2026-06-24 11:02:05,11,Wednesday,0,2,26.0,62.1
2026-06-24 11:03:05,11,Wednesday,0,2,25.9,62.2
2026-06-24 11:04:05,11,Wednesday,0,2,25.9,62.1
2026-06-24 11:05:05,11,Wednesday,0,2,25.9,62.0
2026-06-24 11:06:05,11,Wednesday,0,2,25.8,61.7
2026-06-24 11:07:05,11,Wednesday,0,2,25.8,61.5
2026-06-24 11:08:05,11,Wednesday,0,2,25.8,61.5
2026-06-24 11:09:05,11,Wednesday,0,2,25.8,60.9
2026-06-24 11:10:05,11,Wednesday,0,2,25.8,60.7
2026-06-24 11:11:05,11,Wednesday,0,2,25.8,60.9
2026-06-24 11:12:05,11,Wednesday,0,2,25.8,60.8
2026-06-24 11:13:05,11,Wednesday,0,2,25.7,60.9
2026-06-24 11:14:05,11,Wednesday,0,2,25.8,61.8
2026-06-24 11:15:05,11,Wednesday,0,2,25.8,62.7
2026-06-24 11:16:05,11,Wednesday,0,2,25.9,63.6
2026-06-24 11:17:05,11,Wednesday,0,2,26.0,63.6
2026-06-24 11:18:06,11,Wednesday,0,2,26.0,63.1
2026-06-24 11:19:06,11,Wednesday,0,2,26.0,63.0
2026-06-24 11:20:06,11,Wednesday,0,2,25.9,62.7
2026-06-24 11:21:06,11,Wednesday,0,2,25.9,62.5
2026-06-24 11:22:06,11,Wednesday,0,2,25.9,62.3
2026-06-24 11:23:06,11,Wednesday,0,2,25.9,62.0
2026-06-24 11:24:06,11,Wednesday,0,2,25.9,61.6
2026-06-24 11:25:06,11,Wednesday,0,2,25.8,61.3
2026-06-24 11:26:06,11,Wednesday,0,2,25.8,61.2
2026-06-24 11:27:06,11,Wednesday,0,2,25.8,60.9
2026-06-24 11:28:06,11,Wednesday,0,2,25.8,60.9
2026-06-24 11:29:06,11,Wednesday,0,2,25.8,60.9
2026-06-24 11:30:06,11,Wednesday,0,2,25.7,61.4
2026-06-24 11:31:06,11,Wednesday,0,2,25.7,61.1
2026-06-24 11:32:06,11,Wednesday,0,2,25.8,61.0
2026-06-24 11:33:06,11,Wednesday,0,2,25.7,61.0
2026-06-24 11:34:06,11,Wednesday,0,2,25.7,61.2
2026-06-24 11:35:06,11,Wednesday,0,2,25.7,61.4
2026-06-24 11:36:06,11,Wednesday,0,2,25.7,61.5
2026-06-24 11:37:06,11,Wednesday,0,2,25.8,61.3
2026-06-24 11:38:06,11,Wednesday,0,2,25.8,61.1
2026-06-24 11:39:06,11,Wednesday,0,2,25.8,61.2
2026-06-24 11:40:06,11,Wednesday,0,2,25.8,60.9
2026-06-24 11:41:06,11,Wednesday,0,2,25.8,60.5
2026-06-24 11:42:06,11,Wednesday,0,2,25.8,60.5
2026-06-24 11:43:06,11,Wednesday,0,2,25.7,60.4
2026-06-24 11:44:06,11,Wednesday,0,2,25.7,60.3
2026-06-24 11:45:06,11,Wednesday,0,2,25.7,60.0
2026-06-24 11:46:06,11,Wednesday,0,2,25.7,60.2
2026-06-24 11:47:06,11,Wednesday,0,2,25.7,60.1
2026-06-24 11:48:06,11,Wednesday,0,2,25.7,60.0
2026-06-24 11:49:06,11,Wednesday,0,2,25.7,59.9
2026-06-24 11:50:06,11,Wednesday,0,2,25.6,59.9
2026-06-24 11:51:06,11,Wednesday,0,2,25.6,59.6
2026-06-24 11:52:06,11,Wednesday,0,2,25.6,59.6
2026-06-24 11:53:06,11,Wednesday,0,2,25.5,59.6
2026-06-24 11:54:06,11,Wednesday,0,2,25.6,59.6
2026-06-24 11:55:06,11,Wednesday,0,2,25.5,59.6
2026-06-24 11:56:06,11,Wednesday,0,2,25.5,59.6
2026-06-24 11:57:06,11,Wednesday,0,2,25.5,59.5
2026-06-24 11:58:06,11,Wednesday,0,2,25.4,59.3
2026-06-24 11:59:06,11,Wednesday,0,2,25.4,59.3
2026-06-24 12:00:06,12,Wednesday,0,2,25.3,59.3
2026-06-24 12:01:06,12,Wednesday,0,2,25.3,59.4
2026-06-24 12:02:06,12,Wednesday,0,2,25.3,60.5
2026-06-24 12:03:06,12,Wednesday,0,2,25.3,61.4
2026-06-24 12:04:06,12,Wednesday,0,2,25.4,61.9
2026-06-24 12:05:06,12,Wednesday,0,2,25.4,61.7
2026-06-24 12:06:06,12,Wednesday,0,2,25.4,61.3
2026-06-24 12:07:06,12,Wednesday,0,2,25.4,60.8
2026-06-24 12:08:06,12,Wednesday,0,2,25.4,61.0
2026-06-24 12:09:06,12,Wednesday,0,2,25.3,61.3
2026-06-24 12:10:07,12,Wednesday,0,2,25.3,60.9
2026-06-24 12:11:07,12,Wednesday,0,2,25.3,60.6
2026-06-24 12:12:07,12,Wednesday,0,2,25.3,60.5
2026-06-24 12:13:07,12,Wednesday,0,2,25.3,60.7
2026-06-24 12:14:07,12,Wednesday,0,2,25.3,60.8
2026-06-24 12:15:07,12,Wednesday,0,2,25.4,60.6
2026-06-24 12:16:07,12,Wednesday,0,2,25.4,60.3
2026-06-24 12:17:07,12,Wednesday,0,2,25.4,60.3
2026-06-24 12:18:07,12,Wednesday,0,2,25.4,60.4
2026-06-24 12:19:07,12,Wednesday,0,2,25.4,60.5
2026-06-24 12:20:07,12,Wednesday,0,2,25.3,60.6
2026-06-24 12:21:07,12,Wednesday,0,2,25.4,60.5
2026-06-24 12:22:07,12,Wednesday,0,2,25.4,60.5
2026-06-24 12:23:07,12,Wednesday,0,2,25.4,61.1
2026-06-24 12:24:07,12,Wednesday,0,2,25.4,62.2
2026-06-24 12:25:07,12,Wednesday,0,2,25.5,63.0
2026-06-24 12:26:07,12,Wednesday,0,2,25.6,63.4
2026-06-24 12:27:07,12,Wednesday,0,2,25.7,63.6
2026-06-24 12:28:07,12,Wednesday,0,2,25.8,63.3
2026-06-24 12:29:07,12,Wednesday,0,2,25.8,62.8
2026-06-24 12:30:07,12,Wednesday,0,2,25.8,62.4
2026-06-24 12:31:07,12,Wednesday,0,2,25.8,62.1
2026-06-24 12:32:07,12,Wednesday,0,2,25.8,61.7
2026-06-24 12:33:07,12,Wednesday,0,2,25.8,61.8
2026-06-24 12:34:07,12,Wednesday,0,2,25.8,61.6
2026-06-24 12:35:07,12,Wednesday,0,2,25.8,61.6
2026-06-24 12:36:07,12,Wednesday,0,2,25.8,61.5
2026-06-24 12:37:07,12,Wednesday,0,2,25.8,61.5
2026-06-24 12:38:07,12,Wednesday,0,2,25.8,61.6
2026-06-24 12:39:07,12,Wednesday,0,2,25.8,61.5
2026-06-24 12:40:07,12,Wednesday,0,2,25.8,61.8
2026-06-24 12:41:07,12,Wednesday,0,2,25.8,61.8
2026-06-24 12:42:07,12,Wednesday,0,2,25.8,61.6
2026-06-24 12:43:07,12,Wednesday,0,2,25.8,61.5
2026-06-24 12:44:07,12,Wednesday,0,2,25.8,61.4
2026-06-24 12:45:07,12,Wednesday,0,2,25.8,61.7
2026-06-24 12:46:07,12,Wednesday,0,2,25.8,61.7
2026-06-24 12:47:07,12,Wednesday,0,2,25.8,62.0
2026-06-24 12:48:07,12,Wednesday,0,2,25.8,62.2
2026-06-24 12:49:07,12,Wednesday,0,2,25.8,62.3
2026-06-24 12:50:07,12,Wednesday,0,2,25.9,62.3
2026-06-24 12:51:07,12,Wednesday,0,2,25.9,62.1
2026-06-24 12:52:07,12,Wednesday,0,2,25.9,61.7
2026-06-24 12:53:07,12,Wednesday,0,2,25.9,61.5
2026-06-24 12:54:07,12,Wednesday,0,2,25.9,61.4
2026-06-24 12:55:07,12,Wednesday,0,2,25.9,61.1
2026-06-24 12:56:07,12,Wednesday,0,2,25.9,61.0
2026-06-24 12:57:07,12,Wednesday,0,2,25.8,61.0
2026-06-24 12:58:07,12,Wednesday,0,2,25.8,60.9
2026-06-24 12:59:07,12,Wednesday,0,2,25.8,60.9
2026-06-24 13:00:07,13,Wednesday,0,2,25.8,60.6
2026-06-24 13:01:08,13,Wednesday,0,2,25.8,60.3
2026-06-24 13:02:08,13,Wednesday,0,2,25.8,60.2
2026-06-24 13:03:08,13,Wednesday,0,2,25.7,59.9
2026-06-24 13:04:08,13,Wednesday,0,2,25.7,59.9
2026-06-24 13:05:08,13,Wednesday,0,2,25.6,59.9
2026-06-24 13:06:08,13,Wednesday,0,2,25.6,60.2
2026-06-24 13:07:08,13,Wednesday,0,2,25.5,60.1
2026-06-24 13:08:08,13,Wednesday,0,2,25.5,60.1
2026-06-24 13:09:08,13,Wednesday,0,2,25.4,59.8
2026-06-24 13:10:08,13,Wednesday,0,2,25.4,60.6
2026-06-24 13:11:08,13,Wednesday,0,2,25.4,61.7
2026-06-24 13:12:08,13,Wednesday,0,2,25.5,63.1
2026-06-24 13:13:08,13,Wednesday,0,2,25.6,63.6
2026-06-24 13:14:08,13,Wednesday,0,2,25.6,63.2
2026-06-24 13:15:08,13,Wednesday,0,2,25.6,62.6
2026-06-24 13:16:08,13,Wednesday,0,2,25.6,62.0
2026-06-24 13:17:08,13,Wednesday,0,2,25.6,61.9
2026-06-24 13:18:08,13,Wednesday,0,2,25.5,61.6
2026-06-24 13:19:08,13,Wednesday,0,2,25.5,61.4
2026-06-24 13:20:08,13,Wednesday,0,2,25.5,61.5
2026-06-24 13:21:08,13,Wednesday,0,2,25.5,61.5
2026-06-24 13:22:08,13,Wednesday,0,2,25.4,61.5
2026-06-24 13:23:08,13,Wednesday,0,2,25.5,62.2
2026-06-24 13:24:08,13,Wednesday,0,2,25.5,63.3
2026-06-24 13:25:08,13,Wednesday,0,2,25.6,64.3
2026-06-24 13:26:08,13,Wednesday,0,2,25.6,65.0
2026-06-24 13:27:08,13,Wednesday,0,2,25.7,64.5
2026-06-24 13:28:08,13,Wednesday,0,2,25.7,63.8
2026-06-24 13:29:08,13,Wednesday,0,2,25.7,63.3
2026-06-24 13:30:08,13,Wednesday,0,2,25.6,62.7
2026-06-24 13:31:08,13,Wednesday,0,2,25.6,62.5
2026-06-24 13:32:08,13,Wednesday,0,2,25.5,62.2
2026-06-24 13:33:08,13,Wednesday,0,2,25.5,62.0
2026-06-24 13:34:08,13,Wednesday,0,2,25.5,61.8
2026-06-24 13:35:08,13,Wednesday,0,2,25.4,61.8
2026-06-24 13:36:08,13,Wednesday,0,2,25.4,61.7
2026-06-24 13:37:08,13,Wednesday,0,2,25.4,62.4
2026-06-24 13:38:08,13,Wednesday,0,2,25.5,66.2
2026-06-24 13:39:08,13,Wednesday,0,2,25.7,68.2
2026-06-24 13:40:08,13,Wednesday,0,2,26.0,69.2
2026-06-24 13:41:08,13,Wednesday,0,2,26.2,70.1
2026-06-24 13:42:08,13,Wednesday,0,2,26.4,69.3
2026-06-24 13:43:08,13,Wednesday,0,2,26.4,68.4
2026-06-24 13:44:08,13,Wednesday,0,2,26.4,68.0
2026-06-24 13:45:08,13,Wednesday,0,2,26.5,67.7
2026-06-24 13:46:08,13,Wednesday,0,2,26.5,67.5
2026-06-24 13:47:08,13,Wednesday,0,2,26.5,67.2
2026-06-24 13:48:08,13,Wednesday,0,2,26.5,67.4
2026-06-24 13:49:08,13,Wednesday,0,2,26.5,67.3
2026-06-24 13:50:08,13,Wednesday,0,2,26.6,67.4
2026-06-24 13:51:08,13,Wednesday,0,2,26.6,67.2
2026-06-24 13:52:09,13,Wednesday,0,2,26.6,67.2
2026-06-24 13:53:09,13,Wednesday,0,2,26.6,67.2
2026-06-24 13:54:09,13,Wednesday,0,2,26.5,67.1
2026-06-24 13:55:09,13,Wednesday,0,2,26.5,67.1
2026-06-24 13:56:09,13,Wednesday,0,2,26.6,67.1
2026-06-24 13:57:09,13,Wednesday,0,2,26.6,66.9
2026-06-24 13:58:09,13,Wednesday,0,2,26.6,66.8
2026-06-24 13:59:09,13,Wednesday,0,2,26.6,66.7
2026-06-24 14:00:09,14,Wednesday,0,2,26.6,66.7
2026-06-24 14:01:09,14,Wednesday,0,2,26.6,66.7
2026-06-24 14:02:09,14,Wednesday,0,2,26.7,66.7
2026-06-24 14:03:09,14,Wednesday,0,2,26.7,66.6
2026-06-24 14:04:09,14,Wednesday,0,2,26.6,66.5
2026-06-24 14:05:09,14,Wednesday,0,2,26.7,66.6
2026-06-24 14:06:09,14,Wednesday,0,2,26.6,66.5
2026-06-24 14:07:09,14,Wednesday,0,2,26.7,66.8
2026-06-24 14:08:09,14,Wednesday,0,2,26.7,66.9
2026-06-24 14:09:09,14,Wednesday,0,2,26.7,66.7
2026-06-24 14:10:09,14,Wednesday,0,2,26.7,66.8
2026-06-24 14:11:09,14,Wednesday,0,2,26.7,67.0
2026-06-24 14:12:09,14,Wednesday,0,2,26.7,67.4
2026-06-24 14:13:09,14,Wednesday,0,2,26.7,67.5
2026-06-24 14:14:09,14,Wednesday,0,2,26.7,67.5
2026-06-24 14:15:09,14,Wednesday,0,2,26.7,67.9
2026-06-24 14:16:09,14,Wednesday,0,2,26.7,68.2
2026-06-24 14:17:09,14,Wednesday,0,2,26.8,68.0
2026-06-24 14:18:09,14,Wednesday,0,2,26.8,67.9
2026-06-24 14:19:09,14,Wednesday,0,2,26.8,68.0
2026-06-24 14:20:09,14,Wednesday,0,2,26.8,68.0
2026-06-24 14:21:09,14,Wednesday,0,2,26.8,68.2
2026-06-24 14:22:09,14,Wednesday,0,2,26.8,68.1
2026-06-24 14:23:09,14,Wednesday,0,2,26.8,68.1
2026-06-24 14:24:09,14,Wednesday,0,2,26.8,68.1
2026-06-24 14:25:09,14,Wednesday,0,2,26.8,67.7
2026-06-24 14:26:09,14,Wednesday,0,2,26.8,68.1
2026-06-24 14:27:09,14,Wednesday,0,2,26.8,68.6
2026-06-24 14:28:09,14,Wednesday,0,2,26.8,68.5
2026-06-24 14:29:09,14,Wednesday,0,2,26.8,68.6
2026-06-24 14:30:09,14,Wednesday,0,2,26.8,68.7
2026-06-24 14:31:09,14,Wednesday,0,2,26.9,68.9
2026-06-24 14:32:09,14,Wednesday,0,2,26.9,68.8
2026-06-24 14:33:09,14,Wednesday,0,2,26.9,69.3
2026-06-24 14:34:09,14,Wednesday,0,2,26.9,69.5
2026-06-24 14:35:09,14,Wednesday,0,2,26.9,69.7
2026-06-24 14:36:09,14,Wednesday,0,2,26.9,69.9
2026-06-24 14:37:09,14,Wednesday,0,2,26.9,70.1
2026-06-24 14:38:09,14,Wednesday,0,2,26.9,70.2
2026-06-24 14:39:09,14,Wednesday,0,2,26.9,70.4
2026-06-24 14:40:09,14,Wednesday,0,2,26.9,70.4
2026-06-24 14:41:09,14,Wednesday,0,2,26.9,70.2
2026-06-24 14:42:09,14,Wednesday,0,2,27.0,70.0
2026-06-24 14:43:10,14,Wednesday,0,2,26.9,69.9
2026-06-24 14:44:10,14,Wednesday,0,2,26.9,69.7
2026-06-24 14:45:10,14,Wednesday,0,2,26.9,69.5
2026-06-24 14:46:10,14,Wednesday,0,2,26.9,69.3
2026-06-24 14:47:10,14,Wednesday,0,2,26.9,69.1
2026-06-24 14:48:10,14,Wednesday,0,2,26.9,69.0
2026-06-24 14:49:10,14,Wednesday,0,2,26.9,68.8
2026-06-24 14:50:10,14,Wednesday,0,2,26.9,68.9
2026-06-24 14:51:10,14,Wednesday,0,2,26.9,69.0
2026-06-24 14:52:10,14,Wednesday,0,2,26.9,68.8
2026-06-24 14:53:10,14,Wednesday,0,2,26.9,68.6
2026-06-24 14:54:10,14,Wednesday,0,2,26.9,68.5
2026-06-24 14:55:10,14,Wednesday,0,2,26.9,68.3
2026-06-24 14:56:10,14,Wednesday,0,2,26.9,68.2
2026-06-24 14:57:10,14,Wednesday,0,2,26.9,68.2
2026-06-24 14:58:10,14,Wednesday,0,2,26.9,68.0
2026-06-24 14:59:10,14,Wednesday,0,2,26.8,67.5
2026-06-24 15:00:10,15,Wednesday,0,2,26.8,67.6
2026-06-24 15:01:10,15,Wednesday,0,2,26.8,67.3
2026-06-24 15:02:10,15,Wednesday,0,2,26.8,67.1
2026-06-24 15:03:10,15,Wednesday,0,2,26.7,66.5
2026-06-24 15:04:10,15,Wednesday,0,2,26.6,66.2
2026-06-24 15:05:10,15,Wednesday,0,2,26.6,65.8
2026-06-24 15:06:10,15,Wednesday,0,2,26.5,65.4
2026-06-24 15:07:10,15,Wednesday,0,2,26.4,65.3
2026-06-24 15:08:10,15,Wednesday,0,2,26.3,65.0
2026-06-24 15:09:10,15,Wednesday,0,2,26.3,64.9
2026-06-24 15:10:10,15,Wednesday,0,2,26.2,64.8
2026-06-24 15:11:10,15,Wednesday,0,2,26.2,64.7
2026-06-24 15:12:10,15,Wednesday,0,2,26.1,64.4
2026-06-24 15:13:10,15,Wednesday,0,2,26.1,64.5
2026-06-24 15:14:10,15,Wednesday,0,2,26.0,64.6
2026-06-24 15:15:10,15,Wednesday,0,2,26.0,64.6
2026-06-24 15:16:10,15,Wednesday,0,2,26.0,64.5
2026-06-24 15:17:10,15,Wednesday,0,2,26.0,64.2
2026-06-24 15:18:10,15,Wednesday,0,2,26.0,63.8
2026-06-24 15:19:10,15,Wednesday,0,2,25.9,63.9
2026-06-24 15:20:10,15,Wednesday,0,2,25.9,63.8
2026-06-24 15:21:10,15,Wednesday,0,2,25.9,63.6
2026-06-24 15:22:10,15,Wednesday,0,2,25.8,63.6
2026-06-24 15:23:10,15,Wednesday,0,2,25.8,63.3
2026-06-24 15:24:10,15,Wednesday,0,2,25.7,63.4
2026-06-24 15:25:10,15,Wednesday,0,2,25.7,63.3
2026-06-24 15:26:10,15,Wednesday,0,2,25.7,63.2
2026-06-24 15:27:10,15,Wednesday,0,2,25.7,63.1
2026-06-24 15:28:10,15,Wednesday,0,2,25.6,63.0
2026-06-24 15:29:10,15,Wednesday,0,2,25.6,63.2
2026-06-24 15:30:10,15,Wednesday,0,2,25.6,63.0
2026-06-24 15:31:10,15,Wednesday,0,2,25.6,63.0
2026-06-24 15:32:10,15,Wednesday,0,2,25.6,63.0
2026-06-24 15:33:10,15,Wednesday,0,2,25.5,62.9
2026-06-24 15:34:11,15,Wednesday,0,2,25.5,62.9
2026-06-24 15:35:11,15,Wednesday,0,2,25.5,62.7
2026-06-24 15:36:11,15,Wednesday,0,2,25.5,62.6
2026-06-24 15:37:11,15,Wednesday,0,2,25.5,62.7
2026-06-24 15:38:11,15,Wednesday,0,2,25.4,62.6
2026-06-24 15:39:11,15,Wednesday,0,2,25.5,62.7
2026-06-24 15:40:11,15,Wednesday,0,2,25.4,62.7
2026-06-24 15:41:11,15,Wednesday,0,2,25.4,62.6
2026-06-24 15:42:11,15,Wednesday,0,2,25.4,62.8
2026-06-24 15:43:11,15,Wednesday,0,2,25.4,62.9
2026-06-24 15:44:11,15,Wednesday,0,2,25.4,63.1
2026-06-24 15:45:11,15,Wednesday,0,2,25.4,63.2
2026-06-24 15:46:11,15,Wednesday,0,2,25.4,63.1
2026-06-24 15:47:11,15,Wednesday,0,2,25.4,63.2
2026-06-24 15:48:11,15,Wednesday,0,2,25.4,63.7
2026-06-24 15:49:11,15,Wednesday,0,2,25.4,63.8
2026-06-24 15:50:11,15,Wednesday,0,2,25.4,63.6
2026-06-24 15:51:11,15,Wednesday,0,2,25.3,63.7
2026-06-24 15:52:11,15,Wednesday,0,2,25.3,63.7
2026-06-24 15:53:11,15,Wednesday,0,2,25.3,63.9
2026-06-24 15:54:11,15,Wednesday,0,2,25.3,63.9
2026-06-24 15:55:11,15,Wednesday,0,2,25.3,64.1
2026-06-24 15:56:11,15,Wednesday,0,2,25.3,64.3
2026-06-24 15:57:11,15,Wednesday,0,2,25.3,64.3
2026-06-24 15:58:11,15,Wednesday,0,2,25.3,64.4
2026-06-24 15:59:11,15,Wednesday,0,2,25.3,64.5
2026-06-24 16:00:11,16,Wednesday,0,2,25.3,64.5
2026-06-24 16:01:11,16,Wednesday,0,2,25.3,64.5
2026-06-24 16:02:11,16,Wednesday,0,2,25.3,64.6
2026-06-24 16:03:11,16,Wednesday,0,2,25.3,64.5
2026-06-24 16:04:11,16,Wednesday,0,2,25.3,64.6
2026-06-24 16:05:11,16,Wednesday,0,2,25.2,64.7
2026-06-24 16:06:11,16,Wednesday,0,2,25.2,64.7
2026-06-24 16:07:11,16,Wednesday,0,2,25.2,64.5
2026-06-24 16:08:11,16,Wednesday,0,2,25.2,64.4
2026-06-24 16:09:11,16,Wednesday,0,2,25.2,64.2
2026-06-24 16:10:11,16,Wednesday,0,2,25.2,64.1
2026-06-24 16:11:11,16,Wednesday,0,2,25.2,65.3
2026-06-24 16:12:11,16,Wednesday,0,2,25.3,66.3
2026-06-24 16:13:11,16,Wednesday,0,2,25.4,66.6
2026-06-24 16:14:11,16,Wednesday,0,2,25.6,66.8
2026-06-24 16:15:11,16,Wednesday,0,2,25.7,66.9
2026-06-24 16:16:11,16,Wednesday,0,2,25.8,67.0
2026-06-24 16:17:11,16,Wednesday,0,2,25.8,67.3
2026-06-24 16:18:11,16,Wednesday,0,2,25.8,67.3
2026-06-24 16:19:11,16,Wednesday,0,2,25.9,67.5
2026-06-24 16:20:11,16,Wednesday,0,2,25.9,67.5
2026-06-24 16:21:11,16,Wednesday,0,2,25.9,67.6
2026-06-24 16:22:11,16,Wednesday,0,2,25.9,67.7
2026-06-24 16:23:11,16,Wednesday,0,2,26.0,67.9
2026-06-24 16:24:11,16,Wednesday,0,2,26.0,67.9
2026-06-24 16:25:11,16,Wednesday,0,2,26.0,67.7
2026-06-24 16:26:12,16,Wednesday,0,2,26.0,67.5
2026-06-24 16:27:12,16,Wednesday,0,2,26.1,67.5
2026-06-24 16:28:12,16,Wednesday,0,2,26.1,67.3
2026-06-24 16:29:12,16,Wednesday,0,2,26.0,67.2
2026-06-24 16:30:12,16,Wednesday,0,2,26.1,67.0
2026-06-24 16:31:12,16,Wednesday,0,2,26.1,67.1
2026-06-24 16:32:12,16,Wednesday,0,2,26.1,67.1
2026-06-24 16:33:12,16,Wednesday,0,2,26.1,67.0
2026-06-24 16:34:12,16,Wednesday,0,2,26.1,67.2
2026-06-24 16:35:12,16,Wednesday,0,2,26.1,66.9
2026-06-24 16:36:12,16,Wednesday,0,2,26.1,66.8
2026-06-24 16:37:12,16,Wednesday,0,2,26.1,66.8
2026-06-24 16:38:12,16,Wednesday,0,2,26.1,66.6
2026-06-24 16:39:12,16,Wednesday,0,2,26.1,66.5
2026-06-24 16:40:12,16,Wednesday,0,2,26.1,66.4
2026-06-24 16:41:12,16,Wednesday,0,2,26.1,66.4
2026-06-24 16:42:12,16,Wednesday,0,2,26.1,66.6
2026-06-24 16:43:12,16,Wednesday,0,2,26.1,66.4
2026-06-24 16:44:12,16,Wednesday,0,2,26.1,66.6
2026-06-24 16:45:12,16,Wednesday,0,2,26.1,67.1
2026-06-24 16:46:12,16,Wednesday,0,2,26.2,67.9
2026-06-24 16:47:12,16,Wednesday,0,2,26.2,68.7
2026-06-24 16:48:12,16,Wednesday,0,2,26.2,69.5
2026-06-24 16:49:12,16,Wednesday,0,2,26.2,70.0
2026-06-24 16:50:12,16,Wednesday,0,2,26.3,71.0
2026-06-24 16:51:12,16,Wednesday,0,2,26.3,71.4
2026-06-24 16:52:12,16,Wednesday,0,2,26.3,71.3
2026-06-24 16:53:12,16,Wednesday,0,2,26.4,71.6
2026-06-24 16:54:12,16,Wednesday,0,2,26.4,72.4
2026-06-24 16:55:12,16,Wednesday,0,2,26.4,72.5
2026-06-24 16:56:12,16,Wednesday,0,2,26.4,73.5
2026-06-24 16:57:12,16,Wednesday,0,2,26.4,73.3
2026-06-24 16:58:12,16,Wednesday,0,2,26.4,73.5
2026-06-24 16:59:12,16,Wednesday,0,2,26.5,74.2
2026-06-24 17:00:12,17,Wednesday,0,2,26.5,74.0
2026-06-24 17:01:12,17,Wednesday,0,2,26.5,73.8
2026-06-24 17:02:12,17,Wednesday,0,2,26.5,73.7
2026-06-24 17:03:12,17,Wednesday,0,2,26.4,73.0
2026-06-24 17:04:12,17,Wednesday,0,2,26.4,72.3
2026-06-24 17:05:12,17,Wednesday,0,2,26.3,71.7
2026-06-24 17:06:12,17,Wednesday,0,2,26.2,71.3
2026-06-24 17:07:12,17,Wednesday,0,2,26.2,70.8
2026-06-24 17:08:12,17,Wednesday,0,2,26.1,70.4
2026-06-24 17:09:12,17,Wednesday,0,2,26.0,70.2
2026-06-24 17:10:12,17,Wednesday,0,2,26.0,70.0
2026-06-24 17:11:12,17,Wednesday,0,2,26.0,69.8
2026-06-24 17:12:12,17,Wednesday,0,2,25.9,69.2
2026-06-24 17:13:12,17,Wednesday,0,2,25.9,69.0
2026-06-24 17:14:12,17,Wednesday,0,2,25.8,68.2
2026-06-24 17:15:12,17,Wednesday,0,2,25.8,68.1
2026-06-24 17:16:12,17,Wednesday,0,2,25.7,67.5
2026-06-24 17:17:13,17,Wednesday,0,2,25.7,67.5
2026-06-24 17:18:13,17,Wednesday,0,2,25.6,67.2
2026-06-24 17:19:13,17,Wednesday,0,2,25.5,66.9
2026-06-24 17:20:13,17,Wednesday,0,2,25.5,66.7
2026-06-24 17:21:13,17,Wednesday,0,2,25.5,66.2
2026-06-24 17:22:13,17,Wednesday,0,2,25.4,65.8
2026-06-24 17:23:13,17,Wednesday,0,2,25.4,65.7
2026-06-24 17:24:13,17,Wednesday,0,2,25.3,65.6
2026-06-24 17:25:13,17,Wednesday,0,2,25.2,65.3
2026-06-24 17:26:13,17,Wednesday,0,2,25.2,65.3
2026-06-24 17:27:13,17,Wednesday,0,2,25.2,65.2
2026-06-24 17:28:13,17,Wednesday,0,2,25.1,65.1
2026-06-24 17:29:13,17,Wednesday,0,2,25.1,65.0
2026-06-24 17:30:13,17,Wednesday,0,2,25.1,64.9
2026-06-24 17:31:13,17,Wednesday,0,2,25.0,64.7
2026-06-24 17:32:13,17,Wednesday,0,2,25.0,64.8
2026-06-24 17:33:13,17,Wednesday,0,2,24.9,64.8
2026-06-24 17:34:13,17,Wednesday,0,2,24.9,64.9
2026-06-24 17:35:13,17,Wednesday,0,2,24.9,65.0
2026-06-24 17:36:13,17,Wednesday,0,2,24.9,64.7
2026-06-24 17:37:13,17,Wednesday,0,2,24.8,64.7
2026-06-24 17:38:13,17,Wednesday,0,2,24.8,64.5
2026-06-24 17:39:13,17,Wednesday,0,2,24.7,64.3
2026-06-24 17:40:13,17,Wednesday,0,2,24.7,64.3
2026-06-24 17:41:13,17,Wednesday,0,2,24.6,64.2
2026-06-24 17:42:13,17,Wednesday,0,2,24.6,64.1
2026-06-24 17:43:13,17,Wednesday,0,2,24.6,64.2
2026-06-24 17:44:13,17,Wednesday,0,2,24.6,64.2
2026-06-24 17:45:13,17,Wednesday,0,2,24.5,64.2
2026-06-24 17:46:13,17,Wednesday,0,2,24.5,64.1
2026-06-24 17:47:13,17,Wednesday,0,2,24.5,64.0
2026-06-24 17:48:13,17,Wednesday,0,2,24.5,63.9
2026-06-24 17:49:13,17,Wednesday,0,2,24.5,63.9
2026-06-24 17:50:13,17,Wednesday,0,2,24.5,63.8
2026-06-24 17:51:13,17,Wednesday,0,2,24.5,63.8
2026-06-24 17:52:13,17,Wednesday,0,2,24.4,63.8
2026-06-24 17:53:13,17,Wednesday,0,2,24.4,63.8
2026-06-24 17:54:13,17,Wednesday,0,2,24.4,63.8
2026-06-24 17:55:13,17,Wednesday,0,2,24.4,63.7
2026-06-24 17:56:13,17,Wednesday,0,2,24.3,63.6
2026-06-24 17:57:13,17,Wednesday,0,2,24.2,63.6
2026-06-24 17:58:13,17,Wednesday,0,2,24.2,63.7
2026-06-24 17:59:13,17,Wednesday,0,2,24.2,63.5
2026-06-24 18:00:13,18,Wednesday,0,2,24.2,63.4
2026-06-24 18:01:13,18,Wednesday,0,2,24.1,63.4
2026-06-24 18:02:13,18,Wednesday,0,2,24.1,63.2
2026-06-24 18:03:13,18,Wednesday,0,2,24.1,63.2
2026-06-24 18:04:13,18,Wednesday,0,2,24.0,63.0
2026-06-24 18:05:13,18,Wednesday,0,2,24.0,63.1
2026-06-24 18:06:13,18,Wednesday,0,2,24.0,63.0
2026-06-24 18:07:13,18,Wednesday,0,2,24.0,63.0
2026-06-24 18:08:13,18,Wednesday,0,2,24.0,63.0
2026-06-24 18:09:14,18,Wednesday,0,2,23.9,62.8
2026-06-24 18:10:14,18,Wednesday,0,2,23.9,62.8
2026-06-24 18:11:14,18,Wednesday,0,2,24.0,62.6
2026-06-24 18:12:14,18,Wednesday,0,2,24.0,62.4
2026-06-24 18:13:14,18,Wednesday,0,2,23.9,62.2
2026-06-24 18:14:14,18,Wednesday,0,2,23.9,62.3
2026-06-24 18:15:14,18,Wednesday,0,2,23.9,62.4
2026-06-24 18:16:14,18,Wednesday,0,2,23.8,62.3
2026-06-24 18:17:14,18,Wednesday,0,2,23.8,62.3
2026-06-24 18:18:14,18,Wednesday,0,2,23.8,62.1
2026-06-24 18:19:14,18,Wednesday,0,2,23.8,62.2
2026-06-24 18:20:14,18,Wednesday,0,2,23.7,62.2
2026-06-24 18:21:14,18,Wednesday,0,2,23.7,62.1
2026-06-24 18:22:14,18,Wednesday,0,2,23.7,62.1
2026-06-24 18:23:14,18,Wednesday,0,2,23.7,61.8
2026-06-24 18:24:14,18,Wednesday,0,2,23.6,61.8
2026-06-24 18:25:14,18,Wednesday,0,2,23.6,61.8
2026-06-24 18:26:14,18,Wednesday,0,2,23.6,61.7
2026-06-24 18:27:14,18,Wednesday,0,2,23.6,61.6
2026-06-24 18:28:14,18,Wednesday,0,2,23.6,61.7
2026-06-24 18:29:14,18,Wednesday,0,2,23.6,61.7
2026-06-24 18:30:14,18,Wednesday,0,2,23.6,61.9
2026-06-24 18:31:14,18,Wednesday,0,2,23.6,61.8
2026-06-24 18:32:14,18,Wednesday,0,2,23.5,61.7
2026-06-24 18:33:14,18,Wednesday,0,2,23.5,61.8
2026-06-24 18:34:14,18,Wednesday,0,2,23.5,61.8
2026-06-24 18:35:14,18,Wednesday,0,2,23.5,61.7
2026-06-24 18:36:14,18,Wednesday,0,2,23.4,61.9
2026-06-24 18:37:14,18,Wednesday,0,2,23.5,61.9
2026-06-24 18:38:14,18,Wednesday,0,2,23.4,61.9
2026-06-24 18:39:14,18,Wednesday,0,2,23.4,61.9
2026-06-24 18:40:14,18,Wednesday,0,2,23.4,61.9
2026-06-24 18:41:14,18,Wednesday,0,2,23.4,61.8
2026-06-24 18:42:14,18,Wednesday,0,2,23.4,61.8
2026-06-24 18:43:14,18,Wednesday,0,2,23.4,61.9
2026-06-24 18:44:14,18,Wednesday,0,2,23.3,62.0
2026-06-24 18:45:14,18,Wednesday,0,2,23.4,62.0
2026-06-24 18:46:14,18,Wednesday,0,2,23.4,62.1
2026-06-24 18:47:14,18,Wednesday,0,2,23.4,62.0
2026-06-24 18:48:14,18,Wednesday,0,2,23.3,62.0
2026-06-24 18:49:14,18,Wednesday,0,2,23.3,62.0
2026-06-24 18:50:14,18,Wednesday,0,2,23.3,62.2
2026-06-24 18:51:14,18,Wednesday,0,2,23.3,62.2
2026-06-24 18:52:14,18,Wednesday,0,2,23.3,62.1
2026-06-24 18:53:14,18,Wednesday,0,2,23.2,62.2
2026-06-24 18:54:14,18,Wednesday,0,2,23.2,62.2
2026-06-24 18:55:14,18,Wednesday,0,2,23.2,62.2
2026-06-24 18:56:14,18,Wednesday,0,2,23.2,62.4
2026-06-24 18:57:14,18,Wednesday,0,2,23.2,62.3
2026-06-24 18:58:14,18,Wednesday,0,2,23.2,62.3
2026-06-24 18:59:14,18,Wednesday,0,2,23.2,62.2
2026-06-24 19:00:14,19,Wednesday,0,2,23.2,62.1
2026-06-24 19:01:14,19,Wednesday,0,2,23.2,62.0
2026-06-24 19:02:14,19,Wednesday,0,2,23.2,62.1
2026-06-24 19:03:15,19,Wednesday,0,2,23.2,62.1
2026-06-24 19:04:15,19,Wednesday,0,2,23.2,62.1
2026-06-24 19:05:15,19,Wednesday,0,2,23.2,61.8
2026-06-24 19:06:15,19,Wednesday,0,2,23.2,62.0
2026-06-24 19:07:15,19,Wednesday,0,2,23.1,62.0
2026-06-24 19:08:15,19,Wednesday,0,2,23.1,62.1
2026-06-24 19:09:15,19,Wednesday,0,2,23.1,62.0
2026-06-24 19:10:15,19,Wednesday,0,2,23.1,62.1
2026-06-24 19:11:15,19,Wednesday,0,2,23.1,62.1
2026-06-24 19:12:15,19,Wednesday,0,2,23.1,62.1
2026-06-24 19:13:15,19,Wednesday,0,2,23.1,62.0
2026-06-24 19:14:15,19,Wednesday,0,2,23.1,62.1
2026-06-24 19:15:15,19,Wednesday,0,2,23.0,62.2
2026-06-24 19:16:15,19,Wednesday,0,2,23.1,62.2
2026-06-24 19:17:15,19,Wednesday,0,2,23.1,62.1
2026-06-24 19:18:15,19,Wednesday,0,2,23.1,62.4
2026-06-24 19:19:15,19,Wednesday,0,2,23.1,62.4
2026-06-24 19:20:15,19,Wednesday,0,2,23.1,62.6
2026-06-24 19:21:15,19,Wednesday,0,2,23.1,62.8
2026-06-24 19:22:15,19,Wednesday,0,2,23.1,62.7
2026-06-24 19:23:15,19,Wednesday,0,2,23.1,62.8
2026-06-24 19:24:15,19,Wednesday,0,2,23.1,62.9
2026-06-24 19:25:15,19,Wednesday,0,2,23.1,63.1
2026-06-24 19:26:15,19,Wednesday,0,2,23.1,63.1
2026-06-24 19:27:15,19,Wednesday,0,2,23.1,63.0
2026-06-24 19:28:15,19,Wednesday,0,2,23.1,63.2
2026-06-24 19:29:15,19,Wednesday,0,2,23.1,63.1
2026-06-24 19:30:15,19,Wednesday,0,2,23.1,63.3
2026-06-24 19:31:15,19,Wednesday,0,2,23.1,63.4
2026-06-24 19:32:15,19,Wednesday,0,2,23.1,63.2
2026-06-24 19:33:15,19,Wednesday,0,2,23.1,63.2
2026-06-24 19:34:15,19,Wednesday,0,2,23.1,63.2
2026-06-24 19:35:15,19,Wednesday,0,2,23.0,63.2
2026-06-24 19:36:15,19,Wednesday,0,2,23.0,63.2
2026-06-24 19:37:15,19,Wednesday,0,2,23.0,63.3
2026-06-24 19:38:15,19,Wednesday,0,2,23.1,63.1
2026-06-24 19:39:15,19,Wednesday,0,2,23.0,63.0
2026-06-24 19:40:15,19,Wednesday,0,2,23.0,63.2
2026-06-24 19:41:15,19,Wednesday,0,2,23.0,63.1
2026-06-24 19:42:15,19,Wednesday,0,2,22.9,63.2
2026-06-24 19:43:15,19,Wednesday,0,2,23.0,63.2
2026-06-24 19:44:15,19,Wednesday,0,2,22.9,63.2
2026-06-24 19:45:15,19,Wednesday,0,2,23.0,63.3
2026-06-24 19:46:15,19,Wednesday,0,2,22.9,63.3
2026-06-24 19:47:15,19,Wednesday,0,2,22.9,63.3
2026-06-24 19:48:15,19,Wednesday,0,2,22.9,63.3
2026-06-24 19:49:15,19,Wednesday,0,2,22.9,63.4
2026-06-24 19:50:15,19,Wednesday,0,2,22.9,63.4
2026-06-24 19:51:15,19,Wednesday,0,2,22.9,63.4
2026-06-24 19:52:15,19,Wednesday,0,2,22.9,63.2
2026-06-24 19:53:15,19,Wednesday,0,2,22.9,63.3
2026-06-24 19:54:15,19,Wednesday,0,2,22.9,63.4
2026-06-24 19:55:15,19,Wednesday,0,2,22.9,63.5
2026-06-24 19:56:16,19,Wednesday,0,2,22.9,63.4
2026-06-24 19:57:16,19,Wednesday,0,2,22.8,63.4
2026-06-24 19:58:16,19,Wednesday,0,2,22.8,63.4
2026-06-24 19:59:16,19,Wednesday,0,2,22.9,63.3
2026-06-24 20:00:16,20,Wednesday,0,2,22.8,63.4
2026-06-24 20:01:16,20,Wednesday,0,2,22.8,63.3
2026-06-24 20:02:16,20,Wednesday,0,2,22.9,63.3
2026-06-24 20:03:16,20,Wednesday,0,2,22.8,63.3
2026-06-24 20:04:16,20,Wednesday,0,2,22.8,63.5
2026-06-24 20:05:16,20,Wednesday,0,2,22.8,63.5
2026-06-24 20:06:16,20,Wednesday,0,2,22.7,63.4
2026-06-24 20:07:16,20,Wednesday,0,2,22.8,63.3
2026-06-24 20:08:16,20,Wednesday,0,2,22.8,63.4
2026-06-24 20:09:16,20,Wednesday,0,2,22.8,63.3
2026-06-24 20:10:16,20,Wednesday,0,2,22.8,63.4
2026-06-24 20:11:16,20,Wednesday,0,2,22.7,63.4
2026-06-24 20:12:16,20,Wednesday,0,2,22.8,63.5
2026-06-24 20:13:16,20,Wednesday,0,2,22.8,63.3
2026-06-24 20:14:16,20,Wednesday,0,2,22.7,63.4
2026-06-24 20:15:16,20,Wednesday,0,2,22.8,63.5
2026-06-24 20:16:16,20,Wednesday,0,2,22.8,63.4
2026-06-24 20:17:16,20,Wednesday,0,2,22.8,63.5
2026-06-24 20:18:16,20,Wednesday,0,2,22.8,63.6
2026-06-24 20:19:16,20,Wednesday,0,2,22.7,63.6
2026-06-24 20:20:16,20,Wednesday,0,2,22.8,63.6
2026-06-24 20:21:16,20,Wednesday,0,2,22.7,63.6
2026-06-24 20:22:16,20,Wednesday,0,2,22.7,63.5
2026-06-24 20:23:16,20,Wednesday,0,2,22.7,63.7
2026-06-24 20:24:16,20,Wednesday,0,2,22.7,63.7
2026-06-24 20:25:16,20,Wednesday,0,2,22.7,63.9
2026-06-24 20:26:16,20,Wednesday,0,2,22.7,63.9
2026-06-24 20:27:16,20,Wednesday,0,2,22.7,63.9
2026-06-24 20:28:16,20,Wednesday,0,2,22.7,64.1
2026-06-24 20:29:16,20,Wednesday,0,2,22.8,64.1
2026-06-24 20:30:16,20,Wednesday,0,2,22.8,64.2
2026-06-24 20:31:16,20,Wednesday,0,2,22.8,64.2
2026-06-24 20:32:16,20,Wednesday,0,2,22.8,64.3
2026-06-24 20:33:16,20,Wednesday,0,2,22.8,64.2
2026-06-24 20:34:16,20,Wednesday,0,2,22.8,64.3
2026-06-24 20:35:16,20,Wednesday,0,2,22.8,64.5
2026-06-24 20:36:16,20,Wednesday,0,2,22.8,64.5
2026-06-24 20:37:16,20,Wednesday,0,2,22.8,64.6
2026-06-24 20:38:16,20,Wednesday,0,2,22.8,64.7
2026-06-24 20:39:16,20,Wednesday,0,2,22.7,64.7
2026-06-24 20:40:16,20,Wednesday,0,2,22.7,64.8
2026-06-24 20:41:16,20,Wednesday,0,2,22.7,64.8
2026-06-24 20:42:16,20,Wednesday,0,2,22.8,64.9
2026-06-24 20:43:16,20,Wednesday,0,2,22.7,65.1
2026-06-24 20:44:16,20,Wednesday,0,2,22.8,65.1
2026-06-24 20:45:16,20,Wednesday,0,2,22.8,65.0
2026-06-24 20:46:16,20,Wednesday,0,2,22.7,65.0
2026-06-24 20:47:16,20,Wednesday,0,2,22.8,65.1
2026-06-24 20:48:16,20,Wednesday,0,2,22.8,65.0
2026-06-24 20:49:16,20,Wednesday,0,2,22.8,65.2
2026-06-24 20:50:16,20,Wednesday,0,2,22.7,65.1
2026-06-24 20:51:17,20,Wednesday,0,2,22.8,65.1
2026-06-24 20:52:17,20,Wednesday,0,2,22.8,65.1
2026-06-24 20:53:17,20,Wednesday,0,2,22.8,65.1
2026-06-24 20:54:17,20,Wednesday,0,2,22.8,65.1
2026-06-24 20:55:17,20,Wednesday,0,2,22.8,65.1
2026-06-24 20:56:17,20,Wednesday,0,2,22.8,65.0
2026-06-24 20:57:17,20,Wednesday,0,2,22.7,65.1
2026-06-24 20:58:17,20,Wednesday,0,2,22.8,65.1
2026-06-24 20:59:17,20,Wednesday,0,2,22.8,65.1
2026-06-24 21:00:17,21,Wednesday,0,2,22.7,65.1
2026-06-24 21:01:17,21,Wednesday,0,2,22.7,65.2
2026-06-24 21:02:17,21,Wednesday,0,2,22.7,65.0
2026-06-24 21:03:17,21,Wednesday,0,2,22.7,65.0
2026-06-24 21:04:17,21,Wednesday,0,2,22.7,65.2
2026-06-24 21:05:17,21,Wednesday,0,2,22.7,65.0
2026-06-24 21:06:17,21,Wednesday,0,2,22.7,65.1
2026-06-24 21:07:17,21,Wednesday,0,2,22.7,64.9
2026-06-24 21:08:17,21,Wednesday,0,2,22.7,64.8
2026-06-24 21:09:17,21,Wednesday,0,2,22.6,65.0
2026-06-24 21:10:17,21,Wednesday,0,2,22.6,64.9
2026-06-24 21:11:17,21,Wednesday,0,2,22.7,64.8
2026-06-24 21:12:17,21,Wednesday,0,2,22.7,64.8
2026-06-24 21:13:17,21,Wednesday,0,2,22.6,64.6
2026-06-24 21:14:17,21,Wednesday,0,2,22.6,64.5
2026-06-24 21:15:17,21,Wednesday,0,2,22.6,64.5
2026-06-24 21:16:17,21,Wednesday,0,2,22.6,64.5
2026-06-24 21:17:17,21,Wednesday,0,2,22.5,64.4
2026-06-24 21:18:17,21,Wednesday,0,2,22.5,64.4
2026-06-24 21:19:17,21,Wednesday,0,2,22.6,64.3
2026-06-24 21:20:17,21,Wednesday,0,2,22.5,64.3
2026-06-24 21:21:17,21,Wednesday,0,2,22.5,64.3
2026-06-24 21:22:17,21,Wednesday,0,2,22.5,64.1
2026-06-24 21:23:17,21,Wednesday,0,2,22.5,64.1
2026-06-24 21:24:17,21,Wednesday,0,2,22.5,64.1
2026-06-24 21:25:17,21,Wednesday,0,2,22.5,64.0
2026-06-24 21:26:17,21,Wednesday,0,2,22.5,63.8
2026-06-24 21:27:17,21,Wednesday,0,2,22.5,63.9
2026-06-24 21:28:17,21,Wednesday,0,2,22.5,63.8
2026-06-24 21:29:17,21,Wednesday,0,2,22.5,63.9
2026-06-24 21:30:17,21,Wednesday,0,2,22.5,63.8
2026-06-24 21:31:17,21,Wednesday,0,2,22.5,63.7
2026-06-24 21:32:17,21,Wednesday,0,2,22.5,63.7
2026-06-24 21:33:17,21,Wednesday,0,2,22.4,63.7
2026-06-24 21:34:17,21,Wednesday,0,2,22.4,63.7
2026-06-24 21:35:17,21,Wednesday,0,2,22.4,63.7
2026-06-24 21:36:17,21,Wednesday,0,2,22.4,63.6
2026-06-24 21:37:17,21,Wednesday,0,2,22.3,63.7
2026-06-24 21:38:17,21,Wednesday,0,2,22.3,63.7
2026-06-24 21:39:17,21,Wednesday,0,2,22.3,63.6
2026-06-24 21:40:17,21,Wednesday,0,2,22.3,63.6
2026-06-24 21:41:17,21,Wednesday,0,2,22.3,63.7
2026-06-24 21:42:17,21,Wednesday,0,2,22.3,63.5
2026-06-24 21:43:17,21,Wednesday,0,2,22.3,63.5
2026-06-24 21:44:17,21,Wednesday,0,2,22.3,63.3
2026-06-24 21:45:18,21,Wednesday,0,2,22.3,63.4
2026-06-24 21:46:18,21,Wednesday,0,2,22.3,63.2
2026-06-24 21:47:18,21,Wednesday,0,2,22.3,63.3
2026-06-24 21:48:18,21,Wednesday,0,2,22.3,63.3
2026-06-24 21:49:18,21,Wednesday,0,2,22.3,63.3
2026-06-24 21:50:18,21,Wednesday,0,2,22.3,63.5
2026-06-24 21:51:18,21,Wednesday,0,2,22.3,63.4
2026-06-24 21:52:18,21,Wednesday,0,2,22.3,63.4
2026-06-24 21:53:18,21,Wednesday,0,2,22.2,63.5
2026-06-24 21:54:18,21,Wednesday,0,2,22.2,63.6
2026-06-24 21:55:18,21,Wednesday,0,2,22.2,63.6
2026-06-24 21:56:18,21,Wednesday,0,2,22.2,63.7
2026-06-24 21:57:18,21,Wednesday,0,2,22.2,63.5
2026-06-24 21:58:18,21,Wednesday,0,2,22.2,63.3
2026-06-24 21:59:18,21,Wednesday,0,2,22.2,63.4
2026-06-24 22:00:18,22,Wednesday,0,2,22.2,63.3
2026-06-24 22:01:18,22,Wednesday,0,2,22.2,63.3
2026-06-24 22:02:18,22,Wednesday,0,2,22.2,63.3
2026-06-24 22:03:18,22,Wednesday,0,2,22.2,63.2
2026-06-24 22:04:18,22,Wednesday,0,2,22.2,63.3
2026-06-24 22:05:18,22,Wednesday,0,2,22.2,63.2
2026-06-24 22:06:18,22,Wednesday,0,2,22.2,63.4
2026-06-24 22:07:18,22,Wednesday,0,2,22.2,63.2
2026-06-24 22:08:18,22,Wednesday,0,2,22.1,63.3
2026-06-24 22:09:18,22,Wednesday,0,2,22.1,63.4
2026-06-24 22:10:18,22,Wednesday,0,2,22.1,63.3
2026-06-24 22:11:18,22,Wednesday,0,2,22.1,63.3
2026-06-24 22:12:18,22,Wednesday,0,2,22.1,63.3
2026-06-24 22:13:18,22,Wednesday,0,2,22.1,63.3
2026-06-24 22:14:18,22,Wednesday,0,2,22.1,63.5
2026-06-24 22:15:18,22,Wednesday,0,2,22.1,63.5
2026-06-24 22:16:18,22,Wednesday,0,2,22.2,63.5
2026-06-24 22:17:18,22,Wednesday,0,2,22.2,63.7
2026-06-24 22:18:18,22,Wednesday,0,2,22.2,63.8
2026-06-24 22:19:18,22,Wednesday,0,2,22.2,63.8
2026-06-24 22:20:18,22,Wednesday,0,2,22.2,63.9
2026-06-24 22:21:18,22,Wednesday,0,2,22.2,64.1
2026-06-24 22:22:18,22,Wednesday,0,2,22.2,64.0
2026-06-24 22:23:18,22,Wednesday,0,2,22.2,64.2
2026-06-24 22:24:18,22,Wednesday,0,2,22.2,64.4
2026-06-24 22:25:18,22,Wednesday,0,2,22.2,64.5
2026-06-24 22:26:18,22,Wednesday,0,2,22.2,64.4
2026-06-24 22:27:18,22,Wednesday,0,2,22.2,64.4
2026-06-24 22:28:18,22,Wednesday,0,2,22.2,64.6
2026-06-24 22:29:18,22,Wednesday,0,2,22.2,64.7
2026-06-24 22:30:18,22,Wednesday,0,2,22.2,64.7
2026-06-24 22:31:18,22,Wednesday,0,2,22.2,64.7
2026-06-24 22:32:18,22,Wednesday,0,2,22.2,64.7
2026-06-24 22:33:18,22,Wednesday,0,2,22.2,64.7
2026-06-24 22:34:18,22,Wednesday,0,2,22.2,64.7
2026-06-24 22:35:18,22,Wednesday,0,2,22.2,64.6
2026-06-24 22:36:18,22,Wednesday,0,2,22.2,64.7
2026-06-24 22:37:18,22,Wednesday,0,2,22.1,64.8
2026-06-24 22:38:18,22,Wednesday,0,2,22.2,64.7
2026-06-24 22:39:19,22,Wednesday,0,2,22.2,64.8
2026-06-24 22:40:19,22,Wednesday,0,2,22.2,64.7
2026-06-24 22:41:19,22,Wednesday,0,2,22.2,64.5
2026-06-24 22:42:19,22,Wednesday,0,2,22.2,64.7
2026-06-24 22:43:19,22,Wednesday,0,2,22.2,64.8
2026-06-24 22:44:19,22,Wednesday,0,2,22.2,64.6
2026-06-24 22:45:19,22,Wednesday,0,2,22.2,64.8
2026-06-24 22:46:19,22,Wednesday,0,2,22.2,64.8
2026-06-24 22:47:19,22,Wednesday,0,2,22.2,64.8
2026-06-24 22:48:19,22,Wednesday,0,2,22.2,64.9
2026-06-24 22:49:19,22,Wednesday,0,2,22.2,64.9
2026-06-24 22:50:19,22,Wednesday,0,2,22.2,65.0
2026-06-24 22:51:19,22,Wednesday,0,2,22.2,65.1
2026-06-24 22:52:19,22,Wednesday,0,2,22.2,64.9
2026-06-24 22:53:19,22,Wednesday,0,2,22.1,64.9
2026-06-24 22:54:19,22,Wednesday,0,2,22.1,65.0
2026-06-24 22:55:19,22,Wednesday,0,2,22.1,65.0
2026-06-24 22:56:19,22,Wednesday,0,2,22.1,64.9
2026-06-24 22:57:19,22,Wednesday,0,2,22.1,64.9
2026-06-24 22:58:19,22,Wednesday,0,2,22.1,65.0
2026-06-24 22:59:19,22,Wednesday,0,2,22.1,64.9
2026-06-24 23:00:19,23,Wednesday,0,2,22.1,64.9
2026-06-24 23:01:19,23,Wednesday,0,2,22.1,65.0
2026-06-24 23:02:19,23,Wednesday,0,2,22.1,65.0
2026-06-24 23:03:19,23,Wednesday,0,2,22.1,65.0
2026-06-24 23:04:19,23,Wednesday,0,2,22.1,65.1
2026-06-24 23:05:19,23,Wednesday,0,2,22.1,65.0
2026-06-24 23:06:19,23,Wednesday,0,2,22.1,65.0
2026-06-24 23:07:19,23,Wednesday,0,2,22.1,64.9
2026-06-24 23:08:19,23,Wednesday,0,2,22.1,65.2
2026-06-24 23:09:19,23,Wednesday,0,2,22.1,65.2
2026-06-24 23:10:19,23,Wednesday,0,2,22.1,65.3
2026-06-24 23:11:19,23,Wednesday,0,2,22.1,65.3
2026-06-24 23:12:19,23,Wednesday,0,2,22.1,65.3
2026-06-24 23:13:19,23,Wednesday,0,2,22.1,65.1
2026-06-24 23:14:19,23,Wednesday,0,2,22.1,65.1
2026-06-24 23:15:19,23,Wednesday,0,2,22.1,65.1
2026-06-24 23:16:19,23,Wednesday,0,2,22.1,65.1
2026-06-24 23:17:19,23,Wednesday,0,2,22.1,65.0
2026-06-24 23:18:19,23,Wednesday,0,2,22.1,65.0
2026-06-24 23:19:19,23,Wednesday,0,2,22.1,64.9
2026-06-24 23:20:19,23,Wednesday,0,2,22.0,64.8
2026-06-24 23:21:19,23,Wednesday,0,2,22.0,64.8
2026-06-24 23:22:19,23,Wednesday,0,2,22.0,64.9
2026-06-24 23:23:19,23,Wednesday,0,2,22.0,65.0
2026-06-24 23:24:19,23,Wednesday,0,2,22.0,64.9
2026-06-24 23:25:19,23,Wednesday,0,2,22.0,64.9
2026-06-24 23:26:19,23,Wednesday,0,2,22.0,64.8
2026-06-24 23:27:19,23,Wednesday,0,2,22.0,64.8
2026-06-24 23:28:19,23,Wednesday,0,2,22.0,64.9
2026-06-24 23:29:19,23,Wednesday,0,2,22.0,64.8
2026-06-24 23:30:19,23,Wednesday,0,2,22.0,64.7
2026-06-24 23:31:19,23,Wednesday,0,2,22.0,64.7
2026-06-24 23:32:19,23,Wednesday,0,2,22.0,64.7
2026-06-24 23:33:19,23,Wednesday,0,2,22.0,64.6
2026-06-24 23:34:20,23,Wednesday,0,2,22.0,64.7
2026-06-24 23:35:20,23,Wednesday,0,2,21.9,64.6
2026-06-24 23:36:20,23,Wednesday,0,2,21.9,64.7
2026-06-24 23:37:20,23,Wednesday,0,2,21.9,64.5
2026-06-24 23:38:20,23,Wednesday,0,2,21.9,64.5
2026-06-24 23:39:20,23,Wednesday,0,2,21.9,64.7
2026-06-24 23:40:20,23,Wednesday,0,2,21.9,64.6
2026-06-24 23:41:20,23,Wednesday,0,2,21.9,64.6
2026-06-24 23:42:20,23,Wednesday,0,2,21.8,64.7
2026-06-24 23:43:20,23,Wednesday,0,2,21.8,64.8
2026-06-24 23:44:20,23,Wednesday,0,2,21.9,64.7
2026-06-24 23:45:20,23,Wednesday,0,2,21.9,64.6
2026-06-24 23:46:20,23,Wednesday,0,2,21.8,64.4
2026-06-24 23:47:20,23,Wednesday,0,2,21.8,64.4
2026-06-24 23:48:20,23,Wednesday,0,2,21.9,64.5
2026-06-24 23:49:20,23,Wednesday,0,2,21.8,64.5
2026-06-24 23:50:20,23,Wednesday,0,2,21.8,64.4
2026-06-24 23:51:20,23,Wednesday,0,2,21.8,64.4
2026-06-24 23:52:20,23,Wednesday,0,2,21.8,64.4
2026-06-24 23:53:20,23,Wednesday,0,2,21.8,64.4
2026-06-24 23:54:20,23,Wednesday,0,2,21.8,64.5
2026-06-24 23:55:20,23,Wednesday,0,2,21.8,64.7
2026-06-24 23:56:20,23,Wednesday,0,2,21.8,64.6
2026-06-24 23:57:20,23,Wednesday,0,2,21.8,64.5
2026-06-24 23:58:20,23,Wednesday,0,2,21.7,64.5
2026-06-24 23:59:20,23,Wednesday,0,2,21.7,64.4
2026-06-25 00:00:20,0,Thursday,0,3,21.7,64.4
2026-06-25 00:01:20,0,Thursday,0,3,21.7,64.5
2026-06-25 00:02:20,0,Thursday,0,3,21.7,64.5
2026-06-25 00:03:20,0,Thursday,0,3,21.8,64.4
2026-06-25 00:04:20,0,Thursday,0,3,21.7,64.3
2026-06-25 00:05:20,0,Thursday,0,3,21.7,64.3
2026-06-25 00:06:20,0,Thursday,0,3,21.7,64.3
2026-06-25 00:07:20,0,Thursday,0,3,21.7,64.3
2026-06-25 00:08:20,0,Thursday,0,3,21.7,64.2
2026-06-25 00:09:20,0,Thursday,0,3,21.7,64.1
2026-06-25 00:10:20,0,Thursday,0,3,21.7,64.3
2026-06-25 00:11:20,0,Thursday,0,3,21.7,64.3
2026-06-25 00:12:20,0,Thursday,0,3,21.7,64.2
2026-06-25 00:13:20,0,Thursday,0,3,21.7,64.2
2026-06-25 00:14:20,0,Thursday,0,3,21.7,64.1
2026-06-25 00:15:20,0,Thursday,0,3,21.7,64.0
2026-06-25 00:16:20,0,Thursday,0,3,21.7,64.0
2026-06-25 00:17:20,0,Thursday,0,3,21.7,64.0
2026-06-25 00:18:20,0,Thursday,0,3,21.6,64.1
2026-06-25 00:19:20,0,Thursday,0,3,21.6,64.0
2026-06-25 00:20:20,0,Thursday,0,3,21.6,64.0
2026-06-25 00:21:20,0,Thursday,0,3,21.6,64.0
2026-06-25 00:22:20,0,Thursday,0,3,21.6,64.0
2026-06-25 00:23:20,0,Thursday,0,3,21.6,64.1
2026-06-25 00:24:20,0,Thursday,0,3,21.6,64.1
2026-06-25 00:25:20,0,Thursday,0,3,21.6,63.9
2026-06-25 00:26:20,0,Thursday,0,3,21.6,64.1
2026-06-25 00:27:20,0,Thursday,0,3,21.6,64.2
2026-06-25 00:28:20,0,Thursday,0,3,21.6,64.2
2026-06-25 00:29:20,0,Thursday,0,3,21.6,64.2
2026-06-25 00:30:21,0,Thursday,0,3,21.6,64.3
2026-06-25 00:31:21,0,Thursday,0,3,21.6,64.3
2026-06-25 00:32:21,0,Thursday,0,3,21.6,64.1
2026-06-25 00:33:21,0,Thursday,0,3,21.6,64.3
2026-06-25 00:34:21,0,Thursday,0,3,21.6,64.4
2026-06-25 00:35:21,0,Thursday,0,3,21.6,64.2
2026-06-25 00:36:21,0,Thursday,0,3,21.6,64.6
2026-06-25 00:37:21,0,Thursday,0,3,21.6,64.6
2026-06-25 00:38:21,0,Thursday,0,3,21.6,64.8
2026-06-25 00:39:21,0,Thursday,0,3,21.6,64.6
2026-06-25 00:40:21,0,Thursday,0,3,21.6,64.6
2026-06-25 00:41:21,0,Thursday,0,3,21.6,64.6
2026-06-25 00:42:21,0,Thursday,0,3,21.6,64.7
2026-06-25 00:43:21,0,Thursday,0,3,21.6,64.6
2026-06-25 00:44:21,0,Thursday,0,3,21.6,64.5
2026-06-25 00:45:21,0,Thursday,0,3,21.6,64.4
2026-06-25 00:46:21,0,Thursday,0,3,21.6,64.9
2026-06-25 00:47:21,0,Thursday,0,3,21.6,64.8
2026-06-25 00:48:21,0,Thursday,0,3,21.5,64.7
2026-06-25 00:49:21,0,Thursday,0,3,21.5,64.7
2026-06-25 00:50:21,0,Thursday,0,3,21.5,64.7
2026-06-25 00:51:21,0,Thursday,0,3,21.5,64.7
2026-06-25 00:52:21,0,Thursday,0,3,21.5,64.7
2026-06-25 00:53:21,0,Thursday,0,3,21.5,64.7
2026-06-25 00:54:21,0,Thursday,0,3,21.5,64.7
2026-06-25 00:55:21,0,Thursday,0,3,21.5,64.7
2026-06-25 00:56:21,0,Thursday,0,3,21.5,64.9
2026-06-25 00:57:21,0,Thursday,0,3,21.5,64.7
2026-06-25 00:58:21,0,Thursday,0,3,21.5,64.6
2026-06-25 00:59:21,0,Thursday,0,3,21.5,64.6
2026-06-25 01:00:21,1,Thursday,0,3,21.4,64.6
2026-06-25 01:01:21,1,Thursday,0,3,21.4,64.7
2026-06-25 01:02:21,1,Thursday,0,3,21.4,64.7
2026-06-25 01:03:21,1,Thursday,0,3,21.4,64.6
2026-06-25 01:04:21,1,Thursday,0,3,21.4,64.7
2026-06-25 01:05:21,1,Thursday,0,3,21.5,64.7
2026-06-25 01:06:21,1,Thursday,0,3,21.5,64.7
2026-06-25 01:07:21,1,Thursday,0,3,21.4,64.7
2026-06-25 01:08:21,1,Thursday,0,3,21.4,64.7
2026-06-25 01:09:21,1,Thursday,0,3,21.5,64.6
2026-06-25 01:10:21,1,Thursday,0,3,21.5,64.7
2026-06-25 01:11:21,1,Thursday,0,3,21.5,64.6
2026-06-25 01:12:21,1,Thursday,0,3,21.5,64.5
2026-06-25 01:13:21,1,Thursday,0,3,21.5,64.5
2026-06-25 01:14:21,1,Thursday,0,3,21.4,64.5
2026-06-25 01:15:21,1,Thursday,0,3,21.4,64.7
2026-06-25 01:16:21,1,Thursday,0,3,21.4,64.7
2026-06-25 01:17:21,1,Thursday,0,3,21.4,64.7
2026-06-25 01:18:21,1,Thursday,0,3,21.3,64.8
2026-06-25 01:19:21,1,Thursday,0,3,21.3,64.7
2026-06-25 01:20:21,1,Thursday,0,3,21.4,64.7
2026-06-25 01:21:21,1,Thursday,0,3,21.4,64.7
2026-06-25 01:22:21,1,Thursday,0,3,21.4,64.6
2026-06-25 01:23:21,1,Thursday,0,3,21.4,64.5
2026-06-25 01:24:21,1,Thursday,0,3,21.4,64.5
2026-06-25 01:25:21,1,Thursday,0,3,21.4,64.4
2026-06-25 01:26:22,1,Thursday,0,3,21.4,64.5
2026-06-25 01:27:22,1,Thursday,0,3,21.3,64.6
2026-06-25 01:28:22,1,Thursday,0,3,21.3,64.7
2026-06-25 01:29:22,1,Thursday,0,3,21.3,64.5
2026-06-25 01:30:22,1,Thursday,0,3,21.3,64.4
2026-06-25 01:31:22,1,Thursday,0,3,21.3,64.6
2026-06-25 01:32:22,1,Thursday,0,3,21.3,64.5
2026-06-25 01:33:22,1,Thursday,0,3,21.3,64.5
2026-06-25 01:34:22,1,Thursday,0,3,21.3,64.5
2026-06-25 01:35:22,1,Thursday,0,3,21.3,64.3
2026-06-25 01:36:22,1,Thursday,0,3,21.3,64.5
2026-06-25 01:37:22,1,Thursday,0,3,21.3,64.5
2026-06-25 01:38:22,1,Thursday,0,3,21.3,64.6
2026-06-25 01:39:22,1,Thursday,0,3,21.3,64.7
2026-06-25 01:40:22,1,Thursday,0,3,21.3,64.7
2026-06-25 01:41:22,1,Thursday,0,3,21.3,64.6
2026-06-25 01:42:22,1,Thursday,0,3,21.3,64.6
2026-06-25 01:43:22,1,Thursday,0,3,21.3,64.6
2026-06-25 01:44:22,1,Thursday,0,3,21.3,64.6
2026-06-25 01:45:22,1,Thursday,0,3,21.3,64.5
2026-06-25 01:46:22,1,Thursday,0,3,21.3,64.6
2026-06-25 01:47:22,1,Thursday,0,3,21.3,64.6
2026-06-25 01:48:22,1,Thursday,0,3,21.3,64.5
2026-06-25 01:49:22,1,Thursday,0,3,21.3,64.4
2026-06-25 01:50:22,1,Thursday,0,3,21.3,64.3
2026-06-25 01:51:22,1,Thursday,0,3,21.3,64.2
2026-06-25 01:52:22,1,Thursday,0,3,21.3,64.3
2026-06-25 01:53:22,1,Thursday,0,3,21.3,64.3
2026-06-25 01:54:22,1,Thursday,0,3,21.3,64.2
2026-06-25 01:55:22,1,Thursday,0,3,21.2,64.1
2026-06-25 01:56:22,1,Thursday,0,3,21.2,64.2
2026-06-25 01:57:22,1,Thursday,0,3,21.2,64.3
2026-06-25 01:58:22,1,Thursday,0,3,21.2,64.4
2026-06-25 01:59:22,1,Thursday,0,3,21.2,64.4
2026-06-25 02:00:22,2,Thursday,0,3,21.2,64.4
2026-06-25 02:01:22,2,Thursday,0,3,21.2,64.4
2026-06-25 02:02:22,2,Thursday,0,3,21.2,64.5
2026-06-25 02:03:22,2,Thursday,0,3,21.2,64.5
2026-06-25 02:04:22,2,Thursday,0,3,21.2,64.4
2026-06-25 02:05:22,2,Thursday,0,3,21.2,64.4
2026-06-25 02:06:22,2,Thursday,0,3,21.2,64.5
2026-06-25 02:07:22,2,Thursday,0,3,21.2,64.3
2026-06-25 02:08:22,2,Thursday,0,3,21.2,64.2
2026-06-25 02:09:22,2,Thursday,0,3,21.1,64.4
2026-06-25 02:10:22,2,Thursday,0,3,21.1,64.4
2026-06-25 02:11:22,2,Thursday,0,3,21.2,64.5
2026-06-25 02:12:22,2,Thursday,0,3,21.2,64.4
2026-06-25 02:13:22,2,Thursday,0,3,21.1,64.5
2026-06-25 02:14:22,2,Thursday,0,3,21.1,64.4
2026-06-25 02:15:22,2,Thursday,0,3,21.1,64.4
2026-06-25 02:16:22,2,Thursday,0,3,21.1,64.2
2026-06-25 02:17:22,2,Thursday,0,3,21.1,64.4
2026-06-25 02:18:22,2,Thursday,0,3,21.1,64.4
2026-06-25 02:19:22,2,Thursday,0,3,21.1,64.4
2026-06-25 02:20:22,2,Thursday,0,3,21.1,64.3
2026-06-25 02:21:22,2,Thursday,0,3,21.1,64.4
2026-06-25 02:22:23,2,Thursday,0,3,21.1,64.4
2026-06-25 02:23:23,2,Thursday,0,3,21.1,64.4
2026-06-25 02:24:23,2,Thursday,0,3,21.0,64.4
2026-06-25 02:25:23,2,Thursday,0,3,21.0,64.4
2026-06-25 02:26:23,2,Thursday,0,3,21.0,64.4
2026-06-25 02:27:23,2,Thursday,0,3,21.0,64.3
2026-06-25 02:28:23,2,Thursday,0,3,21.0,64.3
2026-06-25 02:29:23,2,Thursday,0,3,21.0,64.3
2026-06-25 02:30:23,2,Thursday,0,3,21.0,64.4
2026-06-25 02:31:23,2,Thursday,0,3,21.0,64.3
2026-06-25 02:32:23,2,Thursday,0,3,21.0,64.4
2026-06-25 02:33:23,2,Thursday,0,3,21.0,64.3
2026-06-25 02:34:23,2,Thursday,0,3,21.0,64.2
2026-06-25 02:35:23,2,Thursday,0,3,21.0,64.1
2026-06-25 02:36:23,2,Thursday,0,3,20.9,64.1
2026-06-25 02:37:23,2,Thursday,0,3,21.0,64.2
2026-06-25 02:38:23,2,Thursday,0,3,20.9,64.2
2026-06-25 02:39:23,2,Thursday,0,3,20.9,64.3
2026-06-25 02:40:23,2,Thursday,0,3,21.0,64.1
2026-06-25 02:41:23,2,Thursday,0,3,21.0,64.1
2026-06-25 02:42:23,2,Thursday,0,3,21.0,64.1
2026-06-25 02:43:23,2,Thursday,0,3,21.0,64.1
2026-06-25 02:44:23,2,Thursday,0,3,20.9,64.2
2026-06-25 02:45:23,2,Thursday,0,3,20.9,64.1
2026-06-25 02:46:23,2,Thursday,0,3,20.9,64.0
2026-06-25 02:47:23,2,Thursday,0,3,20.9,64.0
2026-06-25 02:48:23,2,Thursday,0,3,20.9,64.1
2026-06-25 02:49:23,2,Thursday,0,3,20.9,64.0
2026-06-25 02:50:23,2,Thursday,0,3,20.9,64.0
2026-06-25 02:51:23,2,Thursday,0,3,20.9,64.0
2026-06-25 02:52:23,2,Thursday,0,3,20.9,64.0
2026-06-25 02:53:23,2,Thursday,0,3,20.9,64.0
2026-06-25 02:54:23,2,Thursday,0,3,20.9,63.9
2026-06-25 02:55:23,2,Thursday,0,3,20.9,64.1
2026-06-25 02:56:23,2,Thursday,0,3,20.9,64.0
2026-06-25 02:57:23,2,Thursday,0,3,20.9,64.0
2026-06-25 02:58:23,2,Thursday,0,3,20.9,64.0
2026-06-25 02:59:23,2,Thursday,0,3,20.8,63.9
2026-06-25 03:00:23,3,Thursday,0,3,20.9,64.0
2026-06-25 03:01:23,3,Thursday,0,3,20.9,63.9
2026-06-25 03:02:23,3,Thursday,0,3,20.9,64.1
2026-06-25 03:03:23,3,Thursday,0,3,20.8,64.1
2026-06-25 03:04:23,3,Thursday,0,3,20.8,64.1
2026-06-25 03:05:23,3,Thursday,0,3,20.8,64.1
2026-06-25 03:06:23,3,Thursday,0,3,20.8,64.1
2026-06-25 03:07:23,3,Thursday,0,3,20.8,64.0
2026-06-25 03:08:23,3,Thursday,0,3,20.8,64.1
2026-06-25 03:09:23,3,Thursday,0,3,20.8,64.0
2026-06-25 03:10:23,3,Thursday,0,3,20.8,64.0
2026-06-25 03:11:23,3,Thursday,0,3,20.8,64.1
2026-06-25 03:12:23,3,Thursday,0,3,20.9,64.1
2026-06-25 03:13:23,3,Thursday,0,3,20.9,64.0
2026-06-25 03:14:23,3,Thursday,0,3,20.9,64.1
2026-06-25 03:15:23,3,Thursday,0,3,20.9,64.1
2026-06-25 03:16:23,3,Thursday,0,3,20.9,64.1
2026-06-25 03:17:23,3,Thursday,0,3,20.8,64.1
2026-06-25 03:18:23,3,Thursday,0,3,20.8,64.2
2026-06-25 03:19:24,3,Thursday,0,3,20.8,64.2
2026-06-25 03:20:24,3,Thursday,0,3,20.8,64.3
2026-06-25 03:21:24,3,Thursday,0,3,20.8,64.3
2026-06-25 03:22:24,3,Thursday,0,3,20.8,64.3
2026-06-25 03:23:24,3,Thursday,0,3,20.7,64.3
2026-06-25 03:24:24,3,Thursday,0,3,20.8,64.3
2026-06-25 03:25:24,3,Thursday,0,3,20.8,64.2
2026-06-25 03:26:24,3,Thursday,0,3,20.7,64.2
2026-06-25 03:27:24,3,Thursday,0,3,20.8,64.2
2026-06-25 03:28:24,3,Thursday,0,3,20.7,64.3
2026-06-25 03:29:24,3,Thursday,0,3,20.8,64.1
2026-06-25 03:30:24,3,Thursday,0,3,20.7,64.1
2026-06-25 03:31:24,3,Thursday,0,3,20.7,64.3
2026-06-25 03:32:24,3,Thursday,0,3,20.7,64.2
2026-06-25 03:33:24,3,Thursday,0,3,20.7,64.1
2026-06-25 03:34:24,3,Thursday,0,3,20.7,64.1
2026-06-25 03:35:24,3,Thursday,0,3,20.7,63.9
2026-06-25 03:36:24,3,Thursday,0,3,20.7,64.0
2026-06-25 03:37:24,3,Thursday,0,3,20.7,64.1
2026-06-25 03:38:24,3,Thursday,0,3,20.7,64.1
2026-06-25 03:39:24,3,Thursday,0,3,20.7,64.1
2026-06-25 03:40:24,3,Thursday,0,3,20.7,64.2
2026-06-25 03:41:24,3,Thursday,0,3,20.7,64.3
2026-06-25 03:42:24,3,Thursday,0,3,20.7,64.3
2026-06-25 03:43:24,3,Thursday,0,3,20.7,64.3
2026-06-25 03:44:24,3,Thursday,0,3,20.7,64.4
2026-06-25 03:45:24,3,Thursday,0,3,20.7,64.4
2026-06-25 03:46:24,3,Thursday,0,3,20.7,64.5
2026-06-25 03:47:24,3,Thursday,0,3,20.7,64.4
2026-06-25 03:48:24,3,Thursday,0,3,20.7,64.5
2026-06-25 03:49:24,3,Thursday,0,3,20.7,64.6
2026-06-25 03:50:24,3,Thursday,0,3,20.7,64.4
2026-06-25 03:51:24,3,Thursday,0,3,20.7,64.6
2026-06-25 03:52:24,3,Thursday,0,3,20.7,64.6
2026-06-25 03:53:24,3,Thursday,0,3,20.7,64.6
2026-06-25 03:54:24,3,Thursday,0,3,20.7,64.6
2026-06-25 03:55:24,3,Thursday,0,3,20.7,64.6
2026-06-25 03:56:24,3,Thursday,0,3,20.7,64.5
2026-06-25 03:57:24,3,Thursday,0,3,20.7,64.6
2026-06-25 03:58:24,3,Thursday,0,3,20.6,64.7
2026-06-25 03:59:24,3,Thursday,0,3,20.7,64.5
2026-06-25 04:00:24,4,Thursday,0,3,20.7,64.6
2026-06-25 04:01:24,4,Thursday,0,3,20.7,64.5
2026-06-25 04:02:24,4,Thursday,0,3,20.7,64.4
2026-06-25 04:03:24,4,Thursday,0,3,20.7,64.4
2026-06-25 04:04:24,4,Thursday,0,3,20.7,64.4
2026-06-25 04:05:24,4,Thursday,0,3,20.7,64.4
2026-06-25 04:06:24,4,Thursday,0,3,20.7,64.3
2026-06-25 04:07:24,4,Thursday,0,3,20.6,64.3
2026-06-25 04:08:24,4,Thursday,0,3,20.7,64.5
2026-06-25 04:09:24,4,Thursday,0,3,20.6,64.5
2026-06-25 04:10:24,4,Thursday,0,3,20.6,64.5
2026-06-25 04:11:24,4,Thursday,0,3,20.6,64.5
2026-06-25 04:12:24,4,Thursday,0,3,20.7,64.5
2026-06-25 04:13:24,4,Thursday,0,3,20.6,64.5
2026-06-25 04:14:24,4,Thursday,0,3,20.6,64.6
2026-06-25 04:15:24,4,Thursday,0,3,20.6,64.6
2026-06-25 04:16:25,4,Thursday,0,3,20.6,64.6
2026-06-25 04:17:25,4,Thursday,0,3,20.6,64.4
2026-06-25 04:18:25,4,Thursday,0,3,20.6,64.5
2026-06-25 04:19:25,4,Thursday,0,3,20.6,64.5
2026-06-25 04:20:25,4,Thursday,0,3,20.6,64.5
2026-06-25 04:21:25,4,Thursday,0,3,20.6,64.5
2026-06-25 04:22:25,4,Thursday,0,3,20.6,64.6
2026-06-25 04:23:25,4,Thursday,0,3,20.6,64.5
2026-06-25 04:24:25,4,Thursday,0,3,20.6,64.6
2026-06-25 04:25:25,4,Thursday,0,3,20.6,64.6
2026-06-25 04:26:25,4,Thursday,0,3,20.6,64.5
2026-06-25 04:27:25,4,Thursday,0,3,20.6,64.6
2026-06-25 04:28:25,4,Thursday,0,3,20.6,64.5
2026-06-25 04:29:25,4,Thursday,0,3,20.6,64.6
2026-06-25 04:30:25,4,Thursday,0,3,20.6,64.6
2026-06-25 04:31:25,4,Thursday,0,3,20.6,64.7
2026-06-25 04:32:25,4,Thursday,0,3,20.6,64.6
2026-06-25 04:33:25,4,Thursday,0,3,20.6,64.5
2026-06-25 04:34:25,4,Thursday,0,3,20.6,64.5
2026-06-25 04:35:25,4,Thursday,0,3,20.6,64.4
2026-06-25 04:36:25,4,Thursday,0,3,20.6,64.4
2026-06-25 04:37:25,4,Thursday,0,3,20.6,64.5
2026-06-25 04:38:25,4,Thursday,0,3,20.6,64.6
2026-06-25 04:39:25,4,Thursday,0,3,20.6,64.6
2026-06-25 04:40:25,4,Thursday,0,3,20.6,64.6
2026-06-25 04:41:25,4,Thursday,0,3,20.6,64.6
2026-06-25 04:42:25,4,Thursday,0,3,20.6,64.7
2026-06-25 04:43:25,4,Thursday,0,3,20.6,64.8
2026-06-25 04:44:25,4,Thursday,0,3,20.6,64.8
2026-06-25 04:45:25,4,Thursday,0,3,20.6,64.8
2026-06-25 04:46:25,4,Thursday,0,3,20.6,64.7
2026-06-25 04:47:25,4,Thursday,0,3,20.6,64.8
2026-06-25 04:48:25,4,Thursday,0,3,20.5,64.7
2026-06-25 04:49:25,4,Thursday,0,3,20.5,64.7
2026-06-25 04:50:25,4,Thursday,0,3,20.5,64.7
2026-06-25 04:51:25,4,Thursday,0,3,20.5,64.6
2026-06-25 04:52:25,4,Thursday,0,3,20.5,64.6
2026-06-25 04:53:25,4,Thursday,0,3,20.5,64.6
2026-06-25 04:54:25,4,Thursday,0,3,20.5,64.6
2026-06-25 04:55:25,4,Thursday,0,3,20.5,64.7
2026-06-25 04:56:25,4,Thursday,0,3,20.5,64.9
2026-06-25 04:57:25,4,Thursday,0,3,20.5,64.7
2026-06-25 04:58:25,4,Thursday,0,3,20.5,64.8
2026-06-25 04:59:25,4,Thursday,0,3,20.5,64.8
2026-06-25 05:00:25,5,Thursday,0,3,20.5,64.8
2026-06-25 05:01:25,5,Thursday,0,3,20.5,64.8
2026-06-25 05:02:25,5,Thursday,0,3,20.5,64.8
2026-06-25 05:03:25,5,Thursday,0,3,20.5,64.9
2026-06-25 05:04:25,5,Thursday,0,3,20.5,64.8
2026-06-25 05:05:25,5,Thursday,0,3,20.5,64.9
2026-06-25 05:06:25,5,Thursday,0,3,20.5,64.9
2026-06-25 05:07:25,5,Thursday,0,3,20.5,64.9
2026-06-25 05:08:25,5,Thursday,0,3,20.5,65.0
2026-06-25 05:09:25,5,Thursday,0,3,20.5,64.8
2026-06-25 05:10:25,5,Thursday,0,3,20.5,65.0
2026-06-25 05:11:25,5,Thursday,0,3,20.5,65.1
2026-06-25 05:12:25,5,Thursday,0,3,20.5,65.0
2026-06-25 05:13:25,5,Thursday,0,3,20.5,64.9
2026-06-25 05:14:26,5,Thursday,0,3,20.5,64.8
2026-06-25 05:15:26,5,Thursday,0,3,20.5,65.1
2026-06-25 05:16:26,5,Thursday,0,3,20.5,65.2
2026-06-25 05:17:26,5,Thursday,0,3,20.5,65.0
2026-06-25 05:18:26,5,Thursday,0,3,20.5,65.0
2026-06-25 05:19:26,5,Thursday,0,3,20.5,65.0
2026-06-25 05:20:26,5,Thursday,0,3,20.5,65.1
2026-06-25 05:21:26,5,Thursday,0,3,20.5,65.1
2026-06-25 05:22:26,5,Thursday,0,3,20.5,65.2
2026-06-25 05:23:26,5,Thursday,0,3,20.5,65.3
2026-06-25 05:24:26,5,Thursday,0,3,20.5,65.3
2026-06-25 05:25:26,5,Thursday,0,3,20.5,65.1
2026-06-25 05:26:26,5,Thursday,0,3,20.5,65.1
2026-06-25 05:27:26,5,Thursday,0,3,20.5,65.2
2026-06-25 05:28:26,5,Thursday,0,3,20.5,65.2
2026-06-25 05:29:26,5,Thursday,0,3,20.5,65.1
2026-06-25 05:30:26,5,Thursday,0,3,20.5,65.2
2026-06-25 05:31:26,5,Thursday,0,3,20.5,65.3
2026-06-25 05:32:26,5,Thursday,0,3,20.5,65.2
2026-06-25 05:33:26,5,Thursday,0,3,20.5,65.2
2026-06-25 05:34:26,5,Thursday,0,3,20.5,65.3
2026-06-25 05:35:26,5,Thursday,0,3,20.4,65.2
2026-06-25 05:36:26,5,Thursday,0,3,20.4,65.2
2026-06-25 05:37:26,5,Thursday,0,3,20.5,65.3
2026-06-25 05:38:26,5,Thursday,0,3,20.5,65.1
2026-06-25 05:39:26,5,Thursday,0,3,20.5,65.1
2026-06-25 05:40:26,5,Thursday,0,3,20.5,65.0
2026-06-25 05:41:26,5,Thursday,0,3,20.5,65.0
2026-06-25 05:42:26,5,Thursday,0,3,20.5,65.0
2026-06-25 05:43:26,5,Thursday,0,3,20.4,65.0
2026-06-25 05:44:26,5,Thursday,0,3,20.4,65.0
2026-06-25 05:45:26,5,Thursday,0,3,20.4,64.9
2026-06-25 05:46:26,5,Thursday,0,3,20.4,64.9
2026-06-25 05:47:26,5,Thursday,0,3,20.4,65.0
2026-06-25 05:48:26,5,Thursday,0,3,20.4,65.0
2026-06-25 05:49:26,5,Thursday,0,3,20.4,64.9
2026-06-25 05:50:26,5,Thursday,0,3,20.4,65.0
2026-06-25 05:51:26,5,Thursday,0,3,20.4,64.7
2026-06-25 05:52:26,5,Thursday,0,3,20.4,64.9
2026-06-25 05:53:26,5,Thursday,0,3,20.4,64.8
2026-06-25 05:54:26,5,Thursday,0,3,20.4,64.7
2026-06-25 05:55:26,5,Thursday,0,3,20.4,64.8
2026-06-25 05:56:26,5,Thursday,0,3,20.4,64.7
2026-06-25 05:57:26,5,Thursday,0,3,20.4,64.8
2026-06-25 05:58:26,5,Thursday,0,3,20.4,64.7
2026-06-25 05:59:26,5,Thursday,0,3,20.3,64.7
2026-06-25 06:00:26,6,Thursday,0,3,20.3,64.8
2026-06-25 06:01:26,6,Thursday,0,3,20.3,64.8
2026-06-25 06:02:26,6,Thursday,0,3,20.3,64.7
2026-06-25 06:03:26,6,Thursday,0,3,20.3,64.7
2026-06-25 06:04:26,6,Thursday,0,3,20.3,64.7
2026-06-25 06:05:26,6,Thursday,0,3,20.3,64.8
2026-06-25 06:06:26,6,Thursday,0,3,20.3,64.9
2026-06-25 06:07:26,6,Thursday,0,3,20.3,64.8
2026-06-25 06:08:26,6,Thursday,0,3,20.3,64.8
2026-06-25 06:09:26,6,Thursday,0,3,20.3,64.8
2026-06-25 06:10:26,6,Thursday,0,3,20.2,64.8
2026-06-25 06:11:26,6,Thursday,0,3,20.3,64.9
2026-06-25 06:12:27,6,Thursday,0,3,20.3,64.9
2026-06-25 06:13:27,6,Thursday,0,3,20.3,64.8
2026-06-25 06:14:27,6,Thursday,0,3,20.2,64.8
2026-06-25 06:15:27,6,Thursday,0,3,20.2,64.9
2026-06-25 06:16:27,6,Thursday,0,3,20.2,65.0
2026-06-25 06:17:27,6,Thursday,0,3,20.3,65.0
2026-06-25 06:18:27,6,Thursday,0,3,20.3,64.9
2026-06-25 06:19:27,6,Thursday,0,3,20.3,64.8
2026-06-25 06:20:27,6,Thursday,0,3,20.2,64.8
2026-06-25 06:21:27,6,Thursday,0,3,20.2,64.9
2026-06-25 06:22:27,6,Thursday,0,3,20.2,65.0
2026-06-25 06:23:27,6,Thursday,0,3,20.2,64.9
2026-06-25 06:24:27,6,Thursday,0,3,20.2,64.9
2026-06-25 06:25:27,6,Thursday,0,3,20.2,64.8
2026-06-25 06:26:27,6,Thursday,0,3,20.2,65.0
2026-06-25 06:27:27,6,Thursday,0,3,20.2,65.0
2026-06-25 06:28:27,6,Thursday,0,3,20.2,65.1
2026-06-25 06:29:27,6,Thursday,0,3,20.2,65.0
2026-06-25 06:30:27,6,Thursday,0,3,20.2,64.9
2026-06-25 06:31:27,6,Thursday,0,3,20.2,64.9
2026-06-25 06:32:27,6,Thursday,0,3,20.2,64.9
2026-06-25 06:33:27,6,Thursday,0,3,20.3,64.9
2026-06-25 06:34:27,6,Thursday,0,3,20.2,64.9
2026-06-25 06:35:27,6,Thursday,0,3,20.2,64.8
2026-06-25 06:36:27,6,Thursday,0,3,20.2,64.9
2026-06-25 06:37:27,6,Thursday,0,3,20.2,65.1
2026-06-25 06:38:27,6,Thursday,0,3,20.2,65.0
2026-06-25 06:39:27,6,Thursday,0,3,20.2,64.9
2026-06-25 06:40:27,6,Thursday,0,3,20.2,65.0
2026-06-25 06:41:27,6,Thursday,0,3,20.2,65.1
2026-06-25 06:42:27,6,Thursday,0,3,20.2,65.1
2026-06-25 06:43:27,6,Thursday,0,3,20.2,65.1
2026-06-25 06:44:27,6,Thursday,0,3,20.2,65.0
2026-06-25 06:45:27,6,Thursday,0,3,20.2,65.1
2026-06-25 06:46:27,6,Thursday,0,3,20.2,64.8
2026-06-25 06:47:27,6,Thursday,0,3,20.2,65.0
2026-06-25 06:48:27,6,Thursday,0,3,20.2,65.1
2026-06-25 06:49:27,6,Thursday,0,3,20.2,65.2
2026-06-25 06:50:27,6,Thursday,0,3,20.2,65.2
2026-06-25 06:51:27,6,Thursday,0,3,20.1,65.1
2026-06-25 06:52:27,6,Thursday,0,3,20.2,65.3
2026-06-25 06:53:27,6,Thursday,0,3,20.2,65.3
2026-06-25 06:54:27,6,Thursday,0,3,20.2,65.3
2026-06-25 06:55:27,6,Thursday,0,3,20.2,65.3
2026-06-25 06:56:27,6,Thursday,0,3,20.2,65.3
2026-06-25 06:57:27,6,Thursday,0,3,20.2,65.3
2026-06-25 06:58:27,6,Thursday,0,3,20.2,65.2
2026-06-25 06:59:27,6,Thursday,0,3,20.2,65.3
2026-06-25 07:00:27,7,Thursday,0,3,20.2,65.3
2026-06-25 07:01:27,7,Thursday,0,3,20.2,65.3
2026-06-25 07:02:27,7,Thursday,0,3,20.2,65.4
2026-06-25 07:03:27,7,Thursday,0,3,20.2,65.3
2026-06-25 07:04:27,7,Thursday,0,3,20.2,65.4
2026-06-25 07:05:27,7,Thursday,0,3,20.2,65.5
2026-06-25 07:06:27,7,Thursday,0,3,20.2,65.5
2026-06-25 07:07:27,7,Thursday,0,3,20.2,65.5
2026-06-25 07:08:27,7,Thursday,0,3,20.2,65.5
2026-06-25 07:09:27,7,Thursday,0,3,20.2,65.6
2026-06-25 07:10:28,7,Thursday,0,3,20.2,65.5
2026-06-25 07:11:28,7,Thursday,0,3,20.2,65.6
2026-06-25 07:12:28,7,Thursday,0,3,20.2,65.6
2026-06-25 07:13:28,7,Thursday,0,3,20.1,65.6
2026-06-25 07:14:28,7,Thursday,0,3,20.1,65.7
2026-06-25 07:15:28,7,Thursday,0,3,20.1,65.5
2026-06-25 07:16:28,7,Thursday,0,3,20.1,65.6
2026-06-25 07:17:28,7,Thursday,0,3,20.1,65.5
2026-06-25 07:18:28,7,Thursday,0,3,20.1,65.4
2026-06-25 07:19:28,7,Thursday,0,3,20.1,65.4
2026-06-25 07:20:28,7,Thursday,0,3,20.2,65.5
2026-06-25 07:21:28,7,Thursday,0,3,20.1,65.4
2026-06-25 07:22:28,7,Thursday,0,3,20.1,65.4
2026-06-25 07:23:28,7,Thursday,0,3,20.1,65.2
2026-06-25 07:24:28,7,Thursday,0,3,20.1,65.2
2026-06-25 07:25:28,7,Thursday,0,3,20.1,65.2
2026-06-25 07:26:28,7,Thursday,0,3,20.1,65.4
2026-06-25 07:27:28,7,Thursday,0,3,20.1,65.4
2026-06-25 07:28:28,7,Thursday,0,3,20.1,65.4
2026-06-25 07:29:28,7,Thursday,0,3,20.1,65.6
2026-06-25 07:30:28,7,Thursday,0,3,20.1,65.5
2026-06-25 07:31:28,7,Thursday,0,3,20.1,65.6
2026-06-25 07:32:28,7,Thursday,0,3,20.1,65.5
2026-06-25 07:33:28,7,Thursday,0,3,20.1,65.4
2026-06-25 07:34:28,7,Thursday,0,3,20.1,65.5
2026-06-25 07:35:28,7,Thursday,0,3,20.1,65.5
2026-06-25 07:36:28,7,Thursday,0,3,20.1,65.4
2026-06-25 07:37:28,7,Thursday,0,3,20.1,65.2
2026-06-25 07:38:28,7,Thursday,0,3,20.1,65.2
2026-06-25 07:39:28,7,Thursday,0,3,20.0,65.3
2026-06-25 07:40:28,7,Thursday,0,3,20.1,65.3
2026-06-25 07:41:28,7,Thursday,0,3,20.0,65.2
2026-06-25 07:42:28,7,Thursday,0,3,20.0,65.2
2026-06-25 07:43:28,7,Thursday,0,3,20.0,65.3
2026-06-25 07:44:28,7,Thursday,0,3,20.0,65.4
2026-06-25 07:45:28,7,Thursday,0,3,20.0,65.5
2026-06-25 07:46:28,7,Thursday,0,3,20.0,65.4
2026-06-25 07:47:28,7,Thursday,0,3,20.0,65.4
2026-06-25 07:48:28,7,Thursday,0,3,20.0,65.4
2026-06-25 07:49:28,7,Thursday,0,3,20.0,65.5
2026-06-25 07:50:28,7,Thursday,0,3,20.0,65.5
2026-06-25 07:51:28,7,Thursday,0,3,20.1,65.6
2026-06-25 07:52:28,7,Thursday,0,3,20.1,65.5
2026-06-25 07:53:28,7,Thursday,0,3,20.0,65.6
2026-06-25 07:54:28,7,Thursday,0,3,20.0,65.5
2026-06-25 07:55:28,7,Thursday,0,3,20.1,65.5
2026-06-25 07:56:28,7,Thursday,0,3,20.1,65.5
2026-06-25 07:57:28,7,Thursday,0,3,20.1,65.6
2026-06-25 07:58:28,7,Thursday,0,3,20.1,65.4
2026-06-25 07:59:28,7,Thursday,0,3,20.1,65.4
2026-06-25 08:00:28,8,Thursday,0,3,20.1,65.4
2026-06-25 08:01:28,8,Thursday,0,3,20.1,65.6
2026-06-25 08:02:28,8,Thursday,0,3,20.1,65.6
2026-06-25 08:03:28,8,Thursday,0,3,20.1,65.6
2026-06-25 08:04:28,8,Thursday,0,3,20.1,65.6
2026-06-25 08:05:28,8,Thursday,0,3,20.1,65.5
2026-06-25 08:06:28,8,Thursday,0,3,20.1,65.4
2026-06-25 08:07:28,8,Thursday,0,3,20.1,65.6
2026-06-25 08:08:29,8,Thursday,0,3,20.1,65.5
2026-06-25 08:09:29,8,Thursday,0,3,20.1,65.5
2026-06-25 08:10:29,8,Thursday,0,3,20.1,65.6
2026-06-25 08:11:29,8,Thursday,0,3,20.1,65.6
2026-06-25 08:12:29,8,Thursday,0,3,20.1,65.5
2026-06-25 08:13:29,8,Thursday,0,3,20.1,65.4
2026-06-25 08:14:29,8,Thursday,0,3,20.1,65.5
2026-06-25 08:15:29,8,Thursday,0,3,20.1,65.4
2026-06-25 08:16:29,8,Thursday,0,3,20.1,65.5
2026-06-25 08:17:29,8,Thursday,0,3,20.1,65.6
2026-06-25 08:18:29,8,Thursday,0,3,20.1,65.7
2026-06-25 08:19:29,8,Thursday,0,3,20.1,65.7
2026-06-25 08:20:29,8,Thursday,0,3,20.2,65.7
2026-06-25 08:21:29,8,Thursday,0,3,20.2,65.6
2026-06-25 08:22:29,8,Thursday,0,3,20.2,65.4
2026-06-25 08:23:29,8,Thursday,0,3,20.2,65.4
2026-06-25 08:24:29,8,Thursday,0,3,20.2,65.6
2026-06-25 08:25:29,8,Thursday,0,3,20.2,65.6
2026-06-25 08:26:29,8,Thursday,0,3,20.2,65.8
2026-06-25 08:27:29,8,Thursday,0,3,20.2,65.7
2026-06-25 08:28:29,8,Thursday,0,3,20.2,65.6
2026-06-25 08:29:29,8,Thursday,0,3,20.2,65.5
2026-06-25 08:30:29,8,Thursday,0,3,20.2,65.6
2026-06-25 08:31:29,8,Thursday,0,3,20.2,65.5
2026-06-25 08:32:29,8,Thursday,0,3,20.3,65.5
2026-06-25 08:33:29,8,Thursday,0,3,20.2,65.5
2026-06-25 08:34:29,8,Thursday,0,3,20.3,65.5
2026-06-25 08:35:29,8,Thursday,0,3,20.3,65.5
2026-06-25 08:36:29,8,Thursday,0,3,20.2,65.6
2026-06-25 08:37:29,8,Thursday,0,3,20.3,65.7
2026-06-25 08:38:29,8,Thursday,0,3,20.2,65.7
2026-06-25 08:39:29,8,Thursday,0,3,20.2,65.7
2026-06-25 08:40:29,8,Thursday,0,3,20.2,65.6
2026-06-25 08:41:29,8,Thursday,0,3,20.2,65.8
2026-06-25 08:42:29,8,Thursday,0,3,20.2,65.9
2026-06-25 08:43:29,8,Thursday,0,3,20.3,65.8
2026-06-25 08:44:29,8,Thursday,0,3,20.3,65.9
2026-06-25 08:45:29,8,Thursday,0,3,20.3,65.9
2026-06-25 08:46:29,8,Thursday,0,3,20.3,66.1
2026-06-25 08:47:29,8,Thursday,0,3,20.3,66.1
2026-06-25 08:48:29,8,Thursday,0,3,20.3,65.9
2026-06-25 08:49:29,8,Thursday,0,3,20.3,66.1
2026-06-25 08:50:29,8,Thursday,0,3,20.3,66.2
2026-06-25 08:51:29,8,Thursday,0,3,20.3,66.2
2026-06-25 08:52:29,8,Thursday,0,3,20.4,66.2
2026-06-25 08:53:29,8,Thursday,0,3,20.4,66.3
2026-06-25 08:54:29,8,Thursday,0,3,20.4,66.3
2026-06-25 08:55:29,8,Thursday,0,3,20.4,66.2
2026-06-25 08:56:29,8,Thursday,0,3,20.4,66.1
2026-06-25 08:57:29,8,Thursday,0,3,20.4,66.2
2026-06-25 08:58:29,8,Thursday,0,3,20.4,66.2
2026-06-25 08:59:29,8,Thursday,0,3,20.4,66.2
2026-06-25 09:00:29,9,Thursday,0,3,20.4,66.2
2026-06-25 09:01:29,9,Thursday,0,3,20.4,66.3
2026-06-25 09:02:29,9,Thursday,0,3,20.4,66.0
2026-06-25 09:03:29,9,Thursday,0,3,20.4,66.2
2026-06-25 09:04:29,9,Thursday,0,3,20.5,66.1
2026-06-25 09:05:29,9,Thursday,0,3,20.5,65.9
2026-06-25 09:06:30,9,Thursday,0,3,20.5,66.3
2026-06-25 09:07:30,9,Thursday,0,3,20.5,66.3
2026-06-25 09:08:30,9,Thursday,0,3,20.6,66.4
2026-06-25 09:09:30,9,Thursday,0,3,20.6,66.5
2026-06-25 09:10:30,9,Thursday,0,3,20.6,66.5
2026-06-25 09:11:30,9,Thursday,0,3,20.6,66.6
2026-06-25 09:12:30,9,Thursday,0,3,20.6,66.7
2026-06-25 09:13:30,9,Thursday,0,3,20.6,66.8
2026-06-25 09:14:30,9,Thursday,0,3,20.7,66.7
2026-06-25 09:15:30,9,Thursday,0,3,20.7,66.6
2026-06-25 09:16:30,9,Thursday,0,3,20.7,66.6
2026-06-25 09:17:30,9,Thursday,0,3,20.7,66.5
2026-06-25 09:18:30,9,Thursday,0,3,20.7,66.6
2026-06-25 09:19:30,9,Thursday,0,3,20.7,66.5
2026-06-25 09:20:30,9,Thursday,0,3,20.8,66.5
2026-06-25 09:21:30,9,Thursday,0,3,20.8,66.6
2026-06-25 09:22:30,9,Thursday,0,3,20.8,66.5
2026-06-25 09:23:30,9,Thursday,0,3,20.8,66.5
2026-06-25 09:24:30,9,Thursday,0,3,20.8,66.5
2026-06-25 09:25:30,9,Thursday,0,3,20.8,66.7
2026-06-25 09:26:30,9,Thursday,0,3,20.8,66.7
2026-06-25 09:27:30,9,Thursday,0,3,20.8,66.7
2026-06-25 09:28:30,9,Thursday,0,3,20.8,66.8
2026-06-25 09:29:30,9,Thursday,0,3,20.9,66.7
2026-06-25 09:30:30,9,Thursday,0,3,20.9,66.7
2026-06-25 09:31:30,9,Thursday,0,3,20.9,66.6
2026-06-25 09:32:30,9,Thursday,0,3,20.9,66.6
2026-06-25 09:33:30,9,Thursday,0,3,20.9,66.6
2026-06-25 09:34:30,9,Thursday,0,3,20.9,66.7
2026-06-25 09:35:30,9,Thursday,0,3,20.9,66.6
2026-06-25 09:36:30,9,Thursday,0,3,20.9,66.5
2026-06-25 09:37:30,9,Thursday,0,3,20.9,66.7
2026-06-25 09:38:30,9,Thursday,0,3,21.0,66.7
2026-06-25 09:39:30,9,Thursday,0,3,21.0,66.7
2026-06-25 09:40:30,9,Thursday,0,3,21.0,66.8
2026-06-25 09:41:30,9,Thursday,0,3,21.0,66.7
2026-06-25 09:42:30,9,Thursday,0,3,21.0,66.7
2026-06-25 09:43:30,9,Thursday,0,3,21.0,66.8
2026-06-25 09:44:30,9,Thursday,0,3,21.1,66.7
2026-06-25 09:45:30,9,Thursday,0,3,21.1,66.7
2026-06-25 09:46:30,9,Thursday,0,3,21.1,66.5
2026-06-25 09:47:30,9,Thursday,0,3,21.1,66.5
2026-06-25 09:48:30,9,Thursday,0,3,21.1,66.6
2026-06-25 09:49:30,9,Thursday,0,3,21.1,66.7
2026-06-25 09:50:30,9,Thursday,0,3,21.2,66.5
2026-06-25 09:51:30,9,Thursday,0,3,21.2,66.5
2026-06-25 09:52:30,9,Thursday,0,3,21.2,66.5
2026-06-25 09:53:30,9,Thursday,0,3,21.2,66.3
2026-06-25 09:54:30,9,Thursday,0,3,21.2,66.4
2026-06-25 09:55:30,9,Thursday,0,3,21.2,66.4
2026-06-25 09:56:30,9,Thursday,0,3,21.3,66.4
2026-06-25 09:57:30,9,Thursday,0,3,21.3,66.5
2026-06-25 09:58:30,9,Thursday,0,3,21.3,66.6
2026-06-25 09:59:30,9,Thursday,0,3,21.4,66.3
2026-06-25 10:00:30,10,Thursday,0,3,21.4,66.3
2026-06-25 10:01:30,10,Thursday,0,3,21.4,66.8
2026-06-25 10:02:30,10,Thursday,0,3,21.5,66.7
2026-06-25 10:03:31,10,Thursday,0,3,21.5,66.4
2026-06-25 10:04:31,10,Thursday,0,3,21.5,66.5
2026-06-25 10:05:31,10,Thursday,0,3,21.6,66.5
2026-06-25 10:06:31,10,Thursday,0,3,21.6,66.5
2026-06-25 10:07:31,10,Thursday,0,3,21.6,66.5
2026-06-25 10:08:31,10,Thursday,0,3,21.6,66.6
2026-06-25 10:09:31,10,Thursday,0,3,21.7,66.5
2026-06-25 10:10:31,10,Thursday,0,3,21.6,66.6
2026-06-25 10:11:31,10,Thursday,0,3,21.7,66.7
2026-06-25 10:12:31,10,Thursday,0,3,21.7,66.6
2026-06-25 10:13:31,10,Thursday,0,3,21.7,66.8
2026-06-25 10:14:31,10,Thursday,0,3,21.7,66.8
2026-06-25 10:15:31,10,Thursday,0,3,21.8,66.7
2026-06-25 10:16:31,10,Thursday,0,3,21.8,66.6
2026-06-25 10:17:31,10,Thursday,0,3,21.8,66.7
2026-06-25 10:18:31,10,Thursday,0,3,21.8,66.7
2026-06-25 10:19:31,10,Thursday,0,3,21.8,66.7
2026-06-25 10:20:31,10,Thursday,0,3,21.8,67.0
2026-06-25 10:21:31,10,Thursday,0,3,21.9,67.0
2026-06-25 10:22:31,10,Thursday,0,3,21.9,67.0
2026-06-25 10:23:31,10,Thursday,0,3,21.9,66.8
2026-06-25 10:24:31,10,Thursday,0,3,21.9,66.5
2026-06-25 10:25:31,10,Thursday,0,3,22.0,66.7
2026-06-25 10:26:31,10,Thursday,0,3,22.0,66.5
2026-06-25 10:27:31,10,Thursday,0,3,22.0,66.5
2026-06-25 10:28:31,10,Thursday,0,3,22.0,66.6
2026-06-25 10:29:31,10,Thursday,0,3,22.0,66.6
2026-06-25 10:30:31,10,Thursday,0,3,22.0,66.3
2026-06-25 10:31:31,10,Thursday,0,3,22.0,66.2
2026-06-25 10:32:31,10,Thursday,0,3,22.0,66.1
2026-06-25 10:33:31,10,Thursday,0,3,22.0,66.2
2026-06-25 10:34:31,10,Thursday,0,3,22.0,66.2
2026-06-25 10:35:31,10,Thursday,0,3,22.0,66.3
2026-06-25 10:36:31,10,Thursday,0,3,22.1,66.4
2026-06-25 10:37:31,10,Thursday,0,3,22.1,66.5
2026-06-25 10:38:31,10,Thursday,0,3,22.2,66.4
2026-06-25 10:39:31,10,Thursday,0,3,22.2,66.4
2026-06-25 10:40:31,10,Thursday,0,3,22.2,66.3
2026-06-25 10:41:31,10,Thursday,0,3,22.2,66.4
2026-06-25 10:42:31,10,Thursday,0,3,22.2,66.2
2026-06-25 10:43:31,10,Thursday,0,3,22.2,66.2
2026-06-25 10:44:31,10,Thursday,0,3,22.3,66.1
2026-06-25 10:45:31,10,Thursday,0,3,22.2,66.3
2026-06-25 10:46:31,10,Thursday,0,3,22.2,66.3
2026-06-25 10:47:31,10,Thursday,0,3,22.3,66.5
2026-06-25 10:48:31,10,Thursday,0,3,22.3,66.5
2026-06-25 10:49:31,10,Thursday,0,3,22.3,66.5
2026-06-25 10:50:31,10,Thursday,0,3,22.3,66.5
2026-06-25 10:51:31,10,Thursday,0,3,22.3,66.4
2026-06-25 10:52:31,10,Thursday,0,3,22.4,66.4
2026-06-25 10:53:31,10,Thursday,0,3,22.4,66.5
2026-06-25 10:54:31,10,Thursday,0,3,22.4,66.5
2026-06-25 10:55:31,10,Thursday,0,3,22.4,66.6
2026-06-25 10:56:31,10,Thursday,0,3,22.4,66.5
2026-06-25 10:57:31,10,Thursday,0,3,22.4,66.5
2026-06-25 10:58:32,10,Thursday,0,3,22.5,66.6
2026-06-25 10:59:32,10,Thursday,0,3,22.5,66.4
2026-06-25 11:00:32,11,Thursday,0,3,22.5,66.6
2026-06-25 11:01:32,11,Thursday,0,3,22.5,66.7
2026-06-25 11:02:32,11,Thursday,0,3,22.6,66.6
2026-06-25 11:03:32,11,Thursday,0,3,22.6,66.7
2026-06-25 11:04:32,11,Thursday,0,3,22.6,66.5
2026-06-25 11:05:32,11,Thursday,0,3,22.6,66.3
2026-06-25 11:06:32,11,Thursday,0,3,22.6,66.2
2026-06-25 11:07:32,11,Thursday,0,3,22.6,66.4
2026-06-25 11:08:32,11,Thursday,0,3,22.7,66.4
2026-06-25 11:09:32,11,Thursday,0,3,22.7,66.6
2026-06-25 11:10:32,11,Thursday,0,3,22.7,66.5
2026-06-25 11:11:32,11,Thursday,0,3,22.7,66.4
2026-06-25 11:12:32,11,Thursday,0,3,22.7,66.5
2026-06-25 11:13:32,11,Thursday,0,3,22.8,66.4
2026-06-25 11:14:32,11,Thursday,0,3,22.8,66.4
2026-06-25 11:15:32,11,Thursday,0,3,22.8,66.1
2026-06-25 11:16:32,11,Thursday,0,3,22.8,66.3
2026-06-25 11:17:32,11,Thursday,0,3,22.8,66.4
2026-06-25 11:18:32,11,Thursday,0,3,22.8,66.5
2026-06-25 11:19:32,11,Thursday,0,3,22.8,66.5
2026-06-25 11:20:32,11,Thursday,0,3,22.8,66.5
2026-06-25 11:21:32,11,Thursday,0,3,22.8,66.5
2026-06-25 11:22:32,11,Thursday,0,3,22.8,66.6
2026-06-25 11:23:32,11,Thursday,0,3,22.8,66.6
2026-06-25 11:24:32,11,Thursday,0,3,22.9,66.6
2026-06-25 11:25:32,11,Thursday,0,3,22.8,66.5
2026-06-25 11:26:32,11,Thursday,0,3,22.9,66.4
2026-06-25 11:27:32,11,Thursday,0,3,22.9,66.4
2026-06-25 11:28:32,11,Thursday,0,3,22.9,66.3
2026-06-25 11:29:32,11,Thursday,0,3,22.9,66.2
2026-06-25 11:30:32,11,Thursday,0,3,22.9,66.1
2026-06-25 11:31:32,11,Thursday,0,3,22.9,66.3
2026-06-25 11:32:32,11,Thursday,0,3,23.0,66.3
2026-06-25 11:33:32,11,Thursday,0,3,23.0,66.5
2026-06-25 11:34:32,11,Thursday,0,3,23.0,66.5
2026-06-25 11:35:32,11,Thursday,0,3,23.0,66.7
2026-06-25 11:36:32,11,Thursday,0,3,23.0,66.7
2026-06-25 11:37:32,11,Thursday,0,3,23.0,66.7
2026-06-25 11:38:32,11,Thursday,0,3,23.1,66.5
2026-06-25 11:39:32,11,Thursday,0,3,23.1,66.3
2026-06-25 11:40:32,11,Thursday,0,3,23.1,66.4
2026-06-25 11:41:32,11,Thursday,0,3,23.1,66.2
2026-06-25 11:42:32,11,Thursday,0,3,23.1,66.3
2026-06-25 11:43:32,11,Thursday,0,3,23.2,66.2
2026-06-25 11:44:32,11,Thursday,0,3,23.2,66.6
2026-06-25 11:45:32,11,Thursday,0,3,23.2,66.8
2026-06-25 11:46:32,11,Thursday,0,3,23.2,66.6
2026-06-25 11:47:32,11,Thursday,0,3,23.3,66.5
2026-06-25 11:48:32,11,Thursday,0,3,23.3,66.5
2026-06-25 11:49:32,11,Thursday,0,3,23.3,66.5
2026-06-25 11:50:32,11,Thursday,0,3,23.3,66.7
2026-06-25 11:51:32,11,Thursday,0,3,23.3,66.9
2026-06-25 11:52:33,11,Thursday,0,3,23.3,66.9
2026-06-25 11:53:33,11,Thursday,0,3,23.4,66.9
2026-06-25 11:54:33,11,Thursday,0,3,23.4,67.0
2026-06-25 11:55:33,11,Thursday,0,3,23.4,67.0
2026-06-25 11:56:33,11,Thursday,0,3,23.4,66.9
2026-06-25 11:57:33,11,Thursday,0,3,23.4,66.7
2026-06-25 11:58:33,11,Thursday,0,3,23.4,66.9
2026-06-25 11:59:33,11,Thursday,0,3,23.5,67.0
2026-06-25 12:00:33,12,Thursday,0,3,23.5,66.9
2026-06-25 12:01:33,12,Thursday,0,3,23.5,66.8
2026-06-25 12:02:33,12,Thursday,0,3,23.5,66.7
2026-06-25 12:03:33,12,Thursday,0,3,23.5,66.6
2026-06-25 12:04:33,12,Thursday,0,3,23.5,66.4
2026-06-25 12:05:33,12,Thursday,0,3,23.5,66.4
2026-06-25 12:06:33,12,Thursday,0,3,23.5,66.0
2026-06-25 12:07:33,12,Thursday,0,3,23.5,66.1
2026-06-25 12:08:33,12,Thursday,0,3,23.5,66.1
2026-06-25 12:09:33,12,Thursday,0,3,23.5,66.0
2026-06-25 12:10:33,12,Thursday,0,3,23.6,65.8
2026-06-25 12:11:33,12,Thursday,0,3,23.6,65.7
2026-06-25 12:12:33,12,Thursday,0,3,23.6,65.8
2026-06-25 12:13:33,12,Thursday,0,3,23.5,65.8
2026-06-25 12:14:33,12,Thursday,0,3,23.5,65.8
2026-06-25 12:15:33,12,Thursday,0,3,23.6,65.8
2026-06-25 12:16:33,12,Thursday,0,3,23.6,65.6
2026-06-25 12:17:33,12,Thursday,0,3,23.6,65.6
2026-06-25 12:18:33,12,Thursday,0,3,23.6,65.7
2026-06-25 12:19:33,12,Thursday,0,3,23.6,65.7
2026-06-25 12:20:33,12,Thursday,0,3,23.6,65.9
2026-06-25 12:21:33,12,Thursday,0,3,23.6,65.9
2026-06-25 12:22:33,12,Thursday,0,3,23.6,66.0
2026-06-25 12:23:33,12,Thursday,0,3,23.7,66.0
2026-06-25 12:24:33,12,Thursday,0,3,23.7,66.2
2026-06-25 12:25:33,12,Thursday,0,3,23.7,66.0
2026-06-25 12:26:33,12,Thursday,0,3,23.7,66.0
2026-06-25 12:27:33,12,Thursday,0,3,23.7,65.8
2026-06-25 12:28:33,12,Thursday,0,3,23.7,65.6
2026-06-25 12:29:33,12,Thursday,0,3,23.7,65.7
2026-06-25 12:30:33,12,Thursday,0,3,23.7,65.6
2026-06-25 12:31:33,12,Thursday,0,3,23.7,65.4
2026-06-25 12:32:33,12,Thursday,0,3,23.8,65.3
2026-06-25 12:33:33,12,Thursday,0,3,23.8,65.5
2026-06-25 12:34:33,12,Thursday,0,3,23.8,65.4
2026-06-25 12:35:33,12,Thursday,0,3,23.8,65.3
2026-06-25 12:36:33,12,Thursday,0,3,23.8,65.3
2026-06-25 12:37:33,12,Thursday,0,3,23.8,65.7
2026-06-25 12:38:33,12,Thursday,0,3,23.9,65.7
2026-06-25 12:39:33,12,Thursday,0,3,23.9,65.7
2026-06-25 12:40:33,12,Thursday,0,3,23.9,65.9
2026-06-25 12:41:33,12,Thursday,0,3,23.9,65.9
2026-06-25 12:42:33,12,Thursday,0,3,23.9,66.3
2026-06-25 12:43:33,12,Thursday,0,3,24.0,66.0
2026-06-25 12:44:33,12,Thursday,0,3,24.0,65.7
2026-06-25 12:45:34,12,Thursday,0,3,24.0,65.8
2026-06-25 12:46:34,12,Thursday,0,3,24.0,65.7
2026-06-25 12:47:34,12,Thursday,0,3,24.0,65.6
2026-06-25 12:48:34,12,Thursday,0,3,24.0,65.7
2026-06-25 12:49:34,12,Thursday,0,3,24.0,65.7
2026-06-25 12:50:34,12,Thursday,0,3,24.0,65.9
2026-06-25 12:51:34,12,Thursday,0,3,24.0,66.2
2026-06-25 12:52:34,12,Thursday,0,3,24.1,66.1
2026-06-25 12:53:34,12,Thursday,0,3,24.1,65.8
2026-06-25 12:54:34,12,Thursday,0,3,24.1,65.7
2026-06-25 12:55:34,12,Thursday,0,3,24.1,65.6
2026-06-25 12:56:34,12,Thursday,0,3,24.1,65.3
2026-06-25 12:57:34,12,Thursday,0,3,24.1,65.5
2026-06-25 12:58:34,12,Thursday,0,3,24.1,65.5
2026-06-25 12:59:34,12,Thursday,0,3,24.1,65.6
2026-06-25 13:00:34,13,Thursday,0,3,24.2,65.4
2026-06-25 13:01:34,13,Thursday,0,3,24.2,65.2
2026-06-25 13:02:34,13,Thursday,0,3,24.2,65.3
2026-06-25 13:03:34,13,Thursday,0,3,24.1,65.1
2026-06-25 13:04:34,13,Thursday,0,3,24.1,64.8
2026-06-25 13:05:34,13,Thursday,0,3,24.1,64.9
2026-06-25 13:06:34,13,Thursday,0,3,24.0,64.7
2026-06-25 13:07:34,13,Thursday,0,3,24.1,64.9
2026-06-25 13:08:34,13,Thursday,0,3,24.1,64.8
2026-06-25 13:09:34,13,Thursday,0,3,24.1,64.8
2026-06-25 13:10:34,13,Thursday,0,3,24.1,64.9
2026-06-25 13:11:34,13,Thursday,0,3,24.1,64.9
2026-06-25 13:12:34,13,Thursday,0,3,24.1,64.8
2026-06-25 13:13:34,13,Thursday,0,3,24.1,65.0
2026-06-25 13:14:34,13,Thursday,0,3,24.1,65.1
2026-06-25 13:15:34,13,Thursday,0,3,24.1,65.0
2026-06-25 13:16:34,13,Thursday,0,3,24.1,65.1
2026-06-25 13:17:34,13,Thursday,0,3,24.1,65.2
2026-06-25 13:18:34,13,Thursday,0,3,24.1,65.2
2026-06-25 13:19:34,13,Thursday,0,3,24.1,64.9
2026-06-25 13:20:34,13,Thursday,0,3,24.1,64.9
2026-06-25 13:21:34,13,Thursday,0,3,24.1,64.8
2026-06-25 13:22:34,13,Thursday,0,3,24.2,64.8
2026-06-25 13:23:34,13,Thursday,0,3,24.2,64.7
2026-06-25 13:24:34,13,Thursday,0,3,24.2,64.5
2026-06-25 13:25:34,13,Thursday,0,3,24.2,64.5
2026-06-25 13:26:34,13,Thursday,0,3,24.2,64.5
2026-06-25 13:27:34,13,Thursday,0,3,24.2,64.4
2026-06-25 13:28:34,13,Thursday,0,3,24.2,64.4
2026-06-25 13:29:34,13,Thursday,0,3,24.2,64.2
2026-06-25 13:30:34,13,Thursday,0,3,24.2,64.3
2026-06-25 13:31:34,13,Thursday,0,3,24.1,64.4
2026-06-25 13:32:34,13,Thursday,0,3,24.1,64.3
2026-06-25 13:33:34,13,Thursday,0,3,24.1,64.2
2026-06-25 13:34:34,13,Thursday,0,3,24.1,64.2
2026-06-25 13:35:34,13,Thursday,0,3,24.1,64.2
2026-06-25 13:36:34,13,Thursday,0,3,24.1,63.9
2026-06-25 13:37:34,13,Thursday,0,3,24.1,64.0
2026-06-25 13:38:35,13,Thursday,0,3,24.1,64.1
2026-06-25 13:39:35,13,Thursday,0,3,24.1,64.2
2026-06-25 13:40:35,13,Thursday,0,3,24.1,64.1
2026-06-25 13:41:35,13,Thursday,0,3,24.0,63.9
2026-06-25 13:42:35,13,Thursday,0,3,24.0,64.0
2026-06-25 13:43:35,13,Thursday,0,3,24.1,63.9
2026-06-25 13:44:35,13,Thursday,0,3,24.0,63.9
2026-06-25 13:45:35,13,Thursday,0,3,24.1,63.9
2026-06-25 13:46:35,13,Thursday,0,3,24.0,63.8
2026-06-25 13:47:35,13,Thursday,0,3,24.0,63.8
2026-06-25 13:48:35,13,Thursday,0,3,24.0,63.8
2026-06-25 13:49:35,13,Thursday,0,3,24.0,63.7
2026-06-25 13:50:35,13,Thursday,0,3,24.0,63.6
2026-06-25 13:51:35,13,Thursday,0,3,24.0,63.7
2026-06-25 13:52:35,13,Thursday,0,3,24.0,63.8
2026-06-25 13:53:35,13,Thursday,0,3,24.0,63.8
2026-06-25 13:54:35,13,Thursday,0,3,24.0,63.7
2026-06-25 13:55:35,13,Thursday,0,3,23.9,63.7
2026-06-25 13:56:35,13,Thursday,0,3,23.9,63.6
2026-06-25 13:57:35,13,Thursday,0,3,23.9,63.6
2026-06-25 13:58:35,13,Thursday,0,3,23.9,63.7
2026-06-25 13:59:35,13,Thursday,0,3,23.9,63.8
2026-06-25 14:00:35,14,Thursday,0,3,23.9,63.7
2026-06-25 14:01:35,14,Thursday,0,3,23.9,63.6
2026-06-25 14:02:35,14,Thursday,0,3,23.9,63.4
2026-06-25 14:03:35,14,Thursday,0,3,23.9,63.4
2026-06-25 14:04:35,14,Thursday,0,3,23.9,63.5
2026-06-25 14:05:35,14,Thursday,0,3,23.8,63.6
2026-06-25 14:06:35,14,Thursday,0,3,23.8,63.5
2026-06-25 14:07:35,14,Thursday,0,3,23.8,63.7
2026-06-25 14:08:35,14,Thursday,0,3,23.8,63.7
2026-06-25 14:09:35,14,Thursday,0,3,23.8,63.8
2026-06-25 14:10:35,14,Thursday,0,3,23.8,64.0
2026-06-25 14:11:35,14,Thursday,0,3,23.8,64.0
2026-06-25 14:12:35,14,Thursday,0,3,23.8,63.9
2026-06-25 14:13:35,14,Thursday,0,3,23.8,64.0
2026-06-25 14:14:35,14,Thursday,0,3,23.8,64.2
2026-06-25 14:15:35,14,Thursday,0,3,23.8,64.3
2026-06-25 14:16:35,14,Thursday,0,3,23.8,64.2
2026-06-25 14:17:35,14,Thursday,0,3,23.7,64.2
2026-06-25 14:18:35,14,Thursday,0,3,23.7,64.1
2026-06-25 14:19:35,14,Thursday,0,3,23.7,64.1
2026-06-25 14:20:35,14,Thursday,0,3,23.7,64.2
2026-06-25 14:21:35,14,Thursday,0,3,23.7,64.3
2026-06-25 14:22:35,14,Thursday,0,3,23.7,64.4
2026-06-25 14:23:35,14,Thursday,0,3,23.7,64.6
2026-06-25 14:24:35,14,Thursday,0,3,23.7,65.0
2026-06-25 14:25:35,14,Thursday,0,3,23.7,65.1
2026-06-25 14:26:35,14,Thursday,0,3,23.7,65.2
2026-06-25 14:27:35,14,Thursday,0,3,23.6,65.5
2026-06-25 14:28:35,14,Thursday,0,3,23.7,65.5
2026-06-25 14:29:35,14,Thursday,0,3,23.6,65.3
2026-06-25 14:30:36,14,Thursday,0,3,23.6,65.4
2026-06-25 14:31:36,14,Thursday,0,3,23.6,65.1
2026-06-25 14:32:36,14,Thursday,0,3,23.6,64.9
2026-06-25 14:33:36,14,Thursday,0,3,23.5,65.0
2026-06-25 14:34:36,14,Thursday,0,3,23.5,65.0
2026-06-25 14:35:36,14,Thursday,0,3,23.4,64.8
2026-06-25 14:36:36,14,Thursday,0,3,23.4,65.3
2026-06-25 14:37:36,14,Thursday,0,3,23.4,66.6
2026-06-25 14:38:36,14,Thursday,0,3,23.4,67.5
2026-06-25 14:39:36,14,Thursday,0,3,23.4,68.1
2026-06-25 14:40:36,14,Thursday,0,3,23.4,68.6
2026-06-25 14:41:36,14,Thursday,0,3,23.4,67.8
2026-06-25 14:42:36,14,Thursday,0,3,23.4,67.1
2026-06-25 14:43:36,14,Thursday,0,3,23.4,66.7
2026-06-25 14:44:36,14,Thursday,0,3,23.3,66.7
2026-06-25 14:45:36,14,Thursday,0,3,23.3,66.8
2026-06-25 14:46:36,14,Thursday,0,3,23.3,66.8
2026-06-25 14:47:36,14,Thursday,0,3,23.3,66.6
2026-06-25 14:48:36,14,Thursday,0,3,23.3,66.6
2026-06-25 14:49:36,14,Thursday,0,3,23.3,66.5
2026-06-25 14:50:36,14,Thursday,0,3,23.3,66.4
2026-06-25 14:51:36,14,Thursday,0,3,23.3,66.4
2026-06-25 14:52:36,14,Thursday,0,3,23.3,66.2
2026-06-25 14:53:36,14,Thursday,0,3,23.3,66.3
2026-06-25 14:54:36,14,Thursday,0,3,23.2,66.2
2026-06-25 14:55:36,14,Thursday,0,3,23.2,66.1
2026-06-25 14:56:36,14,Thursday,0,3,23.2,66.0
2026-06-25 14:57:36,14,Thursday,0,3,23.1,65.9
2026-06-25 14:58:36,14,Thursday,0,3,23.1,66.0
2026-06-25 14:59:36,14,Thursday,0,3,23.1,66.0
2026-06-25 15:00:36,15,Thursday,0,3,23.1,65.9
2026-06-25 15:01:36,15,Thursday,0,3,23.1,66.0
2026-06-25 15:02:36,15,Thursday,0,3,23.1,65.8
2026-06-25 15:03:36,15,Thursday,0,3,23.1,65.7
2026-06-25 15:04:36,15,Thursday,0,3,23.1,65.6
2026-06-25 15:05:36,15,Thursday,0,3,23.0,65.6
2026-06-25 15:06:36,15,Thursday,0,3,23.0,65.7
2026-06-25 15:07:36,15,Thursday,0,3,23.0,65.6
2026-06-25 15:08:36,15,Thursday,0,3,23.0,65.4
2026-06-25 15:09:36,15,Thursday,0,3,22.9,65.2
2026-06-25 15:10:36,15,Thursday,0,3,22.9,65.4
2026-06-25 15:11:36,15,Thursday,0,3,22.9,65.3
2026-06-25 15:12:36,15,Thursday,0,3,22.8,65.3
2026-06-25 15:13:36,15,Thursday,0,3,22.8,65.3
2026-06-25 15:14:36,15,Thursday,0,3,22.8,65.2
2026-06-25 15:15:36,15,Thursday,0,3,22.8,65.1
2026-06-25 15:16:36,15,Thursday,0,3,22.8,65.2
2026-06-25 15:17:36,15,Thursday,0,3,22.8,65.3
2026-06-25 15:18:36,15,Thursday,0,3,22.9,65.4
2026-06-25 15:19:36,15,Thursday,0,3,22.8,65.3
2026-06-25 15:20:36,15,Thursday,0,3,22.8,65.3
2026-06-25 15:21:36,15,Thursday,0,3,22.8,65.3
2026-06-25 15:22:36,15,Thursday,0,3,22.8,65.6
2026-06-25 15:23:36,15,Thursday,0,3,22.8,65.6
2026-06-25 15:24:36,15,Thursday,0,3,22.8,65.8
2026-06-25 15:25:37,15,Thursday,0,3,22.8,65.8
2026-06-25 15:26:37,15,Thursday,0,3,22.8,65.9
2026-06-25 15:27:37,15,Thursday,0,3,22.7,65.9
2026-06-25 15:28:37,15,Thursday,0,3,22.8,65.8
2026-06-25 15:29:37,15,Thursday,0,3,22.7,65.8
2026-06-25 15:30:37,15,Thursday,0,3,22.7,66.0
2026-06-25 15:31:37,15,Thursday,0,3,22.7,65.8
2026-06-25 15:32:37,15,Thursday,0,3,22.7,65.9
2026-06-25 15:33:37,15,Thursday,0,3,22.6,66.0
2026-06-25 15:34:37,15,Thursday,0,3,22.7,66.2
2026-06-25 15:35:37,15,Thursday,0,3,22.6,66.4
2026-06-25 15:36:37,15,Thursday,0,3,22.6,66.4
2026-06-25 15:37:37,15,Thursday,0,3,22.6,66.4
2026-06-25 15:38:37,15,Thursday,0,3,22.6,66.3
2026-06-25 15:39:37,15,Thursday,0,3,22.6,66.5
2026-06-25 15:40:37,15,Thursday,0,3,22.6,66.5
2026-06-25 15:41:37,15,Thursday,0,3,22.6,66.5
2026-06-25 15:42:37,15,Thursday,0,3,22.6,66.4
2026-06-25 15:43:37,15,Thursday,0,3,22.6,66.2
2026-06-25 15:44:37,15,Thursday,0,3,22.6,66.4
2026-06-25 15:45:37,15,Thursday,0,3,22.6,66.4
2026-06-25 15:46:37,15,Thursday,0,3,22.6,66.4
2026-06-25 15:47:37,15,Thursday,0,3,22.6,66.4
2026-06-25 15:48:37,15,Thursday,0,3,22.6,66.4
2026-06-25 15:49:37,15,Thursday,0,3,22.6,66.6
2026-06-25 15:50:37,15,Thursday,0,3,22.6,66.7
2026-06-25 15:51:37,15,Thursday,0,3,22.6,66.9
2026-06-25 15:52:37,15,Thursday,0,3,22.6,67.2
2026-06-25 15:53:37,15,Thursday,0,3,22.6,67.8
2026-06-25 15:54:37,15,Thursday,0,3,22.7,68.1
2026-06-25 15:55:37,15,Thursday,0,3,22.7,67.9
2026-06-25 15:56:37,15,Thursday,0,3,22.7,68.1
2026-06-25 15:57:37,15,Thursday,0,3,22.6,68.0
2026-06-25 15:58:37,15,Thursday,0,3,22.6,68.0
2026-06-25 15:59:37,15,Thursday,0,3,22.6,68.1
2026-06-25 16:00:37,16,Thursday,0,3,22.6,68.9
2026-06-25 16:01:37,16,Thursday,0,3,22.7,70.5
2026-06-25 16:02:37,16,Thursday,0,3,22.7,71.6
2026-06-25 16:03:37,16,Thursday,0,3,22.7,72.9
2026-06-25 16:04:37,16,Thursday,0,3,22.8,73.9
2026-06-25 16:05:37,16,Thursday,0,3,22.8,75.9
2026-06-25 16:06:37,16,Thursday,0,3,22.9,76.0
2026-06-25 16:07:37,16,Thursday,0,3,22.9,76.2
2026-06-25 16:08:37,16,Thursday,0,3,22.9,76.0
2026-06-25 16:09:37,16,Thursday,0,3,23.0,76.3
2026-06-25 16:10:37,16,Thursday,0,3,23.0,76.2
2026-06-25 16:11:37,16,Thursday,0,3,23.0,79.9
2026-06-25 16:12:37,16,Thursday,0,3,23.1,79.6
2026-06-25 16:13:37,16,Thursday,0,3,23.1,77.7
2026-06-25 16:14:37,16,Thursday,0,3,23.1,77.1
2026-06-25 16:15:37,16,Thursday,0,3,23.1,77.7
2026-06-25 16:16:37,16,Thursday,0,3,23.1,79.0
2026-06-25 16:17:37,16,Thursday,0,3,23.1,78.3
2026-06-25 16:18:37,16,Thursday,0,3,23.1,77.5
2026-06-25 16:19:37,16,Thursday,0,3,23.1,76.6
2026-06-25 16:20:38,16,Thursday,0,3,23.0,75.8
2026-06-25 16:21:38,16,Thursday,0,3,22.9,75.1
2026-06-25 16:22:38,16,Thursday,0,3,22.9,74.1
2026-06-25 16:23:38,16,Thursday,0,3,22.9,73.6
2026-06-25 16:24:38,16,Thursday,0,3,22.8,73.4
2026-06-25 16:25:38,16,Thursday,0,3,22.7,73.1
2026-06-25 16:26:38,16,Thursday,0,3,22.7,72.7
2026-06-25 16:27:38,16,Thursday,0,3,22.6,72.3
2026-06-25 16:28:38,16,Thursday,0,3,22.6,72.1
2026-06-25 16:29:38,16,Thursday,0,3,22.5,71.8
2026-06-25 16:30:38,16,Thursday,0,3,22.5,71.5
2026-06-25 16:31:38,16,Thursday,0,3,22.5,71.5
2026-06-25 16:32:38,16,Thursday,0,3,22.5,71.2
2026-06-25 16:33:38,16,Thursday,0,3,22.5,70.9
2026-06-25 16:34:38,16,Thursday,0,3,22.4,70.9
2026-06-25 16:35:38,16,Thursday,0,3,22.4,70.9
2026-06-25 16:36:38,16,Thursday,0,3,22.3,71.2
2026-06-25 16:37:38,16,Thursday,0,3,22.3,71.0
2026-06-25 16:38:38,16,Thursday,0,3,22.3,70.6
2026-06-25 16:39:38,16,Thursday,0,3,22.3,70.6
2026-06-25 16:40:38,16,Thursday,0,3,22.2,70.8
2026-06-25 16:41:38,16,Thursday,0,3,22.2,71.2
2026-06-25 16:42:38,16,Thursday,0,3,22.3,71.7
2026-06-25 16:43:38,16,Thursday,0,3,22.3,72.1
2026-06-25 16:44:38,16,Thursday,0,3,22.3,72.6
2026-06-25 16:45:38,16,Thursday,0,3,22.4,72.7
2026-06-25 16:46:38,16,Thursday,0,3,22.4,72.5
2026-06-25 16:47:38,16,Thursday,0,3,22.4,72.3
2026-06-25 16:48:38,16,Thursday,0,3,22.4,72.2
2026-06-25 16:49:38,16,Thursday,0,3,22.4,71.9
2026-06-25 16:50:38,16,Thursday,0,3,22.4,72.1
2026-06-25 16:51:38,16,Thursday,0,3,22.4,72.0
2026-06-25 16:52:38,16,Thursday,0,3,22.4,71.6
2026-06-25 16:53:38,16,Thursday,0,3,22.4,71.5
2026-06-25 16:54:38,16,Thursday,0,3,22.3,71.7
2026-06-25 16:55:38,16,Thursday,0,3,22.3,71.7
2026-06-25 16:56:38,16,Thursday,0,3,22.3,71.6
2026-06-25 16:57:38,16,Thursday,0,3,22.3,71.6
2026-06-25 16:58:38,16,Thursday,0,3,22.3,71.7
2026-06-25 16:59:38,16,Thursday,0,3,22.3,71.9
2026-06-25 17:00:38,17,Thursday,0,3,22.3,71.7
2026-06-25 17:01:38,17,Thursday,0,3,22.3,71.8
2026-06-25 17:02:38,17,Thursday,0,3,22.3,71.9
2026-06-25 17:03:38,17,Thursday,0,3,22.3,71.7
2026-06-25 17:04:38,17,Thursday,0,3,22.3,71.6
2026-06-25 17:05:38,17,Thursday,0,3,22.3,71.4
2026-06-25 17:06:38,17,Thursday,0,3,22.3,71.1
2026-06-25 17:07:38,17,Thursday,0,3,22.2,71.1
2026-06-25 17:08:38,17,Thursday,0,3,22.2,70.8
2026-06-25 17:09:38,17,Thursday,0,3,22.2,70.5
2026-06-25 17:10:38,17,Thursday,0,3,22.2,70.2
2026-06-25 17:11:38,17,Thursday,0,3,22.1,70.1
2026-06-25 17:12:38,17,Thursday,0,3,22.1,70.3
2026-06-25 17:13:38,17,Thursday,0,3,22.1,70.0
2026-06-25 17:14:39,17,Thursday,0,3,22.1,70.1
2026-06-25 17:15:39,17,Thursday,0,3,22.0,70.2
2026-06-25 17:16:39,17,Thursday,0,3,22.0,69.9
2026-06-25 17:17:39,17,Thursday,0,3,22.0,69.7
2026-06-25 17:18:39,17,Thursday,0,3,22.0,69.7
2026-06-25 17:19:39,17,Thursday,0,3,21.9,69.6
2026-06-25 17:20:39,17,Thursday,0,3,21.9,69.4
2026-06-25 17:21:39,17,Thursday,0,3,21.9,69.4
2026-06-25 17:22:39,17,Thursday,0,3,21.9,69.2
2026-06-25 17:23:39,17,Thursday,0,3,21.9,69.1
2026-06-25 17:24:39,17,Thursday,0,3,21.9,68.9
2026-06-25 17:25:39,17,Thursday,0,3,21.9,68.8
2026-06-25 17:26:39,17,Thursday,0,3,21.9,68.6
2026-06-25 17:27:39,17,Thursday,0,3,21.8,68.5
2026-06-25 17:28:39,17,Thursday,0,3,21.8,68.5
2026-06-25 17:29:39,17,Thursday,0,3,21.8,68.2
2026-06-25 17:30:39,17,Thursday,0,3,21.8,68.1
2026-06-25 17:31:39,17,Thursday,0,3,21.8,68.1
2026-06-25 17:32:39,17,Thursday,0,3,21.7,68.0
2026-06-25 17:33:39,17,Thursday,0,3,21.7,68.0
2026-06-25 17:34:39,17,Thursday,0,3,21.7,67.9
2026-06-25 17:35:39,17,Thursday,0,3,21.7,67.9
2026-06-25 17:36:39,17,Thursday,0,3,21.7,67.9
2026-06-25 17:37:39,17,Thursday,0,3,21.7,67.8
2026-06-25 17:38:39,17,Thursday,0,3,21.6,67.9
2026-06-25 17:39:39,17,Thursday,0,3,21.6,67.9
2026-06-25 17:40:39,17,Thursday,0,3,21.6,67.8
2026-06-25 17:41:39,17,Thursday,0,3,21.6,67.8
2026-06-25 17:42:39,17,Thursday,0,3,21.6,67.7
2026-06-25 17:43:39,17,Thursday,0,3,21.6,67.7
2026-06-25 17:44:39,17,Thursday,0,3,21.6,67.7
2026-06-25 17:45:39,17,Thursday,0,3,21.6,67.7
2026-06-25 17:46:39,17,Thursday,0,3,21.6,67.9
2026-06-25 17:47:39,17,Thursday,0,3,21.6,67.7
2026-06-25 17:48:39,17,Thursday,0,3,21.6,67.7
2026-06-25 17:49:39,17,Thursday,0,3,21.6,67.7
2026-06-25 17:50:39,17,Thursday,0,3,21.6,67.6
2026-06-25 17:51:39,17,Thursday,0,3,21.6,67.7
2026-06-25 17:52:39,17,Thursday,0,3,21.5,67.6
2026-06-25 17:53:39,17,Thursday,0,3,21.5,67.7
2026-06-25 17:54:39,17,Thursday,0,3,21.5,67.6
2026-06-25 17:55:39,17,Thursday,0,3,21.5,67.5
2026-06-25 17:56:39,17,Thursday,0,3,21.5,67.5
2026-06-25 17:57:39,17,Thursday,0,3,21.5,67.5
2026-06-25 17:58:39,17,Thursday,0,3,21.5,67.6
2026-06-25 17:59:39,17,Thursday,0,3,21.5,67.5
2026-06-25 18:00:39,18,Thursday,0,3,21.5,67.6
2026-06-25 18:01:39,18,Thursday,0,3,21.5,67.5
2026-06-25 18:02:39,18,Thursday,0,3,21.4,67.7
2026-06-25 18:03:39,18,Thursday,0,3,21.4,67.7
2026-06-25 18:04:39,18,Thursday,0,3,21.4,68.0
2026-06-25 18:05:39,18,Thursday,0,3,21.4,68.0
2026-06-25 18:06:39,18,Thursday,0,3,21.4,68.1
2026-06-25 18:07:39,18,Thursday,0,3,21.4,67.9
2026-06-25 18:08:39,18,Thursday,0,3,21.4,67.9
2026-06-25 18:09:39,18,Thursday,0,3,21.4,67.8
2026-06-25 18:10:40,18,Thursday,0,3,21.4,67.8
2026-06-25 18:11:40,18,Thursday,0,3,21.4,67.8
2026-06-25 18:12:40,18,Thursday,0,3,21.4,67.8
2026-06-25 18:13:40,18,Thursday,0,3,21.3,68.0
2026-06-25 18:14:40,18,Thursday,0,3,21.4,68.0
2026-06-25 18:15:40,18,Thursday,0,3,21.4,67.8
2026-06-25 18:16:40,18,Thursday,0,3,21.4,67.9
2026-06-25 18:17:40,18,Thursday,0,3,21.4,68.0
2026-06-25 18:18:40,18,Thursday,0,3,21.4,68.1
2026-06-25 18:19:40,18,Thursday,0,3,21.4,68.0
2026-06-25 18:20:40,18,Thursday,0,3,21.4,68.0
2026-06-25 18:21:40,18,Thursday,0,3,21.4,67.9
2026-06-25 18:22:40,18,Thursday,0,3,21.4,67.8
2026-06-25 18:23:40,18,Thursday,0,3,21.3,67.8
2026-06-25 18:24:40,18,Thursday,0,3,21.3,68.0
2026-06-25 18:25:40,18,Thursday,0,3,21.4,67.8
2026-06-25 18:26:40,18,Thursday,0,3,21.3,67.7
2026-06-25 18:27:40,18,Thursday,0,3,21.3,67.7
2026-06-25 18:28:40,18,Thursday,0,3,21.3,67.8
2026-06-25 18:29:40,18,Thursday,0,3,21.3,67.6
2026-06-25 18:30:40,18,Thursday,0,3,21.3,67.5
2026-06-25 18:31:40,18,Thursday,0,3,21.3,67.6
2026-06-25 18:32:40,18,Thursday,0,3,21.3,67.6
2026-06-25 18:33:40,18,Thursday,0,3,21.3,67.5
2026-06-25 18:34:40,18,Thursday,0,3,21.3,67.5
2026-06-25 18:35:40,18,Thursday,0,3,21.3,67.6
2026-06-25 18:36:40,18,Thursday,0,3,21.3,67.5
2026-06-25 18:37:40,18,Thursday,0,3,21.3,67.6
2026-06-25 18:38:40,18,Thursday,0,3,21.2,67.5
2026-06-25 18:39:40,18,Thursday,0,3,21.2,67.5
2026-06-25 18:40:40,18,Thursday,0,3,21.3,67.6
2026-06-25 18:41:40,18,Thursday,0,3,21.2,67.6
2026-06-25 18:42:40,18,Thursday,0,3,21.2,67.6
2026-06-25 18:43:40,18,Thursday,0,3,21.2,67.7
2026-06-25 18:44:40,18,Thursday,0,3,21.2,67.7
2026-06-25 18:45:40,18,Thursday,0,3,21.2,67.5
2026-06-25 18:46:40,18,Thursday,0,3,21.2,67.6
2026-06-25 18:47:40,18,Thursday,0,3,21.2,67.6
2026-06-25 18:48:40,18,Thursday,0,3,21.2,67.6
2026-06-25 18:49:40,18,Thursday,0,3,21.2,67.7
2026-06-25 18:50:40,18,Thursday,0,3,21.2,67.8
2026-06-25 18:51:40,18,Thursday,0,3,21.2,67.6
2026-06-25 18:52:40,18,Thursday,0,3,21.2,67.8
2026-06-25 18:53:40,18,Thursday,0,3,21.2,67.7
2026-06-25 18:54:40,18,Thursday,0,3,21.1,67.6
2026-06-25 18:55:40,18,Thursday,0,3,21.2,67.7
2026-06-25 18:56:40,18,Thursday,0,3,21.1,67.7
2026-06-25 18:57:40,18,Thursday,0,3,21.2,67.6
2026-06-25 18:58:40,18,Thursday,0,3,21.1,67.7
2026-06-25 18:59:40,18,Thursday,0,3,21.1,67.7
2026-06-25 19:00:40,19,Thursday,0,3,21.1,67.7
2026-06-25 19:01:40,19,Thursday,0,3,21.1,67.6
2026-06-25 19:02:40,19,Thursday,0,3,21.1,67.6
2026-06-25 19:03:40,19,Thursday,0,3,21.1,67.7
2026-06-25 19:04:40,19,Thursday,0,3,21.1,67.7
2026-06-25 19:05:40,19,Thursday,0,3,21.1,67.6
2026-06-25 19:06:41,19,Thursday,0,3,21.1,67.6
2026-06-25 19:07:41,19,Thursday,0,3,21.0,67.5
2026-06-25 19:08:41,19,Thursday,0,3,21.0,67.6
2026-06-25 19:09:41,19,Thursday,0,3,21.0,67.5
2026-06-25 19:10:41,19,Thursday,0,3,21.0,67.5
2026-06-25 19:11:41,19,Thursday,0,3,21.0,67.6
2026-06-25 19:12:41,19,Thursday,0,3,21.1,67.4
2026-06-25 19:13:41,19,Thursday,0,3,21.0,67.5
2026-06-25 19:14:41,19,Thursday,0,3,21.1,67.4
2026-06-25 19:15:41,19,Thursday,0,3,21.0,67.4
2026-06-25 19:16:41,19,Thursday,0,3,21.0,67.4
2026-06-25 19:17:41,19,Thursday,0,3,21.0,67.4
2026-06-25 19:18:41,19,Thursday,0,3,21.0,67.4
2026-06-25 19:19:41,19,Thursday,0,3,21.0,67.4
2026-06-25 19:20:41,19,Thursday,0,3,21.0,67.5
2026-06-25 19:21:41,19,Thursday,0,3,21.0,67.4
2026-06-25 19:22:41,19,Thursday,0,3,21.0,67.5
2026-06-25 19:23:41,19,Thursday,0,3,21.0,67.6
2026-06-25 19:24:41,19,Thursday,0,3,21.0,67.6
2026-06-25 19:25:41,19,Thursday,0,3,21.0,67.4
2026-06-25 19:26:41,19,Thursday,0,3,20.9,67.4
2026-06-25 19:27:41,19,Thursday,0,3,21.0,67.5
2026-06-25 19:28:41,19,Thursday,0,3,20.9,67.5
2026-06-25 19:29:41,19,Thursday,0,3,20.9,67.5
2026-06-25 19:30:41,19,Thursday,0,3,20.9,67.5
2026-06-25 19:31:41,19,Thursday,0,3,20.9,67.6
2026-06-25 19:32:41,19,Thursday,0,3,20.9,67.5
2026-06-25 19:33:41,19,Thursday,0,3,20.9,67.4
2026-06-25 19:34:41,19,Thursday,0,3,20.9,67.4
2026-06-25 19:35:41,19,Thursday,0,3,20.9,67.4
2026-06-25 19:36:41,19,Thursday,0,3,20.9,67.4
2026-06-25 19:37:41,19,Thursday,0,3,20.9,67.3
2026-06-25 19:38:41,19,Thursday,0,3,20.9,67.4
2026-06-25 19:39:41,19,Thursday,0,3,20.9,67.3
2026-06-25 19:40:41,19,Thursday,0,3,20.9,67.4
2026-06-25 19:41:41,19,Thursday,0,3,20.8,67.3
2026-06-25 19:42:41,19,Thursday,0,3,20.8,67.4
2026-06-25 19:43:41,19,Thursday,0,3,20.9,67.4
2026-06-25 19:44:41,19,Thursday,0,3,20.8,67.4
2026-06-25 19:45:41,19,Thursday,0,3,20.8,67.3
2026-06-25 19:46:41,19,Thursday,0,3,20.8,67.3
2026-06-25 19:47:41,19,Thursday,0,3,20.8,67.5
2026-06-25 19:48:41,19,Thursday,0,3,20.8,67.4
2026-06-25 19:49:41,19,Thursday,0,3,20.8,67.4
2026-06-25 19:50:41,19,Thursday,0,3,20.8,67.4
2026-06-25 19:51:41,19,Thursday,0,3,20.8,67.3
2026-06-25 19:52:41,19,Thursday,0,3,20.8,67.5
2026-06-25 19:53:41,19,Thursday,0,3,20.8,67.6
2026-06-25 19:54:41,19,Thursday,0,3,20.8,67.5
2026-06-25 19:55:41,19,Thursday,0,3,20.8,67.5
2026-06-25 19:56:41,19,Thursday,0,3,20.8,67.6
2026-06-25 19:57:41,19,Thursday,0,3,20.8,67.6
2026-06-25 19:58:41,19,Thursday,0,3,20.8,67.4
2026-06-25 19:59:41,19,Thursday,0,3,20.8,67.4
2026-06-25 20:00:41,20,Thursday,0,3,20.7,67.6
2026-06-25 20:01:41,20,Thursday,0,3,20.8,67.5
2026-06-25 20:02:41,20,Thursday,0,3,20.7,67.6
2026-06-25 20:03:42,20,Thursday,0,3,20.7,67.6
2026-06-25 20:04:42,20,Thursday,0,3,20.7,67.5
2026-06-25 20:05:42,20,Thursday,0,3,20.7,67.5
2026-06-25 20:06:42,20,Thursday,0,3,20.7,67.5
2026-06-25 20:07:42,20,Thursday,0,3,20.7,67.6
2026-06-25 20:08:42,20,Thursday,0,3,20.7,67.5
2026-06-25 20:09:42,20,Thursday,0,3,20.7,67.3
2026-06-25 20:10:42,20,Thursday,0,3,20.7,67.4
2026-06-25 20:11:42,20,Thursday,0,3,20.8,67.4
2026-06-25 20:12:42,20,Thursday,0,3,20.7,67.4
2026-06-25 20:13:42,20,Thursday,0,3,20.7,67.3
2026-06-25 20:14:42,20,Thursday,0,3,20.7,67.4
2026-06-25 20:15:42,20,Thursday,0,3,20.7,67.5
2026-06-25 20:16:42,20,Thursday,0,3,20.7,67.4
2026-06-25 20:17:42,20,Thursday,0,3,20.7,67.5
2026-06-25 20:18:42,20,Thursday,0,3,20.7,67.5
2026-06-25 20:19:42,20,Thursday,0,3,20.7,67.7
2026-06-25 20:20:42,20,Thursday,0,3,20.7,67.5
2026-06-25 20:21:42,20,Thursday,0,3,20.7,67.4
2026-06-25 20:22:42,20,Thursday,0,3,20.7,67.4
2026-06-25 20:23:42,20,Thursday,0,3,20.7,67.6
2026-06-25 20:24:42,20,Thursday,0,3,20.6,67.4
2026-06-25 20:25:42,20,Thursday,0,3,20.6,67.6
2026-06-25 20:26:42,20,Thursday,0,3,20.6,67.7
2026-06-25 20:27:42,20,Thursday,0,3,20.7,67.6
2026-06-25 20:28:42,20,Thursday,0,3,20.6,67.5
2026-06-25 20:29:42,20,Thursday,0,3,20.6,67.5
2026-06-25 20:30:42,20,Thursday,0,3,20.6,67.6
2026-06-25 20:31:42,20,Thursday,0,3,20.6,67.6
2026-06-25 20:32:42,20,Thursday,0,3,20.6,67.6
2026-06-25 20:33:42,20,Thursday,0,3,20.6,67.6
2026-06-25 20:34:42,20,Thursday,0,3,20.6,67.7
2026-06-25 20:35:42,20,Thursday,0,3,20.6,67.8
2026-06-25 20:36:42,20,Thursday,0,3,20.6,67.6
2026-06-25 20:37:42,20,Thursday,0,3,20.6,67.6
2026-06-25 20:38:42,20,Thursday,0,3,20.6,67.6
2026-06-25 20:39:42,20,Thursday,0,3,20.6,67.6
2026-06-25 20:40:42,20,Thursday,0,3,20.6,67.5
2026-06-25 20:41:42,20,Thursday,0,3,20.6,67.5
2026-06-25 20:42:42,20,Thursday,0,3,20.5,67.7
2026-06-25 20:43:42,20,Thursday,0,3,20.6,67.5
2026-06-25 20:44:42,20,Thursday,0,3,20.5,67.6
2026-06-25 20:45:42,20,Thursday,0,3,20.5,67.6
2026-06-25 20:46:42,20,Thursday,0,3,20.5,67.6
2026-06-25 20:47:42,20,Thursday,0,3,20.6,67.6
2026-06-25 20:48:42,20,Thursday,0,3,20.5,67.5
2026-06-25 20:49:42,20,Thursday,0,3,20.5,67.6
2026-06-25 20:50:42,20,Thursday,0,3,20.5,67.4
2026-06-25 20:51:42,20,Thursday,0,3,20.6,67.6
2026-06-25 20:52:42,20,Thursday,0,3,20.6,67.4
2026-06-25 20:53:42,20,Thursday,0,3,20.5,67.5
2026-06-25 20:54:42,20,Thursday,0,3,20.6,67.5
2026-06-25 20:55:42,20,Thursday,0,3,20.6,67.5
2026-06-25 20:56:42,20,Thursday,0,3,20.5,67.3
2026-06-25 20:57:42,20,Thursday,0,3,20.5,67.4
2026-06-25 20:58:42,20,Thursday,0,3,20.5,67.5
2026-06-25 20:59:42,20,Thursday,0,3,20.5,67.6
2026-06-25 21:00:42,21,Thursday,0,3,20.5,67.5
2026-06-25 21:01:43,21,Thursday,0,3,20.5,67.6
2026-06-25 21:02:43,21,Thursday,0,3,20.5,67.6
2026-06-25 21:03:43,21,Thursday,0,3,20.5,67.6
2026-06-25 21:04:43,21,Thursday,0,3,20.4,67.7
2026-06-25 21:05:43,21,Thursday,0,3,20.4,67.6
2026-06-25 21:06:43,21,Thursday,0,3,20.5,67.7
2026-06-25 21:07:43,21,Thursday,0,3,20.5,67.6
2026-06-25 21:08:43,21,Thursday,0,3,20.5,67.6
2026-06-25 21:09:43,21,Thursday,0,3,20.5,67.6
2026-06-25 21:10:43,21,Thursday,0,3,20.4,67.5
2026-06-25 21:11:43,21,Thursday,0,3,20.4,67.6
2026-06-25 21:12:43,21,Thursday,0,3,20.4,67.6
2026-06-25 21:13:43,21,Thursday,0,3,20.4,67.5
2026-06-25 21:14:43,21,Thursday,0,3,20.4,67.8
2026-06-25 21:15:43,21,Thursday,0,3,20.4,67.7
2026-06-25 21:16:43,21,Thursday,0,3,20.4,67.8
2026-06-25 21:17:43,21,Thursday,0,3,20.4,67.8
2026-06-25 21:18:43,21,Thursday,0,3,20.4,68.0
2026-06-25 21:19:43,21,Thursday,0,3,20.4,68.0
2026-06-25 21:20:43,21,Thursday,0,3,20.5,68.1
2026-06-25 21:21:43,21,Thursday,0,3,20.5,68.0
2026-06-25 21:22:43,21,Thursday,0,3,20.4,68.1
2026-06-25 21:23:43,21,Thursday,0,3,20.5,68.2
2026-06-25 21:24:43,21,Thursday,0,3,20.5,68.2
2026-06-25 21:25:43,21,Thursday,0,3,20.5,68.2
2026-06-25 21:26:43,21,Thursday,0,3,20.5,68.0
2026-06-25 21:27:43,21,Thursday,0,3,20.4,68.1
2026-06-25 21:28:43,21,Thursday,0,3,20.4,68.3
2026-06-25 21:29:43,21,Thursday,0,3,20.4,68.3
2026-06-25 21:30:43,21,Thursday,0,3,20.5,68.2
2026-06-25 21:31:43,21,Thursday,0,3,20.4,68.2
2026-06-25 21:32:43,21,Thursday,0,3,20.4,68.3
2026-06-25 21:33:43,21,Thursday,0,3,20.4,68.3
2026-06-25 21:34:43,21,Thursday,0,3,20.4,68.2
2026-06-25 21:35:43,21,Thursday,0,3,20.4,68.2
2026-06-25 21:36:43,21,Thursday,0,3,20.4,68.1
2026-06-25 21:37:43,21,Thursday,0,3,20.4,68.1
2026-06-25 21:38:43,21,Thursday,0,3,20.4,68.0
2026-06-25 21:39:43,21,Thursday,0,3,20.4,68.1
2026-06-25 21:40:43,21,Thursday,0,3,20.4,68.2
2026-06-25 21:41:43,21,Thursday,0,3,20.4,68.1
2026-06-25 21:42:43,21,Thursday,0,3,20.4,68.0
2026-06-25 21:43:43,21,Thursday,0,3,20.4,67.9
2026-06-25 21:44:43,21,Thursday,0,3,20.4,68.0
2026-06-25 21:45:43,21,Thursday,0,3,20.4,68.1
2026-06-25 21:46:43,21,Thursday,0,3,20.4,68.0
2026-06-25 21:47:43,21,Thursday,0,3,20.4,68.1
2026-06-25 21:48:43,21,Thursday,0,3,20.4,68.1
2026-06-25 21:49:43,21,Thursday,0,3,20.4,68.0
2026-06-25 21:50:43,21,Thursday,0,3,20.4,67.9
2026-06-25 21:51:43,21,Thursday,0,3,20.4,68.0
2026-06-25 21:52:43,21,Thursday,0,3,20.4,68.1
2026-06-25 21:53:43,21,Thursday,0,3,20.4,68.1
2026-06-25 21:54:43,21,Thursday,0,3,20.4,68.2
2026-06-25 21:55:43,21,Thursday,0,3,20.3,68.2
2026-06-25 21:56:43,21,Thursday,0,3,20.3,68.2
2026-06-25 21:57:43,21,Thursday,0,3,20.4,68.2
2026-06-25 21:58:44,21,Thursday,0,3,20.4,68.5
2026-06-25 21:59:44,21,Thursday,0,3,20.4,68.4
2026-06-25 22:00:44,22,Thursday,0,3,20.4,68.3
2026-06-25 22:01:44,22,Thursday,0,3,20.4,68.3
2026-06-25 22:02:44,22,Thursday,0,3,20.4,68.2
2026-06-25 22:03:44,22,Thursday,0,3,20.4,68.4
2026-06-25 22:04:44,22,Thursday,0,3,20.4,68.3
2026-06-25 22:05:44,22,Thursday,0,3,20.4,68.3
2026-06-25 22:06:44,22,Thursday,0,3,20.4,68.0
2026-06-25 22:07:44,22,Thursday,0,3,20.4,68.1
2026-06-25 22:08:44,22,Thursday,0,3,20.3,68.0
2026-06-25 22:09:44,22,Thursday,0,3,20.3,68.0
2026-06-25 22:10:44,22,Thursday,0,3,20.3,68.0
2026-06-25 22:11:44,22,Thursday,0,3,20.3,68.1
2026-06-25 22:12:44,22,Thursday,0,3,20.3,67.8
2026-06-25 22:13:44,22,Thursday,0,3,20.3,67.8
2026-06-25 22:14:44,22,Thursday,0,3,20.3,67.9
2026-06-25 22:15:44,22,Thursday,0,3,20.3,68.0
2026-06-25 22:16:44,22,Thursday,0,3,20.3,68.0
2026-06-25 22:17:44,22,Thursday,0,3,20.3,68.1
2026-06-25 22:18:44,22,Thursday,0,3,20.3,68.0
2026-06-25 22:19:44,22,Thursday,0,3,20.3,68.1
2026-06-25 22:20:44,22,Thursday,0,3,20.3,68.0
2026-06-25 22:21:44,22,Thursday,0,3,20.3,68.1
2026-06-25 22:22:44,22,Thursday,0,3,20.3,68.0
2026-06-25 22:23:44,22,Thursday,0,3,20.3,68.1
2026-06-25 22:24:44,22,Thursday,0,3,20.3,68.0
2026-06-25 22:25:44,22,Thursday,0,3,20.3,68.0
2026-06-25 22:26:44,22,Thursday,0,3,20.2,67.8
2026-06-25 22:27:44,22,Thursday,0,3,20.2,68.1
2026-06-25 22:28:44,22,Thursday,0,3,20.2,67.9
2026-06-25 22:29:44,22,Thursday,0,3,20.2,67.9
2026-06-25 22:30:44,22,Thursday,0,3,20.2,68.0
2026-06-25 22:31:44,22,Thursday,0,3,20.2,68.1
2026-06-25 22:32:44,22,Thursday,0,3,20.3,68.0
2026-06-25 22:33:44,22,Thursday,0,3,20.3,68.0
2026-06-25 22:34:44,22,Thursday,0,3,20.2,68.1
2026-06-25 22:35:44,22,Thursday,0,3,20.2,68.1
2026-06-25 22:36:44,22,Thursday,0,3,20.2,68.1
2026-06-25 22:37:44,22,Thursday,0,3,20.2,68.0
2026-06-25 22:38:44,22,Thursday,0,3,20.2,68.1
2026-06-25 22:39:44,22,Thursday,0,3,20.3,68.1
2026-06-25 22:40:44,22,Thursday,0,3,20.2,68.2
2026-06-25 22:41:44,22,Thursday,0,3,20.2,68.2
2026-06-25 22:42:44,22,Thursday,0,3,20.2,68.2
2026-06-25 22:43:44,22,Thursday,0,3,20.2,68.2
2026-06-25 22:44:44,22,Thursday,0,3,20.2,68.3
2026-06-25 22:45:44,22,Thursday,0,3,20.2,68.2
2026-06-25 22:46:44,22,Thursday,0,3,20.2,68.2
2026-06-25 22:47:44,22,Thursday,0,3,20.2,68.2
2026-06-25 22:48:44,22,Thursday,0,3,20.2,68.3
2026-06-25 22:49:44,22,Thursday,0,3,20.2,68.2
2026-06-25 22:50:44,22,Thursday,0,3,20.2,68.2
2026-06-25 22:51:44,22,Thursday,0,3,20.2,68.2
2026-06-25 22:52:44,22,Thursday,0,3,20.1,68.1
2026-06-25 22:53:44,22,Thursday,0,3,20.1,68.0
2026-06-25 22:54:44,22,Thursday,0,3,20.2,68.1
2026-06-25 22:55:44,22,Thursday,0,3,20.2,68.0
2026-06-25 22:56:45,22,Thursday,0,3,20.1,68.0
2026-06-25 22:57:45,22,Thursday,0,3,20.1,68.0
2026-06-25 22:58:45,22,Thursday,0,3,20.1,68.1
2026-06-25 22:59:45,22,Thursday,0,3,20.1,68.1
2026-06-25 23:00:45,23,Thursday,0,3,20.1,68.2
2026-06-25 23:01:45,23,Thursday,0,3,20.1,68.3
2026-06-25 23:02:45,23,Thursday,0,3,20.1,68.3
2026-06-25 23:03:45,23,Thursday,0,3,20.1,68.3
2026-06-25 23:04:45,23,Thursday,0,3,20.1,68.4
2026-06-25 23:05:45,23,Thursday,0,3,20.1,68.1
2026-06-25 23:06:45,23,Thursday,0,3,20.2,68.1
2026-06-25 23:07:45,23,Thursday,0,3,20.1,68.1
2026-06-25 23:08:45,23,Thursday,0,3,20.1,68.1
2026-06-25 23:09:45,23,Thursday,0,3,20.1,68.3
2026-06-25 23:10:45,23,Thursday,0,3,20.1,68.3
2026-06-25 23:11:45,23,Thursday,0,3,20.1,68.3
2026-06-25 23:12:45,23,Thursday,0,3,20.1,68.2
2026-06-25 23:13:45,23,Thursday,0,3,20.1,68.2
2026-06-25 23:14:45,23,Thursday,0,3,20.1,68.2
2026-06-25 23:15:45,23,Thursday,0,3,20.1,68.2
2026-06-25 23:16:45,23,Thursday,0,3,20.1,68.2
2026-06-25 23:17:45,23,Thursday,0,3,20.1,68.2
2026-06-25 23:18:45,23,Thursday,0,3,20.1,68.2
2026-06-25 23:19:45,23,Thursday,0,3,20.1,67.9
2026-06-25 23:20:45,23,Thursday,0,3,20.1,67.9
2026-06-25 23:21:45,23,Thursday,0,3,20.1,68.1
2026-06-25 23:22:45,23,Thursday,0,3,20.1,68.1
2026-06-25 23:23:45,23,Thursday,0,3,20.1,68.2
2026-06-25 23:24:45,23,Thursday,0,3,20.0,68.2
2026-06-25 23:25:45,23,Thursday,0,3,20.0,68.1
2026-06-25 23:26:45,23,Thursday,0,3,20.1,68.0
2026-06-25 23:27:45,23,Thursday,0,3,20.1,67.9
2026-06-25 23:28:45,23,Thursday,0,3,20.0,67.7
2026-06-25 23:29:45,23,Thursday,0,3,20.0,67.9
2026-06-25 23:30:45,23,Thursday,0,3,20.0,67.9
2026-06-25 23:31:45,23,Thursday,0,3,20.0,67.9
2026-06-25 23:32:45,23,Thursday,0,3,20.0,68.0
2026-06-25 23:33:45,23,Thursday,0,3,20.0,68.0
2026-06-25 23:34:45,23,Thursday,0,3,20.0,67.8
2026-06-25 23:35:45,23,Thursday,0,3,20.0,67.9
2026-06-25 23:36:45,23,Thursday,0,3,20.0,68.0
2026-06-25 23:37:45,23,Thursday,0,3,20.0,68.0
2026-06-25 23:38:45,23,Thursday,0,3,20.0,68.0
2026-06-25 23:39:45,23,Thursday,0,3,20.0,67.9
2026-06-25 23:40:45,23,Thursday,0,3,20.0,68.1
2026-06-25 23:41:45,23,Thursday,0,3,20.0,68.1
2026-06-25 23:42:45,23,Thursday,0,3,20.0,68.2
2026-06-25 23:43:45,23,Thursday,0,3,20.0,68.2
2026-06-25 23:44:45,23,Thursday,0,3,20.0,68.1
2026-06-25 23:45:45,23,Thursday,0,3,20.0,68.1
2026-06-25 23:46:45,23,Thursday,0,3,20.0,68.0
2026-06-25 23:47:45,23,Thursday,0,3,20.0,68.1
2026-06-25 23:48:45,23,Thursday,0,3,20.0,68.1
2026-06-25 23:49:45,23,Thursday,0,3,20.0,68.2
2026-06-25 23:50:45,23,Thursday,0,3,20.0,68.1
2026-06-25 23:51:45,23,Thursday,0,3,20.0,68.1
2026-06-25 23:52:45,23,Thursday,0,3,20.0,68.0
2026-06-25 23:53:45,23,Thursday,0,3,20.0,68.0
2026-06-25 23:54:46,23,Thursday,0,3,20.0,68.0
2026-06-25 23:55:46,23,Thursday,0,3,20.0,68.0
2026-06-25 23:56:46,23,Thursday,0,3,20.0,68.0
2026-06-25 23:57:46,23,Thursday,0,3,19.9,68.0
2026-06-25 23:58:46,23,Thursday,0,3,19.9,68.0
2026-06-25 23:59:46,23,Thursday,0,3,19.9,68.1
2026-06-26 00:00:46,0,Friday,0,4,19.9,68.2
2026-06-26 00:01:46,0,Friday,0,4,19.9,68.1
2026-06-26 00:02:46,0,Friday,0,4,19.9,68.1
2026-06-26 00:03:46,0,Friday,0,4,19.9,68.2
2026-06-26 00:04:46,0,Friday,0,4,19.9,68.0
2026-06-26 00:05:46,0,Friday,0,4,19.9,67.9
2026-06-26 00:06:46,0,Friday,0,4,19.9,68.0
2026-06-26 00:07:46,0,Friday,0,4,19.9,67.9
2026-06-26 00:08:46,0,Friday,0,4,19.9,68.0
2026-06-26 00:09:46,0,Friday,0,4,19.9,67.9
2026-06-26 00:10:46,0,Friday,0,4,19.9,67.9
2026-06-26 00:11:46,0,Friday,0,4,19.9,67.8
2026-06-26 00:12:46,0,Friday,0,4,19.8,68.1
2026-06-26 00:13:46,0,Friday,0,4,19.8,68.1
2026-06-26 00:14:46,0,Friday,0,4,19.8,68.1
2026-06-26 00:15:46,0,Friday,0,4,19.8,68.1
2026-06-26 00:16:46,0,Friday,0,4,19.9,68.2
2026-06-26 00:17:46,0,Friday,0,4,19.9,68.0
2026-06-26 00:18:46,0,Friday,0,4,19.9,68.1
2026-06-26 00:19:46,0,Friday,0,4,19.9,68.2
2026-06-26 00:20:46,0,Friday,0,4,19.8,68.1
2026-06-26 00:21:46,0,Friday,0,4,19.8,68.1
2026-06-26 00:22:46,0,Friday,0,4,19.8,68.1
2026-06-26 00:23:46,0,Friday,0,4,19.8,68.2
2026-06-26 00:24:46,0,Friday,0,4,19.8,68.2
2026-06-26 00:25:46,0,Friday,0,4,19.8,68.0
2026-06-26 00:26:46,0,Friday,0,4,19.8,67.9
2026-06-26 00:27:46,0,Friday,0,4,19.8,67.8
2026-06-26 00:28:46,0,Friday,0,4,19.8,67.7
2026-06-26 00:29:46,0,Friday,0,4,19.8,67.8
2026-06-26 00:30:46,0,Friday,0,4,19.8,67.8
2026-06-26 00:31:46,0,Friday,0,4,19.8,67.8
2026-06-26 00:32:46,0,Friday,0,4,19.8,67.7
2026-06-26 00:33:46,0,Friday,0,4,19.8,67.8
2026-06-26 00:34:46,0,Friday,0,4,19.8,67.7
2026-06-26 00:35:46,0,Friday,0,4,19.8,67.6
2026-06-26 00:36:46,0,Friday,0,4,19.8,67.6
2026-06-26 00:37:46,0,Friday,0,4,19.8,67.8
2026-06-26 00:38:46,0,Friday,0,4,19.8,67.9
2026-06-26 00:39:46,0,Friday,0,4,19.8,68.0
2026-06-26 00:40:46,0,Friday,0,4,19.7,68.0
2026-06-26 00:41:46,0,Friday,0,4,19.7,67.9
2026-06-26 00:42:46,0,Friday,0,4,19.7,68.0
2026-06-26 00:43:46,0,Friday,0,4,19.7,68.1
2026-06-26 00:44:46,0,Friday,0,4,19.7,68.1
2026-06-26 00:45:46,0,Friday,0,4,19.7,68.0
2026-06-26 00:46:46,0,Friday,0,4,19.7,67.9
2026-06-26 00:47:46,0,Friday,0,4,19.8,67.9
2026-06-26 00:48:46,0,Friday,0,4,19.8,67.9
2026-06-26 00:49:46,0,Friday,0,4,19.7,67.8
2026-06-26 00:50:46,0,Friday,0,4,19.8,67.9
2026-06-26 00:51:46,0,Friday,0,4,19.7,67.9
2026-06-26 00:52:46,0,Friday,0,4,19.8,67.9
2026-06-26 00:53:47,0,Friday,0,4,19.7,67.8
2026-06-26 00:54:47,0,Friday,0,4,19.7,67.9
2026-06-26 00:55:47,0,Friday,0,4,19.7,67.9
2026-06-26 00:56:47,0,Friday,0,4,19.7,67.9
2026-06-26 00:57:47,0,Friday,0,4,19.7,68.0
2026-06-26 00:58:47,0,Friday,0,4,19.7,68.1
2026-06-26 00:59:47,0,Friday,0,4,19.7,68.1
2026-06-26 01:00:47,1,Friday,0,4,19.7,67.9
2026-06-26 01:01:47,1,Friday,0,4,19.7,67.9
2026-06-26 01:02:47,1,Friday,0,4,19.7,67.8
2026-06-26 01:03:47,1,Friday,0,4,19.7,67.9
2026-06-26 01:04:47,1,Friday,0,4,19.7,67.9
2026-06-26 01:05:47,1,Friday,0,4,19.7,67.8
2026-06-26 01:06:47,1,Friday,0,4,19.7,67.9
2026-06-26 01:07:47,1,Friday,0,4,19.7,68.0
2026-06-26 01:08:47,1,Friday,0,4,19.7,67.9
2026-06-26 01:09:47,1,Friday,0,4,19.7,67.8
2026-06-26 01:10:47,1,Friday,0,4,19.7,67.8
2026-06-26 01:11:47,1,Friday,0,4,19.7,67.9
2026-06-26 01:12:47,1,Friday,0,4,19.7,67.9
2026-06-26 01:13:47,1,Friday,0,4,19.7,67.8
2026-06-26 01:14:47,1,Friday,0,4,19.7,67.9
2026-06-26 01:15:47,1,Friday,0,4,19.7,67.8
2026-06-26 01:16:47,1,Friday,0,4,19.7,67.7
2026-06-26 01:17:47,1,Friday,0,4,19.7,67.8
2026-06-26 01:18:47,1,Friday,0,4,19.7,67.9
2026-06-26 01:19:47,1,Friday,0,4,19.7,67.8
2026-06-26 01:20:47,1,Friday,0,4,19.6,67.7
2026-06-26 01:21:47,1,Friday,0,4,19.6,67.7
2026-06-26 01:22:47,1,Friday,0,4,19.6,67.8
2026-06-26 01:23:47,1,Friday,0,4,19.6,67.8
2026-06-26 01:24:47,1,Friday,0,4,19.7,67.8
2026-06-26 01:25:47,1,Friday,0,4,19.6,67.8
2026-06-26 01:26:47,1,Friday,0,4,19.6,67.7
2026-06-26 01:27:47,1,Friday,0,4,19.6,67.7
2026-06-26 01:28:47,1,Friday,0,4,19.6,67.8
2026-06-26 01:29:47,1,Friday,0,4,19.6,67.8
2026-06-26 01:30:47,1,Friday,0,4,19.6,67.9
2026-06-26 01:31:47,1,Friday,0,4,19.6,68.0
2026-06-26 01:32:47,1,Friday,0,4,19.6,67.8
2026-06-26 01:33:47,1,Friday,0,4,19.6,67.9
2026-06-26 01:34:47,1,Friday,0,4,19.6,67.8
2026-06-26 01:35:47,1,Friday,0,4,19.6,67.8
2026-06-26 01:36:47,1,Friday,0,4,19.6,67.9
2026-06-26 01:37:47,1,Friday,0,4,19.6,67.8
2026-06-26 01:38:47,1,Friday,0,4,19.6,67.9
2026-06-26 01:39:47,1,Friday,0,4,19.6,67.9
2026-06-26 01:40:47,1,Friday,0,4,19.6,67.9
2026-06-26 01:41:47,1,Friday,0,4,19.6,67.9
2026-06-26 01:42:47,1,Friday,0,4,19.6,67.9
2026-06-26 01:43:47,1,Friday,0,4,19.5,67.8
2026-06-26 01:44:47,1,Friday,0,4,19.5,67.8
2026-06-26 01:45:47,1,Friday,0,4,19.5,67.7
2026-06-26 01:46:47,1,Friday,0,4,19.5,67.9
2026-06-26 01:47:47,1,Friday,0,4,19.4,68.0
2026-06-26 01:48:47,1,Friday,0,4,19.5,68.0
2026-06-26 01:49:47,1,Friday,0,4,19.5,68.1
2026-06-26 01:50:47,1,Friday,0,4,19.5,68.1
2026-06-26 01:51:47,1,Friday,0,4,19.5,68.0
2026-06-26 01:52:48,1,Friday,0,4,19.5,68.0
2026-06-26 01:53:48,1,Friday,0,4,19.5,68.0
2026-06-26 01:54:48,1,Friday,0,4,19.5,67.9
2026-06-26 01:55:48,1,Friday,0,4,19.5,67.8
2026-06-26 01:56:48,1,Friday,0,4,19.5,68.0
2026-06-26 01:57:48,1,Friday,0,4,19.4,68.0
2026-06-26 01:58:48,1,Friday,0,4,19.5,68.0
2026-06-26 01:59:48,1,Friday,0,4,19.5,68.0
2026-06-26 02:00:48,2,Friday,0,4,19.5,68.0
2026-06-26 02:01:48,2,Friday,0,4,19.4,67.9
2026-06-26 02:02:48,2,Friday,0,4,19.5,67.9
2026-06-26 02:03:48,2,Friday,0,4,19.4,68.0
2026-06-26 02:04:48,2,Friday,0,4,19.4,68.1
2026-06-26 02:05:48,2,Friday,0,4,19.4,68.1
2026-06-26 02:06:48,2,Friday,0,4,19.4,68.2
2026-06-26 02:07:48,2,Friday,0,4,19.4,68.1
2026-06-26 02:08:48,2,Friday,0,4,19.4,68.1
2026-06-26 02:09:48,2,Friday,0,4,19.4,68.2
2026-06-26 02:10:48,2,Friday,0,4,19.4,68.4
2026-06-26 02:11:48,2,Friday,0,4,19.4,68.2
2026-06-26 02:12:48,2,Friday,0,4,19.4,68.1
2026-06-26 02:13:48,2,Friday,0,4,19.5,68.1
2026-06-26 02:14:48,2,Friday,0,4,19.4,68.0
2026-06-26 02:15:48,2,Friday,0,4,19.5,68.0
2026-06-26 02:16:48,2,Friday,0,4,19.4,67.9
2026-06-26 02:17:48,2,Friday,0,4,19.4,68.0
2026-06-26 02:18:48,2,Friday,0,4,19.4,68.0
2026-06-26 02:19:48,2,Friday,0,4,19.4,68.2
2026-06-26 02:20:48,2,Friday,0,4,19.4,68.2
2026-06-26 02:21:48,2,Friday,0,4,19.5,68.1
2026-06-26 02:22:48,2,Friday,0,4,19.5,68.0
2026-06-26 02:23:48,2,Friday,0,4,19.5,68.1
2026-06-26 02:24:48,2,Friday,0,4,19.5,68.0
2026-06-26 02:25:48,2,Friday,0,4,19.5,68.1
2026-06-26 02:26:48,2,Friday,0,4,19.5,67.9
2026-06-26 02:27:48,2,Friday,0,4,19.5,68.0
2026-06-26 02:28:48,2,Friday,0,4,19.5,68.0
2026-06-26 02:29:48,2,Friday,0,4,19.5,68.1
2026-06-26 02:30:48,2,Friday,0,4,19.4,67.9
2026-06-26 02:31:48,2,Friday,0,4,19.4,68.1
2026-06-26 02:32:48,2,Friday,0,4,19.4,68.1
2026-06-26 02:33:48,2,Friday,0,4,19.4,68.0
2026-06-26 02:34:48,2,Friday,0,4,19.4,68.0
2026-06-26 02:35:48,2,Friday,0,4,19.4,68.1
2026-06-26 02:36:48,2,Friday,0,4,19.4,67.9
2026-06-26 02:37:48,2,Friday,0,4,19.4,68.0
2026-06-26 02:38:48,2,Friday,0,4,19.4,68.0
2026-06-26 02:39:48,2,Friday,0,4,19.4,68.1
2026-06-26 02:40:48,2,Friday,0,4,19.4,68.2
2026-06-26 02:41:48,2,Friday,0,4,19.4,68.1
2026-06-26 02:42:48,2,Friday,0,4,19.4,68.1
2026-06-26 02:43:48,2,Friday,0,4,19.4,67.9
2026-06-26 02:44:48,2,Friday,0,4,19.4,68.1
2026-06-26 02:45:48,2,Friday,0,4,19.4,68.1
2026-06-26 02:46:48,2,Friday,0,4,19.4,68.1
2026-06-26 02:47:48,2,Friday,0,4,19.4,68.1
2026-06-26 02:48:48,2,Friday,0,4,19.4,68.0
2026-06-26 02:49:48,2,Friday,0,4,19.4,67.9
2026-06-26 02:50:48,2,Friday,0,4,19.4,67.8
2026-06-26 02:51:49,2,Friday,0,4,19.4,67.9
2026-06-26 02:52:49,2,Friday,0,4,19.4,68.0
2026-06-26 02:53:49,2,Friday,0,4,19.4,67.8
2026-06-26 02:54:49,2,Friday,0,4,19.4,67.9
2026-06-26 02:55:49,2,Friday,0,4,19.4,67.8
2026-06-26 02:56:49,2,Friday,0,4,19.4,68.0
2026-06-26 02:57:49,2,Friday,0,4,19.3,67.9
2026-06-26 02:58:49,2,Friday,0,4,19.3,68.2
2026-06-26 02:59:49,2,Friday,0,4,19.3,68.1
2026-06-26 03:00:49,3,Friday,0,4,19.3,68.1
2026-06-26 03:01:49,3,Friday,0,4,19.3,68.0
2026-06-26 03:02:49,3,Friday,0,4,19.3,67.8
2026-06-26 03:03:49,3,Friday,0,4,19.3,68.1
2026-06-26 03:04:49,3,Friday,0,4,19.3,68.0
2026-06-26 03:05:49,3,Friday,0,4,19.3,68.2
2026-06-26 03:06:49,3,Friday,0,4,19.3,68.1
2026-06-26 03:07:49,3,Friday,0,4,19.3,68.1
2026-06-26 03:08:49,3,Friday,0,4,19.3,68.2
2026-06-26 03:09:49,3,Friday,0,4,19.3,68.2
2026-06-26 03:10:49,3,Friday,0,4,19.3,68.2
2026-06-26 03:11:49,3,Friday,0,4,19.3,68.2
2026-06-26 03:12:49,3,Friday,0,4,19.3,68.1
2026-06-26 03:13:49,3,Friday,0,4,19.3,68.1
2026-06-26 03:14:49,3,Friday,0,4,19.3,68.1
2026-06-26 03:15:49,3,Friday,0,4,19.3,68.1
2026-06-26 03:16:49,3,Friday,0,4,19.3,68.1
2026-06-26 03:17:49,3,Friday,0,4,19.3,68.2
2026-06-26 03:18:49,3,Friday,0,4,19.3,68.2
2026-06-26 03:19:49,3,Friday,0,4,19.3,68.1
2026-06-26 03:20:49,3,Friday,0,4,19.3,68.1
2026-06-26 03:21:49,3,Friday,0,4,19.3,68.1
2026-06-26 03:22:49,3,Friday,0,4,19.3,68.0
2026-06-26 03:23:49,3,Friday,0,4,19.3,68.0
2026-06-26 03:24:49,3,Friday,0,4,19.3,68.0
2026-06-26 03:25:49,3,Friday,0,4,19.3,68.1
2026-06-26 03:26:49,3,Friday,0,4,19.3,67.8
2026-06-26 03:27:49,3,Friday,0,4,19.3,68.0
2026-06-26 03:28:49,3,Friday,0,4,19.3,67.7
2026-06-26 03:29:49,3,Friday,0,4,19.3,67.8
2026-06-26 03:30:49,3,Friday,0,4,19.3,67.9
2026-06-26 03:31:49,3,Friday,0,4,19.2,67.8
2026-06-26 03:32:49,3,Friday,0,4,19.2,67.9
2026-06-26 03:33:49,3,Friday,0,4,19.2,67.8
2026-06-26 03:34:49,3,Friday,0,4,19.3,68.0
2026-06-26 03:35:49,3,Friday,0,4,19.3,67.9
2026-06-26 03:36:49,3,Friday,0,4,19.2,67.9
2026-06-26 03:37:49,3,Friday,0,4,19.2,67.9
2026-06-26 03:38:49,3,Friday,0,4,19.2,67.8
2026-06-26 03:39:49,3,Friday,0,4,19.2,67.8
2026-06-26 03:40:49,3,Friday,0,4,19.2,67.7
2026-06-26 03:41:49,3,Friday,0,4,19.2,67.7
2026-06-26 03:42:49,3,Friday,0,4,19.2,67.8
2026-06-26 03:43:49,3,Friday,0,4,19.2,67.8
2026-06-26 03:44:49,3,Friday,0,4,19.2,67.8
2026-06-26 03:45:49,3,Friday,0,4,19.2,67.8
2026-06-26 03:46:49,3,Friday,0,4,19.2,67.8
2026-06-26 03:47:49,3,Friday,0,4,19.2,67.8
2026-06-26 03:48:49,3,Friday,0,4,19.2,67.8
2026-06-26 03:49:49,3,Friday,0,4,19.2,67.8
2026-06-26 03:50:49,3,Friday,0,4,19.2,67.8
2026-06-26 03:51:50,3,Friday,0,4,19.2,67.6
2026-06-26 03:52:50,3,Friday,0,4,19.2,67.8
2026-06-26 03:53:50,3,Friday,0,4,19.2,67.8
2026-06-26 03:54:50,3,Friday,0,4,19.2,67.7
2026-06-26 03:55:50,3,Friday,0,4,19.1,67.8
2026-06-26 03:56:50,3,Friday,0,4,19.1,67.8
2026-06-26 03:57:50,3,Friday,0,4,19.2,67.7
2026-06-26 03:58:50,3,Friday,0,4,19.1,67.6
2026-06-26 03:59:50,3,Friday,0,4,19.1,67.6
2026-06-26 04:00:50,4,Friday,0,4,19.1,67.6
2026-06-26 04:01:50,4,Friday,0,4,19.1,67.7
2026-06-26 04:02:50,4,Friday,0,4,19.1,67.7
2026-06-26 04:03:50,4,Friday,0,4,19.1,67.7
2026-06-26 04:04:50,4,Friday,0,4,19.1,67.6
2026-06-26 04:05:50,4,Friday,0,4,19.1,67.5
2026-06-26 04:06:50,4,Friday,0,4,19.1,67.6
2026-06-26 04:07:50,4,Friday,0,4,19.1,67.5
2026-06-26 04:08:50,4,Friday,0,4,19.0,67.6
2026-06-26 04:09:50,4,Friday,0,4,19.0,67.6
2026-06-26 04:10:50,4,Friday,0,4,19.0,67.6
2026-06-26 04:11:50,4,Friday,0,4,19.0,67.7
2026-06-26 04:12:50,4,Friday,0,4,19.1,67.7
2026-06-26 04:13:50,4,Friday,0,4,19.1,67.5
2026-06-26 04:14:50,4,Friday,0,4,19.1,67.5
2026-06-26 04:15:50,4,Friday,0,4,19.0,67.4
2026-06-26 04:16:50,4,Friday,0,4,19.1,67.7
2026-06-26 04:17:50,4,Friday,0,4,19.1,67.7
2026-06-26 04:18:50,4,Friday,0,4,19.0,67.7
2026-06-26 04:19:50,4,Friday,0,4,19.1,67.7
2026-06-26 04:20:50,4,Friday,0,4,19.1,67.7
2026-06-26 04:21:50,4,Friday,0,4,19.1,67.7
2026-06-26 04:22:50,4,Friday,0,4,19.1,67.6
2026-06-26 04:23:50,4,Friday,0,4,19.1,67.6
2026-06-26 04:24:50,4,Friday,0,4,19.1,67.8
2026-06-26 04:25:50,4,Friday,0,4,19.1,67.8
2026-06-26 04:26:50,4,Friday,0,4,19.1,67.8
2026-06-26 04:27:50,4,Friday,0,4,19.1,67.9
2026-06-26 04:28:50,4,Friday,0,4,19.1,67.8
2026-06-26 04:29:50,4,Friday,0,4,19.1,67.6
2026-06-26 04:30:50,4,Friday,0,4,19.1,67.6
2026-06-26 04:31:50,4,Friday,0,4,19.1,67.6
2026-06-26 04:32:50,4,Friday,0,4,19.1,67.6
2026-06-26 04:33:50,4,Friday,0,4,19.1,67.5
2026-06-26 04:34:50,4,Friday,0,4,19.1,67.6
2026-06-26 04:35:50,4,Friday,0,4,19.1,67.5
2026-06-26 04:36:50,4,Friday,0,4,19.1,67.6
2026-06-26 04:37:50,4,Friday,0,4,19.0,67.7
2026-06-26 04:38:50,4,Friday,0,4,19.0,67.9
2026-06-26 04:39:50,4,Friday,0,4,19.0,67.8
2026-06-26 04:40:50,4,Friday,0,4,19.0,67.7
2026-06-26 04:41:50,4,Friday,0,4,19.0,67.7
2026-06-26 04:42:50,4,Friday,0,4,19.0,67.6
2026-06-26 04:43:50,4,Friday,0,4,19.0,67.7
2026-06-26 04:44:50,4,Friday,0,4,19.0,67.7
2026-06-26 04:45:50,4,Friday,0,4,19.0,67.8
2026-06-26 04:46:50,4,Friday,0,4,19.0,67.9
2026-06-26 04:47:50,4,Friday,0,4,19.0,67.8
2026-06-26 04:48:50,4,Friday,0,4,19.0,67.8
2026-06-26 04:49:50,4,Friday,0,4,19.0,67.9
2026-06-26 04:50:51,4,Friday,0,4,19.0,67.7
2026-06-26 04:51:51,4,Friday,0,4,19.0,67.8
2026-06-26 04:52:51,4,Friday,0,4,19.0,67.8
2026-06-26 04:53:51,4,Friday,0,4,19.0,67.8
2026-06-26 04:54:51,4,Friday,0,4,19.0,67.8
2026-06-26 04:55:51,4,Friday,0,4,19.0,67.8
2026-06-26 04:56:51,4,Friday,0,4,19.0,67.8
2026-06-26 04:57:51,4,Friday,0,4,19.0,67.7
2026-06-26 04:58:51,4,Friday,0,4,19.0,67.7
2026-06-26 04:59:51,4,Friday,0,4,19.0,67.7
2026-06-26 05:00:51,5,Friday,0,4,19.0,67.7
2026-06-26 05:01:51,5,Friday,0,4,19.0,67.7
2026-06-26 05:02:51,5,Friday,0,4,19.0,67.6
2026-06-26 05:03:51,5,Friday,0,4,19.0,67.8
2026-06-26 05:04:51,5,Friday,0,4,19.0,67.8
2026-06-26 05:05:51,5,Friday,0,4,19.0,67.6
2026-06-26 05:06:51,5,Friday,0,4,19.0,67.6
2026-06-26 05:07:51,5,Friday,0,4,19.0,67.7
2026-06-26 05:08:51,5,Friday,0,4,19.0,67.7
2026-06-26 05:09:51,5,Friday,0,4,19.0,67.8
2026-06-26 05:10:51,5,Friday,0,4,19.0,67.7
2026-06-26 05:11:51,5,Friday,0,4,18.9,67.7
2026-06-26 05:12:51,5,Friday,0,4,18.9,67.7
2026-06-26 05:13:51,5,Friday,0,4,18.9,67.8
2026-06-26 05:14:51,5,Friday,0,4,18.9,67.7
2026-06-26 05:15:51,5,Friday,0,4,18.9,67.7
2026-06-26 05:16:51,5,Friday,0,4,18.9,67.7
2026-06-26 05:17:51,5,Friday,0,4,18.9,67.7
2026-06-26 05:18:51,5,Friday,0,4,18.9,67.5
2026-06-26 05:19:51,5,Friday,0,4,18.9,67.7
2026-06-26 05:20:51,5,Friday,0,4,18.9,67.8
2026-06-26 05:21:51,5,Friday,0,4,18.9,67.6
2026-06-26 05:22:51,5,Friday,0,4,18.9,67.7
2026-06-26 05:23:51,5,Friday,0,4,18.9,67.7
2026-06-26 05:24:51,5,Friday,0,4,18.9,67.6
2026-06-26 05:25:51,5,Friday,0,4,18.9,67.6
2026-06-26 05:26:51,5,Friday,0,4,18.9,67.7
2026-06-26 05:27:51,5,Friday,0,4,18.9,67.6
2026-06-26 05:28:51,5,Friday,0,4,18.9,67.6
2026-06-26 05:29:51,5,Friday,0,4,18.8,67.8
2026-06-26 05:30:51,5,Friday,0,4,18.8,67.8
2026-06-26 05:31:51,5,Friday,0,4,18.8,67.7
2026-06-26 05:32:51,5,Friday,0,4,18.9,67.9
2026-06-26 05:33:51,5,Friday,0,4,18.8,67.9
2026-06-26 05:34:51,5,Friday,0,4,18.8,67.9
2026-06-26 05:35:51,5,Friday,0,4,18.8,68.0
2026-06-26 05:36:51,5,Friday,0,4,18.9,67.8
2026-06-26 05:37:51,5,Friday,0,4,18.9,67.7
2026-06-26 05:38:51,5,Friday,0,4,18.8,67.8
2026-06-26 05:39:51,5,Friday,0,4,18.8,67.8
2026-06-26 05:40:51,5,Friday,0,4,18.8,67.8
2026-06-26 05:41:51,5,Friday,0,4,18.8,67.7
2026-06-26 05:42:51,5,Friday,0,4,18.8,67.9
2026-06-26 05:43:51,5,Friday,0,4,18.8,67.7
2026-06-26 05:44:51,5,Friday,0,4,18.8,67.7
2026-06-26 05:45:51,5,Friday,0,4,18.8,67.9
2026-06-26 05:46:51,5,Friday,0,4,18.8,67.6
2026-06-26 05:47:51,5,Friday,0,4,18.8,67.9
2026-06-26 05:48:51,5,Friday,0,4,18.8,67.8
2026-06-26 05:49:51,5,Friday,0,4,18.8,67.8
2026-06-26 05:50:52,5,Friday,0,4,18.8,67.7
2026-06-26 05:51:52,5,Friday,0,4,18.8,67.7
2026-06-26 05:52:52,5,Friday,0,4,18.8,67.7
2026-06-26 05:53:52,5,Friday,0,4,18.8,67.7
2026-06-26 05:54:52,5,Friday,0,4,18.8,67.6
2026-06-26 05:55:52,5,Friday,0,4,18.8,67.6
2026-06-26 05:56:52,5,Friday,0,4,18.9,67.4
2026-06-26 05:57:52,5,Friday,0,4,18.8,67.4
2026-06-26 05:58:52,5,Friday,0,4,18.8,67.4
2026-06-26 05:59:52,5,Friday,0,4,18.8,67.4
2026-06-26 06:00:52,6,Friday,0,4,18.8,67.5
2026-06-26 06:01:52,6,Friday,0,4,18.9,70.5
2026-06-26 06:02:52,6,Friday,0,4,19.1,72.5
2026-06-26 06:03:52,6,Friday,0,4,19.3,74.1
2026-06-26 06:04:52,6,Friday,0,4,19.4,73.5
2026-06-26 06:05:52,6,Friday,0,4,19.5,72.6
2026-06-26 06:06:52,6,Friday,0,4,19.5,71.9
2026-06-26 06:07:52,6,Friday,0,4,19.4,71.2
2026-06-26 06:08:52,6,Friday,0,4,19.4,70.8
2026-06-26 06:09:52,6,Friday,0,4,19.3,70.3
2026-06-26 06:10:52,6,Friday,0,4,19.3,70.1
2026-06-26 06:11:52,6,Friday,0,4,19.2,69.9
2026-06-26 06:12:52,6,Friday,0,4,19.2,69.4
2026-06-26 06:13:52,6,Friday,0,4,19.2,69.3
2026-06-26 06:14:52,6,Friday,0,4,19.1,69.1
2026-06-26 06:15:52,6,Friday,0,4,19.1,69.0
2026-06-26 06:16:52,6,Friday,0,4,19.1,68.8
2026-06-26 06:17:52,6,Friday,0,4,19.0,68.9
2026-06-26 06:18:52,6,Friday,0,4,19.0,68.7
2026-06-26 06:19:52,6,Friday,0,4,19.0,68.6
2026-06-26 06:20:52,6,Friday,0,4,19.0,68.5
2026-06-26 06:21:52,6,Friday,0,4,19.0,68.3
2026-06-26 06:22:52,6,Friday,0,4,19.0,68.3
2026-06-26 06:23:52,6,Friday,0,4,18.9,68.2
2026-06-26 06:24:52,6,Friday,0,4,18.9,68.1
2026-06-26 06:25:52,6,Friday,0,4,18.9,68.2
2026-06-26 06:26:52,6,Friday,0,4,18.9,68.1
2026-06-26 06:27:52,6,Friday,0,4,18.9,68.2
2026-06-26 06:28:52,6,Friday,0,4,18.9,68.0
2026-06-26 06:29:52,6,Friday,0,4,18.9,67.9
2026-06-26 06:30:52,6,Friday,0,4,18.9,67.9
2026-06-26 06:31:52,6,Friday,0,4,18.9,67.9
2026-06-26 06:32:52,6,Friday,0,4,18.8,67.9
2026-06-26 06:33:52,6,Friday,0,4,18.8,67.8
2026-06-26 06:34:52,6,Friday,0,4,18.8,67.8
2026-06-26 06:35:52,6,Friday,0,4,18.8,67.7
2026-06-26 06:36:52,6,Friday,0,4,18.8,67.7
2026-06-26 06:37:52,6,Friday,0,4,18.8,67.6
2026-06-26 06:38:52,6,Friday,0,4,18.8,67.8
2026-06-26 06:39:52,6,Friday,0,4,18.7,67.7
2026-06-26 06:40:52,6,Friday,0,4,18.7,67.8
2026-06-26 06:41:52,6,Friday,0,4,18.7,67.7
2026-06-26 06:42:52,6,Friday,0,4,18.8,67.7
2026-06-26 06:43:52,6,Friday,0,4,18.7,67.7
2026-06-26 06:44:52,6,Friday,0,4,18.8,67.7
2026-06-26 06:45:52,6,Friday,0,4,18.7,67.7
2026-06-26 06:46:52,6,Friday,0,4,18.7,67.5
2026-06-26 06:47:52,6,Friday,0,4,18.7,67.6
2026-06-26 06:48:52,6,Friday,0,4,18.7,67.5
2026-06-26 06:49:52,6,Friday,0,4,18.7,67.5
2026-06-26 06:50:53,6,Friday,0,4,18.7,67.5
2026-06-26 06:51:53,6,Friday,0,4,18.7,67.4
2026-06-26 06:52:53,6,Friday,0,4,18.7,67.5
2026-06-26 06:53:53,6,Friday,0,4,18.7,67.6
2026-06-26 06:54:53,6,Friday,0,4,18.7,67.5
2026-06-26 06:55:53,6,Friday,0,4,18.7,67.4
2026-06-26 06:56:53,6,Friday,0,4,18.7,67.4
2026-06-26 06:57:53,6,Friday,0,4,18.7,67.5
2026-06-26 06:58:53,6,Friday,0,4,18.7,67.5
2026-06-26 06:59:53,6,Friday,0,4,18.6,67.5
2026-06-26 07:00:53,7,Friday,0,4,18.6,67.7
2026-06-26 07:01:53,7,Friday,0,4,18.6,67.7
2026-06-26 07:02:53,7,Friday,0,4,18.6,67.8
2026-06-26 07:03:53,7,Friday,0,4,18.6,67.6
2026-06-26 07:04:53,7,Friday,0,4,18.6,67.6
2026-06-26 07:05:53,7,Friday,0,4,18.6,67.6
2026-06-26 07:06:53,7,Friday,0,4,18.6,67.6
2026-06-26 07:07:53,7,Friday,0,4,18.6,67.6
2026-06-26 07:08:53,7,Friday,0,4,18.6,67.6
2026-06-26 07:09:53,7,Friday,0,4,18.6,67.6
2026-06-26 07:10:53,7,Friday,0,4,18.6,67.5
2026-06-26 07:11:53,7,Friday,0,4,18.6,67.6
2026-06-26 07:12:53,7,Friday,0,4,18.7,70.7
2026-06-26 07:13:53,7,Friday,0,4,18.9,73.0
2026-06-26 07:14:53,7,Friday,0,4,19.1,74.3
2026-06-26 07:15:53,7,Friday,0,4,19.2,73.6
2026-06-26 07:16:53,7,Friday,0,4,19.3,72.5
2026-06-26 07:17:53,7,Friday,0,4,19.3,71.5
2026-06-26 07:18:53,7,Friday,0,4,19.3,71.1
2026-06-26 07:19:53,7,Friday,0,4,19.2,70.6
2026-06-26 07:20:53,7,Friday,0,4,19.1,70.4
2026-06-26 07:21:53,7,Friday,0,4,19.1,70.1
2026-06-26 07:22:53,7,Friday,0,4,19.1,69.8
2026-06-26 07:23:53,7,Friday,0,4,19.1,69.7
2026-06-26 07:24:53,7,Friday,0,4,19.0,69.3
2026-06-26 07:25:53,7,Friday,0,4,19.0,69.2
2026-06-26 07:26:53,7,Friday,0,4,18.9,69.1
2026-06-26 07:27:53,7,Friday,0,4,18.9,69.0
2026-06-26 07:28:53,7,Friday,0,4,18.9,69.0
2026-06-26 07:29:53,7,Friday,0,4,18.9,68.7
2026-06-26 07:30:53,7,Friday,0,4,18.9,69.4
2026-06-26 07:31:53,7,Friday,0,4,19.1,69.5
2026-06-26 07:32:53,7,Friday,0,4,19.3,70.0
2026-06-26 07:33:53,7,Friday,0,4,19.5,71.6
2026-06-26 07:34:53,7,Friday,0,4,19.7,73.5
2026-06-26 07:35:53,7,Friday,0,4,20.0,77.0
2026-06-26 07:36:53,7,Friday,0,4,20.2,78.8
2026-06-26 07:37:53,7,Friday,0,4,20.3,80.5
2026-06-26 07:38:53,7,Friday,0,4,20.5,82.0
2026-06-26 07:39:53,7,Friday,0,4,20.7,82.8
2026-06-26 07:40:53,7,Friday,0,4,20.9,83.6
2026-06-26 07:41:53,7,Friday,0,4,21.0,83.7
2026-06-26 07:42:53,7,Friday,0,4,21.1,83.8
2026-06-26 07:43:53,7,Friday,0,4,21.2,83.9
2026-06-26 07:44:53,7,Friday,0,4,21.3,84.4
2026-06-26 07:45:53,7,Friday,0,4,21.4,84.4
2026-06-26 07:46:53,7,Friday,0,4,21.4,84.5
2026-06-26 07:47:53,7,Friday,0,4,21.5,84.4
2026-06-26 07:48:53,7,Friday,0,4,21.6,84.6
2026-06-26 07:49:54,7,Friday,0,4,21.7,84.7
2026-06-26 07:50:54,7,Friday,0,4,21.8,84.4
2026-06-26 07:51:54,7,Friday,0,4,21.9,84.4
2026-06-26 07:52:54,7,Friday,0,4,22.1,84.4
2026-06-26 07:53:54,7,Friday,0,4,22.2,84.0
2026-06-26 07:54:54,7,Friday,0,4,22.3,83.8
2026-06-26 07:55:54,7,Friday,0,4,22.4,83.7
2026-06-26 07:56:54,7,Friday,0,4,22.5,83.4
2026-06-26 07:57:54,7,Friday,0,4,22.5,83.2
2026-06-26 07:58:54,7,Friday,0,4,22.6,83.1
2026-06-26 07:59:54,7,Friday,0,4,22.6,83.2
2026-06-26 08:00:54,8,Friday,0,4,22.7,83.0
2026-06-26 08:01:54,8,Friday,0,4,22.8,83.0
2026-06-26 08:02:54,8,Friday,0,4,22.8,83.3
2026-06-26 08:03:54,8,Friday,0,4,22.9,83.3
2026-06-26 08:04:54,8,Friday,0,4,22.9,83.4
2026-06-26 08:05:54,8,Friday,0,4,23.0,83.4
2026-06-26 08:06:54,8,Friday,0,4,23.1,83.1
2026-06-26 08:07:54,8,Friday,0,4,23.1,83.0
2026-06-26 08:08:54,8,Friday,0,4,23.2,83.1
2026-06-26 08:09:54,8,Friday,0,4,23.3,83.1
2026-06-26 08:10:54,8,Friday,0,4,23.4,83.0
2026-06-26 08:11:54,8,Friday,0,4,23.4,83.0
2026-06-26 08:12:54,8,Friday,0,4,23.5,82.9
2026-06-26 08:13:54,8,Friday,0,4,23.6,82.8
2026-06-26 08:14:54,8,Friday,0,4,23.7,82.8
2026-06-26 08:15:54,8,Friday,0,4,23.7,82.6
2026-06-26 08:16:54,8,Friday,0,4,23.8,82.8
2026-06-26 08:17:54,8,Friday,0,4,23.8,82.7
2026-06-26 08:18:54,8,Friday,0,4,23.9,82.6
2026-06-26 08:19:54,8,Friday,0,4,24.0,82.7
2026-06-26 08:20:54,8,Friday,0,4,24.0,83.0
2026-06-26 08:21:54,8,Friday,0,4,24.0,82.9
2026-06-26 08:22:54,8,Friday,0,4,24.1,82.9
2026-06-26 08:23:54,8,Friday,0,4,24.1,82.9
2026-06-26 08:24:54,8,Friday,0,4,24.2,83.2
2026-06-26 08:25:54,8,Friday,0,4,24.2,83.5
2026-06-26 08:26:54,8,Friday,0,4,24.3,83.4
2026-06-26 08:27:54,8,Friday,0,4,24.3,83.5
2026-06-26 08:28:54,8,Friday,0,4,24.4,83.6
2026-06-26 08:29:54,8,Friday,0,4,24.4,83.7
2026-06-26 08:30:54,8,Friday,0,4,24.4,83.4
2026-06-26 08:31:54,8,Friday,0,4,24.4,83.4
2026-06-26 08:32:54,8,Friday,0,4,24.5,84.0
2026-06-26 08:33:54,8,Friday,0,4,24.5,84.0
2026-06-26 08:34:54,8,Friday,0,4,24.5,84.1
2026-06-26 08:35:54,8,Friday,0,4,24.5,84.5
2026-06-26 08:36:54,8,Friday,0,4,24.5,84.8
2026-06-26 08:37:54,8,Friday,0,4,24.5,84.8
2026-06-26 08:38:54,8,Friday,0,4,24.6,84.9
2026-06-26 08:39:54,8,Friday,0,4,24.6,85.1
2026-06-26 08:40:54,8,Friday,0,4,24.6,85.1
2026-06-26 08:41:54,8,Friday,0,4,24.6,85.0
2026-06-26 08:42:55,8,Friday,0,4,24.6,84.9
2026-06-26 08:43:55,8,Friday,0,4,24.7,85.2
2026-06-26 08:44:55,8,Friday,0,4,24.7,85.3
2026-06-26 08:45:55,8,Friday,0,4,24.7,85.4
2026-06-26 08:46:55,8,Friday,0,4,24.8,85.3
2026-06-26 08:47:55,8,Friday,0,4,24.8,85.6
2026-06-26 08:48:55,8,Friday,0,4,24.8,85.6
2026-06-26 08:49:55,8,Friday,0,4,24.8,85.5
2026-06-26 08:50:55,8,Friday,0,4,24.9,85.5
2026-06-26 08:51:55,8,Friday,0,4,24.9,85.4
2026-06-26 08:52:55,8,Friday,0,4,24.9,85.6
2026-06-26 08:53:55,8,Friday,0,4,25.0,85.7
2026-06-26 08:54:55,8,Friday,0,4,25.0,85.9
2026-06-26 08:55:55,8,Friday,0,4,25.0,86.0
2026-06-26 08:56:55,8,Friday,0,4,25.0,86.0
2026-06-26 08:57:55,8,Friday,0,4,25.1,85.9
2026-06-26 08:58:55,8,Friday,0,4,25.1,86.0
2026-06-26 08:59:55,8,Friday,0,4,25.1,85.9
2026-06-26 09:00:55,9,Friday,0,4,25.1,86.0
2026-06-26 09:01:55,9,Friday,0,4,25.2,86.1
2026-06-26 09:02:55,9,Friday,0,4,25.2,86.4
2026-06-26 09:03:55,9,Friday,0,4,25.2,86.4
2026-06-26 09:04:55,9,Friday,0,4,25.3,86.4
2026-06-26 09:05:55,9,Friday,0,4,25.3,86.6
2026-06-26 09:06:55,9,Friday,0,4,25.3,86.5
2026-06-26 09:07:55,9,Friday,0,4,25.3,86.8
2026-06-26 09:08:55,9,Friday,0,4,25.3,86.8
2026-06-26 09:09:55,9,Friday,0,4,25.4,86.9
2026-06-26 09:10:55,9,Friday,0,4,25.4,86.7
2026-06-26 09:11:55,9,Friday,0,4,25.4,87.0
2026-06-26 09:12:55,9,Friday,0,4,25.4,86.9
2026-06-26 09:13:55,9,Friday,0,4,25.4,86.9
2026-06-26 09:14:55,9,Friday,0,4,25.5,87.0
2026-06-26 09:15:55,9,Friday,0,4,25.5,87.2
2026-06-26 09:16:55,9,Friday,0,4,25.5,87.2
2026-06-26 09:17:55,9,Friday,0,4,25.6,87.1
2026-06-26 09:18:55,9,Friday,0,4,25.6,86.8
2026-06-26 09:19:55,9,Friday,0,4,25.6,87.0
2026-06-26 09:20:55,9,Friday,0,4,25.7,87.3
2026-06-26 09:21:55,9,Friday,0,4,25.7,87.3
2026-06-26 09:22:55,9,Friday,0,4,25.7,87.2
2026-06-26 09:23:55,9,Friday,0,4,25.7,87.1
2026-06-26 09:24:55,9,Friday,0,4,25.8,87.2
2026-06-26 09:25:55,9,Friday,0,4,25.8,87.4
2026-06-26 09:26:55,9,Friday,0,4,25.8,87.6
2026-06-26 09:27:55,9,Friday,0,4,25.8,87.6
2026-06-26 09:28:55,9,Friday,0,4,25.9,87.8
2026-06-26 09:29:55,9,Friday,0,4,25.9,87.6
2026-06-26 09:30:55,9,Friday,0,4,25.9,87.9
2026-06-26 09:31:55,9,Friday,0,4,25.9,88.0
2026-06-26 09:32:56,9,Friday,0,4,25.9,88.0
2026-06-26 09:33:56,9,Friday,0,4,25.9,88.0
2026-06-26 09:34:56,9,Friday,0,4,26.0,87.9
2026-06-26 09:35:56,9,Friday,0,4,26.0,88.2
2026-06-26 09:36:56,9,Friday,0,4,26.0,88.1
2026-06-26 09:37:56,9,Friday,0,4,26.0,88.1
2026-06-26 09:38:56,9,Friday,0,4,26.0,88.2
2026-06-26 09:39:56,9,Friday,0,4,26.1,88.3
2026-06-26 09:40:56,9,Friday,0,4,26.1,88.2
2026-06-26 09:41:56,9,Friday,0,4,26.1,88.3
2026-06-26 09:42:56,9,Friday,0,4,26.1,88.3
2026-06-26 09:43:56,9,Friday,0,4,26.1,88.5
2026-06-26 09:44:56,9,Friday,0,4,26.2,88.5
2026-06-26 09:45:56,9,Friday,0,4,26.2,88.4
2026-06-26 09:46:56,9,Friday,0,4,26.2,88.5
2026-06-26 09:47:56,9,Friday,0,4,26.2,88.5
2026-06-26 09:48:56,9,Friday,0,4,26.2,88.4
2026-06-26 09:49:56,9,Friday,0,4,26.3,88.4
2026-06-26 09:50:56,9,Friday,0,4,26.3,88.4
2026-06-26 09:51:56,9,Friday,0,4,26.3,88.4
2026-06-26 09:52:56,9,Friday,0,4,26.3,88.4
2026-06-26 09:53:56,9,Friday,0,4,26.3,88.4
2026-06-26 09:54:56,9,Friday,0,4,26.4,88.4
2026-06-26 09:55:56,9,Friday,0,4,26.4,88.4
2026-06-26 09:56:56,9,Friday,0,4,26.4,88.4
2026-06-26 09:57:56,9,Friday,0,4,26.4,88.3
2026-06-26 09:58:56,9,Friday,0,4,26.4,88.4
2026-06-26 09:59:56,9,Friday,0,4,26.4,88.5
2026-06-26 10:00:56,10,Friday,0,4,26.4,88.3
2026-06-26 10:01:56,10,Friday,0,4,26.5,88.4
2026-06-26 10:02:56,10,Friday,0,4,26.5,88.5
2026-06-26 10:03:56,10,Friday,0,4,26.5,88.5
2026-06-26 10:04:56,10,Friday,0,4,26.5,88.5
2026-06-26 10:05:56,10,Friday,0,4,26.6,88.5
2026-06-26 10:06:56,10,Friday,0,4,26.6,88.5
2026-06-26 10:07:56,10,Friday,0,4,26.6,88.5
2026-06-26 10:08:56,10,Friday,0,4,26.6,88.6
2026-06-26 10:09:56,10,Friday,0,4,26.6,88.5
2026-06-26 10:10:56,10,Friday,0,4,26.7,88.6
2026-06-26 10:11:56,10,Friday,0,4,26.7,88.4
2026-06-26 10:12:56,10,Friday,0,4,26.7,88.3
2026-06-26 10:13:56,10,Friday,0,4,26.7,88.2
2026-06-26 10:14:56,10,Friday,0,4,26.7,88.1
2026-06-26 10:15:56,10,Friday,0,4,26.7,88.2
2026-06-26 10:16:56,10,Friday,0,4,26.8,88.1
2026-06-26 10:17:56,10,Friday,0,4,26.8,88.1
2026-06-26 10:18:56,10,Friday,0,4,26.8,88.0
2026-06-26 10:19:56,10,Friday,0,4,26.8,87.8
2026-06-26 10:20:56,10,Friday,0,4,26.8,87.7
2026-06-26 10:21:56,10,Friday,0,4,26.9,87.7
2026-06-26 10:22:57,10,Friday,0,4,26.9,87.6
2026-06-26 10:23:57,10,Friday,0,4,26.9,87.7
2026-06-26 10:24:57,10,Friday,0,4,26.9,87.7
2026-06-26 10:25:57,10,Friday,0,4,26.9,87.6
2026-06-26 10:26:57,10,Friday,0,4,27.0,87.7
2026-06-26 10:27:57,10,Friday,0,4,27.0,87.7
2026-06-26 10:28:57,10,Friday,0,4,27.0,87.6
2026-06-26 10:29:57,10,Friday,0,4,27.0,87.7
2026-06-26 10:30:57,10,Friday,0,4,27.0,87.7
2026-06-26 10:31:57,10,Friday,0,4,27.0,87.6
2026-06-26 10:32:57,10,Friday,0,4,27.0,87.6
2026-06-26 10:33:57,10,Friday,0,4,27.0,87.6
2026-06-26 10:34:57,10,Friday,0,4,27.1,87.5
2026-06-26 10:35:57,10,Friday,0,4,27.1,87.4
2026-06-26 10:36:57,10,Friday,0,4,27.1,87.4
2026-06-26 10:37:57,10,Friday,0,4,27.1,87.2
2026-06-26 10:38:57,10,Friday,0,4,27.1,87.3
2026-06-26 10:39:57,10,Friday,0,4,27.1,87.2
2026-06-26 10:40:57,10,Friday,0,4,27.2,87.2
2026-06-26 10:41:57,10,Friday,0,4,27.2,87.2
2026-06-26 10:42:57,10,Friday,0,4,27.2,87.1
2026-06-26 10:43:57,10,Friday,0,4,27.2,87.0
2026-06-26 10:44:57,10,Friday,0,4,27.2,86.9
2026-06-26 10:45:57,10,Friday,0,4,27.3,86.9
2026-06-26 10:46:57,10,Friday,0,4,27.3,86.7
2026-06-26 10:47:57,10,Friday,0,4,27.3,86.8
2026-06-26 10:48:57,10,Friday,0,4,27.3,86.6
2026-06-26 10:49:57,10,Friday,0,4,27.3,86.6
2026-06-26 10:50:57,10,Friday,0,4,27.3,86.6
2026-06-26 10:51:57,10,Friday,0,4,27.3,86.4
2026-06-26 10:52:57,10,Friday,0,4,27.4,86.3
2026-06-26 10:53:57,10,Friday,0,4,27.4,86.2
2026-06-26 10:54:57,10,Friday,0,4,27.4,86.2
2026-06-26 10:55:57,10,Friday,0,4,27.4,86.1
2026-06-26 10:56:57,10,Friday,0,4,27.4,86.0
2026-06-26 10:57:57,10,Friday,0,4,27.4,86.0
2026-06-26 10:58:57,10,Friday,0,4,27.5,85.9
2026-06-26 10:59:57,10,Friday,0,4,27.5,85.9
2026-06-26 11:00:57,11,Friday,0,4,27.5,85.7
2026-06-26 11:01:57,11,Friday,0,4,27.5,85.7
2026-06-26 11:02:57,11,Friday,0,4,27.5,85.6
2026-06-26 11:03:57,11,Friday,0,4,27.6,85.6
2026-06-26 11:04:57,11,Friday,0,4,27.6,85.5
2026-06-26 11:05:57,11,Friday,0,4,27.6,85.6
2026-06-26 11:06:57,11,Friday,0,4,27.6,85.6
2026-06-26 11:07:57,11,Friday,0,4,27.6,85.4
2026-06-26 11:08:57,11,Friday,0,4,27.6,85.3
2026-06-26 11:09:57,11,Friday,0,4,27.7,85.3
2026-06-26 11:10:58,11,Friday,0,4,27.7,85.0
2026-06-26 11:11:58,11,Friday,0,4,27.7,85.1
2026-06-26 11:12:58,11,Friday,0,4,27.7,85.1
2026-06-26 11:13:58,11,Friday,0,4,27.7,84.9
2026-06-26 11:14:58,11,Friday,0,4,27.7,84.9
2026-06-26 11:15:58,11,Friday,0,4,27.7,84.7
2026-06-26 11:16:58,11,Friday,0,4,27.8,84.7
2026-06-26 11:17:58,11,Friday,0,4,27.7,84.6
2026-06-26 11:18:58,11,Friday,0,4,27.8,84.7
2026-06-26 11:19:58,11,Friday,0,4,27.8,84.6
2026-06-26 11:20:58,11,Friday,0,4,27.8,84.6
2026-06-26 11:21:58,11,Friday,0,4,27.8,84.6
2026-06-26 11:22:58,11,Friday,0,4,27.8,84.5
2026-06-26 11:23:58,11,Friday,0,4,27.8,84.4
2026-06-26 11:24:58,11,Friday,0,4,27.8,84.4
2026-06-26 11:25:58,11,Friday,0,4,27.9,84.4
2026-06-26 11:26:58,11,Friday,0,4,27.9,84.3
2026-06-26 11:27:58,11,Friday,0,4,27.9,84.3
2026-06-26 11:28:58,11,Friday,0,4,27.9,84.3
2026-06-26 11:29:58,11,Friday,0,4,27.9,84.2
2026-06-26 11:30:58,11,Friday,0,4,27.9,84.0
2026-06-26 11:31:58,11,Friday,0,4,27.9,84.0
2026-06-26 11:32:58,11,Friday,0,4,28.0,84.0
2026-06-26 11:33:58,11,Friday,0,4,28.0,83.9
2026-06-26 11:34:58,11,Friday,0,4,28.0,84.1
2026-06-26 11:35:58,11,Friday,0,4,28.0,84.0
2026-06-26 11:36:58,11,Friday,0,4,28.0,83.9
2026-06-26 11:37:58,11,Friday,0,4,28.0,83.9
2026-06-26 11:38:58,11,Friday,0,4,28.0,83.8
2026-06-26 11:39:58,11,Friday,0,4,28.1,83.8
2026-06-26 11:40:58,11,Friday,0,4,28.1,83.7
2026-06-26 11:41:58,11,Friday,0,4,28.1,83.6
2026-06-26 11:42:58,11,Friday,0,4,28.1,83.6
2026-06-26 11:43:58,11,Friday,0,4,28.1,83.5
2026-06-26 11:44:58,11,Friday,0,4,28.1,83.2
2026-06-26 11:45:58,11,Friday,0,4,28.2,83.3
2026-06-26 11:46:58,11,Friday,0,4,28.2,83.0
2026-06-26 11:47:58,11,Friday,0,4,28.2,83.0
2026-06-26 11:48:58,11,Friday,0,4,28.2,83.0
2026-06-26 11:49:58,11,Friday,0,4,28.2,82.8
2026-06-26 11:50:58,11,Friday,0,4,28.2,82.8
2026-06-26 11:51:58,11,Friday,0,4,28.2,82.8
2026-06-26 11:52:58,11,Friday,0,4,28.3,82.6
2026-06-26 11:53:58,11,Friday,0,4,28.3,82.6
2026-06-26 11:54:58,11,Friday,0,4,28.3,82.5
2026-06-26 11:55:58,11,Friday,0,4,28.3,82.4
2026-06-26 11:56:58,11,Friday,0,4,28.3,82.4
2026-06-26 11:57:58,11,Friday,0,4,28.3,82.2
2026-06-26 11:58:58,11,Friday,0,4,28.3,82.2
2026-06-26 11:59:59,11,Friday,0,4,28.4,82.0
2026-06-26 12:00:59,12,Friday,0,4,28.4,81.9
2026-06-26 12:01:59,12,Friday,0,4,28.4,81.8
2026-06-26 12:02:59,12,Friday,0,4,28.4,81.7
2026-06-26 12:03:59,12,Friday,0,4,28.5,81.6
2026-06-26 12:04:59,12,Friday,0,4,28.5,81.6
2026-06-26 12:05:59,12,Friday,0,4,28.5,81.5
2026-06-26 12:06:59,12,Friday,0,4,28.5,81.3
2026-06-26 12:07:59,12,Friday,0,4,28.5,81.3
2026-06-26 12:08:59,12,Friday,0,4,28.5,81.1
2026-06-26 12:09:59,12,Friday,0,4,28.5,80.9
2026-06-26 12:10:59,12,Friday,0,4,28.5,80.9
2026-06-26 12:11:59,12,Friday,0,4,28.6,80.9
2026-06-26 12:12:59,12,Friday,0,4,28.6,80.8
2026-06-26 12:13:59,12,Friday,0,4,28.6,80.7
2026-06-26 12:14:59,12,Friday,0,4,28.6,80.7
2026-06-26 12:15:59,12,Friday,0,4,28.6,80.7
2026-06-26 12:16:59,12,Friday,0,4,28.6,80.6
2026-06-26 12:17:59,12,Friday,0,4,28.7,80.4
2026-06-26 12:18:59,12,Friday,0,4,28.7,80.3
2026-06-26 12:19:59,12,Friday,0,4,28.7,80.2
2026-06-26 12:20:59,12,Friday,0,4,28.7,80.2
2026-06-26 12:21:59,12,Friday,0,4,28.7,80.2
2026-06-26 12:22:59,12,Friday,0,4,28.7,80.1
2026-06-26 12:23:59,12,Friday,0,4,28.7,80.1
2026-06-26 12:24:59,12,Friday,0,4,28.7,80.0
2026-06-26 12:25:59,12,Friday,0,4,28.8,80.0
2026-06-26 12:26:59,12,Friday,0,4,28.8,80.0
2026-06-26 12:27:59,12,Friday,0,4,28.8,79.9
2026-06-26 12:28:59,12,Friday,0,4,28.8,79.9
2026-06-26 12:29:59,12,Friday,0,4,28.8,79.8
2026-06-26 12:30:59,12,Friday,0,4,28.8,79.7
2026-06-26 12:31:59,12,Friday,0,4,28.8,79.8
2026-06-26 12:32:59,12,Friday,0,4,28.9,79.7
2026-06-26 12:33:59,12,Friday,0,4,28.9,79.7
2026-06-26 12:34:59,12,Friday,0,4,28.9,79.6
2026-06-26 12:35:59,12,Friday,0,4,28.9,79.5
2026-06-26 12:36:59,12,Friday,0,4,28.9,79.4
2026-06-26 12:37:59,12,Friday,0,4,28.9,79.5
2026-06-26 12:38:59,12,Friday,0,4,28.9,79.2
2026-06-26 12:39:59,12,Friday,0,4,28.9,79.4
2026-06-26 12:40:59,12,Friday,0,4,28.8,80.7
2026-06-26 12:41:59,12,Friday,0,4,28.7,81.7
2026-06-26 12:42:59,12,Friday,0,4,28.6,82.2
2026-06-26 12:43:59,12,Friday,0,4,28.6,81.4
2026-06-26 12:44:59,12,Friday,0,4,28.5,80.4
2026-06-26 12:45:59,12,Friday,0,4,28.3,79.0
2026-06-26 12:47:00,12,Friday,0,4,28.1,77.8
2026-06-26 12:48:00,12,Friday,0,4,27.9,77.1
2026-06-26 12:49:00,12,Friday,0,4,27.8,76.4
2026-06-26 12:50:00,12,Friday,0,4,27.6,74.9
2026-06-26 12:51:00,12,Friday,0,4,27.5,74.0
2026-06-26 12:52:00,12,Friday,0,4,27.4,73.2
2026-06-26 12:53:00,12,Friday,0,4,27.2,72.6
2026-06-26 12:54:00,12,Friday,0,4,27.1,71.8
2026-06-26 12:55:00,12,Friday,0,4,27.0,71.3
2026-06-26 12:56:00,12,Friday,0,4,26.9,70.7
2026-06-26 12:57:00,12,Friday,0,4,26.8,70.2
2026-06-26 12:58:00,12,Friday,0,4,26.7,69.8
2026-06-26 12:59:00,12,Friday,0,4,26.6,69.2
2026-06-26 13:00:00,13,Friday,0,4,26.5,69.0
2026-06-26 13:01:00,13,Friday,0,4,26.3,68.6
2026-06-26 13:02:00,13,Friday,0,4,26.2,68.4
2026-06-26 13:03:00,13,Friday,0,4,26.2,68.3
2026-06-26 13:04:00,13,Friday,0,4,26.1,68.2
2026-06-26 13:05:00,13,Friday,0,4,26.1,68.1
2026-06-26 13:06:00,13,Friday,0,4,26.0,67.5
2026-06-26 13:07:00,13,Friday,0,4,26.0,67.4
2026-06-26 13:08:00,13,Friday,0,4,25.9,66.9
2026-06-26 13:09:00,13,Friday,0,4,25.9,66.6
2026-06-26 13:10:00,13,Friday,0,4,25.8,66.1
2026-06-26 13:11:00,13,Friday,0,4,25.8,66.4
2026-06-26 13:12:00,13,Friday,0,4,25.7,66.3
2026-06-26 13:13:00,13,Friday,0,4,25.7,66.4
2026-06-26 13:14:00,13,Friday,0,4,25.7,66.0
2026-06-26 13:15:00,13,Friday,0,4,25.6,66.1
2026-06-26 13:16:00,13,Friday,0,4,25.5,66.3
2026-06-26 13:17:00,13,Friday,0,4,25.5,66.4
2026-06-26 13:18:00,13,Friday,0,4,25.4,67.0
2026-06-26 13:19:00,13,Friday,0,4,25.4,67.5
2026-06-26 13:20:00,13,Friday,0,4,25.5,67.9
2026-06-26 13:21:00,13,Friday,0,4,25.5,67.8
2026-06-26 13:22:00,13,Friday,0,4,25.5,68.5
2026-06-26 13:23:00,13,Friday,0,4,25.5,68.9
2026-06-26 13:24:00,13,Friday,0,4,25.5,68.8
2026-06-26 13:25:00,13,Friday,0,4,25.5,68.9
2026-06-26 13:26:00,13,Friday,0,4,25.5,69.2
2026-06-26 13:27:00,13,Friday,0,4,25.5,69.8
2026-06-26 13:28:00,13,Friday,0,4,25.5,69.7
2026-06-26 13:29:00,13,Friday,0,4,25.6,69.7
2026-06-26 13:30:00,13,Friday,0,4,25.5,69.8
2026-06-26 13:31:00,13,Friday,0,4,25.5,69.9
2026-06-26 13:32:00,13,Friday,0,4,25.6,69.6
2026-06-26 13:33:00,13,Friday,0,4,25.5,69.2
2026-06-26 13:34:00,13,Friday,0,4,25.5,68.6
2026-06-26 13:35:00,13,Friday,0,4,25.5,68.5
2026-06-26 13:36:00,13,Friday,0,4,25.4,68.0
2026-06-26 13:37:01,13,Friday,0,4,25.4,67.7
2026-06-26 13:38:01,13,Friday,0,4,25.4,67.5
2026-06-26 13:39:01,13,Friday,0,4,25.3,67.4
2026-06-26 13:40:01,13,Friday,0,4,25.2,67.6
2026-06-26 13:41:01,13,Friday,0,4,25.2,67.6
2026-06-26 13:42:01,13,Friday,0,4,25.2,67.3
2026-06-26 13:43:01,13,Friday,0,4,25.1,67.0
2026-06-26 13:44:01,13,Friday,0,4,25.1,66.9
2026-06-26 13:45:01,13,Friday,0,4,25.0,66.7
2026-06-26 13:46:01,13,Friday,0,4,25.0,66.5
2026-06-26 13:47:01,13,Friday,0,4,25.0,66.2
2026-06-26 13:48:01,13,Friday,0,4,24.9,65.8
2026-06-26 13:49:01,13,Friday,0,4,24.8,65.6
2026-06-26 13:50:01,13,Friday,0,4,24.8,65.5
2026-06-26 13:51:01,13,Friday,0,4,24.7,65.3
2026-06-26 13:52:01,13,Friday,0,4,24.6,64.8
2026-06-26 13:53:01,13,Friday,0,4,24.6,64.8
2026-06-26 13:54:01,13,Friday,0,4,24.6,64.9
2026-06-26 13:55:01,13,Friday,0,4,24.6,64.9
2026-06-26 13:56:01,13,Friday,0,4,24.5,64.9
2026-06-26 13:57:01,13,Friday,0,4,24.5,65.0
2026-06-26 13:58:01,13,Friday,0,4,24.4,64.9
2026-06-26 13:59:01,13,Friday,0,4,24.4,64.9
2026-06-26 14:00:01,14,Friday,0,4,24.4,65.3
2026-06-26 14:01:01,14,Friday,0,4,24.3,65.4
2026-06-26 14:02:01,14,Friday,0,4,24.4,66.1
2026-06-26 14:03:01,14,Friday,0,4,24.4,67.1
2026-06-26 14:04:01,14,Friday,0,4,24.5,67.9
2026-06-26 14:05:01,14,Friday,0,4,24.6,68.2
2026-06-26 14:06:01,14,Friday,0,4,24.6,68.4
2026-06-26 14:07:01,14,Friday,0,4,24.6,68.2
2026-06-26 14:08:01,14,Friday,0,4,24.6,68.2
2026-06-26 14:09:01,14,Friday,0,4,24.6,68.3
2026-06-26 14:10:01,14,Friday,0,4,24.6,68.1
2026-06-26 14:11:01,14,Friday,0,4,24.6,67.6
2026-06-26 14:12:01,14,Friday,0,4,24.5,67.0
2026-06-26 14:13:01,14,Friday,0,4,24.6,66.8
2026-06-26 14:14:01,14,Friday,0,4,24.6,66.6
2026-06-26 14:15:01,14,Friday,0,4,24.5,66.3
2026-06-26 14:16:01,14,Friday,0,4,24.5,66.0
2026-06-26 14:17:01,14,Friday,0,4,24.5,66.3
2026-06-26 14:18:01,14,Friday,0,4,24.5,66.4
2026-06-26 14:19:01,14,Friday,0,4,24.5,66.6
2026-06-26 14:20:01,14,Friday,0,4,24.5,66.9
2026-06-26 14:21:01,14,Friday,0,4,24.5,66.9
2026-06-26 14:22:01,14,Friday,0,4,24.4,66.8
2026-06-26 14:23:01,14,Friday,0,4,24.4,66.4
2026-06-26 14:24:01,14,Friday,0,4,24.4,66.3
2026-06-26 14:25:01,14,Friday,0,4,24.5,66.2
2026-06-26 14:26:01,14,Friday,0,4,24.7,66.4
2026-06-26 14:27:01,14,Friday,0,4,25.0,67.4
2026-06-26 14:28:01,14,Friday,0,4,25.3,68.9
2026-06-26 14:29:02,14,Friday,0,4,25.5,70.6
2026-06-26 14:30:02,14,Friday,0,4,25.8,72.5
2026-06-26 14:31:02,14,Friday,0,4,26.0,73.2
2026-06-26 14:32:02,14,Friday,0,4,26.2,72.8
2026-06-26 14:33:02,14,Friday,0,4,26.3,72.2
2026-06-26 14:34:02,14,Friday,0,4,26.5,73.3
2026-06-26 14:35:02,14,Friday,0,4,26.6,73.7
2026-06-26 14:36:02,14,Friday,0,4,26.8,74.5
2026-06-26 14:37:02,14,Friday,0,4,26.9,74.8
2026-06-26 14:38:02,14,Friday,0,4,27.0,74.7
2026-06-26 14:39:02,14,Friday,0,4,27.1,74.3
2026-06-26 14:40:02,14,Friday,0,4,27.2,74.6
2026-06-26 14:41:02,14,Friday,0,4,27.3,74.7
2026-06-26 14:42:02,14,Friday,0,4,27.4,74.9
2026-06-26 14:43:02,14,Friday,0,4,27.5,75.6
2026-06-26 14:44:02,14,Friday,0,4,27.6,75.7
2026-06-26 14:45:02,14,Friday,0,4,27.7,75.4
2026-06-26 14:46:02,14,Friday,0,4,27.7,75.6
2026-06-26 14:47:02,14,Friday,0,4,27.8,75.3
2026-06-26 14:48:02,14,Friday,0,4,27.9,75.3
2026-06-26 14:49:02,14,Friday,0,4,28.0,75.6
2026-06-26 14:50:02,14,Friday,0,4,28.0,75.6
2026-06-26 14:51:02,14,Friday,0,4,28.1,75.6
2026-06-26 14:52:02,14,Friday,0,4,28.1,75.8
2026-06-26 14:53:02,14,Friday,0,4,28.2,75.8
2026-06-26 14:54:02,14,Friday,0,4,28.2,75.8
2026-06-26 14:55:02,14,Friday,0,4,28.3,75.6
2026-06-26 14:56:02,14,Friday,0,4,28.4,75.7
2026-06-26 14:57:02,14,Friday,0,4,28.4,75.7
2026-06-26 14:58:02,14,Friday,0,4,28.5,76.0
2026-06-26 14:59:02,14,Friday,0,4,28.5,76.1
2026-06-26 15:00:02,15,Friday,0,4,28.5,76.0
2026-06-26 15:01:02,15,Friday,0,4,28.6,76.0
2026-06-26 15:02:02,15,Friday,0,4,28.6,75.9
2026-06-26 15:03:02,15,Friday,0,4,28.7,76.0
2026-06-26 15:04:02,15,Friday,0,4,28.7,75.9
2026-06-26 15:05:02,15,Friday,0,4,28.7,75.9
2026-06-26 15:06:02,15,Friday,0,4,28.8,75.7
2026-06-26 15:07:02,15,Friday,0,4,28.8,75.6
2026-06-26 15:08:02,15,Friday,0,4,28.8,75.5
2026-06-26 15:09:02,15,Friday,0,4,28.8,75.6
2026-06-26 15:10:02,15,Friday,0,4,28.9,75.5
2026-06-26 15:11:02,15,Friday,0,4,28.9,75.4
2026-06-26 15:12:02,15,Friday,0,4,28.9,75.5
2026-06-26 15:13:02,15,Friday,0,4,29.0,75.3
2026-06-26 15:14:02,15,Friday,0,4,29.0,75.3
2026-06-26 15:15:02,15,Friday,0,4,29.0,75.3
2026-06-26 15:16:02,15,Friday,0,4,29.1,75.3
2026-06-26 15:17:02,15,Friday,0,4,29.1,75.2
2026-06-26 15:18:03,15,Friday,0,4,29.1,75.2
2026-06-26 15:19:03,15,Friday,0,4,29.2,75.1
2026-06-26 15:20:03,15,Friday,0,4,29.2,75.0
2026-06-26 15:21:03,15,Friday,0,4,29.2,75.0
2026-06-26 15:22:03,15,Friday,0,4,29.3,75.2
2026-06-26 15:23:03,15,Friday,0,4,29.3,75.2
2026-06-26 15:24:03,15,Friday,0,4,29.3,75.2
2026-06-26 15:25:03,15,Friday,0,4,29.3,75.1
2026-06-26 15:26:03,15,Friday,0,4,29.4,75.0
2026-06-26 15:27:03,15,Friday,0,4,29.4,75.0
2026-06-26 15:28:03,15,Friday,0,4,29.4,75.0
2026-06-26 15:29:03,15,Friday,0,4,29.4,75.1
2026-06-26 15:30:03,15,Friday,0,4,29.4,75.0
2026-06-26 15:31:03,15,Friday,0,4,29.5,75.2
2026-06-26 15:32:03,15,Friday,0,4,29.5,74.9
2026-06-26 15:33:03,15,Friday,0,4,29.6,75.0
2026-06-26 15:34:03,15,Friday,0,4,29.6,74.9
2026-06-26 15:35:03,15,Friday,0,4,29.6,75.0
2026-06-26 15:36:03,15,Friday,0,4,29.6,74.9
2026-06-26 15:37:03,15,Friday,0,4,29.6,74.8
2026-06-26 15:38:03,15,Friday,0,4,29.7,74.8
2026-06-26 15:39:03,15,Friday,0,4,29.7,74.8
2026-06-26 15:40:03,15,Friday,0,4,29.7,74.6
2026-06-26 15:41:03,15,Friday,0,4,29.7,74.5
2026-06-26 15:42:03,15,Friday,0,4,29.8,74.5
2026-06-26 15:43:03,15,Friday,0,4,29.8,74.5
2026-06-26 15:44:03,15,Friday,0,4,29.8,74.4
2026-06-26 15:45:03,15,Friday,0,4,29.9,74.5
2026-06-26 15:46:03,15,Friday,0,4,29.9,74.4
2026-06-26 15:47:03,15,Friday,0,4,29.9,74.5
2026-06-26 15:48:03,15,Friday,0,4,30.0,74.2
2026-06-26 15:49:03,15,Friday,0,4,30.0,74.3
2026-06-26 15:50:03,15,Friday,0,4,30.0,74.3
2026-06-26 15:51:03,15,Friday,0,4,30.0,74.2
2026-06-26 15:52:03,15,Friday,0,4,30.1,73.9
2026-06-26 15:53:03,15,Friday,0,4,30.1,73.8
2026-06-26 15:54:03,15,Friday,0,4,30.1,73.8
2026-06-26 15:55:03,15,Friday,0,4,30.1,73.7
2026-06-26 15:56:03,15,Friday,0,4,30.2,73.7
2026-06-26 15:57:03,15,Friday,0,4,30.2,73.7
2026-06-26 15:58:03,15,Friday,0,4,30.2,73.6
2026-06-26 15:59:03,15,Friday,0,4,30.3,73.7
2026-06-26 16:00:03,16,Friday,0,4,30.2,73.7
2026-06-26 16:01:03,16,Friday,0,4,30.3,73.7
2026-06-26 16:02:03,16,Friday,0,4,30.3,73.7
2026-06-26 16:03:03,16,Friday,0,4,30.3,73.7
2026-06-26 16:04:03,16,Friday,0,4,30.4,73.6
2026-06-26 16:05:04,16,Friday,0,4,30.4,73.6
2026-06-26 16:06:04,16,Friday,0,4,30.4,73.6
2026-06-26 16:07:04,16,Friday,0,4,30.4,73.7
2026-06-26 16:08:04,16,Friday,0,4,30.4,73.6
2026-06-26 16:09:04,16,Friday,0,4,30.4,73.6
2026-06-26 16:10:04,16,Friday,0,4,30.4,73.5
2026-06-26 16:11:04,16,Friday,0,4,30.5,73.5
2026-06-26 16:12:04,16,Friday,0,4,30.5,73.5
2026-06-26 16:13:04,16,Friday,0,4,30.5,73.6
2026-06-26 16:14:04,16,Friday,0,4,30.5,73.5
2026-06-26 16:15:04,16,Friday,0,4,30.5,73.4
2026-06-26 16:16:04,16,Friday,0,4,30.6,73.3
2026-06-26 16:17:04,16,Friday,0,4,30.6,73.2
2026-06-26 16:18:04,16,Friday,0,4,30.6,73.3
2026-06-26 16:19:04,16,Friday,0,4,30.6,73.3
2026-06-26 16:20:04,16,Friday,0,4,30.6,73.3
2026-06-26 16:21:04,16,Friday,0,4,30.6,73.2
2026-06-26 16:22:04,16,Friday,0,4,30.6,73.2
2026-06-26 16:23:04,16,Friday,0,4,30.7,73.1
2026-06-26 16:24:04,16,Friday,0,4,30.7,73.1
2026-06-26 16:25:04,16,Friday,0,4,30.7,73.0
2026-06-26 16:26:04,16,Friday,0,4,30.7,72.9
2026-06-26 16:27:04,16,Friday,0,4,30.7,72.8
2026-06-26 16:28:04,16,Friday,0,4,30.8,72.7
2026-06-26 16:29:04,16,Friday,0,4,30.8,72.7
2026-06-26 16:30:04,16,Friday,0,4,30.8,72.5
2026-06-26 16:31:04,16,Friday,0,4,30.8,72.6
2026-06-26 16:32:04,16,Friday,0,4,30.8,72.5
2026-06-26 16:33:04,16,Friday,0,4,30.8,72.5
2026-06-26 16:34:04,16,Friday,0,4,30.9,72.4
2026-06-26 16:35:04,16,Friday,0,4,30.8,72.3
2026-06-26 16:36:04,16,Friday,0,4,30.9,72.5
2026-06-26 16:37:04,16,Friday,0,4,30.9,72.4
2026-06-26 16:38:04,16,Friday,0,4,30.9,72.3
2026-06-26 16:39:04,16,Friday,0,4,30.9,72.4
2026-06-26 16:40:04,16,Friday,0,4,30.9,72.4
2026-06-26 16:41:04,16,Friday,0,4,30.9,72.4
2026-06-26 16:42:04,16,Friday,0,4,30.9,72.4
2026-06-26 16:43:04,16,Friday,0,4,30.9,72.4
2026-06-26 16:44:04,16,Friday,0,4,30.9,72.6
2026-06-26 16:45:04,16,Friday,0,4,31.0,72.5
2026-06-26 16:46:04,16,Friday,0,4,31.0,72.6
2026-06-26 16:47:04,16,Friday,0,4,31.0,72.5
2026-06-26 16:48:04,16,Friday,0,4,31.0,72.6
2026-06-26 16:49:04,16,Friday,0,4,31.0,72.5
2026-06-26 16:50:05,16,Friday,0,4,31.0,72.6
2026-06-26 16:51:05,16,Friday,0,4,31.0,72.6
2026-06-26 16:52:05,16,Friday,0,4,31.0,72.5
2026-06-26 16:53:05,16,Friday,0,4,31.0,72.5
2026-06-26 16:54:05,16,Friday,0,4,31.0,72.5
2026-06-26 16:55:05,16,Friday,0,4,31.0,72.6
2026-06-26 16:56:05,16,Friday,0,4,31.0,72.6
2026-06-26 16:57:05,16,Friday,0,4,31.0,72.6
2026-06-26 16:58:05,16,Friday,0,4,31.0,72.6
2026-06-26 16:59:05,16,Friday,0,4,31.0,72.5
2026-06-26 17:00:05,17,Friday,0,4,31.0,72.6
2026-06-26 17:01:05,17,Friday,0,4,31.0,72.5
2026-06-26 17:02:05,17,Friday,0,4,31.0,72.6
2026-06-26 17:03:05,17,Friday,0,4,31.0,72.6
2026-06-26 17:04:05,17,Friday,0,4,31.0,72.5
2026-06-26 17:05:05,17,Friday,0,4,31.0,72.4
2026-06-26 17:06:05,17,Friday,0,4,31.0,72.4
2026-06-26 17:07:05,17,Friday,0,4,31.0,72.4
2026-06-26 17:08:05,17,Friday,0,4,31.0,72.4
2026-06-26 17:09:05,17,Friday,0,4,31.0,72.5
2026-06-26 17:10:05,17,Friday,0,4,31.0,72.4
2026-06-26 17:11:05,17,Friday,0,4,31.0,72.4
2026-06-26 17:12:05,17,Friday,0,4,31.0,72.6
2026-06-26 17:13:05,17,Friday,0,4,31.0,72.7
2026-06-26 17:14:05,17,Friday,0,4,31.0,73.0
2026-06-26 17:15:05,17,Friday,0,4,31.0,73.1
2026-06-26 17:16:05,17,Friday,0,4,31.0,73.1
2026-06-26 17:17:05,17,Friday,0,4,31.0,73.3
2026-06-26 17:18:05,17,Friday,0,4,31.0,73.4
2026-06-26 17:19:05,17,Friday,0,4,31.0,73.3
2026-06-26 17:20:05,17,Friday,0,4,31.0,73.5
2026-06-26 17:21:05,17,Friday,0,4,31.0,73.5
2026-06-26 17:22:05,17,Friday,0,4,31.0,73.4
2026-06-26 17:23:05,17,Friday,0,4,31.0,73.6
2026-06-26 17:24:05,17,Friday,0,4,31.0,73.7
2026-06-26 17:25:05,17,Friday,0,4,31.0,73.7
2026-06-26 17:26:05,17,Friday,0,4,31.0,73.8
2026-06-26 17:27:05,17,Friday,0,4,31.0,73.8
2026-06-26 17:28:05,17,Friday,0,4,31.0,73.9
2026-06-26 17:29:05,17,Friday,0,4,31.0,73.9
2026-06-26 17:30:05,17,Friday,0,4,31.0,74.1
2026-06-26 17:31:05,17,Friday,0,4,31.0,74.1
2026-06-26 17:32:05,17,Friday,0,4,31.0,74.0
2026-06-26 17:33:05,17,Friday,0,4,31.0,74.2
2026-06-26 17:34:05,17,Friday,0,4,31.0,74.1
2026-06-26 17:35:05,17,Friday,0,4,31.0,74.1
2026-06-26 17:36:06,17,Friday,0,4,30.9,74.2
2026-06-26 17:37:06,17,Friday,0,4,31.0,74.1
2026-06-26 17:38:06,17,Friday,0,4,31.0,74.2
2026-06-26 17:39:06,17,Friday,0,4,30.9,74.2
2026-06-26 17:40:06,17,Friday,0,4,31.0,74.3
2026-06-26 17:41:06,17,Friday,0,4,30.9,74.2
2026-06-26 17:42:06,17,Friday,0,4,30.9,74.3
2026-06-26 17:43:06,17,Friday,0,4,30.9,74.3
2026-06-26 17:44:06,17,Friday,0,4,30.9,74.4
2026-06-26 17:45:06,17,Friday,0,4,30.9,74.5
2026-06-26 17:46:06,17,Friday,0,4,30.9,74.5
2026-06-26 17:47:06,17,Friday,0,4,30.9,74.6
2026-06-26 17:48:06,17,Friday,0,4,30.9,74.6
2026-06-26 17:49:06,17,Friday,0,4,30.9,74.6
2026-06-26 17:50:06,17,Friday,0,4,30.9,74.6
2026-06-26 17:51:06,17,Friday,0,4,30.9,74.5
2026-06-26 17:52:06,17,Friday,0,4,30.9,74.6
2026-06-26 17:53:06,17,Friday,0,4,30.9,74.6
2026-06-26 17:54:06,17,Friday,0,4,30.9,74.5
2026-06-26 17:55:06,17,Friday,0,4,30.9,74.5
2026-06-26 17:56:06,17,Friday,0,4,30.9,74.6
2026-06-26 17:57:06,17,Friday,0,4,30.9,74.6
2026-06-26 17:58:06,17,Friday,0,4,30.9,74.6
2026-06-26 17:59:06,17,Friday,0,4,30.9,74.5
2026-06-26 18:00:06,18,Friday,0,4,30.9,74.5
2026-06-26 18:01:06,18,Friday,0,4,30.9,74.5
2026-06-26 18:02:06,18,Friday,0,4,30.9,74.4
2026-06-26 18:03:06,18,Friday,0,4,30.9,74.5
2026-06-26 18:04:06,18,Friday,0,4,30.9,74.6
2026-06-26 18:05:06,18,Friday,0,4,30.9,74.6
2026-06-26 18:06:06,18,Friday,0,4,30.9,74.4
2026-06-26 18:07:06,18,Friday,0,4,30.9,74.5
2026-06-26 18:08:06,18,Friday,0,4,30.9,74.5
2026-06-26 18:09:06,18,Friday,0,4,30.9,74.4
2026-06-26 18:10:06,18,Friday,0,4,30.9,74.5
2026-06-26 18:11:06,18,Friday,0,4,30.9,74.5
2026-06-26 18:12:06,18,Friday,0,4,30.9,74.6
2026-06-26 18:13:06,18,Friday,0,4,30.9,74.6
2026-06-26 18:14:06,18,Friday,0,4,30.9,74.6
2026-06-26 18:15:06,18,Friday,0,4,30.9,74.6
2026-06-26 18:16:06,18,Friday,0,4,30.9,74.6
2026-06-26 18:17:06,18,Friday,0,4,30.9,74.7
2026-06-26 18:18:06,18,Friday,0,4,30.9,74.6
2026-06-26 18:19:06,18,Friday,0,4,30.9,74.6
2026-06-26 18:20:06,18,Friday,0,4,30.8,74.7
2026-06-26 18:21:07,18,Friday,0,4,30.8,74.7
2026-06-26 18:22:07,18,Friday,0,4,30.9,74.7
2026-06-26 18:23:07,18,Friday,0,4,30.9,74.8
2026-06-26 18:24:07,18,Friday,0,4,30.8,74.8
2026-06-26 18:25:07,18,Friday,0,4,30.8,74.8
2026-06-26 18:26:07,18,Friday,0,4,30.8,74.9
2026-06-26 18:27:07,18,Friday,0,4,30.8,75.0
2026-06-26 18:28:07,18,Friday,0,4,30.8,75.1
2026-06-26 18:29:07,18,Friday,0,4,30.8,75.1
2026-06-26 18:30:07,18,Friday,0,4,30.8,75.1
2026-06-26 18:31:07,18,Friday,0,4,30.8,75.3
2026-06-26 18:32:07,18,Friday,0,4,30.8,75.2
2026-06-26 18:33:07,18,Friday,0,4,30.8,75.4
2026-06-26 18:34:07,18,Friday,0,4,30.8,75.4
2026-06-26 18:35:07,18,Friday,0,4,30.8,75.4
2026-06-26 18:36:07,18,Friday,0,4,30.8,75.5
2026-06-26 18:37:07,18,Friday,0,4,30.8,75.4
2026-06-26 18:38:07,18,Friday,0,4,30.8,75.5
2026-06-26 18:39:07,18,Friday,0,4,30.8,75.5
2026-06-26 18:40:07,18,Friday,0,4,30.8,75.4
2026-06-26 18:41:07,18,Friday,0,4,30.8,75.5
2026-06-26 18:42:07,18,Friday,0,4,30.8,75.6
2026-06-26 18:43:07,18,Friday,0,4,30.8,75.7
2026-06-26 18:44:07,18,Friday,0,4,30.8,75.7
2026-06-26 18:45:07,18,Friday,0,4,30.8,75.7
2026-06-26 18:46:07,18,Friday,0,4,30.8,75.7
2026-06-26 18:47:07,18,Friday,0,4,30.7,75.7
2026-06-26 18:48:07,18,Friday,0,4,30.7,75.7
2026-06-26 18:49:07,18,Friday,0,4,30.8,75.7
2026-06-26 18:50:07,18,Friday,0,4,30.7,75.7
2026-06-26 18:51:07,18,Friday,0,4,30.7,75.6
2026-06-26 18:52:07,18,Friday,0,4,30.7,75.6
2026-06-26 18:53:07,18,Friday,0,4,30.7,75.7
2026-06-26 18:54:07,18,Friday,0,4,30.8,75.6
2026-06-26 18:55:07,18,Friday,0,4,30.7,75.6
2026-06-26 18:56:07,18,Friday,0,4,30.7,75.7
2026-06-26 18:57:07,18,Friday,0,4,30.7,75.7
2026-06-26 18:58:07,18,Friday,0,4,30.7,75.6
2026-06-26 18:59:07,18,Friday,0,4,30.7,75.6
2026-06-26 19:00:07,19,Friday,0,4,30.7,75.7
2026-06-26 19:01:07,19,Friday,0,4,30.7,75.7
2026-06-26 19:02:07,19,Friday,0,4,30.7,75.6
2026-06-26 19:03:07,19,Friday,0,4,30.7,75.7
2026-06-26 19:04:07,19,Friday,0,4,30.7,75.7
2026-06-26 19:05:07,19,Friday,0,4,30.7,75.6
2026-06-26 19:06:07,19,Friday,0,4,30.7,75.6
2026-06-26 19:07:08,19,Friday,0,4,30.7,75.6
2026-06-26 19:08:08,19,Friday,0,4,30.7,75.6
2026-06-26 19:09:08,19,Friday,0,4,30.7,75.6
2026-06-26 19:10:08,19,Friday,0,4,30.7,75.6
2026-06-26 19:11:08,19,Friday,0,4,30.7,75.7
2026-06-26 19:12:08,19,Friday,0,4,30.7,75.7
2026-06-26 19:13:08,19,Friday,0,4,30.7,75.7
2026-06-26 19:14:08,19,Friday,0,4,30.7,75.7
2026-06-26 19:15:08,19,Friday,0,4,30.7,75.6
2026-06-26 19:16:08,19,Friday,0,4,30.7,75.6
2026-06-26 19:17:08,19,Friday,0,4,30.7,75.5
2026-06-26 19:18:08,19,Friday,0,4,30.6,75.6
2026-06-26 19:19:08,19,Friday,0,4,30.6,75.6
2026-06-26 19:20:08,19,Friday,0,4,30.6,75.6
2026-06-26 19:21:08,19,Friday,0,4,30.6,75.6
2026-06-26 19:22:08,19,Friday,0,4,30.6,75.6
2026-06-26 19:23:08,19,Friday,0,4,30.6,75.6
2026-06-26 19:24:08,19,Friday,0,4,30.6,75.7
2026-06-26 19:25:08,19,Friday,0,4,30.6,75.6
2026-06-26 19:26:08,19,Friday,0,4,30.6,75.7
2026-06-26 19:27:08,19,Friday,0,4,30.6,75.6
2026-06-26 19:28:08,19,Friday,0,4,30.6,75.7
2026-06-26 19:29:08,19,Friday,0,4,30.6,75.6
2026-06-26 19:30:08,19,Friday,0,4,30.6,75.7
2026-06-26 19:31:08,19,Friday,0,4,30.6,75.7
2026-06-26 19:32:08,19,Friday,0,4,30.6,75.8
2026-06-26 19:33:08,19,Friday,0,4,30.6,75.8
2026-06-26 19:34:08,19,Friday,0,4,30.6,75.9
2026-06-26 19:35:08,19,Friday,0,4,30.6,75.9
2026-06-26 19:36:08,19,Friday,0,4,30.6,75.9
2026-06-26 19:37:08,19,Friday,0,4,30.6,75.9
2026-06-26 19:38:08,19,Friday,0,4,30.6,75.8
2026-06-26 19:39:08,19,Friday,0,4,30.6,75.9
2026-06-26 19:40:08,19,Friday,0,4,30.6,75.9
2026-06-26 19:41:08,19,Friday,0,4,30.6,75.8
2026-06-26 19:42:08,19,Friday,0,4,30.6,75.8
2026-06-26 19:43:08,19,Friday,0,4,30.6,75.9
2026-06-26 19:44:08,19,Friday,0,4,30.6,75.9
2026-06-26 19:45:08,19,Friday,0,4,30.6,75.9
2026-06-26 19:46:08,19,Friday,0,4,30.6,75.9
2026-06-26 19:47:08,19,Friday,0,4,30.6,75.8
2026-06-26 19:48:08,19,Friday,0,4,30.6,75.9
2026-06-26 19:49:08,19,Friday,0,4,30.6,75.8
2026-06-26 19:50:08,19,Friday,0,4,30.6,76.0
2026-06-26 19:51:08,19,Friday,0,4,30.6,76.0
2026-06-26 19:52:08,19,Friday,0,4,30.5,75.9
2026-06-26 19:53:09,19,Friday,0,4,30.5,76.1
2026-06-26 19:54:09,19,Friday,0,4,30.5,76.1
2026-06-26 19:55:09,19,Friday,0,4,30.5,76.1
2026-06-26 19:56:09,19,Friday,0,4,30.5,76.0
2026-06-26 19:57:09,19,Friday,0,4,30.5,76.0
2026-06-26 19:58:09,19,Friday,0,4,30.5,76.0
2026-06-26 19:59:09,19,Friday,0,4,30.5,76.1
2026-06-26 20:00:09,20,Friday,0,4,30.5,76.1
2026-06-26 20:01:09,20,Friday,0,4,30.5,76.2
2026-06-26 20:02:09,20,Friday,0,4,30.5,76.2
2026-06-26 20:03:09,20,Friday,0,4,30.5,76.3
2026-06-26 20:04:09,20,Friday,0,4,30.5,76.3
2026-06-26 20:05:09,20,Friday,0,4,30.5,76.4
2026-06-26 20:06:09,20,Friday,0,4,30.5,76.4
2026-06-26 20:07:09,20,Friday,0,4,30.5,76.4
2026-06-26 20:08:09,20,Friday,0,4,30.5,76.4
2026-06-26 20:09:09,20,Friday,0,4,30.5,76.4
2026-06-26 20:10:09,20,Friday,0,4,30.5,76.5
2026-06-26 20:11:09,20,Friday,0,4,30.5,76.3
2026-06-26 20:12:09,20,Friday,0,4,30.5,76.4
2026-06-26 20:13:09,20,Friday,0,4,30.5,76.4
2026-06-26 20:14:09,20,Friday,0,4,30.5,76.5
2026-06-26 20:15:09,20,Friday,0,4,30.5,76.5
2026-06-26 20:16:09,20,Friday,0,4,30.5,76.6
2026-06-26 20:17:09,20,Friday,0,4,30.5,76.6
2026-06-26 20:18:09,20,Friday,0,4,30.5,76.6
2026-06-26 20:19:09,20,Friday,0,4,30.5,76.5
2026-06-26 20:20:09,20,Friday,0,4,30.5,76.6
2026-06-26 20:21:09,20,Friday,0,4,30.4,76.5
2026-06-26 20:22:09,20,Friday,0,4,30.5,76.5
2026-06-26 20:23:09,20,Friday,0,4,30.4,76.7
2026-06-26 20:24:09,20,Friday,0,4,30.4,76.7
2026-06-26 20:25:09,20,Friday,0,4,30.4,76.6
2026-06-26 20:26:09,20,Friday,0,4,30.4,76.6
2026-06-26 20:27:09,20,Friday,0,4,30.4,76.6
2026-06-26 20:28:09,20,Friday,0,4,30.4,76.5
2026-06-26 20:29:09,20,Friday,0,4,30.4,76.6
2026-06-26 20:30:09,20,Friday,0,4,30.4,76.6
2026-06-26 20:31:09,20,Friday,0,4,30.4,76.6
2026-06-26 20:32:09,20,Friday,0,4,30.4,76.5
2026-06-26 20:33:09,20,Friday,0,4,30.4,76.5
2026-06-26 20:34:09,20,Friday,0,4,30.4,76.5
2026-06-26 20:35:09,20,Friday,0,4,30.4,76.6
2026-06-26 20:36:09,20,Friday,0,4,30.4,76.4
2026-06-26 20:37:09,20,Friday,0,4,30.4,76.5
2026-06-26 20:38:09,20,Friday,0,4,30.4,76.6
2026-06-26 20:39:10,20,Friday,0,4,30.4,76.7
2026-06-26 20:40:10,20,Friday,0,4,30.4,76.6
2026-06-26 20:41:10,20,Friday,0,4,30.4,76.7
2026-06-26 20:42:10,20,Friday,0,4,30.4,76.6
2026-06-26 20:43:10,20,Friday,0,4,30.4,76.7
2026-06-26 20:44:10,20,Friday,0,4,30.4,76.7
2026-06-26 20:45:10,20,Friday,0,4,30.4,76.7
2026-06-26 20:46:10,20,Friday,0,4,30.4,76.7
2026-06-26 20:47:10,20,Friday,0,4,30.4,76.8
2026-06-26 20:48:10,20,Friday,0,4,30.4,76.8
2026-06-26 20:49:10,20,Friday,0,4,30.4,76.8
2026-06-26 20:50:10,20,Friday,0,4,30.4,76.9
2026-06-26 20:51:10,20,Friday,0,4,30.4,76.8
2026-06-26 20:52:10,20,Friday,0,4,30.4,76.8
2026-06-26 20:53:10,20,Friday,0,4,30.4,76.7
2026-06-26 20:54:10,20,Friday,0,4,30.4,76.8
2026-06-26 20:55:10,20,Friday,0,4,30.4,76.8
2026-06-26 20:56:10,20,Friday,0,4,30.4,76.9
2026-06-26 20:57:10,20,Friday,0,4,30.4,76.8
2026-06-26 20:58:10,20,Friday,0,4,30.4,76.9
2026-06-26 20:59:10,20,Friday,0,4,30.4,77.0
2026-06-26 21:00:10,21,Friday,0,4,30.4,77.0
2026-06-26 21:01:10,21,Friday,0,4,30.4,76.9
2026-06-26 21:02:10,21,Friday,0,4,30.4,76.9
2026-06-26 21:03:10,21,Friday,0,4,30.4,76.9
2026-06-26 21:04:10,21,Friday,0,4,30.4,76.9
2026-06-26 21:05:10,21,Friday,0,4,30.4,76.9
2026-06-26 21:06:10,21,Friday,0,4,30.4,77.0
2026-06-26 21:07:10,21,Friday,0,4,30.4,77.0
2026-06-26 21:08:10,21,Friday,0,4,30.4,76.9
2026-06-26 21:09:10,21,Friday,0,4,30.4,76.9
2026-06-26 21:10:10,21,Friday,0,4,30.4,76.9
2026-06-26 21:11:10,21,Friday,0,4,30.4,76.9
2026-06-26 21:12:10,21,Friday,0,4,30.4,77.0
2026-06-26 21:13:10,21,Friday,0,4,30.4,77.0
2026-06-26 21:14:10,21,Friday,0,4,30.4,76.9
2026-06-26 21:15:10,21,Friday,0,4,30.4,77.0
2026-06-26 21:16:10,21,Friday,0,4,30.4,77.0
2026-06-26 21:17:10,21,Friday,0,4,30.4,77.1
2026-06-26 21:18:10,21,Friday,0,4,30.4,77.1
2026-06-26 21:19:10,21,Friday,0,4,30.3,77.0
2026-06-26 21:20:10,21,Friday,0,4,30.3,77.0
2026-06-26 21:21:10,21,Friday,0,4,30.3,76.9
2026-06-26 21:22:10,21,Friday,0,4,30.3,76.8
2026-06-26 21:23:10,21,Friday,0,4,30.3,76.9
2026-06-26 21:24:10,21,Friday,0,4,30.3,76.8
2026-06-26 21:25:11,21,Friday,0,4,30.3,76.8
2026-06-26 21:26:11,21,Friday,0,4,30.3,76.8
2026-06-26 21:27:11,21,Friday,0,4,30.3,76.7
2026-06-26 21:28:11,21,Friday,0,4,30.3,76.6
2026-06-26 21:29:11,21,Friday,0,4,30.3,76.7
2026-06-26 21:30:11,21,Friday,0,4,30.3,76.8
2026-06-26 21:31:11,21,Friday,0,4,30.3,76.7
2026-06-26 21:32:11,21,Friday,0,4,30.3,76.7
2026-06-26 21:33:11,21,Friday,0,4,30.3,76.8
2026-06-26 21:34:11,21,Friday,0,4,30.3,76.9
2026-06-26 21:35:11,21,Friday,0,4,30.3,76.8
2026-06-26 21:36:11,21,Friday,0,4,30.3,76.8
2026-06-26 21:37:11,21,Friday,0,4,30.3,76.9
2026-06-26 21:38:11,21,Friday,0,4,30.3,76.9
2026-06-26 21:39:11,21,Friday,0,4,30.3,77.1
2026-06-26 21:40:11,21,Friday,0,4,30.3,77.1
2026-06-26 21:41:11,21,Friday,0,4,30.3,77.0
2026-06-26 21:42:11,21,Friday,0,4,30.3,77.1
2026-06-26 21:43:11,21,Friday,0,4,30.3,77.1
2026-06-26 21:44:11,21,Friday,0,4,30.3,77.1
2026-06-26 21:45:11,21,Friday,0,4,30.3,77.1
2026-06-26 21:46:11,21,Friday,0,4,30.3,77.0
2026-06-26 21:47:11,21,Friday,0,4,30.3,77.0
2026-06-26 21:48:11,21,Friday,0,4,30.3,77.1
2026-06-26 21:49:11,21,Friday,0,4,30.3,77.1
2026-06-26 21:50:11,21,Friday,0,4,30.3,77.1
2026-06-26 21:51:11,21,Friday,0,4,30.3,77.1
2026-06-26 21:52:11,21,Friday,0,4,30.3,77.1
2026-06-26 21:53:11,21,Friday,0,4,30.3,77.0
2026-06-26 21:54:11,21,Friday,0,4,30.3,77.0
2026-06-26 21:55:11,21,Friday,0,4,30.3,77.0
2026-06-26 21:56:11,21,Friday,0,4,30.3,77.0
2026-06-26 21:57:11,21,Friday,0,4,30.3,77.0
2026-06-26 21:58:11,21,Friday,0,4,30.3,77.0
2026-06-26 21:59:11,21,Friday,0,4,30.3,77.0
2026-06-26 22:00:11,22,Friday,0,4,30.3,77.0
2026-06-26 22:01:11,22,Friday,0,4,30.3,76.9
2026-06-26 22:02:11,22,Friday,0,4,30.3,77.0
2026-06-26 22:03:11,22,Friday,0,4,30.3,77.0
2026-06-26 22:04:11,22,Friday,0,4,30.3,77.0
2026-06-26 22:05:11,22,Friday,0,4,30.3,77.0
2026-06-26 22:06:11,22,Friday,0,4,30.3,77.1
2026-06-26 22:07:11,22,Friday,0,4,30.3,77.1
2026-06-26 22:08:11,22,Friday,0,4,30.3,77.2
2026-06-26 22:09:11,22,Friday,0,4,30.3,77.1
2026-06-26 22:10:11,22,Friday,0,4,30.3,77.1
2026-06-26 22:11:12,22,Friday,0,4,30.2,77.2
2026-06-26 22:12:12,22,Friday,0,4,30.3,77.3
2026-06-26 22:13:12,22,Friday,0,4,30.3,77.3
2026-06-26 22:14:12,22,Friday,0,4,30.2,77.4
2026-06-26 22:15:12,22,Friday,0,4,30.2,77.3
2026-06-26 22:16:12,22,Friday,0,4,30.2,77.4
2026-06-26 22:17:12,22,Friday,0,4,30.2,77.4
2026-06-26 22:18:12,22,Friday,0,4,30.2,77.5
2026-06-26 22:19:12,22,Friday,0,4,30.2,77.4
2026-06-26 22:20:12,22,Friday,0,4,30.2,77.6
2026-06-26 22:21:12,22,Friday,0,4,30.3,77.5
2026-06-26 22:22:12,22,Friday,0,4,30.2,77.4
2026-06-26 22:23:12,22,Friday,0,4,30.2,77.6
2026-06-26 22:24:12,22,Friday,0,4,30.2,77.5
2026-06-26 22:25:12,22,Friday,0,4,30.2,77.6
2026-06-26 22:26:12,22,Friday,0,4,30.2,77.5
2026-06-26 22:27:12,22,Friday,0,4,30.2,77.6
2026-06-26 22:28:12,22,Friday,0,4,30.2,77.5
2026-06-26 22:29:12,22,Friday,0,4,30.2,77.5
2026-06-26 22:30:12,22,Friday,0,4,30.2,77.6
2026-06-26 22:31:12,22,Friday,0,4,30.2,77.6
2026-06-26 22:32:12,22,Friday,0,4,30.2,77.6
2026-06-26 22:33:12,22,Friday,0,4,30.2,77.7
2026-06-26 22:34:12,22,Friday,0,4,30.2,77.7
2026-06-26 22:35:12,22,Friday,0,4,30.2,77.7
2026-06-26 22:36:12,22,Friday,0,4,30.2,77.8
2026-06-26 22:37:12,22,Friday,0,4,30.2,77.9
2026-06-26 22:38:12,22,Friday,0,4,30.2,77.9
2026-06-26 22:39:12,22,Friday,0,4,30.2,77.7
2026-06-26 22:40:12,22,Friday,0,4,30.2,77.6
2026-06-26 22:41:12,22,Friday,0,4,30.2,77.7
2026-06-26 22:42:12,22,Friday,0,4,30.2,77.7
2026-06-26 22:43:12,22,Friday,0,4,30.2,77.8
2026-06-26 22:44:12,22,Friday,0,4,30.2,77.6
2026-06-26 22:45:12,22,Friday,0,4,30.2,77.8
2026-06-26 22:46:12,22,Friday,0,4,30.2,77.8
2026-06-26 22:47:12,22,Friday,0,4,30.2,77.8
2026-06-26 22:48:12,22,Friday,0,4,30.2,77.8
2026-06-26 22:49:12,22,Friday,0,4,30.2,77.8
2026-06-26 22:50:12,22,Friday,0,4,30.2,77.8
2026-06-26 22:51:12,22,Friday,0,4,30.2,77.7
2026-06-26 22:52:12,22,Friday,0,4,30.2,77.7
2026-06-26 22:53:12,22,Friday,0,4,30.2,77.6
2026-06-26 22:54:12,22,Friday,0,4,30.2,77.7
2026-06-26 22:55:12,22,Friday,0,4,30.2,77.6
2026-06-26 22:56:12,22,Friday,0,4,30.1,77.5
2026-06-26 22:57:12,22,Friday,0,4,30.2,77.6
2026-06-26 22:58:13,22,Friday,0,4,30.2,77.6
2026-06-26 22:59:13,22,Friday,0,4,30.2,77.6
2026-06-26 23:00:13,23,Friday,0,4,30.2,77.5
2026-06-26 23:01:13,23,Friday,0,4,30.2,77.5
2026-06-26 23:02:13,23,Friday,0,4,30.1,77.4
2026-06-26 23:03:13,23,Friday,0,4,30.1,77.5
2026-06-26 23:04:13,23,Friday,0,4,30.1,77.6
2026-06-26 23:05:13,23,Friday,0,4,30.2,77.7
2026-06-26 23:06:13,23,Friday,0,4,30.2,77.7
2026-06-26 23:07:13,23,Friday,0,4,30.1,77.5
2026-06-26 23:08:13,23,Friday,0,4,30.2,77.5
2026-06-26 23:09:13,23,Friday,0,4,30.1,77.6
2026-06-26 23:10:13,23,Friday,0,4,30.1,77.5
2026-06-26 23:11:13,23,Friday,0,4,30.1,77.5
2026-06-26 23:12:13,23,Friday,0,4,30.1,77.7
2026-06-26 23:13:13,23,Friday,0,4,30.1,77.7
2026-06-26 23:14:13,23,Friday,0,4,30.1,77.7
2026-06-26 23:15:13,23,Friday,0,4,30.1,77.7
2026-06-26 23:16:13,23,Friday,0,4,30.1,77.7
2026-06-26 23:17:13,23,Friday,0,4,30.1,77.8
2026-06-26 23:18:13,23,Friday,0,4,30.1,77.8
2026-06-26 23:19:13,23,Friday,0,4,30.1,77.9
2026-06-26 23:20:13,23,Friday,0,4,30.1,77.7
2026-06-26 23:21:13,23,Friday,0,4,30.1,77.8
2026-06-26 23:22:13,23,Friday,0,4,30.1,77.8
2026-06-26 23:23:13,23,Friday,0,4,30.1,77.9
2026-06-26 23:24:13,23,Friday,0,4,30.1,78.0
2026-06-26 23:25:13,23,Friday,0,4,30.1,78.0
2026-06-26 23:26:13,23,Friday,0,4,30.1,78.0
2026-06-26 23:27:13,23,Friday,0,4,30.1,78.0
2026-06-26 23:28:13,23,Friday,0,4,30.1,78.0
2026-06-26 23:29:13,23,Friday,0,4,30.1,77.9
2026-06-26 23:30:13,23,Friday,0,4,30.1,78.1
2026-06-26 23:31:13,23,Friday,0,4,30.1,78.0
2026-06-26 23:32:13,23,Friday,0,4,30.1,78.3
2026-06-26 23:33:13,23,Friday,0,4,30.1,78.2
2026-06-26 23:34:13,23,Friday,0,4,30.1,78.2
2026-06-26 23:35:13,23,Friday,0,4,30.1,78.3
2026-06-26 23:36:13,23,Friday,0,4,30.1,78.3
2026-06-26 23:37:13,23,Friday,0,4,30.1,78.3
2026-06-26 23:38:13,23,Friday,0,4,30.1,78.4
2026-06-26 23:39:13,23,Friday,0,4,30.1,78.4
2026-06-26 23:40:13,23,Friday,0,4,30.1,78.4
2026-06-26 23:41:13,23,Friday,0,4,30.1,78.4
2026-06-26 23:42:13,23,Friday,0,4,30.1,78.5
2026-06-26 23:43:13,23,Friday,0,4,30.1,78.5
2026-06-26 23:44:14,23,Friday,0,4,30.1,78.3
2026-06-26 23:45:14,23,Friday,0,4,30.1,78.3
2026-06-26 23:46:14,23,Friday,0,4,30.1,78.3
2026-06-26 23:47:14,23,Friday,0,4,30.1,78.2
2026-06-26 23:48:14,23,Friday,0,4,30.1,78.2
2026-06-26 23:49:14,23,Friday,0,4,30.1,78.3
2026-06-26 23:50:14,23,Friday,0,4,30.1,78.3
2026-06-26 23:51:14,23,Friday,0,4,30.1,78.1
2026-06-26 23:52:14,23,Friday,0,4,30.1,78.3
2026-06-26 23:53:14,23,Friday,0,4,30.1,78.4
2026-06-26 23:54:14,23,Friday,0,4,30.1,78.4
2026-06-26 23:55:14,23,Friday,0,4,30.1,78.4
2026-06-26 23:56:14,23,Friday,0,4,30.1,78.3
2026-06-26 23:57:14,23,Friday,0,4,30.1,78.3
2026-06-26 23:58:14,23,Friday,0,4,30.1,78.2
2026-06-26 23:59:14,23,Friday,0,4,30.1,78.1
2026-06-27 00:00:14,0,Saturday,1,5,30.1,78.2
2026-06-27 00:01:14,0,Saturday,1,5,30.0,78.2
2026-06-27 00:02:14,0,Saturday,1,5,30.0,78.4
2026-06-27 00:03:14,0,Saturday,1,5,30.1,78.3
2026-06-27 00:04:14,0,Saturday,1,5,30.1,78.2
2026-06-27 00:05:14,0,Saturday,1,5,30.1,78.1
2026-06-27 00:06:14,0,Saturday,1,5,30.0,78.2
2026-06-27 00:07:14,0,Saturday,1,5,30.1,78.1
2026-06-27 00:08:14,0,Saturday,1,5,30.0,78.2
2026-06-27 00:09:14,0,Saturday,1,5,30.0,78.2
2026-06-27 00:10:14,0,Saturday,1,5,30.0,78.2
2026-06-27 00:11:14,0,Saturday,1,5,30.0,78.2
2026-06-27 00:12:14,0,Saturday,1,5,30.0,78.3
2026-06-27 00:13:14,0,Saturday,1,5,30.0,78.4
2026-06-27 00:14:14,0,Saturday,1,5,30.0,78.4
2026-06-27 00:15:14,0,Saturday,1,5,30.0,78.3
2026-06-27 00:16:14,0,Saturday,1,5,30.0,78.4
2026-06-27 00:17:14,0,Saturday,1,5,30.0,78.3
2026-06-27 00:18:14,0,Saturday,1,5,30.0,78.3
2026-06-27 00:19:14,0,Saturday,1,5,30.0,78.3
2026-06-27 00:20:14,0,Saturday,1,5,30.0,78.3
2026-06-27 00:21:14,0,Saturday,1,5,30.0,78.2
2026-06-27 00:22:14,0,Saturday,1,5,30.0,78.4
2026-06-27 00:23:14,0,Saturday,1,5,30.0,78.5
2026-06-27 00:24:14,0,Saturday,1,5,30.0,78.5
2026-06-27 00:25:14,0,Saturday,1,5,30.0,78.4
2026-06-27 00:26:14,0,Saturday,1,5,30.0,78.4
2026-06-27 00:27:14,0,Saturday,1,5,30.0,78.5
2026-06-27 00:28:14,0,Saturday,1,5,30.0,78.4
2026-06-27 00:29:14,0,Saturday,1,5,30.0,78.5
2026-06-27 00:30:14,0,Saturday,1,5,30.0,78.3
2026-06-27 00:31:15,0,Saturday,1,5,30.0,78.5
2026-06-27 00:32:15,0,Saturday,1,5,30.0,78.4
2026-06-27 00:33:15,0,Saturday,1,5,30.0,78.4
2026-06-27 00:34:15,0,Saturday,1,5,30.0,78.3
2026-06-27 00:35:15,0,Saturday,1,5,30.0,78.2
2026-06-27 00:36:15,0,Saturday,1,5,30.0,78.4
2026-06-27 00:37:15,0,Saturday,1,5,30.0,78.3
2026-06-27 00:38:15,0,Saturday,1,5,30.0,78.4
2026-06-27 00:39:15,0,Saturday,1,5,30.0,78.5
2026-06-27 00:40:15,0,Saturday,1,5,30.0,78.4
2026-06-27 00:41:15,0,Saturday,1,5,30.0,78.5
2026-06-27 00:42:15,0,Saturday,1,5,30.0,78.5
2026-06-27 00:43:15,0,Saturday,1,5,30.0,78.4
2026-06-27 00:44:15,0,Saturday,1,5,30.0,78.4
2026-06-27 00:45:15,0,Saturday,1,5,30.0,78.5
2026-06-27 00:46:15,0,Saturday,1,5,30.0,78.5
2026-06-27 00:47:15,0,Saturday,1,5,30.0,78.5
2026-06-27 00:48:15,0,Saturday,1,5,30.0,78.4
2026-06-27 00:49:15,0,Saturday,1,5,30.0,78.5
2026-06-27 00:50:15,0,Saturday,1,5,30.0,78.5
2026-06-27 00:51:15,0,Saturday,1,5,29.9,78.6
2026-06-27 00:52:15,0,Saturday,1,5,30.0,78.6
2026-06-27 00:53:15,0,Saturday,1,5,30.0,78.5
2026-06-27 00:54:15,0,Saturday,1,5,29.9,78.5
2026-06-27 00:55:15,0,Saturday,1,5,30.0,78.6
2026-06-27 00:56:15,0,Saturday,1,5,29.9,78.6
2026-06-27 00:57:15,0,Saturday,1,5,29.9,78.5
2026-06-27 00:58:15,0,Saturday,1,5,29.9,78.6
2026-06-27 00:59:15,0,Saturday,1,5,29.9,78.5
2026-06-27 01:00:15,1,Saturday,1,5,29.9,78.7
2026-06-27 01:01:15,1,Saturday,1,5,29.9,78.7
2026-06-27 01:02:15,1,Saturday,1,5,29.9,78.6
2026-06-27 01:03:15,1,Saturday,1,5,29.9,78.7
2026-06-27 01:04:15,1,Saturday,1,5,29.9,78.6
2026-06-27 01:05:15,1,Saturday,1,5,29.9,78.7
2026-06-27 01:06:15,1,Saturday,1,5,29.9,78.6
2026-06-27 01:07:15,1,Saturday,1,5,29.9,78.7
2026-06-27 01:08:15,1,Saturday,1,5,29.9,78.6
2026-06-27 01:09:15,1,Saturday,1,5,29.9,78.7
2026-06-27 01:10:15,1,Saturday,1,5,29.9,78.7
2026-06-27 01:11:15,1,Saturday,1,5,29.9,78.8
2026-06-27 01:12:15,1,Saturday,1,5,29.9,78.6
2026-06-27 01:13:15,1,Saturday,1,5,29.9,78.6
2026-06-27 01:14:15,1,Saturday,1,5,29.9,78.8
2026-06-27 01:15:15,1,Saturday,1,5,29.9,78.8
2026-06-27 01:16:15,1,Saturday,1,5,29.9,78.8
2026-06-27 01:17:16,1,Saturday,1,5,29.9,78.7
2026-06-27 01:18:16,1,Saturday,1,5,29.9,78.8
2026-06-27 01:19:16,1,Saturday,1,5,29.9,78.8
2026-06-27 01:20:16,1,Saturday,1,5,29.9,78.8
2026-06-27 01:21:16,1,Saturday,1,5,29.9,78.8
2026-06-27 01:22:16,1,Saturday,1,5,29.9,78.8
2026-06-27 01:23:16,1,Saturday,1,5,29.9,78.8
2026-06-27 01:24:16,1,Saturday,1,5,29.9,78.9
2026-06-27 01:25:16,1,Saturday,1,5,29.9,78.9
2026-06-27 01:26:16,1,Saturday,1,5,29.9,78.9
2026-06-27 01:27:16,1,Saturday,1,5,29.9,79.0
2026-06-27 01:28:16,1,Saturday,1,5,29.9,78.8
2026-06-27 01:29:16,1,Saturday,1,5,29.9,78.8
2026-06-27 01:30:16,1,Saturday,1,5,29.9,78.9
2026-06-27 01:31:16,1,Saturday,1,5,29.9,78.9
2026-06-27 01:32:16,1,Saturday,1,5,29.9,78.9
2026-06-27 01:33:16,1,Saturday,1,5,29.9,78.9
2026-06-27 01:34:16,1,Saturday,1,5,29.9,78.9
2026-06-27 01:35:16,1,Saturday,1,5,29.9,78.9
2026-06-27 01:36:16,1,Saturday,1,5,29.9,79.0
2026-06-27 01:37:16,1,Saturday,1,5,29.9,79.0
2026-06-27 01:38:16,1,Saturday,1,5,29.9,79.0
2026-06-27 01:39:16,1,Saturday,1,5,29.9,78.9
2026-06-27 01:40:16,1,Saturday,1,5,29.9,78.9
2026-06-27 01:41:16,1,Saturday,1,5,29.9,79.0
2026-06-27 01:42:16,1,Saturday,1,5,29.8,78.9
2026-06-27 01:43:16,1,Saturday,1,5,29.8,79.0
2026-06-27 01:44:16,1,Saturday,1,5,29.8,79.0
2026-06-27 01:45:16,1,Saturday,1,5,29.8,79.0
2026-06-27 01:46:16,1,Saturday,1,5,29.8,79.0
2026-06-27 01:47:16,1,Saturday,1,5,29.8,79.1
2026-06-27 01:48:16,1,Saturday,1,5,29.8,79.0
2026-06-27 01:49:16,1,Saturday,1,5,29.8,79.1
2026-06-27 01:50:16,1,Saturday,1,5,29.8,79.1
2026-06-27 01:51:16,1,Saturday,1,5,29.8,79.0
2026-06-27 01:52:16,1,Saturday,1,5,29.8,79.1
2026-06-27 01:53:16,1,Saturday,1,5,29.8,79.0
2026-06-27 01:54:16,1,Saturday,1,5,29.8,79.0
2026-06-27 01:55:16,1,Saturday,1,5,29.8,79.0
2026-06-27 01:56:16,1,Saturday,1,5,29.8,79.1
2026-06-27 01:57:16,1,Saturday,1,5,29.8,79.1
2026-06-27 01:58:16,1,Saturday,1,5,29.8,79.1
2026-06-27 01:59:16,1,Saturday,1,5,29.8,79.2
2026-06-27 02:00:16,2,Saturday,1,5,29.8,79.2
2026-06-27 02:01:16,2,Saturday,1,5,29.8,79.1
2026-06-27 02:02:16,2,Saturday,1,5,29.8,79.2
2026-06-27 02:03:16,2,Saturday,1,5,29.8,79.1
2026-06-27 02:04:17,2,Saturday,1,5,29.8,79.2
2026-06-27 02:05:17,2,Saturday,1,5,29.8,79.1
2026-06-27 02:06:17,2,Saturday,1,5,29.8,79.1
2026-06-27 02:07:17,2,Saturday,1,5,29.8,79.1
2026-06-27 02:08:17,2,Saturday,1,5,29.8,79.1
2026-06-27 02:09:17,2,Saturday,1,5,29.8,79.1
2026-06-27 02:10:17,2,Saturday,1,5,29.8,79.2
2026-06-27 02:11:17,2,Saturday,1,5,29.8,79.2
2026-06-27 02:12:17,2,Saturday,1,5,29.8,79.2
2026-06-27 02:13:17,2,Saturday,1,5,29.8,79.1
2026-06-27 02:14:17,2,Saturday,1,5,29.8,79.1
2026-06-27 02:15:17,2,Saturday,1,5,29.8,79.2
2026-06-27 02:16:17,2,Saturday,1,5,29.8,79.2
2026-06-27 02:17:17,2,Saturday,1,5,29.8,79.1
2026-06-27 02:18:17,2,Saturday,1,5,29.8,79.2
2026-06-27 02:19:17,2,Saturday,1,5,29.8,79.2
2026-06-27 02:20:17,2,Saturday,1,5,29.8,79.3
2026-06-27 02:21:17,2,Saturday,1,5,29.8,79.3
2026-06-27 02:22:17,2,Saturday,1,5,29.8,79.3
2026-06-27 02:23:17,2,Saturday,1,5,29.8,79.3
2026-06-27 02:24:17,2,Saturday,1,5,29.8,79.3
2026-06-27 02:25:17,2,Saturday,1,5,29.8,79.3
2026-06-27 02:26:17,2,Saturday,1,5,29.8,79.3
2026-06-27 02:27:17,2,Saturday,1,5,29.8,79.3
2026-06-27 02:28:17,2,Saturday,1,5,29.7,79.3
2026-06-27 02:29:17,2,Saturday,1,5,29.7,79.3
2026-06-27 02:30:17,2,Saturday,1,5,29.7,79.2
2026-06-27 02:31:17,2,Saturday,1,5,29.7,79.4
2026-06-27 02:32:17,2,Saturday,1,5,29.7,79.4
2026-06-27 02:33:17,2,Saturday,1,5,29.7,79.4
2026-06-27 02:34:17,2,Saturday,1,5,29.8,79.3
2026-06-27 02:35:17,2,Saturday,1,5,29.7,79.3
2026-06-27 02:36:17,2,Saturday,1,5,29.7,79.3
2026-06-27 02:37:17,2,Saturday,1,5,29.7,79.3
2026-06-27 02:38:17,2,Saturday,1,5,29.7,79.3
2026-06-27 02:39:17,2,Saturday,1,5,29.7,79.3
2026-06-27 02:40:17,2,Saturday,1,5,29.7,79.3
2026-06-27 02:41:17,2,Saturday,1,5,29.7,79.2
2026-06-27 02:42:17,2,Saturday,1,5,29.7,79.3
2026-06-27 02:43:17,2,Saturday,1,5,29.7,79.3
2026-06-27 02:44:17,2,Saturday,1,5,29.7,79.3
2026-06-27 02:45:17,2,Saturday,1,5,29.7,79.2
2026-06-27 02:46:17,2,Saturday,1,5,29.7,79.3
2026-06-27 02:47:17,2,Saturday,1,5,29.7,79.4
2026-06-27 02:48:17,2,Saturday,1,5,29.6,79.3
2026-06-27 02:49:17,2,Saturday,1,5,29.7,79.4
2026-06-27 02:50:17,2,Saturday,1,5,29.7,79.3
2026-06-27 02:51:18,2,Saturday,1,5,29.7,79.4
2026-06-27 02:52:18,2,Saturday,1,5,29.6,79.4
2026-06-27 02:53:18,2,Saturday,1,5,29.7,79.4
2026-06-27 02:54:18,2,Saturday,1,5,29.7,79.3
2026-06-27 02:55:18,2,Saturday,1,5,29.7,79.4
2026-06-27 02:56:18,2,Saturday,1,5,29.7,79.3
2026-06-27 02:57:18,2,Saturday,1,5,29.7,79.4
2026-06-27 02:58:18,2,Saturday,1,5,29.6,79.3
2026-06-27 02:59:18,2,Saturday,1,5,29.7,79.3
2026-06-27 03:00:18,3,Saturday,1,5,29.7,79.3
2026-06-27 03:01:18,3,Saturday,1,5,29.6,79.2
2026-06-27 03:02:18,3,Saturday,1,5,29.7,79.3
2026-06-27 03:03:18,3,Saturday,1,5,29.7,79.3
2026-06-27 03:04:18,3,Saturday,1,5,29.7,79.3
2026-06-27 03:05:18,3,Saturday,1,5,29.7,79.3
2026-06-27 03:06:18,3,Saturday,1,5,29.7,79.3
2026-06-27 03:07:18,3,Saturday,1,5,29.7,79.3
2026-06-27 03:08:18,3,Saturday,1,5,29.7,79.3
2026-06-27 03:09:18,3,Saturday,1,5,29.6,79.4
2026-06-27 03:10:18,3,Saturday,1,5,29.7,79.4
2026-06-27 03:11:18,3,Saturday,1,5,29.7,79.4
2026-06-27 03:12:18,3,Saturday,1,5,29.6,79.4
2026-06-27 03:13:18,3,Saturday,1,5,29.7,79.4
2026-06-27 03:14:18,3,Saturday,1,5,29.6,79.3
2026-06-27 03:15:18,3,Saturday,1,5,29.7,79.4
2026-06-27 03:16:18,3,Saturday,1,5,29.7,79.4
2026-06-27 03:17:18,3,Saturday,1,5,29.6,79.4
2026-06-27 03:18:18,3,Saturday,1,5,29.6,79.3
2026-06-27 03:19:18,3,Saturday,1,5,29.6,79.3
2026-06-27 03:20:18,3,Saturday,1,5,29.6,79.4
2026-06-27 03:21:18,3,Saturday,1,5,29.6,79.3
2026-06-27 03:22:18,3,Saturday,1,5,29.7,79.3
2026-06-27 03:23:18,3,Saturday,1,5,29.7,79.3
2026-06-27 03:24:18,3,Saturday,1,5,29.6,79.3
2026-06-27 03:25:18,3,Saturday,1,5,29.6,79.2
2026-06-27 03:26:18,3,Saturday,1,5,29.6,79.4
2026-06-27 03:27:18,3,Saturday,1,5,29.6,79.4
2026-06-27 03:28:18,3,Saturday,1,5,29.6,79.3
2026-06-27 03:29:18,3,Saturday,1,5,29.6,79.4
2026-06-27 03:30:18,3,Saturday,1,5,29.6,79.3
2026-06-27 03:31:18,3,Saturday,1,5,29.6,79.4
2026-06-27 03:32:18,3,Saturday,1,5,29.6,79.4
2026-06-27 03:33:18,3,Saturday,1,5,29.6,79.3
2026-06-27 03:34:18,3,Saturday,1,5,29.6,79.3
2026-06-27 03:35:18,3,Saturday,1,5,29.6,79.3
2026-06-27 03:36:18,3,Saturday,1,5,29.6,79.4
2026-06-27 03:37:18,3,Saturday,1,5,29.6,79.3
2026-06-27 03:38:19,3,Saturday,1,5,29.6,79.4
2026-06-27 03:39:19,3,Saturday,1,5,29.6,79.3
2026-06-27 03:40:19,3,Saturday,1,5,29.6,79.4
2026-06-27 03:41:19,3,Saturday,1,5,29.6,79.4
2026-06-27 03:42:19,3,Saturday,1,5,29.6,79.4
2026-06-27 03:43:19,3,Saturday,1,5,29.6,79.5
2026-06-27 03:44:19,3,Saturday,1,5,29.6,79.4
2026-06-27 03:45:19,3,Saturday,1,5,29.6,79.5
2026-06-27 03:46:19,3,Saturday,1,5,29.6,79.5
2026-06-27 03:47:19,3,Saturday,1,5,29.6,79.5
2026-06-27 03:48:19,3,Saturday,1,5,29.6,79.4
2026-06-27 03:49:19,3,Saturday,1,5,29.6,79.4
2026-06-27 03:50:19,3,Saturday,1,5,29.6,79.4
2026-06-27 03:51:19,3,Saturday,1,5,29.6,79.5
2026-06-27 03:52:19,3,Saturday,1,5,29.5,79.5
2026-06-27 03:53:19,3,Saturday,1,5,29.5,79.5
2026-06-27 03:54:19,3,Saturday,1,5,29.5,79.5
2026-06-27 03:55:19,3,Saturday,1,5,29.6,79.4
2026-06-27 03:56:19,3,Saturday,1,5,29.6,79.5
2026-06-27 03:57:19,3,Saturday,1,5,29.5,79.5
2026-06-27 03:58:19,3,Saturday,1,5,29.5,79.5
2026-06-27 03:59:19,3,Saturday,1,5,29.6,79.4
2026-06-27 04:00:19,4,Saturday,1,5,29.6,79.5
2026-06-27 04:01:19,4,Saturday,1,5,29.5,79.4
2026-06-27 04:02:19,4,Saturday,1,5,29.6,79.4
2026-06-27 04:03:19,4,Saturday,1,5,29.5,79.5
2026-06-27 04:04:19,4,Saturday,1,5,29.6,79.5
2026-06-27 04:05:19,4,Saturday,1,5,29.5,79.4
2026-06-27 04:06:19,4,Saturday,1,5,29.5,79.4
2026-06-27 04:07:19,4,Saturday,1,5,29.5,79.4
2026-06-27 04:08:19,4,Saturday,1,5,29.5,79.5
2026-06-27 04:09:19,4,Saturday,1,5,29.5,79.5
2026-06-27 04:10:19,4,Saturday,1,5,29.5,79.4
2026-06-27 04:11:19,4,Saturday,1,5,29.5,79.5
2026-06-27 04:12:19,4,Saturday,1,5,29.5,79.5
2026-06-27 04:13:19,4,Saturday,1,5,29.5,79.5
2026-06-27 04:14:19,4,Saturday,1,5,29.5,79.3
2026-06-27 04:15:19,4,Saturday,1,5,29.5,79.3
2026-06-27 04:16:19,4,Saturday,1,5,29.5,79.3
2026-06-27 04:17:19,4,Saturday,1,5,29.5,79.4
2026-06-27 04:18:19,4,Saturday,1,5,29.5,79.5
2026-06-27 04:19:19,4,Saturday,1,5,29.5,79.4
2026-06-27 04:20:19,4,Saturday,1,5,29.5,79.4
2026-06-27 04:21:19,4,Saturday,1,5,29.5,79.3
2026-06-27 04:22:19,4,Saturday,1,5,29.5,79.4
2026-06-27 04:23:19,4,Saturday,1,5,29.5,79.4
2026-06-27 04:24:19,4,Saturday,1,5,29.5,79.4
2026-06-27 04:25:20,4,Saturday,1,5,29.5,79.4
2026-06-27 04:26:20,4,Saturday,1,5,29.5,79.4
2026-06-27 04:27:20,4,Saturday,1,5,29.5,79.5
2026-06-27 04:28:20,4,Saturday,1,5,29.4,79.5
2026-06-27 04:29:20,4,Saturday,1,5,29.5,79.4
2026-06-27 04:30:20,4,Saturday,1,5,29.5,79.4
2026-06-27 04:31:20,4,Saturday,1,5,29.4,79.4
2026-06-27 04:32:20,4,Saturday,1,5,29.5,79.3
2026-06-27 04:33:20,4,Saturday,1,5,29.4,79.5
2026-06-27 04:34:20,4,Saturday,1,5,29.4,79.4
2026-06-27 04:35:20,4,Saturday,1,5,29.4,79.4
2026-06-27 04:36:20,4,Saturday,1,5,29.4,79.4
2026-06-27 04:37:20,4,Saturday,1,5,29.4,79.4
2026-06-27 04:38:20,4,Saturday,1,5,29.4,79.3
2026-06-27 04:39:20,4,Saturday,1,5,29.4,79.3
2026-06-27 04:40:20,4,Saturday,1,5,29.5,79.3
2026-06-27 04:41:20,4,Saturday,1,5,29.4,79.3
2026-06-27 04:42:20,4,Saturday,1,5,29.4,79.4
2026-06-27 04:43:20,4,Saturday,1,5,29.4,79.3
2026-06-27 04:44:20,4,Saturday,1,5,29.4,79.4
2026-06-27 04:45:20,4,Saturday,1,5,29.4,79.4
2026-06-27 04:46:20,4,Saturday,1,5,29.4,79.4
2026-06-27 04:47:20,4,Saturday,1,5,29.4,79.4
2026-06-27 04:48:20,4,Saturday,1,5,29.4,79.5
2026-06-27 04:49:20,4,Saturday,1,5,29.4,79.5
2026-06-27 04:50:20,4,Saturday,1,5,29.4,79.4
2026-06-27 04:51:20,4,Saturday,1,5,29.4,79.5
2026-06-27 04:52:20,4,Saturday,1,5,29.4,79.4
2026-06-27 04:53:20,4,Saturday,1,5,29.4,79.4
2026-06-27 04:54:20,4,Saturday,1,5,29.4,79.4
2026-06-27 04:55:20,4,Saturday,1,5,29.4,79.5
2026-06-27 04:56:20,4,Saturday,1,5,29.4,79.4
2026-06-27 04:57:20,4,Saturday,1,5,29.4,79.4
2026-06-27 04:58:20,4,Saturday,1,5,29.4,79.4
2026-06-27 04:59:20,4,Saturday,1,5,29.4,79.4
2026-06-27 05:00:20,5,Saturday,1,5,29.4,79.4
2026-06-27 05:01:20,5,Saturday,1,5,29.4,79.4
2026-06-27 05:02:20,5,Saturday,1,5,29.4,79.4
2026-06-27 05:03:20,5,Saturday,1,5,29.4,79.3
2026-06-27 05:04:20,5,Saturday,1,5,29.4,79.4
2026-06-27 05:05:20,5,Saturday,1,5,29.4,79.3
2026-06-27 05:06:20,5,Saturday,1,5,29.4,79.4
2026-06-27 05:07:20,5,Saturday,1,5,29.4,79.4
2026-06-27 05:08:20,5,Saturday,1,5,29.4,79.3
2026-06-27 05:09:20,5,Saturday,1,5,29.4,79.2
2026-06-27 05:10:20,5,Saturday,1,5,29.4,79.3
2026-06-27 05:11:20,5,Saturday,1,5,29.4,79.4
2026-06-27 05:12:21,5,Saturday,1,5,29.4,79.3
2026-06-27 05:13:21,5,Saturday,1,5,29.4,79.3
2026-06-27 05:14:21,5,Saturday,1,5,29.4,79.3
2026-06-27 05:15:21,5,Saturday,1,5,29.4,79.3
2026-06-27 05:16:21,5,Saturday,1,5,29.4,79.3
2026-06-27 05:17:21,5,Saturday,1,5,29.4,79.3
2026-06-27 05:18:21,5,Saturday,1,5,29.3,79.3
2026-06-27 05:19:21,5,Saturday,1,5,29.4,79.3
2026-06-27 05:20:21,5,Saturday,1,5,29.4,79.3
2026-06-27 05:21:21,5,Saturday,1,5,29.4,79.3
2026-06-27 05:22:21,5,Saturday,1,5,29.4,79.4
2026-06-27 05:23:21,5,Saturday,1,5,29.3,79.3
2026-06-27 05:24:21,5,Saturday,1,5,29.3,79.3
2026-06-27 05:25:21,5,Saturday,1,5,29.4,79.3
2026-06-27 05:26:21,5,Saturday,1,5,29.3,79.4
2026-06-27 05:27:21,5,Saturday,1,5,29.3,79.4
2026-06-27 05:28:21,5,Saturday,1,5,29.3,79.4
2026-06-27 05:29:21,5,Saturday,1,5,29.3,79.4
2026-06-27 05:30:21,5,Saturday,1,5,29.3,79.4
2026-06-27 05:31:21,5,Saturday,1,5,29.3,79.4
2026-06-27 05:32:21,5,Saturday,1,5,29.3,79.4
2026-06-27 05:33:21,5,Saturday,1,5,29.3,79.3
2026-06-27 05:34:21,5,Saturday,1,5,29.3,79.3
2026-06-27 05:35:21,5,Saturday,1,5,29.3,79.4
2026-06-27 05:36:21,5,Saturday,1,5,29.3,79.4
2026-06-27 05:37:21,5,Saturday,1,5,29.3,79.4
2026-06-27 05:38:21,5,Saturday,1,5,29.3,79.3
2026-06-27 05:39:21,5,Saturday,1,5,29.3,79.2
2026-06-27 05:40:21,5,Saturday,1,5,29.3,79.4
2026-06-27 05:41:21,5,Saturday,1,5,29.3,79.3
2026-06-27 05:42:21,5,Saturday,1,5,29.3,79.3
2026-06-27 05:43:21,5,Saturday,1,5,29.3,79.4
2026-06-27 05:44:21,5,Saturday,1,5,29.3,79.4
2026-06-27 05:45:21,5,Saturday,1,5,29.3,79.2
2026-06-27 05:46:21,5,Saturday,1,5,29.3,79.3
2026-06-27 05:47:21,5,Saturday,1,5,29.3,79.2
2026-06-27 05:48:21,5,Saturday,1,5,29.3,79.3
2026-06-27 05:49:21,5,Saturday,1,5,29.3,79.4
2026-06-27 05:50:21,5,Saturday,1,5,29.3,79.4
2026-06-27 05:51:21,5,Saturday,1,5,29.3,79.2
2026-06-27 05:52:21,5,Saturday,1,5,29.3,79.3
2026-06-27 05:53:21,5,Saturday,1,5,29.3,79.2
2026-06-27 05:54:21,5,Saturday,1,5,29.3,79.2
2026-06-27 05:55:21,5,Saturday,1,5,29.3,79.4
2026-06-27 05:56:21,5,Saturday,1,5,29.3,79.3
2026-06-27 05:57:21,5,Saturday,1,5,29.3,79.4
2026-06-27 05:58:21,5,Saturday,1,5,29.3,79.4
2026-06-27 05:59:21,5,Saturday,1,5,29.3,79.4
2026-06-27 06:00:22,6,Saturday,1,5,29.3,79.4
2026-06-27 06:01:22,6,Saturday,1,5,29.3,79.4
2026-06-27 06:02:22,6,Saturday,1,5,29.3,79.3
2026-06-27 06:03:22,6,Saturday,1,5,29.3,79.3
2026-06-27 06:04:22,6,Saturday,1,5,29.3,79.3
2026-06-27 06:05:22,6,Saturday,1,5,29.3,79.4
2026-06-27 06:06:22,6,Saturday,1,5,29.3,79.3
2026-06-27 06:07:22,6,Saturday,1,5,29.3,79.4
2026-06-27 06:08:22,6,Saturday,1,5,29.3,79.3
2026-06-27 06:09:22,6,Saturday,1,5,29.3,79.3
2026-06-27 06:10:22,6,Saturday,1,5,29.3,79.3
2026-06-27 06:11:22,6,Saturday,1,5,29.3,79.3
2026-06-27 06:12:22,6,Saturday,1,5,29.3,79.3
2026-06-27 06:13:22,6,Saturday,1,5,29.2,79.2
2026-06-27 06:14:22,6,Saturday,1,5,29.3,79.2
2026-06-27 06:15:22,6,Saturday,1,5,29.3,79.1
2026-06-27 06:16:22,6,Saturday,1,5,29.2,79.2
2026-06-27 06:17:22,6,Saturday,1,5,29.2,79.2
2026-06-27 06:18:22,6,Saturday,1,5,29.2,79.2
2026-06-27 06:19:22,6,Saturday,1,5,29.2,79.2
2026-06-27 06:20:22,6,Saturday,1,5,29.2,79.3
2026-06-27 06:21:22,6,Saturday,1,5,29.2,79.3
2026-06-27 06:22:22,6,Saturday,1,5,29.2,79.2
2026-06-27 06:23:22,6,Saturday,1,5,29.2,79.3
2026-06-27 06:24:22,6,Saturday,1,5,29.2,79.2
2026-06-27 06:25:22,6,Saturday,1,5,29.2,79.2
2026-06-27 06:26:22,6,Saturday,1,5,29.2,79.2
2026-06-27 06:27:22,6,Saturday,1,5,29.2,79.2
2026-06-27 06:28:22,6,Saturday,1,5,29.2,79.3
2026-06-27 06:29:22,6,Saturday,1,5,29.2,79.2
2026-06-27 06:30:22,6,Saturday,1,5,29.2,79.2
2026-06-27 06:31:22,6,Saturday,1,5,29.2,79.1
2026-06-27 06:32:22,6,Saturday,1,5,29.2,79.2
2026-06-27 06:33:22,6,Saturday,1,5,29.2,79.2
2026-06-27 06:34:22,6,Saturday,1,5,29.2,79.3
2026-06-27 06:35:22,6,Saturday,1,5,29.2,79.3
2026-06-27 06:36:22,6,Saturday,1,5,29.2,79.3
2026-06-27 06:37:22,6,Saturday,1,5,29.2,79.3
2026-06-27 06:38:22,6,Saturday,1,5,29.2,79.3
2026-06-27 06:39:22,6,Saturday,1,5,29.2,79.2
2026-06-27 06:40:22,6,Saturday,1,5,29.2,79.3
2026-06-27 06:41:22,6,Saturday,1,5,29.2,79.3
2026-06-27 06:42:22,6,Saturday,1,5,29.2,79.2
2026-06-27 06:43:22,6,Saturday,1,5,29.2,79.3
2026-06-27 06:44:22,6,Saturday,1,5,29.2,79.3
2026-06-27 06:45:22,6,Saturday,1,5,29.2,79.2
2026-06-27 06:46:22,6,Saturday,1,5,29.2,79.3
2026-06-27 06:47:22,6,Saturday,1,5,29.2,79.2
2026-06-27 06:48:23,6,Saturday,1,5,29.2,79.3
2026-06-27 06:49:23,6,Saturday,1,5,29.2,79.2
2026-06-27 06:50:23,6,Saturday,1,5,29.2,79.2
2026-06-27 06:51:23,6,Saturday,1,5,29.2,79.3
2026-06-27 06:52:23,6,Saturday,1,5,29.2,79.3
2026-06-27 06:53:23,6,Saturday,1,5,29.2,79.2
2026-06-27 06:54:23,6,Saturday,1,5,29.1,79.2
2026-06-27 06:55:23,6,Saturday,1,5,29.2,79.3
2026-06-27 06:56:23,6,Saturday,1,5,29.2,79.2
2026-06-27 06:57:23,6,Saturday,1,5,29.2,79.2
2026-06-27 06:58:23,6,Saturday,1,5,29.2,79.2
2026-06-27 06:59:23,6,Saturday,1,5,29.2,79.2
2026-06-27 07:00:23,7,Saturday,1,5,29.2,79.2
2026-06-27 07:01:23,7,Saturday,1,5,29.2,79.2
2026-06-27 07:02:23,7,Saturday,1,5,29.2,79.2
2026-06-27 07:03:23,7,Saturday,1,5,29.2,79.2
2026-06-27 07:04:23,7,Saturday,1,5,29.2,79.2
2026-06-27 07:05:23,7,Saturday,1,5,29.2,79.1
2026-06-27 07:06:23,7,Saturday,1,5,29.2,79.1
2026-06-27 07:07:23,7,Saturday,1,5,29.2,79.2
2026-06-27 07:08:23,7,Saturday,1,5,29.1,79.2
2026-06-27 07:09:23,7,Saturday,1,5,29.1,79.3
2026-06-27 07:10:23,7,Saturday,1,5,29.1,79.2
2026-06-27 07:11:23,7,Saturday,1,5,29.1,79.3
2026-06-27 07:12:23,7,Saturday,1,5,29.1,79.3
2026-06-27 07:13:23,7,Saturday,1,5,29.1,79.2
2026-06-27 07:14:23,7,Saturday,1,5,29.1,79.3
2026-06-27 07:15:23,7,Saturday,1,5,29.1,79.1
2026-06-27 07:16:23,7,Saturday,1,5,29.1,79.2
2026-06-27 07:17:23,7,Saturday,1,5,29.1,79.2
2026-06-27 07:18:23,7,Saturday,1,5,29.1,79.2
2026-06-27 07:19:23,7,Saturday,1,5,29.1,79.1
2026-06-27 07:20:23,7,Saturday,1,5,29.1,79.1
2026-06-27 07:21:23,7,Saturday,1,5,29.1,79.1
2026-06-27 07:22:23,7,Saturday,1,5,29.1,79.0
2026-06-27 07:23:23,7,Saturday,1,5,29.2,79.1
2026-06-27 07:24:23,7,Saturday,1,5,29.2,79.1
2026-06-27 07:25:23,7,Saturday,1,5,29.1,79.1
2026-06-27 07:26:23,7,Saturday,1,5,29.1,79.1
2026-06-27 07:27:23,7,Saturday,1,5,29.1,79.1
2026-06-27 07:28:23,7,Saturday,1,5,29.1,79.1
2026-06-27 07:29:23,7,Saturday,1,5,29.2,79.2
2026-06-27 07:30:23,7,Saturday,1,5,29.1,79.1
2026-06-27 07:31:23,7,Saturday,1,5,29.1,79.0
2026-06-27 07:32:23,7,Saturday,1,5,29.1,79.0
2026-06-27 07:33:23,7,Saturday,1,5,29.1,79.0
2026-06-27 07:34:23,7,Saturday,1,5,29.1,78.9
2026-06-27 07:35:23,7,Saturday,1,5,29.1,79.0
2026-06-27 07:36:24,7,Saturday,1,5,29.2,78.9
2026-06-27 07:37:24,7,Saturday,1,5,29.2,79.0
2026-06-27 07:38:24,7,Saturday,1,5,29.1,79.0
2026-06-27 07:39:24,7,Saturday,1,5,29.1,79.0
2026-06-27 07:40:24,7,Saturday,1,5,29.1,79.0
2026-06-27 07:41:24,7,Saturday,1,5,29.2,78.9
2026-06-27 07:42:24,7,Saturday,1,5,29.2,78.9
2026-06-27 07:43:24,7,Saturday,1,5,29.2,78.9
2026-06-27 07:44:24,7,Saturday,1,5,29.2,79.0
2026-06-27 07:45:24,7,Saturday,1,5,29.2,78.9
2026-06-27 07:46:24,7,Saturday,1,5,29.2,78.9
2026-06-27 07:47:24,7,Saturday,1,5,29.2,78.8
2026-06-27 07:48:24,7,Saturday,1,5,29.2,78.9
2026-06-27 07:49:24,7,Saturday,1,5,29.2,78.8
2026-06-27 07:50:24,7,Saturday,1,5,29.2,78.7
2026-06-27 07:51:24,7,Saturday,1,5,29.3,78.7
2026-06-27 07:52:24,7,Saturday,1,5,29.4,78.5
2026-06-27 07:53:24,7,Saturday,1,5,29.4,78.5
2026-06-27 07:54:24,7,Saturday,1,5,29.4,78.3
2026-06-27 07:55:24,7,Saturday,1,5,29.5,78.2
2026-06-27 07:56:24,7,Saturday,1,5,29.5,78.0
2026-06-27 07:57:24,7,Saturday,1,5,29.6,77.8
2026-06-27 07:58:24,7,Saturday,1,5,29.6,77.6
2026-06-27 07:59:24,7,Saturday,1,5,29.6,77.8
2026-06-27 08:00:24,8,Saturday,1,5,29.6,77.7
2026-06-27 08:01:24,8,Saturday,1,5,29.6,77.6
2026-06-27 08:02:24,8,Saturday,1,5,29.7,77.6
2026-06-27 08:03:24,8,Saturday,1,5,29.7,77.4
2026-06-27 08:04:24,8,Saturday,1,5,29.7,77.4
2026-06-27 08:05:24,8,Saturday,1,5,29.7,77.4
2026-06-27 08:06:24,8,Saturday,1,5,29.8,77.2
2026-06-27 08:07:24,8,Saturday,1,5,29.8,77.2
2026-06-27 08:08:24,8,Saturday,1,5,29.8,77.1
2026-06-27 08:09:24,8,Saturday,1,5,29.9,77.0
2026-06-27 08:10:24,8,Saturday,1,5,29.9,76.8
2026-06-27 08:11:24,8,Saturday,1,5,29.9,76.8
2026-06-27 08:12:24,8,Saturday,1,5,30.0,76.7
2026-06-27 08:13:24,8,Saturday,1,5,30.0,76.6
2026-06-27 08:14:24,8,Saturday,1,5,30.0,76.5
2026-06-27 08:15:24,8,Saturday,1,5,30.1,76.4
2026-06-27 08:16:24,8,Saturday,1,5,30.1,76.3
2026-06-27 08:17:24,8,Saturday,1,5,30.1,76.2
2026-06-27 08:18:24,8,Saturday,1,5,30.1,76.1
2026-06-27 08:19:24,8,Saturday,1,5,30.2,76.2
2026-06-27 08:20:24,8,Saturday,1,5,30.2,76.0
2026-06-27 08:21:24,8,Saturday,1,5,30.2,76.0
2026-06-27 08:22:24,8,Saturday,1,5,30.3,75.9
2026-06-27 08:23:25,8,Saturday,1,5,30.3,75.8
2026-06-27 08:24:25,8,Saturday,1,5,30.3,75.9
2026-06-27 08:25:25,8,Saturday,1,5,30.3,75.7
2026-06-27 08:26:25,8,Saturday,1,5,30.4,75.7
2026-06-27 08:27:25,8,Saturday,1,5,30.4,75.6
2026-06-27 08:28:25,8,Saturday,1,5,30.4,75.7
2026-06-27 08:29:25,8,Saturday,1,5,30.4,75.7
2026-06-27 08:30:25,8,Saturday,1,5,30.4,75.7
2026-06-27 08:31:25,8,Saturday,1,5,30.4,75.7
2026-06-27 08:32:25,8,Saturday,1,5,30.4,75.7
2026-06-27 08:33:25,8,Saturday,1,5,30.4,75.7
2026-06-27 08:34:25,8,Saturday,1,5,30.3,75.8
2026-06-27 08:35:25,8,Saturday,1,5,30.4,75.8
2026-06-27 08:36:25,8,Saturday,1,5,30.4,75.9
2026-06-27 08:37:25,8,Saturday,1,5,30.3,76.0
2026-06-27 08:38:25,8,Saturday,1,5,30.3,76.0
2026-06-27 08:39:25,8,Saturday,1,5,30.3,76.1
2026-06-27 08:40:25,8,Saturday,1,5,30.3,76.0
2026-06-27 08:41:25,8,Saturday,1,5,30.3,76.0
2026-06-27 08:42:25,8,Saturday,1,5,30.3,76.1
2026-06-27 08:43:25,8,Saturday,1,5,30.4,76.1
2026-06-27 08:44:25,8,Saturday,1,5,30.4,76.2
2026-06-27 08:45:25,8,Saturday,1,5,30.4,76.1
2026-06-27 08:46:25,8,Saturday,1,5,30.4,76.1
2026-06-27 08:47:25,8,Saturday,1,5,30.4,76.1
2026-06-27 08:48:25,8,Saturday,1,5,30.4,76.0
2026-06-27 08:49:25,8,Saturday,1,5,30.4,76.2
2026-06-27 08:50:25,8,Saturday,1,5,30.4,76.2
2026-06-27 08:51:25,8,Saturday,1,5,30.4,76.0
2026-06-27 08:52:25,8,Saturday,1,5,30.4,76.1
2026-06-27 08:53:25,8,Saturday,1,5,30.5,76.1
2026-06-27 08:54:25,8,Saturday,1,5,30.5,76.1
2026-06-27 08:55:25,8,Saturday,1,5,30.5,76.1
2026-06-27 08:56:25,8,Saturday,1,5,30.5,76.1
2026-06-27 08:57:25,8,Saturday,1,5,30.5,75.9
2026-06-27 08:58:25,8,Saturday,1,5,30.5,75.9
2026-06-27 08:59:25,8,Saturday,1,5,30.5,75.8
2026-06-27 09:00:25,9,Saturday,1,5,30.5,75.9
2026-06-27 09:01:25,9,Saturday,1,5,30.6,75.8
2026-06-27 09:02:25,9,Saturday,1,5,30.6,75.8
2026-06-27 09:03:25,9,Saturday,1,5,30.6,75.8
2026-06-27 09:04:25,9,Saturday,1,5,30.6,75.8
2026-06-27 09:05:25,9,Saturday,1,5,30.6,75.7
2026-06-27 09:06:25,9,Saturday,1,5,30.7,75.7
2026-06-27 09:07:25,9,Saturday,1,5,30.7,75.7
2026-06-27 09:08:25,9,Saturday,1,5,30.7,75.6
2026-06-27 09:09:26,9,Saturday,1,5,30.7,75.6
2026-06-27 09:10:26,9,Saturday,1,5,30.7,75.6
2026-06-27 09:11:26,9,Saturday,1,5,30.7,75.6
2026-06-27 09:12:26,9,Saturday,1,5,30.7,75.5
2026-06-27 09:13:26,9,Saturday,1,5,30.7,75.4
2026-06-27 09:14:26,9,Saturday,1,5,30.8,75.2
2026-06-27 09:15:26,9,Saturday,1,5,30.8,75.2
2026-06-27 09:16:26,9,Saturday,1,5,30.8,75.2
2026-06-27 09:17:26,9,Saturday,1,5,30.8,75.2
2026-06-27 09:18:26,9,Saturday,1,5,30.9,75.2
2026-06-27 09:19:26,9,Saturday,1,5,30.8,75.0
2026-06-27 09:20:26,9,Saturday,1,5,30.9,75.0
2026-06-27 09:21:26,9,Saturday,1,5,30.9,74.9
2026-06-27 09:22:26,9,Saturday,1,5,30.9,74.9
2026-06-27 09:23:26,9,Saturday,1,5,30.9,74.7
2026-06-27 09:24:26,9,Saturday,1,5,30.9,74.8
2026-06-27 09:25:26,9,Saturday,1,5,31.0,74.8
2026-06-27 09:26:26,9,Saturday,1,5,31.0,74.7
2026-06-27 09:27:26,9,Saturday,1,5,31.0,74.7
2026-06-27 09:28:26,9,Saturday,1,5,31.0,74.7
2026-06-27 09:29:26,9,Saturday,1,5,31.0,74.5
2026-06-27 09:30:26,9,Saturday,1,5,31.0,74.6
2026-06-27 09:31:26,9,Saturday,1,5,31.0,74.6
2026-06-27 09:32:26,9,Saturday,1,5,31.0,74.5
2026-06-27 09:33:26,9,Saturday,1,5,31.1,74.6
2026-06-27 09:34:26,9,Saturday,1,5,31.1,74.6
2026-06-27 09:35:26,9,Saturday,1,5,31.1,74.6
2026-06-27 09:36:26,9,Saturday,1,5,31.1,74.5
2026-06-27 09:37:26,9,Saturday,1,5,31.1,74.4
2026-06-27 09:38:26,9,Saturday,1,5,31.1,74.4
2026-06-27 09:39:26,9,Saturday,1,5,31.2,74.4
2026-06-27 09:40:26,9,Saturday,1,5,31.2,74.4
2026-06-27 09:41:26,9,Saturday,1,5,31.2,74.3
2026-06-27 09:42:26,9,Saturday,1,5,31.2,74.3
2026-06-27 09:43:26,9,Saturday,1,5,31.2,74.3
2026-06-27 09:44:26,9,Saturday,1,5,31.2,74.2
2026-06-27 09:45:26,9,Saturday,1,5,31.2,74.3
2026-06-27 09:46:26,9,Saturday,1,5,31.2,74.3
2026-06-27 09:47:26,9,Saturday,1,5,31.2,74.2
2026-06-27 09:48:26,9,Saturday,1,5,31.3,74.1
2026-06-27 09:49:26,9,Saturday,1,5,31.3,74.2
2026-06-27 09:50:26,9,Saturday,1,5,31.3,74.1
2026-06-27 09:51:26,9,Saturday,1,5,31.3,74.0
2026-06-27 09:52:26,9,Saturday,1,5,31.3,74.0
2026-06-27 09:53:26,9,Saturday,1,5,31.3,74.0
2026-06-27 09:54:26,9,Saturday,1,5,31.3,73.9
2026-06-27 09:55:27,9,Saturday,1,5,31.3,73.9
2026-06-27 09:56:27,9,Saturday,1,5,31.3,73.7
2026-06-27 09:57:27,9,Saturday,1,5,31.3,73.8
2026-06-27 09:58:27,9,Saturday,1,5,31.4,73.8
2026-06-27 09:59:27,9,Saturday,1,5,31.4,73.6
2026-06-27 10:00:27,10,Saturday,1,5,31.4,73.6
2026-06-27 10:01:27,10,Saturday,1,5,31.4,73.6
2026-06-27 10:02:27,10,Saturday,1,5,31.4,73.4
2026-06-27 10:03:27,10,Saturday,1,5,31.5,73.5
2026-06-27 10:04:27,10,Saturday,1,5,31.5,73.5
2026-06-27 10:05:27,10,Saturday,1,5,31.5,73.2
2026-06-27 10:06:27,10,Saturday,1,5,31.5,73.1
2026-06-27 10:07:27,10,Saturday,1,5,31.5,73.1
2026-06-27 10:08:27,10,Saturday,1,5,31.5,73.1
2026-06-27 10:09:27,10,Saturday,1,5,31.5,73.0
2026-06-27 10:10:27,10,Saturday,1,5,31.6,72.8
2026-06-27 10:11:27,10,Saturday,1,5,31.6,72.8
2026-06-27 10:12:27,10,Saturday,1,5,31.6,72.7
2026-06-27 10:13:27,10,Saturday,1,5,31.6,72.6
2026-06-27 10:14:27,10,Saturday,1,5,31.6,72.6
2026-06-27 10:15:27,10,Saturday,1,5,31.6,72.5
2026-06-27 10:16:27,10,Saturday,1,5,31.6,72.5
2026-06-27 10:17:27,10,Saturday,1,5,31.6,72.4
2026-06-27 10:18:27,10,Saturday,1,5,31.6,72.3
2026-06-27 10:19:27,10,Saturday,1,5,31.7,72.2
2026-06-27 10:20:27,10,Saturday,1,5,31.7,72.2
2026-06-27 10:21:27,10,Saturday,1,5,31.7,72.1
2026-06-27 10:22:27,10,Saturday,1,5,31.7,72.0
2026-06-27 10:23:27,10,Saturday,1,5,31.7,71.9
2026-06-27 10:24:27,10,Saturday,1,5,31.7,71.9
2026-06-27 10:25:27,10,Saturday,1,5,31.7,71.8
2026-06-27 10:26:27,10,Saturday,1,5,31.7,71.7
2026-06-27 10:27:27,10,Saturday,1,5,31.7,71.5
2026-06-27 10:28:27,10,Saturday,1,5,31.7,71.5
2026-06-27 10:29:27,10,Saturday,1,5,31.8,71.4
2026-06-27 10:30:27,10,Saturday,1,5,31.8,71.4
2026-06-27 10:31:27,10,Saturday,1,5,31.8,71.2
2026-06-27 10:32:27,10,Saturday,1,5,31.8,71.3
2026-06-27 10:33:27,10,Saturday,1,5,31.8,71.3
2026-06-27 10:34:27,10,Saturday,1,5,31.8,71.0
2026-06-27 10:35:27,10,Saturday,1,5,31.8,71.1
2026-06-27 10:36:27,10,Saturday,1,5,31.9,70.8
2026-06-27 10:37:27,10,Saturday,1,5,31.9,70.8
2026-06-27 10:38:27,10,Saturday,1,5,31.9,70.6
2026-06-27 10:39:27,10,Saturday,1,5,31.9,70.7
2026-06-27 10:40:28,10,Saturday,1,5,31.9,70.4
2026-06-27 10:41:28,10,Saturday,1,5,31.9,70.2
2026-06-27 10:42:28,10,Saturday,1,5,31.9,70.1
2026-06-27 10:43:28,10,Saturday,1,5,32.0,70.0
2026-06-27 10:44:28,10,Saturday,1,5,32.0,69.9
2026-06-27 10:45:28,10,Saturday,1,5,32.0,69.8
2026-06-27 10:46:28,10,Saturday,1,5,32.0,69.7
2026-06-27 10:47:28,10,Saturday,1,5,32.0,69.6
2026-06-27 10:48:28,10,Saturday,1,5,32.0,69.6
2026-06-27 10:49:28,10,Saturday,1,5,32.0,69.4
2026-06-27 10:50:28,10,Saturday,1,5,32.0,69.2
2026-06-27 10:51:28,10,Saturday,1,5,32.0,69.2
2026-06-27 10:52:28,10,Saturday,1,5,32.0,69.0
2026-06-27 10:53:28,10,Saturday,1,5,32.1,68.8
2026-06-27 10:54:28,10,Saturday,1,5,32.1,68.8
2026-06-27 10:55:28,10,Saturday,1,5,32.1,68.5
2026-06-27 10:56:28,10,Saturday,1,5,32.1,68.7
2026-06-27 10:57:28,10,Saturday,1,5,32.1,68.4
2026-06-27 10:58:28,10,Saturday,1,5,32.1,68.4
2026-06-27 10:59:28,10,Saturday,1,5,32.1,68.4
2026-06-27 11:00:28,11,Saturday,1,5,32.2,68.1
2026-06-27 11:01:28,11,Saturday,1,5,32.2,68.3
2026-06-27 11:02:28,11,Saturday,1,5,32.2,68.3
2026-06-27 11:03:28,11,Saturday,1,5,32.2,67.8
2026-06-27 11:04:28,11,Saturday,1,5,32.2,67.9
2026-06-27 11:05:28,11,Saturday,1,5,32.2,68.1
2026-06-27 11:06:28,11,Saturday,1,5,32.2,68.0
2026-06-27 11:07:28,11,Saturday,1,5,32.2,68.0
2026-06-27 11:08:28,11,Saturday,1,5,32.2,67.4
2026-06-27 11:09:28,11,Saturday,1,5,32.2,67.6
2026-06-27 11:10:28,11,Saturday,1,5,32.2,67.6
2026-06-27 11:11:28,11,Saturday,1,5,32.3,67.9
2026-06-27 11:12:28,11,Saturday,1,5,32.3,67.5
2026-06-27 11:13:28,11,Saturday,1,5,32.3,67.3
2026-06-27 11:14:28,11,Saturday,1,5,32.3,67.0
2026-06-27 11:15:28,11,Saturday,1,5,32.3,67.2
2026-06-27 11:16:28,11,Saturday,1,5,32.3,67.4
2026-06-27 11:17:28,11,Saturday,1,5,32.3,66.8
2026-06-27 11:18:28,11,Saturday,1,5,32.3,67.1
2026-06-27 11:19:28,11,Saturday,1,5,32.3,66.8
2026-06-27 11:20:28,11,Saturday,1,5,32.4,67.2
2026-06-27 11:21:28,11,Saturday,1,5,32.4,67.5
2026-06-27 11:22:28,11,Saturday,1,5,32.4,67.6
2026-06-27 11:23:28,11,Saturday,1,5,32.4,67.2
2026-06-27 11:24:28,11,Saturday,1,5,32.4,66.6
2026-06-27 11:25:29,11,Saturday,1,5,32.4,66.8
2026-06-27 11:26:29,11,Saturday,1,5,32.4,66.8
2026-06-27 11:27:29,11,Saturday,1,5,32.4,66.7
2026-06-27 11:28:29,11,Saturday,1,5,32.4,66.9
2026-06-27 11:29:29,11,Saturday,1,5,32.4,66.9
2026-06-27 11:30:29,11,Saturday,1,5,32.4,66.6
2026-06-27 11:31:29,11,Saturday,1,5,32.5,66.4
2026-06-27 11:32:29,11,Saturday,1,5,32.4,66.3
2026-06-27 11:33:29,11,Saturday,1,5,32.5,66.4
2026-06-27 11:34:29,11,Saturday,1,5,32.5,66.4
2026-06-27 11:35:29,11,Saturday,1,5,32.5,66.5
2026-06-27 11:36:29,11,Saturday,1,5,32.5,66.3
2026-06-27 11:37:29,11,Saturday,1,5,32.5,66.3
2026-06-27 11:38:29,11,Saturday,1,5,32.5,66.1
2026-06-27 11:39:29,11,Saturday,1,5,32.6,66.3
2026-06-27 11:40:29,11,Saturday,1,5,32.6,66.5
2026-06-27 11:41:29,11,Saturday,1,5,32.6,66.4
2026-06-27 11:42:29,11,Saturday,1,5,32.6,66.4
2026-06-27 11:43:29,11,Saturday,1,5,32.6,66.5
2026-06-27 11:44:29,11,Saturday,1,5,32.6,66.4
2026-06-27 11:45:29,11,Saturday,1,5,32.6,66.2
2026-06-27 11:46:29,11,Saturday,1,5,32.7,66.4
2026-06-27 11:47:29,11,Saturday,1,5,32.7,66.1
2026-06-27 11:48:29,11,Saturday,1,5,32.7,66.3
2026-06-27 11:49:29,11,Saturday,1,5,32.7,66.1
2026-06-27 11:50:29,11,Saturday,1,5,32.7,66.1
2026-06-27 11:51:29,11,Saturday,1,5,32.7,66.2
2026-06-27 11:52:29,11,Saturday,1,5,32.7,65.9
2026-06-27 11:53:29,11,Saturday,1,5,32.7,65.9
2026-06-27 11:54:29,11,Saturday,1,5,32.7,65.9
2026-06-27 11:55:29,11,Saturday,1,5,32.8,66.1
2026-06-27 11:56:29,11,Saturday,1,5,32.8,65.8
2026-06-27 11:57:29,11,Saturday,1,5,32.8,65.8
2026-06-27 11:58:29,11,Saturday,1,5,32.8,65.8
2026-06-27 11:59:29,11,Saturday,1,5,32.8,65.7
2026-06-27 12:00:29,12,Saturday,1,5,32.8,65.8
2026-06-27 12:01:29,12,Saturday,1,5,32.8,65.7
2026-06-27 12:02:29,12,Saturday,1,5,32.9,65.6
2026-06-27 12:03:29,12,Saturday,1,5,32.9,65.6
2026-06-27 12:04:29,12,Saturday,1,5,32.9,65.8
2026-06-27 12:05:29,12,Saturday,1,5,32.9,65.6
2026-06-27 12:06:29,12,Saturday,1,5,32.9,65.6
2026-06-27 12:07:29,12,Saturday,1,5,32.9,65.6
2026-06-27 12:08:29,12,Saturday,1,5,33.0,65.6
2026-06-27 12:09:30,12,Saturday,1,5,33.0,65.8
2026-06-27 12:10:30,12,Saturday,1,5,33.0,65.8
2026-06-27 12:11:30,12,Saturday,1,5,33.0,65.8
2026-06-27 12:12:30,12,Saturday,1,5,33.0,65.9
2026-06-27 12:13:30,12,Saturday,1,5,33.0,65.7
2026-06-27 12:14:30,12,Saturday,1,5,33.0,65.7
2026-06-27 12:15:30,12,Saturday,1,5,33.0,65.6
2026-06-27 12:16:30,12,Saturday,1,5,33.0,65.6
2026-06-27 12:17:30,12,Saturday,1,5,33.0,65.3
2026-06-27 12:18:30,12,Saturday,1,5,33.0,65.4
2026-06-27 12:19:30,12,Saturday,1,5,33.0,65.4
2026-06-27 12:20:30,12,Saturday,1,5,33.0,65.3
2026-06-27 12:21:30,12,Saturday,1,5,33.0,65.3
2026-06-27 12:22:30,12,Saturday,1,5,33.0,65.1
2026-06-27 12:23:30,12,Saturday,1,5,33.0,65.2
2026-06-27 12:24:30,12,Saturday,1,5,33.0,65.2
2026-06-27 12:25:30,12,Saturday,1,5,33.0,65.2
2026-06-27 12:26:30,12,Saturday,1,5,33.0,65.2
2026-06-27 12:27:30,12,Saturday,1,5,33.1,65.1
2026-06-27 12:28:30,12,Saturday,1,5,33.1,65.0
2026-06-27 12:29:30,12,Saturday,1,5,33.1,65.1
2026-06-27 12:30:30,12,Saturday,1,5,33.1,65.1
2026-06-27 12:31:30,12,Saturday,1,5,33.1,65.0
2026-06-27 12:32:30,12,Saturday,1,5,33.2,65.0
2026-06-27 12:33:30,12,Saturday,1,5,33.1,65.0
2026-06-27 12:34:30,12,Saturday,1,5,33.1,65.1
2026-06-27 12:35:30,12,Saturday,1,5,33.2,64.9
2026-06-27 12:36:30,12,Saturday,1,5,33.2,64.9
2026-06-27 12:37:30,12,Saturday,1,5,33.2,64.9
2026-06-27 12:38:30,12,Saturday,1,5,33.2,64.8
2026-06-27 12:39:30,12,Saturday,1,5,33.2,65.0
2026-06-27 12:40:30,12,Saturday,1,5,33.2,64.9
2026-06-27 12:41:30,12,Saturday,1,5,33.2,64.9
2026-06-27 12:42:30,12,Saturday,1,5,33.2,65.0
2026-06-27 12:43:30,12,Saturday,1,5,33.3,64.8
2026-06-27 12:44:30,12,Saturday,1,5,33.3,64.7
2026-06-27 12:45:30,12,Saturday,1,5,33.3,64.7
2026-06-27 12:46:30,12,Saturday,1,5,33.3,64.8
2026-06-27 12:47:30,12,Saturday,1,5,33.3,65.0
2026-06-27 12:48:30,12,Saturday,1,5,33.4,64.8
2026-06-27 12:49:30,12,Saturday,1,5,33.4,64.8
2026-06-27 12:50:30,12,Saturday,1,5,33.4,64.8
2026-06-27 12:51:30,12,Saturday,1,5,33.4,64.8
2026-06-27 12:52:30,12,Saturday,1,5,33.4,64.7
2026-06-27 12:53:31,12,Saturday,1,5,33.4,64.7
2026-06-27 12:54:31,12,Saturday,1,5,33.4,64.8
2026-06-27 12:55:31,12,Saturday,1,5,33.4,64.8
2026-06-27 12:56:31,12,Saturday,1,5,33.5,64.8
2026-06-27 12:57:31,12,Saturday,1,5,33.5,64.9
2026-06-27 12:58:31,12,Saturday,1,5,33.5,64.7
2026-06-27 12:59:31,12,Saturday,1,5,33.5,64.8
2026-06-27 13:00:31,13,Saturday,1,5,33.5,64.7
2026-06-27 13:01:31,13,Saturday,1,5,33.5,64.7
2026-06-27 13:02:31,13,Saturday,1,5,33.5,64.5
2026-06-27 13:03:31,13,Saturday,1,5,33.6,64.6
2026-06-27 13:04:31,13,Saturday,1,5,33.6,64.6
2026-06-27 13:05:31,13,Saturday,1,5,33.6,64.4
2026-06-27 13:06:31,13,Saturday,1,5,33.6,64.5
2026-06-27 13:07:31,13,Saturday,1,5,33.6,64.3
2026-06-27 13:08:31,13,Saturday,1,5,33.6,64.5
2026-06-27 13:09:31,13,Saturday,1,5,33.6,64.2
2026-06-27 13:10:31,13,Saturday,1,5,33.6,64.3
2026-06-27 13:11:31,13,Saturday,1,5,33.6,64.2
2026-06-27 13:12:31,13,Saturday,1,5,33.6,64.2
2026-06-27 13:13:31,13,Saturday,1,5,33.6,64.0
2026-06-27 13:14:31,13,Saturday,1,5,33.7,63.9
2026-06-27 13:15:31,13,Saturday,1,5,33.7,63.8
2026-06-27 13:16:31,13,Saturday,1,5,33.7,63.7
2026-06-27 13:17:31,13,Saturday,1,5,33.7,63.7
2026-06-27 13:18:31,13,Saturday,1,5,33.7,63.6
2026-06-27 13:19:31,13,Saturday,1,5,33.7,63.4
2026-06-27 13:20:31,13,Saturday,1,5,33.7,63.3
2026-06-27 13:21:31,13,Saturday,1,5,33.7,63.3
2026-06-27 13:22:31,13,Saturday,1,5,33.7,63.3
2026-06-27 13:23:31,13,Saturday,1,5,33.8,63.1
2026-06-27 13:24:31,13,Saturday,1,5,33.8,63.1
2026-06-27 13:25:31,13,Saturday,1,5,33.8,63.1
2026-06-27 13:26:31,13,Saturday,1,5,33.8,63.2
2026-06-27 13:27:31,13,Saturday,1,5,33.8,63.1
2026-06-27 13:28:31,13,Saturday,1,5,33.8,63.3
2026-06-27 13:29:31,13,Saturday,1,5,33.8,63.1
2026-06-27 13:30:31,13,Saturday,1,5,33.8,63.0
2026-06-27 13:31:31,13,Saturday,1,5,33.8,63.0
2026-06-27 13:32:31,13,Saturday,1,5,33.8,63.2
2026-06-27 13:33:31,13,Saturday,1,5,33.8,63.3
2026-06-27 13:34:31,13,Saturday,1,5,33.9,63.3
2026-06-27 13:35:31,13,Saturday,1,5,33.9,63.3
2026-06-27 13:36:32,13,Saturday,1,5,33.8,63.2
2026-06-27 13:37:32,13,Saturday,1,5,33.9,63.1
2026-06-27 13:38:32,13,Saturday,1,5,33.9,63.1
2026-06-27 13:39:32,13,Saturday,1,5,33.9,63.1
2026-06-27 13:40:32,13,Saturday,1,5,33.9,63.2
2026-06-27 13:41:32,13,Saturday,1,5,33.9,63.1
2026-06-27 13:42:32,13,Saturday,1,5,33.9,63.2
2026-06-27 13:43:32,13,Saturday,1,5,33.9,63.2
2026-06-27 13:44:32,13,Saturday,1,5,33.9,63.4
2026-06-27 13:45:32,13,Saturday,1,5,33.9,63.3
2026-06-27 13:46:32,13,Saturday,1,5,33.9,63.3
2026-06-27 13:47:32,13,Saturday,1,5,33.9,63.6
2026-06-27 13:48:32,13,Saturday,1,5,33.9,63.6
2026-06-27 13:49:32,13,Saturday,1,5,33.9,63.8
2026-06-27 13:50:32,13,Saturday,1,5,33.9,63.9
2026-06-27 13:51:32,13,Saturday,1,5,33.9,63.8
2026-06-27 13:52:32,13,Saturday,1,5,33.9,63.9
2026-06-27 13:53:32,13,Saturday,1,5,33.9,64.1
2026-06-27 13:54:32,13,Saturday,1,5,33.9,64.1
2026-06-27 13:55:32,13,Saturday,1,5,33.8,64.1
2026-06-27 13:56:32,13,Saturday,1,5,33.8,64.3
2026-06-27 13:57:32,13,Saturday,1,5,33.8,64.4
2026-06-27 13:58:32,13,Saturday,1,5,33.8,64.5
2026-06-27 13:59:32,13,Saturday,1,5,33.8,64.6
2026-06-27 14:00:32,14,Saturday,1,5,33.8,64.4
2026-06-27 14:01:32,14,Saturday,1,5,33.8,64.6
2026-06-27 14:02:32,14,Saturday,1,5,33.8,64.5
2026-06-27 14:03:32,14,Saturday,1,5,33.8,64.7
2026-06-27 14:04:32,14,Saturday,1,5,33.8,64.8
2026-06-27 14:05:32,14,Saturday,1,5,33.7,64.8
2026-06-27 14:06:32,14,Saturday,1,5,33.7,65.1
2026-06-27 14:07:32,14,Saturday,1,5,33.7,65.0
2026-06-27 14:08:32,14,Saturday,1,5,33.7,65.2
2026-06-27 14:09:32,14,Saturday,1,5,33.7,65.1
2026-06-27 14:10:32,14,Saturday,1,5,33.7,65.2
2026-06-27 14:11:32,14,Saturday,1,5,33.7,65.2
2026-06-27 14:12:32,14,Saturday,1,5,33.7,65.4
2026-06-27 14:13:32,14,Saturday,1,5,33.7,65.5
2026-06-27 14:14:32,14,Saturday,1,5,33.6,65.6
2026-06-27 14:15:32,14,Saturday,1,5,33.6,65.6
2026-06-27 14:16:32,14,Saturday,1,5,33.6,65.4
2026-06-27 14:17:32,14,Saturday,1,5,33.6,65.4
2026-06-27 14:18:32,14,Saturday,1,5,33.6,65.4
2026-06-27 14:19:33,14,Saturday,1,5,33.6,65.5
2026-06-27 14:20:33,14,Saturday,1,5,33.6,65.5
2026-06-27 14:21:33,14,Saturday,1,5,33.6,65.4
2026-06-27 14:22:33,14,Saturday,1,5,33.6,65.3
2026-06-27 14:23:33,14,Saturday,1,5,33.6,65.4
2026-06-27 14:24:33,14,Saturday,1,5,33.5,65.5
2026-06-27 14:25:33,14,Saturday,1,5,33.6,65.4
2026-06-27 14:26:33,14,Saturday,1,5,33.6,65.4
2026-06-27 14:27:33,14,Saturday,1,5,33.6,65.5
2026-06-27 14:28:33,14,Saturday,1,5,33.6,65.5
2026-06-27 14:29:33,14,Saturday,1,5,33.6,65.5
2026-06-27 14:30:33,14,Saturday,1,5,33.6,65.4
2026-06-27 14:31:33,14,Saturday,1,5,33.6,65.4
2026-06-27 14:32:33,14,Saturday,1,5,33.6,65.4
2026-06-27 14:33:33,14,Saturday,1,5,33.6,65.3
2026-06-27 14:34:33,14,Saturday,1,5,33.6,65.3
2026-06-27 14:35:33,14,Saturday,1,5,33.6,65.2
2026-06-27 14:36:33,14,Saturday,1,5,33.6,65.4
2026-06-27 14:37:33,14,Saturday,1,5,33.6,65.3
2026-06-27 14:38:33,14,Saturday,1,5,33.6,65.3
2026-06-27 14:39:33,14,Saturday,1,5,33.6,65.2
2026-06-27 14:40:33,14,Saturday,1,5,33.6,65.2
2026-06-27 14:41:33,14,Saturday,1,5,33.6,65.1
2026-06-27 14:42:33,14,Saturday,1,5,33.6,64.9
2026-06-27 14:43:33,14,Saturday,1,5,33.6,65.0
2026-06-27 14:44:33,14,Saturday,1,5,33.6,65.1
2026-06-27 14:45:33,14,Saturday,1,5,33.6,65.1
2026-06-27 14:46:33,14,Saturday,1,5,33.6,65.1
2026-06-27 14:47:33,14,Saturday,1,5,33.6,65.1
2026-06-27 14:48:33,14,Saturday,1,5,33.6,65.1
2026-06-27 14:49:33,14,Saturday,1,5,33.6,65.1
2026-06-27 14:50:33,14,Saturday,1,5,33.6,65.0
2026-06-27 14:51:33,14,Saturday,1,5,33.6,65.1
2026-06-27 14:52:33,14,Saturday,1,5,33.6,64.9
2026-06-27 14:53:33,14,Saturday,1,5,33.6,64.8
2026-06-27 14:54:33,14,Saturday,1,5,33.6,64.5
2026-06-27 14:55:33,14,Saturday,1,5,33.6,64.6
2026-06-27 14:56:33,14,Saturday,1,5,33.6,64.5
2026-06-27 14:57:33,14,Saturday,1,5,33.6,64.6
2026-06-27 14:58:33,14,Saturday,1,5,33.6,64.5
2026-06-27 14:59:33,14,Saturday,1,5,33.6,64.6
2026-06-27 15:00:33,15,Saturday,1,5,33.6,64.5
2026-06-27 15:01:33,15,Saturday,1,5,33.6,64.6
2026-06-27 15:02:34,15,Saturday,1,5,33.6,64.5
2026-06-27 15:03:34,15,Saturday,1,5,33.6,64.4
2026-06-27 15:04:34,15,Saturday,1,5,33.6,64.5
2026-06-27 15:05:34,15,Saturday,1,5,33.6,64.5
2026-06-27 15:06:34,15,Saturday,1,5,33.6,64.5
2026-06-27 15:07:34,15,Saturday,1,5,33.6,64.4
2026-06-27 15:08:34,15,Saturday,1,5,33.6,64.4
2026-06-27 15:09:34,15,Saturday,1,5,33.7,64.2
2026-06-27 15:10:34,15,Saturday,1,5,33.7,64.3
2026-06-27 15:11:34,15,Saturday,1,5,33.7,64.4
2026-06-27 15:12:34,15,Saturday,1,5,33.7,64.3
2026-06-27 15:13:34,15,Saturday,1,5,33.7,64.1
2026-06-27 15:14:34,15,Saturday,1,5,33.8,64.1
2026-06-27 15:15:34,15,Saturday,1,5,33.8,64.1
2026-06-27 15:16:34,15,Saturday,1,5,33.8,64.0
2026-06-27 15:17:34,15,Saturday,1,5,33.8,63.9
2026-06-27 15:18:34,15,Saturday,1,5,33.8,64.0
2026-06-27 15:19:34,15,Saturday,1,5,33.8,63.9
2026-06-27 15:20:34,15,Saturday,1,5,33.9,63.8
2026-06-27 15:21:34,15,Saturday,1,5,33.9,63.7
2026-06-27 15:22:34,15,Saturday,1,5,33.9,63.7
2026-06-27 15:23:34,15,Saturday,1,5,33.9,63.6
2026-06-27 15:24:34,15,Saturday,1,5,33.9,63.6
2026-06-27 15:25:34,15,Saturday,1,5,33.9,63.6
2026-06-27 15:26:34,15,Saturday,1,5,34.0,63.5
2026-06-27 15:27:34,15,Saturday,1,5,34.0,63.5
2026-06-27 15:28:34,15,Saturday,1,5,34.0,63.4
2026-06-27 15:29:34,15,Saturday,1,5,34.0,63.4
2026-06-27 15:30:34,15,Saturday,1,5,34.0,63.2
2026-06-27 15:31:34,15,Saturday,1,5,34.1,63.2
2026-06-27 15:32:34,15,Saturday,1,5,34.1,63.2
2026-06-27 15:33:34,15,Saturday,1,5,34.1,63.1
2026-06-27 15:34:34,15,Saturday,1,5,34.1,63.2
2026-06-27 15:35:34,15,Saturday,1,5,34.1,63.0
2026-06-27 15:36:34,15,Saturday,1,5,34.1,63.0
2026-06-27 15:37:34,15,Saturday,1,5,34.2,63.1
2026-06-27 15:38:34,15,Saturday,1,5,34.2,63.0
2026-06-27 15:39:34,15,Saturday,1,5,34.2,63.0
2026-06-27 15:40:34,15,Saturday,1,5,34.2,62.9
2026-06-27 15:41:34,15,Saturday,1,5,34.2,62.8
2026-06-27 15:42:34,15,Saturday,1,5,34.2,63.0
2026-06-27 15:43:34,15,Saturday,1,5,34.2,62.8
2026-06-27 15:44:34,15,Saturday,1,5,34.3,62.8
2026-06-27 15:45:35,15,Saturday,1,5,34.3,62.8
2026-06-27 15:46:35,15,Saturday,1,5,34.3,62.8
2026-06-27 15:47:35,15,Saturday,1,5,34.3,62.7
2026-06-27 15:48:35,15,Saturday,1,5,34.3,62.8
2026-06-27 15:49:35,15,Saturday,1,5,34.4,62.9
2026-06-27 15:50:35,15,Saturday,1,5,34.4,63.0
2026-06-27 15:51:35,15,Saturday,1,5,34.4,63.1
2026-06-27 15:52:35,15,Saturday,1,5,34.4,62.9
2026-06-27 15:53:35,15,Saturday,1,5,34.4,63.0
2026-06-27 15:54:35,15,Saturday,1,5,34.4,63.0
2026-06-27 15:55:35,15,Saturday,1,5,34.4,63.1
2026-06-27 15:56:35,15,Saturday,1,5,34.5,63.1
2026-06-27 15:57:35,15,Saturday,1,5,34.5,62.9
2026-06-27 15:58:35,15,Saturday,1,5,34.5,63.0
2026-06-27 15:59:35,15,Saturday,1,5,34.5,62.8
2026-06-27 16:00:35,16,Saturday,1,5,34.5,62.8
2026-06-27 16:01:35,16,Saturday,1,5,34.5,62.9
2026-06-27 16:02:35,16,Saturday,1,5,34.5,62.8
2026-06-27 16:03:35,16,Saturday,1,5,34.6,62.7
2026-06-27 16:04:35,16,Saturday,1,5,34.6,62.8
2026-06-27 16:05:35,16,Saturday,1,5,34.6,62.9
2026-06-27 16:06:35,16,Saturday,1,5,34.6,62.9
2026-06-27 16:07:35,16,Saturday,1,5,34.6,62.7
2026-06-27 16:08:35,16,Saturday,1,5,34.6,62.8
2026-06-27 16:09:35,16,Saturday,1,5,34.6,63.0
2026-06-27 16:10:35,16,Saturday,1,5,34.6,62.8
2026-06-27 16:11:35,16,Saturday,1,5,34.6,62.8
2026-06-27 16:12:35,16,Saturday,1,5,34.6,62.9
2026-06-27 16:13:35,16,Saturday,1,5,34.6,62.8
2026-06-27 16:14:35,16,Saturday,1,5,34.6,62.9
2026-06-27 16:15:35,16,Saturday,1,5,34.6,62.8
2026-06-27 16:16:35,16,Saturday,1,5,34.6,62.8
2026-06-27 16:17:35,16,Saturday,1,5,34.6,62.8
2026-06-27 16:18:35,16,Saturday,1,5,34.6,62.7
2026-06-27 16:19:35,16,Saturday,1,5,34.6,62.6
2026-06-27 16:20:35,16,Saturday,1,5,34.6,62.7
2026-06-27 16:21:35,16,Saturday,1,5,34.6,62.8
2026-06-27 16:22:35,16,Saturday,1,5,34.6,62.7
2026-06-27 16:23:35,16,Saturday,1,5,34.6,62.7
2026-06-27 16:24:35,16,Saturday,1,5,34.7,62.7
2026-06-27 16:25:35,16,Saturday,1,5,34.7,62.7
2026-06-27 16:26:35,16,Saturday,1,5,34.7,62.6
2026-06-27 16:27:36,16,Saturday,1,5,34.7,62.6
2026-06-27 16:28:36,16,Saturday,1,5,34.7,62.6
2026-06-27 16:29:36,16,Saturday,1,5,34.7,62.6
2026-06-27 16:30:36,16,Saturday,1,5,34.7,62.7
2026-06-27 16:31:36,16,Saturday,1,5,34.7,62.6
2026-06-27 16:32:36,16,Saturday,1,5,34.7,62.6
2026-06-27 16:33:36,16,Saturday,1,5,34.7,62.5
2026-06-27 16:34:36,16,Saturday,1,5,34.7,62.6
2026-06-27 16:35:36,16,Saturday,1,5,34.7,62.5
2026-06-27 16:36:36,16,Saturday,1,5,34.7,62.5
2026-06-27 16:37:36,16,Saturday,1,5,34.7,62.5
2026-06-27 16:38:36,16,Saturday,1,5,34.7,62.5
2026-06-27 16:39:36,16,Saturday,1,5,34.7,62.5
2026-06-27 16:40:36,16,Saturday,1,5,34.7,62.6
2026-06-27 16:41:36,16,Saturday,1,5,34.7,62.5
2026-06-27 16:42:36,16,Saturday,1,5,34.7,62.7
2026-06-27 16:43:36,16,Saturday,1,5,34.7,62.5
2026-06-27 16:44:36,16,Saturday,1,5,34.7,62.7
2026-06-27 16:45:36,16,Saturday,1,5,34.7,62.6
2026-06-27 16:46:36,16,Saturday,1,5,34.7,62.6
2026-06-27 16:47:36,16,Saturday,1,5,34.7,62.6
2026-06-27 16:48:36,16,Saturday,1,5,34.7,62.6
2026-06-27 16:49:36,16,Saturday,1,5,34.7,62.6
2026-06-27 16:50:36,16,Saturday,1,5,34.7,62.7
2026-06-27 16:51:36,16,Saturday,1,5,34.7,62.7
2026-06-27 16:52:36,16,Saturday,1,5,34.7,62.6
2026-06-27 16:53:36,16,Saturday,1,5,34.7,62.6
2026-06-27 16:54:36,16,Saturday,1,5,34.7,62.7
2026-06-27 16:55:36,16,Saturday,1,5,34.7,62.5
2026-06-27 16:56:36,16,Saturday,1,5,34.7,62.6
2026-06-27 16:57:36,16,Saturday,1,5,34.7,62.6
2026-06-27 16:58:36,16,Saturday,1,5,34.6,62.6
2026-06-27 16:59:36,16,Saturday,1,5,34.6,62.6
2026-06-27 17:00:36,17,Saturday,1,5,34.7,62.7
2026-06-27 17:01:36,17,Saturday,1,5,34.6,62.5
2026-06-27 17:02:36,17,Saturday,1,5,34.6,62.5
2026-06-27 17:03:36,17,Saturday,1,5,34.7,62.7
2026-06-27 17:04:36,17,Saturday,1,5,34.6,62.7
2026-06-27 17:05:36,17,Saturday,1,5,34.6,62.6
2026-06-27 17:06:36,17,Saturday,1,5,34.6,62.7
2026-06-27 17:07:36,17,Saturday,1,5,34.6,62.7
2026-06-27 17:08:36,17,Saturday,1,5,34.6,62.7
2026-06-27 17:09:37,17,Saturday,1,5,34.6,62.5
2026-06-27 17:10:37,17,Saturday,1,5,34.6,62.6
2026-06-27 17:11:37,17,Saturday,1,5,34.6,62.6
2026-06-27 17:12:37,17,Saturday,1,5,34.6,62.5
2026-06-27 17:13:37,17,Saturday,1,5,34.6,62.6
2026-06-27 17:14:37,17,Saturday,1,5,34.6,62.6
2026-06-27 17:15:37,17,Saturday,1,5,34.6,62.5
2026-06-27 17:16:37,17,Saturday,1,5,34.6,62.6
2026-06-27 17:17:37,17,Saturday,1,5,34.6,62.5
2026-06-27 17:18:37,17,Saturday,1,5,34.5,62.4
2026-06-27 17:19:37,17,Saturday,1,5,34.5,62.5
2026-06-27 17:20:37,17,Saturday,1,5,34.5,62.5
2026-06-27 17:21:37,17,Saturday,1,5,34.5,62.5
2026-06-27 17:22:37,17,Saturday,1,5,34.5,62.4
2026-06-27 17:23:37,17,Saturday,1,5,34.5,62.4
2026-06-27 17:24:37,17,Saturday,1,5,34.4,62.4
2026-06-27 17:25:37,17,Saturday,1,5,34.4,62.4
2026-06-27 17:26:37,17,Saturday,1,5,34.4,62.4
2026-06-27 17:27:37,17,Saturday,1,5,34.4,62.4
2026-06-27 17:28:37,17,Saturday,1,5,34.4,62.4
2026-06-27 17:29:37,17,Saturday,1,5,34.4,62.5
2026-06-27 17:30:37,17,Saturday,1,5,34.4,62.5
2026-06-27 17:31:37,17,Saturday,1,5,34.4,62.5
2026-06-27 17:32:37,17,Saturday,1,5,34.4,62.4
2026-06-27 17:33:37,17,Saturday,1,5,34.4,62.3
2026-06-27 17:34:37,17,Saturday,1,5,34.4,62.4
2026-06-27 17:35:37,17,Saturday,1,5,34.4,62.4
2026-06-27 17:36:37,17,Saturday,1,5,34.4,62.4
2026-06-27 17:37:37,17,Saturday,1,5,34.4,62.4
2026-06-27 17:38:37,17,Saturday,1,5,34.4,62.4
2026-06-27 17:39:37,17,Saturday,1,5,34.4,62.6
2026-06-27 17:40:37,17,Saturday,1,5,34.4,62.4
2026-06-27 17:41:37,17,Saturday,1,5,34.4,62.6
2026-06-27 17:42:37,17,Saturday,1,5,34.4,62.5
2026-06-27 17:43:37,17,Saturday,1,5,34.4,62.5
2026-06-27 17:44:37,17,Saturday,1,5,34.4,62.5
2026-06-27 17:45:37,17,Saturday,1,5,34.4,62.7
2026-06-27 17:46:37,17,Saturday,1,5,34.4,62.4
2026-06-27 17:47:37,17,Saturday,1,5,34.4,62.6
2026-06-27 17:48:37,17,Saturday,1,5,34.4,62.6
2026-06-27 17:49:37,17,Saturday,1,5,34.4,62.5
2026-06-27 17:50:37,17,Saturday,1,5,34.4,62.6
2026-06-27 17:51:37,17,Saturday,1,5,34.4,62.6
2026-06-27 17:52:38,17,Saturday,1,5,34.4,62.5
2026-06-27 17:53:38,17,Saturday,1,5,34.4,62.5
2026-06-27 17:54:38,17,Saturday,1,5,34.4,62.5
2026-06-27 17:55:38,17,Saturday,1,5,34.4,62.6
2026-06-27 17:56:38,17,Saturday,1,5,34.4,62.6
2026-06-27 17:57:38,17,Saturday,1,5,34.3,62.6
2026-06-27 17:58:38,17,Saturday,1,5,34.4,62.6
2026-06-27 17:59:38,17,Saturday,1,5,34.3,62.5
2026-06-27 18:00:38,18,Saturday,1,5,34.3,62.3
2026-06-27 18:01:38,18,Saturday,1,5,34.3,62.3
2026-06-27 18:02:38,18,Saturday,1,5,34.3,62.4
2026-06-27 18:03:38,18,Saturday,1,5,34.3,62.4
2026-06-27 18:04:38,18,Saturday,1,5,34.3,62.4
2026-06-27 18:05:38,18,Saturday,1,5,34.3,62.4
2026-06-27 18:06:38,18,Saturday,1,5,34.3,62.4
2026-06-27 18:07:38,18,Saturday,1,5,34.3,62.5
2026-06-27 18:08:38,18,Saturday,1,5,34.3,62.3
2026-06-27 18:09:38,18,Saturday,1,5,34.3,62.6
2026-06-27 18:10:38,18,Saturday,1,5,34.2,62.3
2026-06-27 18:11:38,18,Saturday,1,5,34.2,62.4
2026-06-27 18:12:38,18,Saturday,1,5,34.2,62.1
2026-06-27 18:13:38,18,Saturday,1,5,34.2,61.9
2026-06-27 18:14:38,18,Saturday,1,5,34.2,62.0
2026-06-27 18:15:38,18,Saturday,1,5,34.2,62.0
2026-06-27 18:16:38,18,Saturday,1,5,34.2,62.1
2026-06-27 18:17:38,18,Saturday,1,5,34.2,62.1
2026-06-27 18:18:38,18,Saturday,1,5,34.2,62.2
2026-06-27 18:19:38,18,Saturday,1,5,34.1,62.2
2026-06-27 18:20:38,18,Saturday,1,5,34.2,62.0
2026-06-27 18:21:38,18,Saturday,1,5,34.1,61.9
2026-06-27 18:22:38,18,Saturday,1,5,34.1,62.0
2026-06-27 18:23:38,18,Saturday,1,5,34.1,62.0
2026-06-27 18:24:38,18,Saturday,1,5,34.1,62.1
2026-06-27 18:25:38,18,Saturday,1,5,34.1,61.9
2026-06-27 18:26:38,18,Saturday,1,5,34.1,61.8
2026-06-27 18:27:38,18,Saturday,1,5,34.1,62.0
2026-06-27 18:28:38,18,Saturday,1,5,34.1,62.2
2026-06-27 18:29:38,18,Saturday,1,5,34.1,62.1
2026-06-27 18:30:38,18,Saturday,1,5,34.1,62.1
2026-06-27 18:31:38,18,Saturday,1,5,34.1,61.9
2026-06-27 18:32:38,18,Saturday,1,5,34.1,61.4
2026-06-27 18:33:38,18,Saturday,1,5,34.0,61.4
2026-06-27 18:34:39,18,Saturday,1,5,34.1,61.8
2026-06-27 18:35:39,18,Saturday,1,5,34.1,61.4
2026-06-27 18:36:39,18,Saturday,1,5,34.0,61.5
2026-06-27 18:37:39,18,Saturday,1,5,34.0,61.6
2026-06-27 18:38:39,18,Saturday,1,5,34.0,61.6
2026-06-27 18:39:39,18,Saturday,1,5,34.0,61.6
2026-06-27 18:40:39,18,Saturday,1,5,34.0,61.5
2026-06-27 18:41:39,18,Saturday,1,5,34.0,61.5
2026-06-27 18:42:39,18,Saturday,1,5,34.0,61.3
2026-06-27 18:43:39,18,Saturday,1,5,34.0,61.4
2026-06-27 18:44:39,18,Saturday,1,5,34.0,61.1
2026-06-27 18:45:39,18,Saturday,1,5,34.0,60.3
2026-06-27 18:46:39,18,Saturday,1,5,34.0,60.6
2026-06-27 18:47:39,18,Saturday,1,5,34.0,60.9
2026-06-27 18:48:39,18,Saturday,1,5,34.0,61.1
2026-06-27 18:49:39,18,Saturday,1,5,34.0,61.2
2026-06-27 18:50:39,18,Saturday,1,5,33.9,61.3
2026-06-27 18:51:39,18,Saturday,1,5,33.9,60.6
2026-06-27 18:52:39,18,Saturday,1,5,33.9,60.9
2026-06-27 18:53:39,18,Saturday,1,5,33.9,59.8
2026-06-27 18:54:39,18,Saturday,1,5,33.9,60.4
2026-06-27 18:55:39,18,Saturday,1,5,33.9,60.1
2026-06-27 18:56:39,18,Saturday,1,5,33.9,59.5
2026-06-27 18:57:39,18,Saturday,1,5,33.9,60.1
2026-06-27 18:58:39,18,Saturday,1,5,33.9,59.9
2026-06-27 18:59:39,18,Saturday,1,5,33.9,59.3
2026-06-27 19:00:39,19,Saturday,1,5,33.9,59.1
2026-06-27 19:01:39,19,Saturday,1,5,33.9,60.2
2026-06-27 19:02:39,19,Saturday,1,5,33.8,60.5
2026-06-27 19:03:39,19,Saturday,1,5,33.8,59.6
2026-06-27 19:04:39,19,Saturday,1,5,33.8,59.7
2026-06-27 19:05:39,19,Saturday,1,5,33.8,60.2
2026-06-27 19:06:39,19,Saturday,1,5,33.8,59.4
2026-06-27 19:07:39,19,Saturday,1,5,33.8,59.8
2026-06-27 19:08:39,19,Saturday,1,5,33.8,60.1
2026-06-27 19:09:39,19,Saturday,1,5,33.8,59.6
2026-06-27 19:10:39,19,Saturday,1,5,33.8,59.7
2026-06-27 19:11:39,19,Saturday,1,5,33.8,59.6
2026-06-27 19:12:39,19,Saturday,1,5,33.8,59.6
2026-06-27 19:13:39,19,Saturday,1,5,33.8,59.4
2026-06-27 19:14:39,19,Saturday,1,5,33.8,59.6
2026-06-27 19:15:39,19,Saturday,1,5,33.8,59.9
2026-06-27 19:16:39,19,Saturday,1,5,33.7,60.2
2026-06-27 19:17:40,19,Saturday,1,5,33.7,60.0
2026-06-27 19:18:40,19,Saturday,1,5,33.7,60.0
2026-06-27 19:19:40,19,Saturday,1,5,33.7,60.1
2026-06-27 19:20:40,19,Saturday,1,5,33.7,60.1
2026-06-27 19:21:40,19,Saturday,1,5,33.7,59.8
2026-06-27 19:22:40,19,Saturday,1,5,33.7,60.1
2026-06-27 19:23:40,19,Saturday,1,5,33.7,60.1
2026-06-27 19:24:40,19,Saturday,1,5,33.7,60.0
2026-06-27 19:25:40,19,Saturday,1,5,33.7,60.0
2026-06-27 19:26:40,19,Saturday,1,5,33.7,60.1
2026-06-27 19:27:40,19,Saturday,1,5,33.6,59.9
2026-06-27 19:28:40,19,Saturday,1,5,33.6,60.3
2026-06-27 19:29:40,19,Saturday,1,5,33.6,60.3
2026-06-27 19:30:40,19,Saturday,1,5,33.6,60.2
2026-06-27 19:31:40,19,Saturday,1,5,33.6,60.3
2026-06-27 19:32:40,19,Saturday,1,5,33.6,60.6
2026-06-27 19:33:40,19,Saturday,1,5,33.6,60.5
2026-06-27 19:34:40,19,Saturday,1,5,33.6,60.5
2026-06-27 19:35:40,19,Saturday,1,5,33.6,60.5
2026-06-27 19:36:40,19,Saturday,1,5,33.6,60.4
2026-06-27 19:37:40,19,Saturday,1,5,33.6,60.4
2026-06-27 19:38:40,19,Saturday,1,5,33.6,60.6
2026-06-27 19:39:40,19,Saturday,1,5,33.6,60.5
2026-06-27 19:40:40,19,Saturday,1,5,33.6,60.5
2026-06-27 19:41:40,19,Saturday,1,5,33.6,60.6
2026-06-27 19:42:40,19,Saturday,1,5,33.6,60.6
2026-06-27 19:43:40,19,Saturday,1,5,33.6,60.6
2026-06-27 19:44:40,19,Saturday,1,5,33.6,60.7
2026-06-27 19:45:40,19,Saturday,1,5,33.6,60.7
2026-06-27 19:46:40,19,Saturday,1,5,33.5,60.6
2026-06-27 19:47:40,19,Saturday,1,5,33.5,60.6
2026-06-27 19:48:40,19,Saturday,1,5,33.5,60.7
2026-06-27 19:49:40,19,Saturday,1,5,33.5,60.6
2026-06-27 19:50:40,19,Saturday,1,5,33.5,60.7
2026-06-27 19:51:40,19,Saturday,1,5,33.5,60.7
2026-06-27 19:52:40,19,Saturday,1,5,33.5,60.9
2026-06-27 19:53:40,19,Saturday,1,5,33.5,61.1
2026-06-27 19:54:40,19,Saturday,1,5,33.5,61.1
2026-06-27 19:55:40,19,Saturday,1,5,33.5,61.1
2026-06-27 19:56:40,19,Saturday,1,5,33.5,61.1
2026-06-27 19:57:40,19,Saturday,1,5,33.5,61.1
2026-06-27 19:58:40,19,Saturday,1,5,33.5,61.1
2026-06-27 19:59:40,19,Saturday,1,5,33.5,61.1
2026-06-27 20:00:40,20,Saturday,1,5,33.4,61.4
2026-06-27 20:01:41,20,Saturday,1,5,33.4,61.3
2026-06-27 20:02:41,20,Saturday,1,5,33.5,61.5
2026-06-27 20:03:41,20,Saturday,1,5,33.4,61.4
2026-06-27 20:04:41,20,Saturday,1,5,33.4,61.3
2026-06-27 20:05:41,20,Saturday,1,5,33.5,61.3
2026-06-27 20:06:41,20,Saturday,1,5,33.4,61.4
2026-06-27 20:07:41,20,Saturday,1,5,33.4,61.4
2026-06-27 20:08:41,20,Saturday,1,5,33.4,61.3
2026-06-27 20:09:41,20,Saturday,1,5,33.4,61.5
2026-06-27 20:10:41,20,Saturday,1,5,33.4,61.4
2026-06-27 20:11:41,20,Saturday,1,5,33.4,61.5
2026-06-27 20:12:41,20,Saturday,1,5,33.4,61.5
2026-06-27 20:13:41,20,Saturday,1,5,33.4,61.6
2026-06-27 20:14:41,20,Saturday,1,5,33.4,61.8
2026-06-27 20:15:41,20,Saturday,1,5,33.4,61.7
2026-06-27 20:16:41,20,Saturday,1,5,33.4,61.5
2026-06-27 20:17:41,20,Saturday,1,5,33.4,61.6
2026-06-27 20:18:41,20,Saturday,1,5,33.3,61.7
2026-06-27 20:19:41,20,Saturday,1,5,33.4,61.7
2026-06-27 20:20:41,20,Saturday,1,5,33.4,61.7
2026-06-27 20:21:41,20,Saturday,1,5,33.3,61.8
2026-06-27 20:22:41,20,Saturday,1,5,33.4,62.1
2026-06-27 20:23:41,20,Saturday,1,5,33.3,62.1
2026-06-27 20:24:41,20,Saturday,1,5,33.3,62.0
2026-06-27 20:25:41,20,Saturday,1,5,33.3,61.7
2026-06-27 20:26:41,20,Saturday,1,5,33.3,62.0
2026-06-27 20:27:41,20,Saturday,1,5,33.3,62.0
2026-06-27 20:28:41,20,Saturday,1,5,33.3,61.9
2026-06-27 20:29:41,20,Saturday,1,5,33.3,61.9
2026-06-27 20:30:41,20,Saturday,1,5,33.3,61.9
2026-06-27 20:31:41,20,Saturday,1,5,33.3,62.0
2026-06-27 20:32:41,20,Saturday,1,5,33.3,62.1
2026-06-27 20:33:41,20,Saturday,1,5,33.3,62.3
2026-06-27 20:34:41,20,Saturday,1,5,33.3,62.1
2026-06-27 20:35:41,20,Saturday,1,5,33.3,62.1
2026-06-27 20:36:41,20,Saturday,1,5,33.3,62.2
2026-06-27 20:37:41,20,Saturday,1,5,33.3,62.2
2026-06-27 20:38:41,20,Saturday,1,5,33.2,62.3
2026-06-27 20:39:41,20,Saturday,1,5,33.2,62.4
2026-06-27 20:40:41,20,Saturday,1,5,33.2,62.3
2026-06-27 20:41:41,20,Saturday,1,5,33.3,62.4
2026-06-27 20:42:41,20,Saturday,1,5,33.2,62.5
2026-06-27 20:43:41,20,Saturday,1,5,33.2,62.5
2026-06-27 20:44:42,20,Saturday,1,5,33.2,62.4
2026-06-27 20:45:42,20,Saturday,1,5,33.2,62.4
2026-06-27 20:46:42,20,Saturday,1,5,33.2,62.7
2026-06-27 20:47:42,20,Saturday,1,5,33.2,62.6
2026-06-27 20:48:42,20,Saturday,1,5,33.2,62.5
2026-06-27 20:49:42,20,Saturday,1,5,33.2,62.7
2026-06-27 20:50:42,20,Saturday,1,5,33.2,62.7
2026-06-27 20:51:42,20,Saturday,1,5,33.2,62.7
2026-06-27 20:52:42,20,Saturday,1,5,33.2,62.6
2026-06-27 20:53:42,20,Saturday,1,5,33.2,62.6
2026-06-27 20:54:42,20,Saturday,1,5,33.2,62.7
2026-06-27 20:55:42,20,Saturday,1,5,33.2,62.6
2026-06-27 20:56:42,20,Saturday,1,5,33.2,62.8
2026-06-27 20:57:42,20,Saturday,1,5,33.2,62.7
2026-06-27 20:58:42,20,Saturday,1,5,33.2,62.7
2026-06-27 20:59:42,20,Saturday,1,5,33.2,62.6
2026-06-27 21:00:42,21,Saturday,1,5,33.2,62.7
2026-06-27 21:01:42,21,Saturday,1,5,33.2,62.7
2026-06-27 21:02:42,21,Saturday,1,5,33.1,62.5
2026-06-27 21:03:42,21,Saturday,1,5,33.1,62.7
2026-06-27 21:04:42,21,Saturday,1,5,33.1,62.7
2026-06-27 21:05:42,21,Saturday,1,5,33.1,62.7
2026-06-27 21:06:42,21,Saturday,1,5,33.1,62.7
2026-06-27 21:07:42,21,Saturday,1,5,33.1,62.8
2026-06-27 21:08:42,21,Saturday,1,5,33.1,62.9
2026-06-27 21:09:42,21,Saturday,1,5,33.1,62.7
2026-06-27 21:10:42,21,Saturday,1,5,33.1,62.7
2026-06-27 21:11:42,21,Saturday,1,5,33.1,62.9
2026-06-27 21:12:42,21,Saturday,1,5,33.1,62.9
2026-06-27 21:13:42,21,Saturday,1,5,33.1,62.9
2026-06-27 21:14:42,21,Saturday,1,5,33.1,63.0
2026-06-27 21:15:42,21,Saturday,1,5,33.1,63.1
2026-06-27 21:16:42,21,Saturday,1,5,33.1,63.1
2026-06-27 21:17:42,21,Saturday,1,5,33.1,63.1
2026-06-27 21:18:42,21,Saturday,1,5,33.1,63.1
2026-06-27 21:19:42,21,Saturday,1,5,33.1,63.1
2026-06-27 21:20:42,21,Saturday,1,5,33.1,63.2
2026-06-27 21:21:42,21,Saturday,1,5,33.1,63.3
2026-06-27 21:22:42,21,Saturday,1,5,33.1,63.3
2026-06-27 21:23:42,21,Saturday,1,5,33.1,63.5
2026-06-27 21:24:42,21,Saturday,1,5,33.1,63.5
2026-06-27 21:25:42,21,Saturday,1,5,33.0,63.8
2026-06-27 21:26:42,21,Saturday,1,5,33.1,63.7
2026-06-27 21:27:42,21,Saturday,1,5,33.1,63.8
2026-06-27 21:28:43,21,Saturday,1,5,33.0,63.9
2026-06-27 21:29:43,21,Saturday,1,5,33.0,64.0
2026-06-27 21:30:43,21,Saturday,1,5,33.0,63.9
2026-06-27 21:31:43,21,Saturday,1,5,33.1,64.0
2026-06-27 21:32:43,21,Saturday,1,5,33.0,63.9
2026-06-27 21:33:43,21,Saturday,1,5,33.0,63.8
2026-06-27 21:34:43,21,Saturday,1,5,33.0,63.9
2026-06-27 21:35:43,21,Saturday,1,5,33.0,64.0
2026-06-27 21:36:43,21,Saturday,1,5,33.0,64.3
2026-06-27 21:37:43,21,Saturday,1,5,33.0,64.1
2026-06-27 21:38:43,21,Saturday,1,5,33.0,64.0
2026-06-27 21:39:43,21,Saturday,1,5,33.0,64.0
2026-06-27 21:40:43,21,Saturday,1,5,33.0,63.9
2026-06-27 21:41:43,21,Saturday,1,5,33.0,64.0
2026-06-27 21:42:43,21,Saturday,1,5,33.0,64.0
2026-06-27 21:43:43,21,Saturday,1,5,33.0,64.2
2026-06-27 21:44:43,21,Saturday,1,5,33.0,64.2
2026-06-27 21:45:43,21,Saturday,1,5,33.0,64.3
2026-06-27 21:46:43,21,Saturday,1,5,33.0,64.3
2026-06-27 21:47:43,21,Saturday,1,5,33.0,64.4
2026-06-27 21:48:43,21,Saturday,1,5,33.0,64.4
2026-06-27 21:49:43,21,Saturday,1,5,33.0,64.4
2026-06-27 21:50:43,21,Saturday,1,5,33.0,64.7
2026-06-27 21:51:43,21,Saturday,1,5,33.0,64.7
2026-06-27 21:52:43,21,Saturday,1,5,33.0,64.8
2026-06-27 21:53:43,21,Saturday,1,5,32.9,65.0
2026-06-27 21:54:43,21,Saturday,1,5,33.0,65.0
2026-06-27 21:55:43,21,Saturday,1,5,32.9,65.1
2026-06-27 21:56:43,21,Saturday,1,5,32.9,65.1
2026-06-27 21:57:43,21,Saturday,1,5,32.9,65.1
2026-06-27 21:58:43,21,Saturday,1,5,32.9,65.2
2026-06-27 21:59:43,21,Saturday,1,5,32.9,65.1
2026-06-27 22:00:43,22,Saturday,1,5,32.9,65.0
2026-06-27 22:01:43,22,Saturday,1,5,32.9,65.0
2026-06-27 22:02:43,22,Saturday,1,5,32.9,65.2
2026-06-27 22:03:43,22,Saturday,1,5,32.9,65.0
2026-06-27 22:04:43,22,Saturday,1,5,32.9,65.0
2026-06-27 22:05:43,22,Saturday,1,5,32.9,65.2
2026-06-27 22:06:43,22,Saturday,1,5,32.9,65.7
2026-06-27 22:07:43,22,Saturday,1,5,32.9,65.9
2026-06-27 22:08:43,22,Saturday,1,5,32.9,65.8
2026-06-27 22:09:43,22,Saturday,1,5,32.9,65.6
2026-06-27 22:10:43,22,Saturday,1,5,32.9,65.8
2026-06-27 22:11:43,22,Saturday,1,5,32.9,65.7
2026-06-27 22:12:44,22,Saturday,1,5,32.9,65.7
2026-06-27 22:13:44,22,Saturday,1,5,32.9,65.7
2026-06-27 22:14:44,22,Saturday,1,5,32.9,65.8
2026-06-27 22:15:44,22,Saturday,1,5,32.9,65.9
2026-06-27 22:16:44,22,Saturday,1,5,32.9,65.8
2026-06-27 22:17:44,22,Saturday,1,5,32.9,65.8
2026-06-27 22:18:44,22,Saturday,1,5,32.9,65.9
2026-06-27 22:19:44,22,Saturday,1,5,32.9,66.3
2026-06-27 22:20:44,22,Saturday,1,5,32.9,66.1
2026-06-27 22:21:44,22,Saturday,1,5,32.9,66.2
2026-06-27 22:22:44,22,Saturday,1,5,32.9,66.2
2026-06-27 22:23:44,22,Saturday,1,5,32.9,66.4
2026-06-27 22:24:44,22,Saturday,1,5,32.9,66.4
2026-06-27 22:25:44,22,Saturday,1,5,32.9,66.4
2026-06-27 22:26:44,22,Saturday,1,5,32.9,66.3
2026-06-27 22:27:44,22,Saturday,1,5,32.9,66.4
2026-06-27 22:28:44,22,Saturday,1,5,32.9,66.5
2026-06-27 22:29:44,22,Saturday,1,5,32.9,66.6
2026-06-27 22:30:44,22,Saturday,1,5,32.9,66.7
2026-06-27 22:31:44,22,Saturday,1,5,32.8,66.7
2026-06-27 22:32:44,22,Saturday,1,5,32.9,66.8
2026-06-27 22:33:44,22,Saturday,1,5,32.9,67.0
2026-06-27 22:34:44,22,Saturday,1,5,32.9,67.0
2026-06-27 22:35:44,22,Saturday,1,5,32.9,66.9
2026-06-27 22:36:44,22,Saturday,1,5,32.9,67.0
2026-06-27 22:37:44,22,Saturday,1,5,32.8,66.9
2026-06-27 22:38:44,22,Saturday,1,5,32.8,67.0
2026-06-27 22:39:44,22,Saturday,1,5,32.8,67.1
2026-06-27 22:40:44,22,Saturday,1,5,32.8,67.3
2026-06-27 22:41:44,22,Saturday,1,5,32.8,67.3
2026-06-27 22:42:44,22,Saturday,1,5,32.8,67.5
2026-06-27 22:43:44,22,Saturday,1,5,32.8,67.4
2026-06-27 22:44:44,22,Saturday,1,5,32.8,67.3
2026-06-27 22:45:44,22,Saturday,1,5,32.8,67.4
2026-06-27 22:46:44,22,Saturday,1,5,32.8,67.8
2026-06-27 22:47:44,22,Saturday,1,5,32.8,67.9
2026-06-27 22:48:44,22,Saturday,1,5,32.8,67.9
2026-06-27 22:49:44,22,Saturday,1,5,32.8,67.8
2026-06-27 22:50:44,22,Saturday,1,5,32.8,67.8
2026-06-27 22:51:44,22,Saturday,1,5,32.8,67.7
2026-06-27 22:52:44,22,Saturday,1,5,32.8,68.0
2026-06-27 22:53:44,22,Saturday,1,5,32.8,68.0
2026-06-27 22:54:44,22,Saturday,1,5,32.8,68.0
2026-06-27 22:55:44,22,Saturday,1,5,32.8,67.9
2026-06-27 22:56:45,22,Saturday,1,5,32.8,68.1
2026-06-27 22:57:45,22,Saturday,1,5,32.8,68.1
2026-06-27 22:58:45,22,Saturday,1,5,32.8,68.1
2026-06-27 22:59:45,22,Saturday,1,5,32.8,68.1
2026-06-27 23:00:45,23,Saturday,1,5,32.8,68.3
2026-06-27 23:01:45,23,Saturday,1,5,32.8,68.3
2026-06-27 23:02:45,23,Saturday,1,5,32.8,68.2
2026-06-27 23:03:45,23,Saturday,1,5,32.7,68.3
2026-06-27 23:04:45,23,Saturday,1,5,32.7,68.3
2026-06-27 23:05:45,23,Saturday,1,5,32.7,68.5
2026-06-27 23:06:45,23,Saturday,1,5,32.7,68.4
2026-06-27 23:07:45,23,Saturday,1,5,32.7,68.5
2026-06-27 23:08:45,23,Saturday,1,5,32.7,68.5
2026-06-27 23:09:45,23,Saturday,1,5,32.7,68.6
2026-06-27 23:10:45,23,Saturday,1,5,32.7,68.7
2026-06-27 23:11:45,23,Saturday,1,5,32.7,68.6
2026-06-27 23:12:45,23,Saturday,1,5,32.7,68.8
2026-06-27 23:13:45,23,Saturday,1,5,32.7,68.9
2026-06-27 23:14:45,23,Saturday,1,5,32.7,68.8
2026-06-27 23:15:45,23,Saturday,1,5,32.7,68.7
2026-06-27 23:16:45,23,Saturday,1,5,32.7,68.8
2026-06-27 23:17:45,23,Saturday,1,5,32.7,68.8
2026-06-27 23:18:45,23,Saturday,1,5,32.7,68.7
2026-06-27 23:19:45,23,Saturday,1,5,32.7,68.9
2026-06-27 23:20:45,23,Saturday,1,5,32.7,68.9
2026-06-27 23:21:45,23,Saturday,1,5,32.7,69.0
2026-06-27 23:22:45,23,Saturday,1,5,32.7,69.1
2026-06-27 23:23:45,23,Saturday,1,5,32.7,68.9
2026-06-27 23:24:45,23,Saturday,1,5,32.7,69.0
2026-06-27 23:25:45,23,Saturday,1,5,32.7,69.1
2026-06-27 23:26:45,23,Saturday,1,5,32.7,69.2
2026-06-27 23:27:45,23,Saturday,1,5,32.6,69.2
2026-06-27 23:28:45,23,Saturday,1,5,32.6,69.3
2026-06-27 23:29:45,23,Saturday,1,5,32.6,69.4
2026-06-27 23:30:45,23,Saturday,1,5,32.6,69.4
2026-06-27 23:31:45,23,Saturday,1,5,32.6,69.4
2026-06-27 23:32:45,23,Saturday,1,5,32.6,69.5
2026-06-27 23:33:45,23,Saturday,1,5,32.6,69.5
2026-06-27 23:34:45,23,Saturday,1,5,32.6,69.4
2026-06-27 23:35:45,23,Saturday,1,5,32.6,69.5
2026-06-27 23:36:45,23,Saturday,1,5,32.6,69.3
2026-06-27 23:37:45,23,Saturday,1,5,32.6,69.4
2026-06-27 23:38:45,23,Saturday,1,5,32.6,69.6
2026-06-27 23:39:46,23,Saturday,1,5,32.6,69.6
2026-06-27 23:40:46,23,Saturday,1,5,32.6,69.6
2026-06-27 23:41:46,23,Saturday,1,5,32.6,69.6
2026-06-27 23:42:46,23,Saturday,1,5,32.6,69.6
2026-06-27 23:43:46,23,Saturday,1,5,32.6,69.7
2026-06-27 23:44:46,23,Saturday,1,5,32.6,69.6
2026-06-27 23:45:46,23,Saturday,1,5,32.6,69.6
2026-06-27 23:46:46,23,Saturday,1,5,32.6,69.5
2026-06-27 23:47:46,23,Saturday,1,5,32.6,69.7
2026-06-27 23:48:46,23,Saturday,1,5,32.6,69.7
2026-06-27 23:49:46,23,Saturday,1,5,32.5,69.8
2026-06-27 23:50:46,23,Saturday,1,5,32.6,69.9
2026-06-27 23:51:46,23,Saturday,1,5,32.5,69.8
2026-06-27 23:52:46,23,Saturday,1,5,32.5,69.8
2026-06-27 23:53:46,23,Saturday,1,5,32.5,69.7
2026-06-27 23:54:46,23,Saturday,1,5,32.5,69.8
2026-06-27 23:55:46,23,Saturday,1,5,32.5,69.8
2026-06-27 23:56:46,23,Saturday,1,5,32.5,69.8
2026-06-27 23:57:46,23,Saturday,1,5,32.5,69.8
2026-06-27 23:58:46,23,Saturday,1,5,32.5,69.9
2026-06-27 23:59:46,23,Saturday,1,5,32.5,69.9
2026-06-28 00:00:46,0,Sunday,1,6,32.5,69.9
2026-06-28 00:01:46,0,Sunday,1,6,32.5,69.9
2026-06-28 00:02:46,0,Sunday,1,6,32.5,69.8
2026-06-28 00:03:46,0,Sunday,1,6,32.5,70.0
2026-06-28 00:04:46,0,Sunday,1,6,32.5,70.0
2026-06-28 00:05:46,0,Sunday,1,6,32.5,70.0
2026-06-28 00:06:46,0,Sunday,1,6,32.5,70.1
2026-06-28 00:07:46,0,Sunday,1,6,32.5,70.2
2026-06-28 00:08:46,0,Sunday,1,6,32.4,70.2
2026-06-28 00:09:46,0,Sunday,1,6,32.5,70.3
2026-06-28 00:10:46,0,Sunday,1,6,32.4,70.4
2026-06-28 00:11:46,0,Sunday,1,6,32.5,70.5
2026-06-28 00:12:46,0,Sunday,1,6,32.4,70.5
2026-06-28 00:13:46,0,Sunday,1,6,32.4,70.5
2026-06-28 00:14:46,0,Sunday,1,6,32.4,70.5
2026-06-28 00:15:46,0,Sunday,1,6,32.4,70.4
2026-06-28 00:16:46,0,Sunday,1,6,32.4,70.5
2026-06-28 00:17:46,0,Sunday,1,6,32.4,70.6
2026-06-28 00:18:46,0,Sunday,1,6,32.4,70.5
2026-06-28 00:19:46,0,Sunday,1,6,32.4,70.5
2026-06-28 00:20:46,0,Sunday,1,6,32.4,70.6
2026-06-28 00:21:46,0,Sunday,1,6,32.4,70.5
2026-06-28 00:22:46,0,Sunday,1,6,32.4,70.5
2026-06-28 00:23:47,0,Sunday,1,6,32.4,70.4
2026-06-28 00:24:47,0,Sunday,1,6,32.4,70.4
2026-06-28 00:25:47,0,Sunday,1,6,32.4,70.4
2026-06-28 00:26:47,0,Sunday,1,6,32.4,70.5
2026-06-28 00:27:47,0,Sunday,1,6,32.4,70.5
2026-06-28 00:28:47,0,Sunday,1,6,32.4,70.4
2026-06-28 00:29:47,0,Sunday,1,6,32.4,70.6
2026-06-28 00:30:47,0,Sunday,1,6,32.4,70.5
2026-06-28 00:31:47,0,Sunday,1,6,32.4,70.6
2026-06-28 00:32:47,0,Sunday,1,6,32.4,70.6
2026-06-28 00:33:47,0,Sunday,1,6,32.4,70.6
2026-06-28 00:34:47,0,Sunday,1,6,32.4,70.7
2026-06-28 00:35:47,0,Sunday,1,6,32.4,70.7
2026-06-28 00:36:47,0,Sunday,1,6,32.4,70.8
2026-06-28 00:37:47,0,Sunday,1,6,32.4,70.8
2026-06-28 00:38:47,0,Sunday,1,6,32.4,70.7
2026-06-28 00:39:47,0,Sunday,1,6,32.4,70.7
2026-06-28 00:40:47,0,Sunday,1,6,32.4,70.7
2026-06-28 00:41:47,0,Sunday,1,6,32.4,70.8
2026-06-28 00:42:47,0,Sunday,1,6,32.3,70.7
2026-06-28 00:43:47,0,Sunday,1,6,32.3,70.7
2026-06-28 00:44:47,0,Sunday,1,6,32.3,70.7
2026-06-28 00:45:47,0,Sunday,1,6,32.3,70.6
2026-06-28 00:46:47,0,Sunday,1,6,32.4,70.6
2026-06-28 00:47:47,0,Sunday,1,6,32.3,70.7
2026-06-28 00:48:47,0,Sunday,1,6,32.3,70.6
2026-06-28 00:49:47,0,Sunday,1,6,32.3,70.8
2026-06-28 00:50:47,0,Sunday,1,6,32.3,70.6
2026-06-28 00:51:47,0,Sunday,1,6,32.3,70.9
2026-06-28 00:52:47,0,Sunday,1,6,32.3,70.8
2026-06-28 00:53:47,0,Sunday,1,6,32.3,71.0
2026-06-28 00:54:47,0,Sunday,1,6,32.3,70.9
2026-06-28 00:55:47,0,Sunday,1,6,32.3,71.1
2026-06-28 00:56:47,0,Sunday,1,6,32.3,71.0
2026-06-28 00:57:47,0,Sunday,1,6,32.3,71.0
2026-06-28 00:58:47,0,Sunday,1,6,32.3,70.9
2026-06-28 00:59:47,0,Sunday,1,6,32.3,71.0
2026-06-28 01:00:47,1,Sunday,1,6,32.3,71.1
2026-06-28 01:01:47,1,Sunday,1,6,32.3,71.1
2026-06-28 01:02:47,1,Sunday,1,6,32.3,71.1
2026-06-28 01:03:47,1,Sunday,1,6,32.3,71.1
2026-06-28 01:04:47,1,Sunday,1,6,32.3,71.2
2026-06-28 01:05:47,1,Sunday,1,6,32.3,71.1
2026-06-28 01:06:47,1,Sunday,1,6,32.3,71.1
2026-06-28 01:07:47,1,Sunday,1,6,32.2,71.0
2026-06-28 01:08:48,1,Sunday,1,6,32.3,71.1
2026-06-28 01:09:48,1,Sunday,1,6,32.3,71.1
2026-06-28 01:10:48,1,Sunday,1,6,32.3,71.1
2026-06-28 01:11:48,1,Sunday,1,6,32.3,71.2
2026-06-28 01:12:48,1,Sunday,1,6,32.3,71.1
2026-06-28 01:13:48,1,Sunday,1,6,32.2,71.2
2026-06-28 01:14:48,1,Sunday,1,6,32.2,71.0
2026-06-28 01:15:48,1,Sunday,1,6,32.2,71.0
2026-06-28 01:16:48,1,Sunday,1,6,32.2,71.1
2026-06-28 01:17:48,1,Sunday,1,6,32.2,71.1
2026-06-28 01:18:48,1,Sunday,1,6,32.3,71.0
2026-06-28 01:19:48,1,Sunday,1,6,32.3,71.0
2026-06-28 01:20:48,1,Sunday,1,6,32.2,71.1
2026-06-28 01:21:48,1,Sunday,1,6,32.2,71.1
2026-06-28 01:22:48,1,Sunday,1,6,32.2,71.2
2026-06-28 01:23:48,1,Sunday,1,6,32.2,71.1
2026-06-28 01:24:48,1,Sunday,1,6,32.2,71.1
2026-06-28 01:25:48,1,Sunday,1,6,32.2,71.2
2026-06-28 01:26:48,1,Sunday,1,6,32.2,71.1
2026-06-28 01:27:48,1,Sunday,1,6,32.2,71.1
2026-06-28 01:28:48,1,Sunday,1,6,32.2,71.1
2026-06-28 01:29:48,1,Sunday,1,6,32.2,71.0
2026-06-28 01:30:48,1,Sunday,1,6,32.2,71.2
2026-06-28 01:31:48,1,Sunday,1,6,32.2,71.1
2026-06-28 01:32:48,1,Sunday,1,6,32.2,71.2
2026-06-28 01:33:48,1,Sunday,1,6,32.2,71.2
2026-06-28 01:34:48,1,Sunday,1,6,32.2,71.1
2026-06-28 01:35:48,1,Sunday,1,6,32.2,71.2
2026-06-28 01:36:48,1,Sunday,1,6,32.2,71.3
2026-06-28 01:37:48,1,Sunday,1,6,32.2,71.2
2026-06-28 01:38:48,1,Sunday,1,6,32.2,71.2
2026-06-28 01:39:48,1,Sunday,1,6,32.2,71.3
2026-06-28 01:40:48,1,Sunday,1,6,32.2,71.3
2026-06-28 01:41:48,1,Sunday,1,6,32.2,71.3
2026-06-28 01:42:48,1,Sunday,1,6,32.2,71.3
2026-06-28 01:43:48,1,Sunday,1,6,32.2,71.4
2026-06-28 01:44:48,1,Sunday,1,6,32.2,71.3
2026-06-28 01:45:48,1,Sunday,1,6,32.1,71.4
2026-06-28 01:46:48,1,Sunday,1,6,32.1,71.5
2026-06-28 01:47:48,1,Sunday,1,6,32.1,71.5
2026-06-28 01:48:48,1,Sunday,1,6,32.1,71.6
2026-06-28 01:49:48,1,Sunday,1,6,32.1,71.6
2026-06-28 01:50:48,1,Sunday,1,6,32.1,71.6
2026-06-28 01:51:48,1,Sunday,1,6,32.1,71.6
2026-06-28 01:52:48,1,Sunday,1,6,32.1,71.6
2026-06-28 01:53:49,1,Sunday,1,6,32.1,71.7
2026-06-28 01:54:49,1,Sunday,1,6,32.1,71.7
2026-06-28 01:55:49,1,Sunday,1,6,32.1,71.7
2026-06-28 01:56:49,1,Sunday,1,6,32.1,71.8
2026-06-28 01:57:49,1,Sunday,1,6,32.1,71.8
2026-06-28 01:58:49,1,Sunday,1,6,32.1,71.7
2026-06-28 01:59:49,1,Sunday,1,6,32.1,71.6
2026-06-28 02:00:49,2,Sunday,1,6,32.1,71.7
2026-06-28 02:01:49,2,Sunday,1,6,32.1,71.6
2026-06-28 02:02:49,2,Sunday,1,6,32.1,71.6
2026-06-28 02:03:49,2,Sunday,1,6,32.1,71.7
2026-06-28 02:04:49,2,Sunday,1,6,32.1,71.7
2026-06-28 02:05:49,2,Sunday,1,6,32.1,71.5
2026-06-28 02:06:49,2,Sunday,1,6,32.1,71.6
2026-06-28 02:07:49,2,Sunday,1,6,32.1,71.6
2026-06-28 02:08:49,2,Sunday,1,6,32.1,71.6
2026-06-28 02:09:49,2,Sunday,1,6,32.1,71.5
2026-06-28 02:10:49,2,Sunday,1,6,32.0,71.6
2026-06-28 02:11:49,2,Sunday,1,6,32.0,71.6
2026-06-28 02:12:49,2,Sunday,1,6,32.1,71.5
2026-06-28 02:13:49,2,Sunday,1,6,32.0,71.5
2026-06-28 02:14:49,2,Sunday,1,6,32.0,71.5
2026-06-28 02:15:49,2,Sunday,1,6,32.0,71.5
2026-06-28 02:16:49,2,Sunday,1,6,32.1,71.5
2026-06-28 02:17:49,2,Sunday,1,6,32.0,71.5
2026-06-28 02:18:49,2,Sunday,1,6,32.0,71.6
2026-06-28 02:19:49,2,Sunday,1,6,32.0,71.6
2026-06-28 02:20:49,2,Sunday,1,6,32.0,71.6
2026-06-28 02:21:49,2,Sunday,1,6,32.0,71.6
2026-06-28 02:22:49,2,Sunday,1,6,32.0,71.6
2026-06-28 02:23:49,2,Sunday,1,6,32.0,71.6
2026-06-28 02:24:49,2,Sunday,1,6,32.0,71.7
2026-06-28 02:25:49,2,Sunday,1,6,32.0,71.7
2026-06-28 02:26:49,2,Sunday,1,6,32.0,71.7
2026-06-28 02:27:49,2,Sunday,1,6,32.0,71.6
2026-06-28 02:28:49,2,Sunday,1,6,32.0,71.6
2026-06-28 02:29:49,2,Sunday,1,6,32.0,71.6
2026-06-28 02:30:49,2,Sunday,1,6,32.0,71.6
2026-06-28 02:31:49,2,Sunday,1,6,32.0,71.6
2026-06-28 02:32:49,2,Sunday,1,6,32.0,71.6
2026-06-28 02:33:49,2,Sunday,1,6,32.0,71.7
2026-06-28 02:34:49,2,Sunday,1,6,32.0,71.6
2026-06-28 02:35:49,2,Sunday,1,6,32.0,71.6
2026-06-28 02:36:49,2,Sunday,1,6,32.0,71.6
2026-06-28 02:37:50,2,Sunday,1,6,32.0,71.7
2026-06-28 02:38:50,2,Sunday,1,6,32.0,71.8
2026-06-28 02:39:50,2,Sunday,1,6,32.0,71.7
2026-06-28 02:40:50,2,Sunday,1,6,32.0,71.7
2026-06-28 02:41:50,2,Sunday,1,6,32.0,71.7
2026-06-28 02:42:50,2,Sunday,1,6,32.0,71.7
2026-06-28 02:43:50,2,Sunday,1,6,32.0,71.7
2026-06-28 02:44:50,2,Sunday,1,6,32.0,71.6
2026-06-28 02:45:50,2,Sunday,1,6,32.0,71.6
2026-06-28 02:46:50,2,Sunday,1,6,32.0,71.6
2026-06-28 02:47:50,2,Sunday,1,6,32.0,71.6
2026-06-28 02:48:50,2,Sunday,1,6,32.0,71.6
2026-06-28 02:49:50,2,Sunday,1,6,32.0,71.7
2026-06-28 02:50:50,2,Sunday,1,6,32.0,71.6
2026-06-28 02:51:50,2,Sunday,1,6,32.0,71.6
2026-06-28 02:52:50,2,Sunday,1,6,32.0,71.6
2026-06-28 02:53:50,2,Sunday,1,6,32.0,71.6
2026-06-28 02:54:50,2,Sunday,1,6,32.0,71.6
2026-06-28 02:55:50,2,Sunday,1,6,32.0,71.6
2026-06-28 02:56:50,2,Sunday,1,6,31.9,71.6
2026-06-28 02:57:50,2,Sunday,1,6,31.9,71.6
2026-06-28 02:58:50,2,Sunday,1,6,31.9,71.6
2026-06-28 02:59:50,2,Sunday,1,6,31.9,71.5
2026-06-28 03:00:50,3,Sunday,1,6,31.9,71.6
2026-06-28 03:01:50,3,Sunday,1,6,31.9,71.6
2026-06-28 03:02:50,3,Sunday,1,6,31.9,71.6
2026-06-28 03:03:50,3,Sunday,1,6,31.9,71.6
2026-06-28 03:04:50,3,Sunday,1,6,31.9,71.5
2026-06-28 03:05:50,3,Sunday,1,6,31.9,71.7
2026-06-28 03:06:50,3,Sunday,1,6,31.9,71.6
2026-06-28 03:07:50,3,Sunday,1,6,31.9,71.6
2026-06-28 03:08:50,3,Sunday,1,6,31.9,71.5
2026-06-28 03:09:50,3,Sunday,1,6,31.9,71.5
2026-06-28 03:10:50,3,Sunday,1,6,31.9,71.5
2026-06-28 03:11:50,3,Sunday,1,6,31.9,71.5
2026-06-28 03:12:50,3,Sunday,1,6,31.9,71.5
2026-06-28 03:13:50,3,Sunday,1,6,31.9,71.6
2026-06-28 03:14:50,3,Sunday,1,6,31.9,71.6
2026-06-28 03:15:50,3,Sunday,1,6,31.9,71.5
2026-06-28 03:16:50,3,Sunday,1,6,31.9,71.5
2026-06-28 03:17:50,3,Sunday,1,6,31.9,71.5
2026-06-28 03:18:50,3,Sunday,1,6,31.9,71.6
2026-06-28 03:19:50,3,Sunday,1,6,31.9,71.5
2026-06-28 03:20:50,3,Sunday,1,6,31.9,71.5
2026-06-28 03:21:50,3,Sunday,1,6,31.8,71.5
2026-06-28 03:22:51,3,Sunday,1,6,31.9,71.5
2026-06-28 03:23:51,3,Sunday,1,6,31.9,71.5
2026-06-28 03:24:51,3,Sunday,1,6,31.8,71.5
2026-06-28 03:25:51,3,Sunday,1,6,31.8,71.6
2026-06-28 03:26:51,3,Sunday,1,6,31.8,71.6
2026-06-28 03:27:51,3,Sunday,1,6,31.8,71.5
2026-06-28 03:28:51,3,Sunday,1,6,31.8,71.6
2026-06-28 03:29:51,3,Sunday,1,6,31.8,71.6
2026-06-28 03:30:51,3,Sunday,1,6,31.9,71.5
2026-06-28 03:31:51,3,Sunday,1,6,31.8,71.6
2026-06-28 03:32:51,3,Sunday,1,6,31.8,71.6
2026-06-28 03:33:51,3,Sunday,1,6,31.8,71.5
2026-06-28 03:34:51,3,Sunday,1,6,31.9,71.5
2026-06-28 03:35:51,3,Sunday,1,6,31.9,71.5
2026-06-28 03:36:51,3,Sunday,1,6,31.8,71.4
2026-06-28 03:37:51,3,Sunday,1,6,31.8,71.3
2026-06-28 03:38:51,3,Sunday,1,6,31.8,71.4
2026-06-28 03:39:51,3,Sunday,1,6,31.8,71.4
2026-06-28 03:40:51,3,Sunday,1,6,31.8,71.4
2026-06-28 03:41:51,3,Sunday,1,6,31.8,71.3
2026-06-28 03:42:51,3,Sunday,1,6,31.8,71.3
2026-06-28 03:43:51,3,Sunday,1,6,31.8,71.3
2026-06-28 03:44:51,3,Sunday,1,6,31.8,71.3
2026-06-28 03:45:51,3,Sunday,1,6,31.8,71.2
2026-06-28 03:46:51,3,Sunday,1,6,31.8,71.3
2026-06-28 03:47:51,3,Sunday,1,6,31.8,71.3
2026-06-28 03:48:51,3,Sunday,1,6,31.8,71.4
2026-06-28 03:49:51,3,Sunday,1,6,31.8,71.3
2026-06-28 03:50:51,3,Sunday,1,6,31.8,71.3
2026-06-28 03:51:51,3,Sunday,1,6,31.8,71.2
2026-06-28 03:52:51,3,Sunday,1,6,31.8,71.2
2026-06-28 03:53:51,3,Sunday,1,6,31.8,71.3
2026-06-28 03:54:51,3,Sunday,1,6,31.8,71.3
2026-06-28 03:55:51,3,Sunday,1,6,31.8,71.3
2026-06-28 03:56:51,3,Sunday,1,6,31.8,71.4
2026-06-28 03:57:51,3,Sunday,1,6,31.8,71.2
2026-06-28 03:58:51,3,Sunday,1,6,31.8,71.4
2026-06-28 03:59:51,3,Sunday,1,6,31.8,71.4
2026-06-28 04:00:51,4,Sunday,1,6,31.8,71.3
2026-06-28 04:01:51,4,Sunday,1,6,31.7,71.4
2026-06-28 04:02:51,4,Sunday,1,6,31.8,71.3
2026-06-28 04:03:51,4,Sunday,1,6,31.7,71.3
2026-06-28 04:04:51,4,Sunday,1,6,31.7,71.3
2026-06-28 04:05:51,4,Sunday,1,6,31.7,71.3
2026-06-28 04:06:51,4,Sunday,1,6,31.7,71.4
2026-06-28 04:07:52,4,Sunday,1,6,31.7,71.3
2026-06-28 04:08:52,4,Sunday,1,6,31.7,71.2
2026-06-28 04:09:52,4,Sunday,1,6,31.7,71.4
2026-06-28 04:10:52,4,Sunday,1,6,31.7,71.3
2026-06-28 04:11:52,4,Sunday,1,6,31.7,71.3
2026-06-28 04:12:52,4,Sunday,1,6,31.7,71.4
2026-06-28 04:13:52,4,Sunday,1,6,31.7,71.4
2026-06-28 04:14:52,4,Sunday,1,6,31.7,71.3
2026-06-28 04:15:52,4,Sunday,1,6,31.7,71.4
2026-06-28 04:16:52,4,Sunday,1,6,31.7,71.4
2026-06-28 04:17:52,4,Sunday,1,6,31.7,71.4
2026-06-28 04:18:52,4,Sunday,1,6,31.7,71.3
2026-06-28 04:19:52,4,Sunday,1,6,31.7,71.3
2026-06-28 04:20:52,4,Sunday,1,6,31.7,71.3
2026-06-28 04:21:52,4,Sunday,1,6,31.7,71.2
2026-06-28 04:22:52,4,Sunday,1,6,31.7,71.2
2026-06-28 04:23:52,4,Sunday,1,6,31.7,71.3
2026-06-28 04:24:52,4,Sunday,1,6,31.7,71.2
2026-06-28 04:25:52,4,Sunday,1,6,31.7,71.3
2026-06-28 04:26:52,4,Sunday,1,6,31.7,71.3
2026-06-28 04:27:52,4,Sunday,1,6,31.7,71.2
2026-06-28 04:28:52,4,Sunday,1,6,31.7,71.3
2026-06-28 04:29:52,4,Sunday,1,6,31.7,71.3
2026-06-28 04:30:52,4,Sunday,1,6,31.7,71.2
2026-06-28 04:31:52,4,Sunday,1,6,31.7,71.3
2026-06-28 04:32:52,4,Sunday,1,6,31.7,71.3
2026-06-28 04:33:52,4,Sunday,1,6,31.6,71.3
2026-06-28 04:34:52,4,Sunday,1,6,31.6,71.3
2026-06-28 04:35:52,4,Sunday,1,6,31.6,71.2
2026-06-28 04:36:52,4,Sunday,1,6,31.6,71.4
2026-06-28 04:37:52,4,Sunday,1,6,31.6,71.3
2026-06-28 04:38:52,4,Sunday,1,6,31.6,71.2
2026-06-28 04:39:52,4,Sunday,1,6,31.6,71.3
2026-06-28 04:40:52,4,Sunday,1,6,31.6,71.3
2026-06-28 04:41:52,4,Sunday,1,6,31.6,71.3
2026-06-28 04:42:52,4,Sunday,1,6,31.6,71.2
2026-06-28 04:43:52,4,Sunday,1,6,31.6,71.3
2026-06-28 04:44:52,4,Sunday,1,6,31.6,71.2
2026-06-28 04:45:52,4,Sunday,1,6,31.6,71.3
2026-06-28 04:46:52,4,Sunday,1,6,31.6,71.4
2026-06-28 04:47:52,4,Sunday,1,6,31.6,71.2
2026-06-28 04:48:52,4,Sunday,1,6,31.6,71.4
2026-06-28 04:49:52,4,Sunday,1,6,31.6,71.3
2026-06-28 04:50:52,4,Sunday,1,6,31.6,71.3
2026-06-28 04:51:53,4,Sunday,1,6,31.6,71.3
2026-06-28 04:52:53,4,Sunday,1,6,31.6,71.3
2026-06-28 04:53:53,4,Sunday,1,6,31.6,71.3
2026-06-28 04:54:53,4,Sunday,1,6,31.6,71.3
2026-06-28 04:55:53,4,Sunday,1,6,31.6,71.3
2026-06-28 04:56:53,4,Sunday,1,6,31.6,71.3
2026-06-28 04:57:53,4,Sunday,1,6,31.5,71.4
2026-06-28 04:58:53,4,Sunday,1,6,31.6,71.4
2026-06-28 04:59:53,4,Sunday,1,6,31.5,71.4
2026-06-28 05:00:53,5,Sunday,1,6,31.5,71.4
2026-06-28 05:01:53,5,Sunday,1,6,31.5,71.4
2026-06-28 05:02:53,5,Sunday,1,6,31.5,71.4
2026-06-28 05:03:53,5,Sunday,1,6,31.5,71.4
2026-06-28 05:04:53,5,Sunday,1,6,31.5,71.4
2026-06-28 05:05:53,5,Sunday,1,6,31.5,71.4
2026-06-28 05:06:53,5,Sunday,1,6,31.5,71.4
2026-06-28 05:07:53,5,Sunday,1,6,31.5,71.4
2026-06-28 05:08:53,5,Sunday,1,6,31.5,71.5
2026-06-28 05:09:53,5,Sunday,1,6,31.5,71.5
2026-06-28 05:10:53,5,Sunday,1,6,31.5,71.5
2026-06-28 05:11:53,5,Sunday,1,6,31.5,71.5
2026-06-28 05:12:53,5,Sunday,1,6,31.5,71.5
2026-06-28 05:13:53,5,Sunday,1,6,31.5,71.4
2026-06-28 05:14:53,5,Sunday,1,6,31.5,71.4
2026-06-28 05:15:53,5,Sunday,1,6,31.5,71.5
2026-06-28 05:16:53,5,Sunday,1,6,31.5,71.5
2026-06-28 05:17:53,5,Sunday,1,6,31.5,71.5
2026-06-28 05:18:53,5,Sunday,1,6,31.5,71.4
2026-06-28 05:19:53,5,Sunday,1,6,31.5,71.5
2026-06-28 05:20:53,5,Sunday,1,6,31.4,71.6
2026-06-28 05:21:53,5,Sunday,1,6,31.5,71.6
2026-06-28 05:22:53,5,Sunday,1,6,31.4,71.6
2026-06-28 05:23:53,5,Sunday,1,6,31.5,71.6
2026-06-28 05:24:53,5,Sunday,1,6,31.5,71.6
2026-06-28 05:25:53,5,Sunday,1,6,31.4,71.6
2026-06-28 05:26:53,5,Sunday,1,6,31.5,71.6
2026-06-28 05:27:53,5,Sunday,1,6,31.4,71.5
2026-06-28 05:28:53,5,Sunday,1,6,31.4,71.6
2026-06-28 05:29:53,5,Sunday,1,6,31.4,71.6
2026-06-28 05:30:53,5,Sunday,1,6,31.4,71.5
2026-06-28 05:31:53,5,Sunday,1,6,31.4,71.6
2026-06-28 05:32:53,5,Sunday,1,6,31.4,71.6
2026-06-28 05:33:53,5,Sunday,1,6,31.4,71.6
2026-06-28 05:34:53,5,Sunday,1,6,31.4,71.5
2026-06-28 05:35:53,5,Sunday,1,6,31.4,71.6
2026-06-28 05:36:54,5,Sunday,1,6,31.4,71.4
2026-06-28 05:37:54,5,Sunday,1,6,31.4,71.6
2026-06-28 05:38:54,5,Sunday,1,6,31.4,71.6
2026-06-28 05:39:54,5,Sunday,1,6,31.4,71.5
2026-06-28 05:40:54,5,Sunday,1,6,31.4,71.5
2026-06-28 05:41:54,5,Sunday,1,6,31.4,71.6
2026-06-28 05:42:54,5,Sunday,1,6,31.4,71.6
2026-06-28 05:43:54,5,Sunday,1,6,31.4,71.6
2026-06-28 05:44:54,5,Sunday,1,6,31.4,71.5
2026-06-28 05:45:54,5,Sunday,1,6,31.4,71.5
2026-06-28 05:46:54,5,Sunday,1,6,31.4,71.6
2026-06-28 05:47:54,5,Sunday,1,6,31.4,71.6
2026-06-28 05:48:54,5,Sunday,1,6,31.4,71.6
2026-06-28 05:49:54,5,Sunday,1,6,31.4,71.6
2026-06-28 05:50:54,5,Sunday,1,6,31.4,71.6
2026-06-28 05:51:54,5,Sunday,1,6,31.4,71.6
2026-06-28 05:52:54,5,Sunday,1,6,31.4,71.6
2026-06-28 05:53:54,5,Sunday,1,6,31.4,71.5
2026-06-28 05:54:54,5,Sunday,1,6,31.4,71.5
2026-06-28 05:55:54,5,Sunday,1,6,31.4,71.6
2026-06-28 05:56:54,5,Sunday,1,6,31.4,71.5
2026-06-28 05:57:54,5,Sunday,1,6,31.4,71.6
2026-06-28 05:58:54,5,Sunday,1,6,31.4,71.6
2026-06-28 05:59:54,5,Sunday,1,6,31.4,71.6
2026-06-28 06:00:54,6,Sunday,1,6,31.4,71.5
2026-06-28 06:01:54,6,Sunday,1,6,31.3,71.5
2026-06-28 06:02:54,6,Sunday,1,6,31.4,71.6
2026-06-28 06:03:54,6,Sunday,1,6,31.3,71.5
2026-06-28 06:04:54,6,Sunday,1,6,31.3,71.5
2026-06-28 06:05:54,6,Sunday,1,6,31.4,71.6
2026-06-28 06:06:54,6,Sunday,1,6,31.4,71.6
2026-06-28 06:07:54,6,Sunday,1,6,31.3,71.5
2026-06-28 06:08:54,6,Sunday,1,6,31.3,71.5
2026-06-28 06:09:54,6,Sunday,1,6,31.3,71.6
2026-06-28 06:10:54,6,Sunday,1,6,31.3,71.6
2026-06-28 06:11:54,6,Sunday,1,6,31.3,71.5
2026-06-28 06:12:54,6,Sunday,1,6,31.3,71.6
2026-06-28 06:13:54,6,Sunday,1,6,31.3,71.5
2026-06-28 06:14:54,6,Sunday,1,6,31.3,71.6
2026-06-28 06:15:54,6,Sunday,1,6,31.3,71.6
2026-06-28 06:16:54,6,Sunday,1,6,31.3,71.6
2026-06-28 06:17:54,6,Sunday,1,6,31.3,71.5
2026-06-28 06:18:54,6,Sunday,1,6,31.3,71.6
2026-06-28 06:19:54,6,Sunday,1,6,31.3,71.6
2026-06-28 06:20:54,6,Sunday,1,6,31.3,71.6
2026-06-28 06:21:55,6,Sunday,1,6,31.3,71.7
2026-06-28 06:22:55,6,Sunday,1,6,31.3,71.6
2026-06-28 06:23:55,6,Sunday,1,6,31.3,71.6
2026-06-28 06:24:55,6,Sunday,1,6,31.3,71.7
2026-06-28 06:25:55,6,Sunday,1,6,31.3,71.6
2026-06-28 06:26:55,6,Sunday,1,6,31.3,71.7
2026-06-28 06:27:55,6,Sunday,1,6,31.3,71.7
2026-06-28 06:28:55,6,Sunday,1,6,31.3,71.6
2026-06-28 06:29:55,6,Sunday,1,6,31.3,71.7
2026-06-28 06:30:55,6,Sunday,1,6,31.3,71.7
2026-06-28 06:31:55,6,Sunday,1,6,31.3,71.7
2026-06-28 06:32:55,6,Sunday,1,6,31.3,71.8
2026-06-28 06:33:55,6,Sunday,1,6,31.3,71.8
2026-06-28 06:34:55,6,Sunday,1,6,31.3,71.8
2026-06-28 06:35:55,6,Sunday,1,6,31.3,71.7
2026-06-28 06:36:55,6,Sunday,1,6,31.3,71.8
2026-06-28 06:37:55,6,Sunday,1,6,31.3,71.8
2026-06-28 06:38:55,6,Sunday,1,6,31.3,71.8
2026-06-28 06:39:55,6,Sunday,1,6,31.2,71.8
2026-06-28 06:40:55,6,Sunday,1,6,31.2,71.8
2026-06-28 06:41:55,6,Sunday,1,6,31.2,71.8
2026-06-28 06:42:55,6,Sunday,1,6,31.3,71.8
2026-06-28 06:43:55,6,Sunday,1,6,31.2,71.7
2026-06-28 06:44:55,6,Sunday,1,6,31.2,71.8
2026-06-28 06:45:55,6,Sunday,1,6,31.3,71.8
2026-06-28 06:46:55,6,Sunday,1,6,31.2,71.9
2026-06-28 06:47:55,6,Sunday,1,6,31.2,71.8
2026-06-28 06:48:55,6,Sunday,1,6,31.2,71.7
2026-06-28 06:49:55,6,Sunday,1,6,31.2,71.9
2026-06-28 06:50:55,6,Sunday,1,6,31.2,71.8
2026-06-28 06:51:55,6,Sunday,1,6,31.2,71.9
2026-06-28 06:52:55,6,Sunday,1,6,31.2,71.9
2026-06-28 06:53:55,6,Sunday,1,6,31.2,71.9
2026-06-28 06:54:55,6,Sunday,1,6,31.2,71.8
2026-06-28 06:55:55,6,Sunday,1,6,31.2,71.9
2026-06-28 06:56:55,6,Sunday,1,6,31.2,71.9
2026-06-28 06:57:55,6,Sunday,1,6,31.2,71.9
2026-06-28 06:58:55,6,Sunday,1,6,31.2,71.8
2026-06-28 06:59:55,6,Sunday,1,6,31.2,71.8
2026-06-28 07:00:55,7,Sunday,1,6,31.2,71.8
2026-06-28 07:01:55,7,Sunday,1,6,31.2,71.9
2026-06-28 07:02:55,7,Sunday,1,6,31.2,71.9
2026-06-28 07:03:55,7,Sunday,1,6,31.2,71.7
2026-06-28 07:04:55,7,Sunday,1,6,31.2,71.9
2026-06-28 07:05:55,7,Sunday,1,6,31.2,71.9
2026-06-28 07:06:56,7,Sunday,1,6,31.2,71.8
2026-06-28 07:07:56,7,Sunday,1,6,31.2,71.9
2026-06-28 07:08:56,7,Sunday,1,6,31.2,71.9
2026-06-28 07:09:56,7,Sunday,1,6,31.2,71.9
2026-06-28 07:10:56,7,Sunday,1,6,31.2,71.9
2026-06-28 07:11:56,7,Sunday,1,6,31.2,71.8
2026-06-28 07:12:56,7,Sunday,1,6,31.2,71.9
2026-06-28 07:13:56,7,Sunday,1,6,31.1,71.9
2026-06-28 07:14:56,7,Sunday,1,6,31.1,71.8
2026-06-28 07:15:56,7,Sunday,1,6,31.1,71.9
2026-06-28 07:16:56,7,Sunday,1,6,31.1,72.0
2026-06-28 07:17:56,7,Sunday,1,6,31.1,72.0
2026-06-28 07:18:56,7,Sunday,1,6,31.1,72.0
2026-06-28 07:19:56,7,Sunday,1,6,31.1,72.0
2026-06-28 07:20:56,7,Sunday,1,6,31.1,71.9
2026-06-28 07:21:56,7,Sunday,1,6,31.1,72.0
2026-06-28 07:22:56,7,Sunday,1,6,31.1,72.0
2026-06-28 07:23:56,7,Sunday,1,6,31.1,71.9
2026-06-28 07:24:56,7,Sunday,1,6,31.1,72.0
2026-06-28 07:25:56,7,Sunday,1,6,31.1,72.1
2026-06-28 07:26:56,7,Sunday,1,6,31.1,72.0
2026-06-28 07:27:56,7,Sunday,1,6,31.1,72.1
2026-06-28 07:28:56,7,Sunday,1,6,31.1,71.9
2026-06-28 07:29:56,7,Sunday,1,6,31.1,72.0
2026-06-28 07:30:56,7,Sunday,1,6,31.1,72.0
2026-06-28 07:31:56,7,Sunday,1,6,31.1,72.0
2026-06-28 07:32:56,7,Sunday,1,6,31.1,72.0
2026-06-28 07:33:56,7,Sunday,1,6,31.1,72.0
2026-06-28 07:34:56,7,Sunday,1,6,31.1,72.0
2026-06-28 07:35:56,7,Sunday,1,6,31.1,72.0
2026-06-28 07:36:56,7,Sunday,1,6,31.1,71.9
2026-06-28 07:37:56,7,Sunday,1,6,31.1,72.0
2026-06-28 07:38:56,7,Sunday,1,6,31.1,72.0
2026-06-28 07:39:56,7,Sunday,1,6,31.1,71.9
2026-06-28 07:40:56,7,Sunday,1,6,31.2,71.9
2026-06-28 07:41:56,7,Sunday,1,6,31.2,71.9
2026-06-28 07:42:56,7,Sunday,1,6,31.2,71.9
2026-06-28 07:43:56,7,Sunday,1,6,31.2,71.8
2026-06-28 07:44:56,7,Sunday,1,6,31.2,71.8
2026-06-28 07:45:56,7,Sunday,1,6,31.2,71.8
2026-06-28 07:46:56,7,Sunday,1,6,31.2,71.7
2026-06-28 07:47:56,7,Sunday,1,6,31.2,71.7
2026-06-28 07:48:56,7,Sunday,1,6,31.2,71.8
2026-06-28 07:49:56,7,Sunday,1,6,31.2,71.7
2026-06-28 07:50:56,7,Sunday,1,6,31.2,71.7
2026-06-28 07:51:57,7,Sunday,1,6,31.2,71.6
2026-06-28 07:52:57,7,Sunday,1,6,31.3,71.6
2026-06-28 07:53:57,7,Sunday,1,6,31.3,71.4
2026-06-28 07:54:57,7,Sunday,1,6,31.4,71.4
2026-06-28 07:55:57,7,Sunday,1,6,31.4,71.3
2026-06-28 07:56:57,7,Sunday,1,6,31.4,71.3
2026-06-28 07:57:57,7,Sunday,1,6,31.4,71.3
2026-06-28 07:58:57,7,Sunday,1,6,31.5,71.2
2026-06-28 07:59:57,7,Sunday,1,6,31.5,71.1
2026-06-28 08:00:57,8,Sunday,1,6,31.5,71.1
2026-06-28 08:01:57,8,Sunday,1,6,31.5,71.1
2026-06-28 08:02:57,8,Sunday,1,6,31.5,71.1
2026-06-28 08:03:57,8,Sunday,1,6,31.5,71.1
2026-06-28 08:04:57,8,Sunday,1,6,31.5,71.1
2026-06-28 08:05:57,8,Sunday,1,6,31.6,71.0
2026-06-28 08:06:57,8,Sunday,1,6,31.6,70.9
2026-06-28 08:07:57,8,Sunday,1,6,31.6,70.9
2026-06-28 08:08:57,8,Sunday,1,6,31.6,70.9
2026-06-28 08:09:57,8,Sunday,1,6,31.7,70.8
2026-06-28 08:10:57,8,Sunday,1,6,31.7,70.7
2026-06-28 08:11:57,8,Sunday,1,6,31.7,70.7
2026-06-28 08:12:57,8,Sunday,1,6,31.7,70.7
2026-06-28 08:13:57,8,Sunday,1,6,31.8,70.6
2026-06-28 08:14:57,8,Sunday,1,6,31.8,70.6
2026-06-28 08:15:57,8,Sunday,1,6,31.8,70.6
2026-06-28 08:16:57,8,Sunday,1,6,31.8,70.5
2026-06-28 08:17:57,8,Sunday,1,6,31.9,70.4
2026-06-28 08:18:57,8,Sunday,1,6,31.9,70.2
2026-06-28 08:19:57,8,Sunday,1,6,31.9,70.3
2026-06-28 08:20:57,8,Sunday,1,6,31.9,70.3
2026-06-28 08:21:57,8,Sunday,1,6,32.0,70.2
2026-06-28 08:22:57,8,Sunday,1,6,32.0,70.3
2026-06-28 08:23:57,8,Sunday,1,6,32.0,70.3
2026-06-28 08:24:57,8,Sunday,1,6,32.0,70.2
2026-06-28 08:25:57,8,Sunday,1,6,32.0,70.2
2026-06-28 08:26:57,8,Sunday,1,6,32.1,70.1
2026-06-28 08:27:57,8,Sunday,1,6,32.1,70.0
2026-06-28 08:28:57,8,Sunday,1,6,32.1,70.1
2026-06-28 08:29:57,8,Sunday,1,6,32.1,70.0
2026-06-28 08:30:57,8,Sunday,1,6,32.1,70.1
2026-06-28 08:31:57,8,Sunday,1,6,32.1,70.2
2026-06-28 08:32:57,8,Sunday,1,6,32.1,70.2
2026-06-28 08:33:57,8,Sunday,1,6,32.1,70.2
2026-06-28 08:34:57,8,Sunday,1,6,32.1,70.3
2026-06-28 08:35:58,8,Sunday,1,6,32.1,70.1
2026-06-28 08:36:58,8,Sunday,1,6,32.1,70.2
2026-06-28 08:37:58,8,Sunday,1,6,32.1,70.3
2026-06-28 08:38:58,8,Sunday,1,6,32.1,70.3
2026-06-28 08:39:58,8,Sunday,1,6,32.1,70.2
2026-06-28 08:40:58,8,Sunday,1,6,32.1,70.3
2026-06-28 08:41:58,8,Sunday,1,6,32.1,70.4
2026-06-28 08:42:58,8,Sunday,1,6,32.2,70.3
2026-06-28 08:43:58,8,Sunday,1,6,32.2,70.3
2026-06-28 08:44:58,8,Sunday,1,6,32.1,70.4
2026-06-28 08:45:58,8,Sunday,1,6,32.2,70.4
2026-06-28 08:46:58,8,Sunday,1,6,32.2,70.4
2026-06-28 08:47:58,8,Sunday,1,6,32.2,70.4
2026-06-28 08:48:58,8,Sunday,1,6,32.2,70.3
2026-06-28 08:49:58,8,Sunday,1,6,32.2,70.4
2026-06-28 08:50:58,8,Sunday,1,6,32.2,70.4
2026-06-28 08:51:58,8,Sunday,1,6,32.2,70.3
2026-06-28 08:52:58,8,Sunday,1,6,32.2,70.2
2026-06-28 08:53:58,8,Sunday,1,6,32.2,70.3
2026-06-28 08:54:58,8,Sunday,1,6,32.2,70.4
2026-06-28 08:55:58,8,Sunday,1,6,32.2,70.4
2026-06-28 08:56:58,8,Sunday,1,6,32.2,70.4
2026-06-28 08:57:58,8,Sunday,1,6,32.1,70.6
2026-06-28 08:58:58,8,Sunday,1,6,32.1,70.6
2026-06-28 08:59:58,8,Sunday,1,6,32.1,70.6
2026-06-28 09:00:58,9,Sunday,1,6,32.1,70.6
2026-06-28 09:01:58,9,Sunday,1,6,32.1,70.6
2026-06-28 09:02:58,9,Sunday,1,6,32.1,70.6
2026-06-28 09:03:58,9,Sunday,1,6,32.1,70.6
2026-06-28 09:04:58,9,Sunday,1,6,32.1,70.6
2026-06-28 09:05:58,9,Sunday,1,6,32.1,70.6
2026-06-28 09:06:58,9,Sunday,1,6,32.2,70.6
2026-06-28 09:07:58,9,Sunday,1,6,32.2,70.5
2026-06-28 09:08:58,9,Sunday,1,6,32.2,70.5
2026-06-28 09:09:58,9,Sunday,1,6,32.2,70.3
2026-06-28 09:10:58,9,Sunday,1,6,32.2,70.4
2026-06-28 09:11:58,9,Sunday,1,6,32.3,70.3
2026-06-28 09:12:58,9,Sunday,1,6,32.3,70.3
2026-06-28 09:13:58,9,Sunday,1,6,32.3,70.4
2026-06-28 09:14:58,9,Sunday,1,6,32.3,70.3
2026-06-28 09:15:58,9,Sunday,1,6,32.3,70.2
2026-06-28 09:16:58,9,Sunday,1,6,32.3,70.2
2026-06-28 09:17:58,9,Sunday,1,6,32.4,70.1
2026-06-28 09:18:58,9,Sunday,1,6,32.3,70.2
2026-06-28 09:19:59,9,Sunday,1,6,32.3,70.1
2026-06-28 09:20:59,9,Sunday,1,6,32.4,70.1
2026-06-28 09:21:59,9,Sunday,1,6,32.4,70.0
2026-06-28 09:22:59,9,Sunday,1,6,32.3,70.0
2026-06-28 09:23:59,9,Sunday,1,6,32.4,70.0
2026-06-28 09:24:59,9,Sunday,1,6,32.3,70.0
2026-06-28 09:25:59,9,Sunday,1,6,32.3,70.1
2026-06-28 09:26:59,9,Sunday,1,6,32.4,70.1
2026-06-28 09:27:59,9,Sunday,1,6,32.4,70.0
2026-06-28 09:28:59,9,Sunday,1,6,32.4,69.9
2026-06-28 09:29:59,9,Sunday,1,6,32.4,70.0
2026-06-28 09:30:59,9,Sunday,1,6,32.4,70.0
2026-06-28 09:31:59,9,Sunday,1,6,32.4,70.0
2026-06-28 09:32:59,9,Sunday,1,6,32.4,70.0
2026-06-28 09:33:59,9,Sunday,1,6,32.4,69.9
2026-06-28 09:34:59,9,Sunday,1,6,32.4,70.0
2026-06-28 09:35:59,9,Sunday,1,6,32.5,69.9
2026-06-28 09:36:59,9,Sunday,1,6,32.5,70.0
2026-06-28 09:37:59,9,Sunday,1,6,32.5,69.9
2026-06-28 09:38:59,9,Sunday,1,6,32.5,69.9
2026-06-28 09:39:59,9,Sunday,1,6,32.5,69.8
2026-06-28 09:40:59,9,Sunday,1,6,32.5,69.8
2026-06-28 09:41:59,9,Sunday,1,6,32.5,69.7
2026-06-28 09:42:59,9,Sunday,1,6,32.6,69.8
2026-06-28 09:43:59,9,Sunday,1,6,32.6,69.7
2026-06-28 09:44:59,9,Sunday,1,6,32.6,69.7
2026-06-28 09:45:59,9,Sunday,1,6,32.6,69.8
2026-06-28 09:46:59,9,Sunday,1,6,32.7,69.7
2026-06-28 09:47:59,9,Sunday,1,6,32.7,69.6
2026-06-28 09:48:59,9,Sunday,1,6,32.7,69.6
2026-06-28 09:49:59,9,Sunday,1,6,32.7,69.6
2026-06-28 09:50:59,9,Sunday,1,6,32.7,69.5
2026-06-28 09:51:59,9,Sunday,1,6,32.7,69.6
2026-06-28 09:52:59,9,Sunday,1,6,32.7,69.6
2026-06-28 09:53:59,9,Sunday,1,6,32.8,69.6
2026-06-28 09:54:59,9,Sunday,1,6,32.8,69.5
2026-06-28 09:55:59,9,Sunday,1,6,32.8,69.3
2026-06-28 09:56:59,9,Sunday,1,6,32.8,69.3
2026-06-28 09:57:59,9,Sunday,1,6,32.8,69.3
2026-06-28 09:58:59,9,Sunday,1,6,32.8,69.2
2026-06-28 09:59:59,9,Sunday,1,6,32.8,69.3
2026-06-28 10:00:59,10,Sunday,1,6,32.9,69.3
2026-06-28 10:01:59,10,Sunday,1,6,32.9,69.2
2026-06-28 10:03:00,10,Sunday,1,6,32.9,69.2
2026-06-28 10:04:00,10,Sunday,1,6,32.9,69.1
2026-06-28 10:05:00,10,Sunday,1,6,32.9,69.0
2026-06-28 10:06:00,10,Sunday,1,6,32.9,68.9
2026-06-28 10:07:00,10,Sunday,1,6,32.9,68.9
2026-06-28 10:08:00,10,Sunday,1,6,33.0,68.9
2026-06-28 10:09:00,10,Sunday,1,6,33.0,68.9
2026-06-28 10:10:00,10,Sunday,1,6,33.0,68.9
2026-06-28 10:11:00,10,Sunday,1,6,33.0,68.9
2026-06-28 10:12:00,10,Sunday,1,6,33.0,68.8
2026-06-28 10:13:00,10,Sunday,1,6,33.0,68.8
2026-06-28 10:14:00,10,Sunday,1,6,33.1,68.7
2026-06-28 10:15:00,10,Sunday,1,6,33.1,68.6
2026-06-28 10:16:00,10,Sunday,1,6,33.1,68.5
2026-06-28 10:17:00,10,Sunday,1,6,33.1,68.5
2026-06-28 10:18:00,10,Sunday,1,6,33.1,68.6
2026-06-28 10:19:00,10,Sunday,1,6,33.1,68.6
2026-06-28 10:20:00,10,Sunday,1,6,33.1,68.5
2026-06-28 10:21:00,10,Sunday,1,6,33.1,68.5
2026-06-28 10:22:00,10,Sunday,1,6,33.1,68.3
2026-06-28 10:23:00,10,Sunday,1,6,33.1,68.4
2026-06-28 10:24:00,10,Sunday,1,6,33.1,68.3
2026-06-28 10:25:00,10,Sunday,1,6,33.1,68.5
2026-06-28 10:26:00,10,Sunday,1,6,33.1,68.4
2026-06-28 10:27:00,10,Sunday,1,6,33.1,68.3
2026-06-28 10:28:00,10,Sunday,1,6,33.1,68.5
2026-06-28 10:29:00,10,Sunday,1,6,33.1,68.5
2026-06-28 10:30:00,10,Sunday,1,6,33.1,68.5
2026-06-28 10:31:00,10,Sunday,1,6,33.1,68.5
2026-06-28 10:32:00,10,Sunday,1,6,33.2,68.4
2026-06-28 10:33:00,10,Sunday,1,6,33.2,68.4
2026-06-28 10:34:00,10,Sunday,1,6,33.1,68.3
2026-06-28 10:35:00,10,Sunday,1,6,33.1,68.3
2026-06-28 10:36:00,10,Sunday,1,6,33.1,68.4
2026-06-28 10:37:00,10,Sunday,1,6,33.2,68.3
2026-06-28 10:38:00,10,Sunday,1,6,33.1,68.3
2026-06-28 10:39:00,10,Sunday,1,6,33.2,68.3
2026-06-28 10:40:00,10,Sunday,1,6,33.2,68.3
2026-06-28 10:41:00,10,Sunday,1,6,33.2,68.4
2026-06-28 10:42:00,10,Sunday,1,6,33.1,68.3
2026-06-28 10:43:00,10,Sunday,1,6,33.2,68.2
2026-06-28 10:44:00,10,Sunday,1,6,33.2,68.2
2026-06-28 10:45:01,10,Sunday,1,6,33.2,68.1
2026-06-28 10:46:01,10,Sunday,1,6,33.2,68.2
2026-06-28 10:47:01,10,Sunday,1,6,33.2,68.1
2026-06-28 10:48:01,10,Sunday,1,6,33.2,68.1
2026-06-28 10:49:01,10,Sunday,1,6,33.3,68.1
2026-06-28 10:50:01,10,Sunday,1,6,33.3,68.0
2026-06-28 10:51:01,10,Sunday,1,6,33.3,67.9
2026-06-28 10:52:01,10,Sunday,1,6,33.3,67.8
2026-06-28 10:53:01,10,Sunday,1,6,33.3,67.8
2026-06-28 10:54:01,10,Sunday,1,6,33.4,68.0
2026-06-28 10:55:01,10,Sunday,1,6,33.4,67.7
2026-06-28 10:56:01,10,Sunday,1,6,33.4,67.8
2026-06-28 10:57:01,10,Sunday,1,6,33.4,67.7
2026-06-28 10:58:01,10,Sunday,1,6,33.4,67.7
2026-06-28 10:59:01,10,Sunday,1,6,33.5,67.6
2026-06-28 11:00:01,11,Sunday,1,6,33.5,67.5
2026-06-28 11:01:01,11,Sunday,1,6,33.5,67.5
2026-06-28 11:02:01,11,Sunday,1,6,33.5,67.3
2026-06-28 11:03:01,11,Sunday,1,6,33.5,67.5
2026-06-28 11:04:01,11,Sunday,1,6,33.5,67.4
2026-06-28 11:05:01,11,Sunday,1,6,33.5,67.3
2026-06-28 11:06:01,11,Sunday,1,6,33.5,67.1
2026-06-28 11:07:01,11,Sunday,1,6,33.6,67.2
2026-06-28 11:08:01,11,Sunday,1,6,33.5,67.2
2026-06-28 11:09:01,11,Sunday,1,6,33.6,67.2
2026-06-28 11:10:01,11,Sunday,1,6,33.6,67.1
2026-06-28 11:11:01,11,Sunday,1,6,33.6,67.2
2026-06-28 11:12:01,11,Sunday,1,6,33.6,67.3
2026-06-28 11:13:01,11,Sunday,1,6,33.6,67.2
2026-06-28 11:14:01,11,Sunday,1,6,33.6,67.2
2026-06-28 11:15:01,11,Sunday,1,6,33.6,67.2
2026-06-28 11:16:01,11,Sunday,1,6,33.6,67.1
2026-06-28 11:17:01,11,Sunday,1,6,33.6,67.1
2026-06-28 11:18:01,11,Sunday,1,6,33.6,67.1
2026-06-28 11:19:01,11,Sunday,1,6,33.6,67.2
2026-06-28 11:20:01,11,Sunday,1,6,33.7,67.1
2026-06-28 11:21:01,11,Sunday,1,6,33.7,67.0
2026-06-28 11:22:01,11,Sunday,1,6,33.7,67.0
2026-06-28 11:23:01,11,Sunday,1,6,33.7,67.0
2026-06-28 11:24:01,11,Sunday,1,6,33.7,67.1
2026-06-28 11:25:01,11,Sunday,1,6,33.6,67.0
2026-06-28 11:26:01,11,Sunday,1,6,33.6,67.1
2026-06-28 11:27:02,11,Sunday,1,6,33.6,67.0
2026-06-28 11:28:02,11,Sunday,1,6,33.6,66.9
2026-06-28 11:29:02,11,Sunday,1,6,33.6,67.1
2026-06-28 11:30:02,11,Sunday,1,6,33.6,67.1
2026-06-28 11:31:02,11,Sunday,1,6,33.6,67.1
2026-06-28 11:32:02,11,Sunday,1,6,33.6,67.1
2026-06-28 11:33:02,11,Sunday,1,6,33.6,67.1
2026-06-28 11:34:02,11,Sunday,1,6,33.6,67.0
2026-06-28 11:35:02,11,Sunday,1,6,33.6,67.0
2026-06-28 11:36:02,11,Sunday,1,6,33.6,67.1
2026-06-28 11:37:02,11,Sunday,1,6,33.6,67.1
2026-06-28 11:38:02,11,Sunday,1,6,33.6,67.1
2026-06-28 11:39:02,11,Sunday,1,6,33.6,67.1
2026-06-28 11:40:02,11,Sunday,1,6,33.6,67.2
2026-06-28 11:41:02,11,Sunday,1,6,33.6,67.2
2026-06-28 11:42:02,11,Sunday,1,6,33.6,67.1
2026-06-28 11:43:02,11,Sunday,1,6,33.6,67.1
2026-06-28 11:44:02,11,Sunday,1,6,33.6,67.2
2026-06-28 11:45:02,11,Sunday,1,6,33.6,67.2
2026-06-28 11:46:02,11,Sunday,1,6,33.7,67.2
2026-06-28 11:47:02,11,Sunday,1,6,33.7,67.1
2026-06-28 11:48:02,11,Sunday,1,6,33.7,67.1
2026-06-28 11:49:02,11,Sunday,1,6,33.7,67.2
2026-06-28 11:50:02,11,Sunday,1,6,33.7,67.1
2026-06-28 11:51:02,11,Sunday,1,6,33.7,67.2
2026-06-28 11:52:02,11,Sunday,1,6,33.7,67.2
2026-06-28 11:53:02,11,Sunday,1,6,33.8,67.2
2026-06-28 11:54:02,11,Sunday,1,6,33.8,67.2
2026-06-28 11:55:02,11,Sunday,1,6,33.8,67.2
2026-06-28 11:56:02,11,Sunday,1,6,33.8,67.2
2026-06-28 11:57:02,11,Sunday,1,6,33.8,67.2
2026-06-28 11:58:02,11,Sunday,1,6,33.8,67.2
2026-06-28 11:59:02,11,Sunday,1,6,33.8,67.1
2026-06-28 12:00:02,12,Sunday,1,6,33.9,67.0
2026-06-28 12:01:02,12,Sunday,1,6,33.9,67.1
2026-06-28 12:02:02,12,Sunday,1,6,33.9,67.1
2026-06-28 12:03:02,12,Sunday,1,6,33.9,67.1
2026-06-28 12:04:02,12,Sunday,1,6,33.9,67.1
2026-06-28 12:05:02,12,Sunday,1,6,33.9,67.0
2026-06-28 12:06:02,12,Sunday,1,6,33.9,67.1
2026-06-28 12:07:02,12,Sunday,1,6,33.9,67.0
2026-06-28 12:08:02,12,Sunday,1,6,34.0,67.1
2026-06-28 12:09:03,12,Sunday,1,6,33.9,67.1
2026-06-28 12:10:03,12,Sunday,1,6,34.0,67.0
2026-06-28 12:11:03,12,Sunday,1,6,34.0,67.0
2026-06-28 12:12:03,12,Sunday,1,6,34.0,67.0
2026-06-28 12:13:03,12,Sunday,1,6,34.0,67.0
2026-06-28 12:14:03,12,Sunday,1,6,34.0,67.1
2026-06-28 12:15:03,12,Sunday,1,6,34.0,67.0
2026-06-28 12:16:03,12,Sunday,1,6,34.0,67.0
2026-06-28 12:17:03,12,Sunday,1,6,34.0,67.0
2026-06-28 12:18:03,12,Sunday,1,6,34.0,66.9
2026-06-28 12:19:03,12,Sunday,1,6,34.0,67.0
2026-06-28 12:20:03,12,Sunday,1,6,34.0,67.0
2026-06-28 12:21:03,12,Sunday,1,6,34.0,67.0
2026-06-28 12:22:03,12,Sunday,1,6,34.0,66.9
2026-06-28 12:23:03,12,Sunday,1,6,34.0,66.9
2026-06-28 12:24:03,12,Sunday,1,6,34.0,67.0
2026-06-28 12:25:03,12,Sunday,1,6,34.1,66.9
2026-06-28 12:26:03,12,Sunday,1,6,34.0,67.0
2026-06-28 12:27:03,12,Sunday,1,6,34.0,66.9
2026-06-28 12:28:03,12,Sunday,1,6,34.1,66.9
2026-06-28 12:29:03,12,Sunday,1,6,34.1,66.8
2026-06-28 12:30:03,12,Sunday,1,6,34.1,66.7
2026-06-28 12:31:03,12,Sunday,1,6,34.1,66.8
2026-06-28 12:32:03,12,Sunday,1,6,34.1,66.8
2026-06-28 12:33:03,12,Sunday,1,6,34.1,66.8
2026-06-28 12:34:03,12,Sunday,1,6,34.1,66.7
2026-06-28 12:35:03,12,Sunday,1,6,34.2,66.7
2026-06-28 12:36:03,12,Sunday,1,6,34.2,66.7
2026-06-28 12:37:03,12,Sunday,1,6,34.2,66.6
2026-06-28 12:38:03,12,Sunday,1,6,34.2,66.6
2026-06-28 12:39:03,12,Sunday,1,6,34.2,66.6
2026-06-28 12:40:03,12,Sunday,1,6,34.2,66.6
2026-06-28 12:41:03,12,Sunday,1,6,34.2,66.5
2026-06-28 12:42:03,12,Sunday,1,6,34.2,66.5
2026-06-28 12:43:03,12,Sunday,1,6,34.3,66.5
2026-06-28 12:44:03,12,Sunday,1,6,34.3,66.4
2026-06-28 12:45:03,12,Sunday,1,6,34.3,66.4
2026-06-28 12:46:03,12,Sunday,1,6,34.3,66.4
2026-06-28 12:47:03,12,Sunday,1,6,34.3,66.3
2026-06-28 12:48:03,12,Sunday,1,6,34.3,66.4
2026-06-28 12:49:03,12,Sunday,1,6,34.3,66.4
2026-06-28 12:50:03,12,Sunday,1,6,34.3,66.4
2026-06-28 12:51:04,12,Sunday,1,6,34.3,66.3
2026-06-28 12:52:04,12,Sunday,1,6,34.4,66.3
2026-06-28 12:53:04,12,Sunday,1,6,34.4,66.4
2026-06-28 12:54:04,12,Sunday,1,6,34.4,66.3
2026-06-28 12:55:04,12,Sunday,1,6,34.4,66.3
2026-06-28 12:56:04,12,Sunday,1,6,34.4,66.2
2026-06-28 12:57:04,12,Sunday,1,6,34.4,66.2
2026-06-28 12:58:04,12,Sunday,1,6,34.4,66.2
2026-06-28 12:59:04,12,Sunday,1,6,34.4,66.0
2026-06-28 13:00:04,13,Sunday,1,6,34.4,66.0
2026-06-28 13:01:04,13,Sunday,1,6,34.4,65.9
2026-06-28 13:02:04,13,Sunday,1,6,34.4,65.9
2026-06-28 13:03:04,13,Sunday,1,6,34.4,66.0
2026-06-28 13:04:04,13,Sunday,1,6,34.4,66.0
2026-06-28 13:05:04,13,Sunday,1,6,34.4,66.1
2026-06-28 13:06:04,13,Sunday,1,6,34.4,66.0
2026-06-28 13:07:04,13,Sunday,1,6,34.4,66.1
2026-06-28 13:08:04,13,Sunday,1,6,34.4,66.1
2026-06-28 13:09:04,13,Sunday,1,6,34.4,66.0
2026-06-28 13:10:04,13,Sunday,1,6,34.4,66.0
2026-06-28 13:11:04,13,Sunday,1,6,34.3,66.0
2026-06-28 13:12:04,13,Sunday,1,6,34.4,65.9
2026-06-28 13:13:04,13,Sunday,1,6,34.4,66.1
2026-06-28 13:14:04,13,Sunday,1,6,34.3,66.1
2026-06-28 13:15:04,13,Sunday,1,6,34.3,66.0
2026-06-28 13:16:04,13,Sunday,1,6,34.3,66.1
2026-06-28 13:17:04,13,Sunday,1,6,34.3,66.0
2026-06-28 13:18:04,13,Sunday,1,6,34.3,66.1
2026-06-28 13:19:04,13,Sunday,1,6,34.3,66.2
2026-06-28 13:20:04,13,Sunday,1,6,34.2,66.2
2026-06-28 13:21:04,13,Sunday,1,6,34.2,66.3
2026-06-28 13:22:04,13,Sunday,1,6,34.2,66.2
2026-06-28 13:23:04,13,Sunday,1,6,34.2,66.3
2026-06-28 13:24:04,13,Sunday,1,6,34.2,66.4
2026-06-28 13:25:04,13,Sunday,1,6,34.2,66.3
2026-06-28 13:26:04,13,Sunday,1,6,34.2,66.5
2026-06-28 13:27:04,13,Sunday,1,6,34.2,66.6
2026-06-28 13:28:04,13,Sunday,1,6,34.1,66.4
2026-06-28 13:29:04,13,Sunday,1,6,34.1,66.6
2026-06-28 13:30:04,13,Sunday,1,6,34.1,66.6
2026-06-28 13:31:04,13,Sunday,1,6,34.1,66.7
2026-06-28 13:32:04,13,Sunday,1,6,34.1,66.8
2026-06-28 13:33:05,13,Sunday,1,6,34.1,66.9
2026-06-28 13:34:05,13,Sunday,1,6,34.1,67.0
2026-06-28 13:35:05,13,Sunday,1,6,34.0,66.9
2026-06-28 13:36:05,13,Sunday,1,6,34.0,67.1
2026-06-28 13:37:05,13,Sunday,1,6,34.0,67.1
2026-06-28 13:38:05,13,Sunday,1,6,34.0,67.2
2026-06-28 13:39:05,13,Sunday,1,6,34.0,67.3
2026-06-28 13:40:05,13,Sunday,1,6,34.0,67.3
2026-06-28 13:41:05,13,Sunday,1,6,34.0,67.4
2026-06-28 13:42:05,13,Sunday,1,6,34.0,67.6
2026-06-28 13:43:05,13,Sunday,1,6,34.0,67.6
2026-06-28 13:44:05,13,Sunday,1,6,33.9,67.9
2026-06-28 13:45:05,13,Sunday,1,6,33.9,67.9
2026-06-28 13:46:05,13,Sunday,1,6,33.9,68.0
2026-06-28 13:47:05,13,Sunday,1,6,33.9,68.0
2026-06-28 13:48:05,13,Sunday,1,6,33.9,68.3
2026-06-28 13:49:05,13,Sunday,1,6,33.9,68.3
2026-06-28 13:50:05,13,Sunday,1,6,33.9,68.5
2026-06-28 13:51:05,13,Sunday,1,6,33.9,68.7
2026-06-28 13:52:05,13,Sunday,1,6,33.8,68.8
2026-06-28 13:53:05,13,Sunday,1,6,33.8,69.1
2026-06-28 13:54:05,13,Sunday,1,6,33.8,69.1
2026-06-28 13:55:05,13,Sunday,1,6,33.8,69.2
2026-06-28 13:56:05,13,Sunday,1,6,33.8,69.2
2026-06-28 13:57:05,13,Sunday,1,6,33.8,69.4
2026-06-28 13:58:05,13,Sunday,1,6,33.7,69.5
2026-06-28 13:59:05,13,Sunday,1,6,33.7,69.4
2026-06-28 14:00:05,14,Sunday,1,6,33.7,69.9
2026-06-28 14:01:05,14,Sunday,1,6,33.7,70.2
2026-06-28 14:02:05,14,Sunday,1,6,33.7,70.2
2026-06-28 14:03:05,14,Sunday,1,6,33.7,70.0
2026-06-28 14:04:05,14,Sunday,1,6,33.6,70.0
2026-06-28 14:05:05,14,Sunday,1,6,33.6,70.2
2026-06-28 14:06:05,14,Sunday,1,6,33.6,70.4
2026-06-28 14:07:05,14,Sunday,1,6,33.6,70.1
2026-06-28 14:08:05,14,Sunday,1,6,33.6,70.1
2026-06-28 14:09:05,14,Sunday,1,6,33.6,70.1
2026-06-28 14:10:05,14,Sunday,1,6,33.6,70.3
2026-06-28 14:11:05,14,Sunday,1,6,33.6,70.3
2026-06-28 14:12:05,14,Sunday,1,6,33.6,70.6
2026-06-28 14:13:05,14,Sunday,1,6,33.6,70.5
2026-06-28 14:14:06,14,Sunday,1,6,33.6,70.7
2026-06-28 14:15:06,14,Sunday,1,6,33.6,70.6
2026-06-28 14:16:06,14,Sunday,1,6,33.6,70.4
2026-06-28 14:17:06,14,Sunday,1,6,33.6,70.5
2026-06-28 14:18:06,14,Sunday,1,6,33.5,70.5
2026-06-28 14:19:06,14,Sunday,1,6,33.6,70.5
2026-06-28 14:20:06,14,Sunday,1,6,33.5,70.5
2026-06-28 14:21:06,14,Sunday,1,6,33.5,71.4
2026-06-28 14:22:06,14,Sunday,1,6,33.5,71.4
2026-06-28 14:23:06,14,Sunday,1,6,33.5,71.4
2026-06-28 14:24:06,14,Sunday,1,6,33.5,71.4
2026-06-28 14:25:06,14,Sunday,1,6,33.5,71.7
2026-06-28 14:26:06,14,Sunday,1,6,33.6,71.8
2026-06-28 14:27:06,14,Sunday,1,6,33.5,71.8
2026-06-28 14:28:06,14,Sunday,1,6,33.5,71.9
2026-06-28 14:29:06,14,Sunday,1,6,33.5,71.8
2026-06-28 14:30:06,14,Sunday,1,6,33.5,71.8
2026-06-28 14:31:06,14,Sunday,1,6,33.5,72.1
2026-06-28 14:32:06,14,Sunday,1,6,33.5,72.1
2026-06-28 14:33:06,14,Sunday,1,6,33.5,72.3
2026-06-28 14:34:06,14,Sunday,1,6,33.5,72.2
2026-06-28 14:35:06,14,Sunday,1,6,33.5,72.2
2026-06-28 14:36:06,14,Sunday,1,6,33.5,72.0
2026-06-28 14:37:06,14,Sunday,1,6,33.5,71.9
2026-06-28 14:38:06,14,Sunday,1,6,33.5,72.1
2026-06-28 14:39:06,14,Sunday,1,6,33.5,72.3
2026-06-28 14:40:06,14,Sunday,1,6,33.5,72.2
2026-06-28 14:41:06,14,Sunday,1,6,33.5,72.2
2026-06-28 14:42:06,14,Sunday,1,6,33.5,72.2
2026-06-28 14:43:06,14,Sunday,1,6,33.5,72.2
2026-06-28 14:44:06,14,Sunday,1,6,33.4,72.3
2026-06-28 14:45:06,14,Sunday,1,6,33.4,72.2
2026-06-28 14:46:06,14,Sunday,1,6,33.4,72.3
2026-06-28 14:47:06,14,Sunday,1,6,33.4,72.4
2026-06-28 14:48:06,14,Sunday,1,6,33.4,72.3
2026-06-28 14:49:06,14,Sunday,1,6,33.4,72.3
2026-06-28 14:50:06,14,Sunday,1,6,33.4,72.3
2026-06-28 14:51:06,14,Sunday,1,6,33.4,72.2
2026-06-28 14:52:06,14,Sunday,1,6,33.5,72.2
2026-06-28 14:53:06,14,Sunday,1,6,33.5,72.3
2026-06-28 14:54:06,14,Sunday,1,6,33.5,72.3
2026-06-28 14:55:06,14,Sunday,1,6,33.5,72.3
2026-06-28 14:56:06,14,Sunday,1,6,33.5,72.2
2026-06-28 14:57:07,14,Sunday,1,6,33.5,72.2
2026-06-28 14:58:07,14,Sunday,1,6,33.5,72.2
2026-06-28 14:59:07,14,Sunday,1,6,33.5,72.3
2026-06-28 15:00:07,15,Sunday,1,6,33.5,72.4
2026-06-28 15:01:07,15,Sunday,1,6,33.5,72.3
2026-06-28 15:02:07,15,Sunday,1,6,33.5,72.3
2026-06-28 15:03:07,15,Sunday,1,6,33.5,72.4
2026-06-28 15:04:07,15,Sunday,1,6,33.5,72.4
2026-06-28 15:05:07,15,Sunday,1,6,33.5,72.4
2026-06-28 15:06:07,15,Sunday,1,6,33.5,72.3
2026-06-28 15:07:07,15,Sunday,1,6,33.5,72.3
2026-06-28 15:08:07,15,Sunday,1,6,33.5,72.2
2026-06-28 15:09:07,15,Sunday,1,6,33.5,72.3
2026-06-28 15:10:07,15,Sunday,1,6,33.5,72.3
2026-06-28 15:11:07,15,Sunday,1,6,33.5,72.3
2026-06-28 15:12:07,15,Sunday,1,6,33.5,72.3
2026-06-28 15:13:07,15,Sunday,1,6,33.5,72.2
2026-06-28 15:14:07,15,Sunday,1,6,33.5,72.3
2026-06-28 15:15:07,15,Sunday,1,6,33.5,72.2
2026-06-28 15:16:07,15,Sunday,1,6,33.5,72.3
2026-06-28 15:17:07,15,Sunday,1,6,33.5,72.3
2026-06-28 15:18:07,15,Sunday,1,6,33.5,72.3
2026-06-28 15:19:07,15,Sunday,1,6,33.5,72.2
2026-06-28 15:20:07,15,Sunday,1,6,33.5,72.3
2026-06-28 15:21:07,15,Sunday,1,6,33.5,72.2
2026-06-28 15:22:07,15,Sunday,1,6,33.5,72.3
2026-06-28 15:23:07,15,Sunday,1,6,33.5,72.3
2026-06-28 15:24:07,15,Sunday,1,6,33.5,72.4
2026-06-28 15:25:07,15,Sunday,1,6,33.5,72.5
2026-06-28 15:26:07,15,Sunday,1,6,33.5,72.5
2026-06-28 15:27:07,15,Sunday,1,6,33.5,72.6
2026-06-28 15:28:07,15,Sunday,1,6,33.5,72.6
2026-06-28 15:29:07,15,Sunday,1,6,33.5,72.6
2026-06-28 15:30:07,15,Sunday,1,6,33.5,72.6
2026-06-28 15:31:07,15,Sunday,1,6,33.5,72.7
2026-06-28 15:32:07,15,Sunday,1,6,33.4,72.7
2026-06-28 15:33:07,15,Sunday,1,6,33.4,72.5
2026-06-28 15:34:07,15,Sunday,1,6,33.4,72.4
2026-06-28 15:35:07,15,Sunday,1,6,33.4,72.4
2026-06-28 15:36:07,15,Sunday,1,6,33.4,72.3
2026-06-28 15:37:07,15,Sunday,1,6,33.3,72.3
2026-06-28 15:38:07,15,Sunday,1,6,33.4,72.0
2026-06-28 15:39:08,15,Sunday,1,6,33.3,72.0
2026-06-28 15:40:08,15,Sunday,1,6,33.3,71.9
2026-06-28 15:41:08,15,Sunday,1,6,33.3,71.8
2026-06-28 15:42:08,15,Sunday,1,6,33.3,71.7
2026-06-28 15:43:08,15,Sunday,1,6,33.3,71.7
2026-06-28 15:44:08,15,Sunday,1,6,33.2,71.6
2026-06-28 15:45:08,15,Sunday,1,6,33.2,71.6
2026-06-28 15:46:08,15,Sunday,1,6,33.2,71.4
2026-06-28 15:47:08,15,Sunday,1,6,33.2,71.3
2026-06-28 15:48:08,15,Sunday,1,6,33.1,71.2
2026-06-28 15:49:08,15,Sunday,1,6,33.1,71.1
2026-06-28 15:50:08,15,Sunday,1,6,33.1,70.9
2026-06-28 15:51:08,15,Sunday,1,6,33.1,70.9
2026-06-28 15:52:08,15,Sunday,1,6,33.0,70.8
2026-06-28 15:53:08,15,Sunday,1,6,33.0,70.9
2026-06-28 15:54:08,15,Sunday,1,6,33.0,70.7
2026-06-28 15:55:08,15,Sunday,1,6,33.0,70.5
2026-06-28 15:56:08,15,Sunday,1,6,32.9,70.4
2026-06-28 15:57:08,15,Sunday,1,6,32.9,70.5
2026-06-28 15:58:08,15,Sunday,1,6,32.9,70.4
2026-06-28 15:59:08,15,Sunday,1,6,32.9,70.4
2026-06-28 16:00:08,16,Sunday,1,6,32.9,70.3
2026-06-28 16:01:08,16,Sunday,1,6,32.9,70.3
2026-06-28 16:02:08,16,Sunday,1,6,32.9,70.2
2026-06-28 16:03:08,16,Sunday,1,6,32.9,70.3
2026-06-28 16:04:08,16,Sunday,1,6,32.9,70.4
2026-06-28 16:05:08,16,Sunday,1,6,32.9,70.3
2026-06-28 16:06:08,16,Sunday,1,6,32.9,70.3
2026-06-28 16:07:08,16,Sunday,1,6,32.9,70.3
2026-06-28 16:08:08,16,Sunday,1,6,32.9,70.2
2026-06-28 16:09:08,16,Sunday,1,6,32.9,70.2
2026-06-28 16:10:08,16,Sunday,1,6,32.9,70.1
2026-06-28 16:11:08,16,Sunday,1,6,32.9,70.1
2026-06-28 16:12:08,16,Sunday,1,6,32.9,70.1
2026-06-28 16:13:08,16,Sunday,1,6,32.9,70.1
2026-06-28 16:14:08,16,Sunday,1,6,32.9,69.9
2026-06-28 16:15:08,16,Sunday,1,6,32.9,69.9
2026-06-28 16:16:08,16,Sunday,1,6,32.9,70.0
2026-06-28 16:17:08,16,Sunday,1,6,32.9,70.0
2026-06-28 16:18:08,16,Sunday,1,6,32.9,70.1
2026-06-28 16:19:08,16,Sunday,1,6,32.9,70.1
2026-06-28 16:20:08,16,Sunday,1,6,32.9,70.2
2026-06-28 16:21:08,16,Sunday,1,6,32.9,70.2
2026-06-28 16:22:09,16,Sunday,1,6,32.9,70.2
2026-06-28 16:23:09,16,Sunday,1,6,32.8,70.2
2026-06-28 16:24:09,16,Sunday,1,6,32.8,70.3
2026-06-28 16:25:09,16,Sunday,1,6,32.8,70.3
2026-06-28 16:26:09,16,Sunday,1,6,32.8,70.3
2026-06-28 16:27:09,16,Sunday,1,6,32.8,70.3
2026-06-28 16:28:09,16,Sunday,1,6,32.8,70.4
2026-06-28 16:29:09,16,Sunday,1,6,32.8,70.4
2026-06-28 16:30:09,16,Sunday,1,6,32.8,70.4
2026-06-28 16:31:09,16,Sunday,1,6,32.8,70.5
2026-06-28 16:32:09,16,Sunday,1,6,32.8,70.5
2026-06-28 16:33:09,16,Sunday,1,6,32.8,70.6
2026-06-28 16:34:09,16,Sunday,1,6,32.8,70.5
2026-06-28 16:35:09,16,Sunday,1,6,32.8,70.6
2026-06-28 16:36:09,16,Sunday,1,6,32.8,70.6
2026-06-28 16:37:09,16,Sunday,1,6,32.8,70.7
2026-06-28 16:38:09,16,Sunday,1,6,32.8,70.7
2026-06-28 16:39:09,16,Sunday,1,6,32.8,70.7
2026-06-28 16:40:09,16,Sunday,1,6,32.8,70.7
2026-06-28 16:41:09,16,Sunday,1,6,32.8,70.7
2026-06-28 16:42:09,16,Sunday,1,6,32.8,70.8
2026-06-28 16:43:09,16,Sunday,1,6,32.8,70.9
2026-06-28 16:44:09,16,Sunday,1,6,32.8,70.9
2026-06-28 16:45:09,16,Sunday,1,6,32.8,70.9
2026-06-28 16:46:09,16,Sunday,1,6,32.8,70.9
2026-06-28 16:47:09,16,Sunday,1,6,32.8,70.9
2026-06-28 16:48:09,16,Sunday,1,6,32.8,71.2
2026-06-28 16:49:09,16,Sunday,1,6,32.8,71.2
2026-06-28 16:50:09,16,Sunday,1,6,32.8,71.2
2026-06-28 16:51:09,16,Sunday,1,6,32.8,71.1
2026-06-28 16:52:09,16,Sunday,1,6,32.8,71.2
2026-06-28 16:53:09,16,Sunday,1,6,32.8,71.3
2026-06-28 16:54:09,16,Sunday,1,6,32.8,71.2
2026-06-28 16:55:09,16,Sunday,1,6,32.8,71.3
2026-06-28 16:56:09,16,Sunday,1,6,32.8,71.3
2026-06-28 16:57:09,16,Sunday,1,6,32.8,71.4
2026-06-28 16:58:09,16,Sunday,1,6,32.8,71.3
2026-06-28 16:59:09,16,Sunday,1,6,32.8,71.3
2026-06-28 17:00:09,17,Sunday,1,6,32.8,71.3
2026-06-28 17:01:09,17,Sunday,1,6,32.8,71.2
2026-06-28 17:02:09,17,Sunday,1,6,32.8,71.3
2026-06-28 17:03:09,17,Sunday,1,6,32.8,71.3
2026-06-28 17:04:09,17,Sunday,1,6,32.8,71.4
2026-06-28 17:05:09,17,Sunday,1,6,32.8,71.4
2026-06-28 17:06:10,17,Sunday,1,6,32.8,71.4
2026-06-28 17:07:10,17,Sunday,1,6,32.8,71.3
2026-06-28 17:08:10,17,Sunday,1,6,32.8,71.5
2026-06-28 17:09:10,17,Sunday,1,6,32.8,71.3
2026-06-28 17:10:10,17,Sunday,1,6,32.8,71.2
2026-06-28 17:11:10,17,Sunday,1,6,32.8,71.3
2026-06-28 17:12:10,17,Sunday,1,6,32.8,71.3
2026-06-28 17:13:10,17,Sunday,1,6,32.8,71.3
2026-06-28 17:14:10,17,Sunday,1,6,32.8,71.2
2026-06-28 17:15:10,17,Sunday,1,6,32.8,71.2
2026-06-28 17:16:10,17,Sunday,1,6,32.8,71.2
2026-06-28 17:17:10,17,Sunday,1,6,32.8,71.2
2026-06-28 17:18:10,17,Sunday,1,6,32.8,71.3
2026-06-28 17:19:10,17,Sunday,1,6,32.8,71.3
2026-06-28 17:20:10,17,Sunday,1,6,32.8,71.3
2026-06-28 17:21:10,17,Sunday,1,6,32.8,71.2
2026-06-28 17:22:10,17,Sunday,1,6,32.8,71.2
2026-06-28 17:23:10,17,Sunday,1,6,32.8,71.2
2026-06-28 17:24:10,17,Sunday,1,6,32.8,71.2
2026-06-28 17:25:10,17,Sunday,1,6,32.7,71.2
2026-06-28 17:26:10,17,Sunday,1,6,32.7,71.1
2026-06-28 17:27:10,17,Sunday,1,6,32.8,71.2
2026-06-28 17:28:10,17,Sunday,1,6,32.8,71.3
2026-06-28 17:29:10,17,Sunday,1,6,32.7,71.3
2026-06-28 17:30:10,17,Sunday,1,6,32.7,71.3
2026-06-28 17:31:10,17,Sunday,1,6,32.8,71.4
2026-06-28 17:32:10,17,Sunday,1,6,32.7,71.4
2026-06-28 17:33:10,17,Sunday,1,6,32.7,71.4
2026-06-28 17:34:10,17,Sunday,1,6,32.7,71.3
2026-06-28 17:35:10,17,Sunday,1,6,32.7,71.4
2026-06-28 17:36:10,17,Sunday,1,6,32.7,71.3
2026-06-28 17:37:10,17,Sunday,1,6,32.7,71.4
2026-06-28 17:38:10,17,Sunday,1,6,32.7,71.4
2026-06-28 17:39:10,17,Sunday,1,6,32.7,71.3
2026-06-28 17:40:10,17,Sunday,1,6,32.7,71.2
2026-06-28 17:41:10,17,Sunday,1,6,32.7,71.3
2026-06-28 17:42:10,17,Sunday,1,6,32.7,71.3
2026-06-28 17:43:10,17,Sunday,1,6,32.7,71.3
2026-06-28 17:44:10,17,Sunday,1,6,32.7,71.3
2026-06-28 17:45:10,17,Sunday,1,6,32.7,71.3
2026-06-28 17:46:10,17,Sunday,1,6,32.7,71.4
2026-06-28 17:47:10,17,Sunday,1,6,32.7,71.4
2026-06-28 17:48:10,17,Sunday,1,6,32.7,71.4
2026-06-28 17:49:11,17,Sunday,1,6,32.7,71.3
2026-06-28 17:50:11,17,Sunday,1,6,32.7,71.4
2026-06-28 17:51:11,17,Sunday,1,6,32.7,71.4
2026-06-28 17:52:11,17,Sunday,1,6,32.7,71.4
2026-06-28 17:53:11,17,Sunday,1,6,32.7,71.5
2026-06-28 17:54:11,17,Sunday,1,6,32.7,71.5
2026-06-28 17:55:11,17,Sunday,1,6,32.7,71.5
2026-06-28 17:56:11,17,Sunday,1,6,32.7,71.6
2026-06-28 17:57:11,17,Sunday,1,6,32.7,71.5
2026-06-28 17:58:11,17,Sunday,1,6,32.7,71.6
2026-06-28 17:59:11,17,Sunday,1,6,32.7,71.7
2026-06-28 18:00:11,18,Sunday,1,6,32.7,71.6
2026-06-28 18:01:11,18,Sunday,1,6,32.7,71.5
2026-06-28 18:02:11,18,Sunday,1,6,32.7,71.6
2026-06-28 18:03:11,18,Sunday,1,6,32.7,71.5
2026-06-28 18:04:11,18,Sunday,1,6,32.7,71.5
2026-06-28 18:05:11,18,Sunday,1,6,32.7,71.6
2026-06-28 18:06:11,18,Sunday,1,6,32.7,71.5
2026-06-28 18:07:11,18,Sunday,1,6,32.7,71.6
2026-06-28 18:08:11,18,Sunday,1,6,32.6,71.6
2026-06-28 18:09:11,18,Sunday,1,6,32.7,71.6
2026-06-28 18:10:11,18,Sunday,1,6,32.6,71.6
2026-06-28 18:11:11,18,Sunday,1,6,32.6,71.6
2026-06-28 18:12:11,18,Sunday,1,6,32.6,71.6
2026-06-28 18:13:11,18,Sunday,1,6,32.6,71.7
2026-06-28 18:14:11,18,Sunday,1,6,32.6,71.7
2026-06-28 18:15:11,18,Sunday,1,6,32.6,71.8
2026-06-28 18:16:11,18,Sunday,1,6,32.6,71.9
2026-06-28 18:17:11,18,Sunday,1,6,32.6,71.9
2026-06-28 18:18:11,18,Sunday,1,6,32.6,71.9
2026-06-28 18:19:11,18,Sunday,1,6,32.6,71.9
2026-06-28 18:20:11,18,Sunday,1,6,32.6,72.0
2026-06-28 18:21:11,18,Sunday,1,6,32.6,71.9
2026-06-28 18:22:11,18,Sunday,1,6,32.6,72.0
2026-06-28 18:23:11,18,Sunday,1,6,32.6,72.1
2026-06-28 18:24:11,18,Sunday,1,6,32.6,72.1
2026-06-28 18:25:11,18,Sunday,1,6,32.6,72.1
2026-06-28 18:26:11,18,Sunday,1,6,32.6,72.0
2026-06-28 18:27:11,18,Sunday,1,6,32.6,72.1
2026-06-28 18:28:11,18,Sunday,1,6,32.6,72.1
2026-06-28 18:29:11,18,Sunday,1,6,32.6,72.2
2026-06-28 18:30:11,18,Sunday,1,6,32.6,72.2
2026-06-28 18:31:11,18,Sunday,1,6,32.6,72.3
2026-06-28 18:32:11,18,Sunday,1,6,32.6,72.3
2026-06-28 18:33:12,18,Sunday,1,6,32.6,72.3
2026-06-28 18:34:12,18,Sunday,1,6,32.6,72.3
2026-06-28 18:35:12,18,Sunday,1,6,32.6,72.3
2026-06-28 18:36:12,18,Sunday,1,6,32.6,72.3
2026-06-28 18:37:12,18,Sunday,1,6,32.6,72.3
2026-06-28 18:38:12,18,Sunday,1,6,32.6,72.3
2026-06-28 18:39:12,18,Sunday,1,6,32.6,72.4
2026-06-28 18:40:12,18,Sunday,1,6,32.6,72.4
2026-06-28 18:41:12,18,Sunday,1,6,32.6,72.4
2026-06-28 18:42:12,18,Sunday,1,6,32.6,72.4
2026-06-28 18:43:12,18,Sunday,1,6,32.6,72.4
2026-06-28 18:44:12,18,Sunday,1,6,32.6,72.4
2026-06-28 18:45:12,18,Sunday,1,6,32.6,72.4
2026-06-28 18:46:12,18,Sunday,1,6,32.6,72.5
2026-06-28 18:47:12,18,Sunday,1,6,32.6,72.5
2026-06-28 18:48:12,18,Sunday,1,6,32.6,72.5
2026-06-28 18:49:12,18,Sunday,1,6,32.6,72.4
2026-06-28 18:50:12,18,Sunday,1,6,32.6,72.5
2026-06-28 18:51:12,18,Sunday,1,6,32.6,72.6
2026-06-28 18:52:12,18,Sunday,1,6,32.6,72.4
2026-06-28 18:53:12,18,Sunday,1,6,32.6,72.6
2026-06-28 18:54:12,18,Sunday,1,6,32.5,72.6
2026-06-28 18:55:12,18,Sunday,1,6,32.5,72.5
2026-06-28 18:56:12,18,Sunday,1,6,32.5,72.5
2026-06-28 18:57:12,18,Sunday,1,6,32.5,72.6
2026-06-28 18:58:12,18,Sunday,1,6,32.5,72.5
2026-06-28 18:59:12,18,Sunday,1,6,32.6,72.5
2026-06-28 19:00:12,19,Sunday,1,6,32.6,72.6
2026-06-28 19:01:12,19,Sunday,1,6,32.6,72.7
2026-06-28 19:02:12,19,Sunday,1,6,32.5,72.6
2026-06-28 19:03:12,19,Sunday,1,6,32.5,72.6
2026-06-28 19:04:12,19,Sunday,1,6,32.5,72.6
2026-06-28 19:05:12,19,Sunday,1,6,32.5,72.6
2026-06-28 19:06:12,19,Sunday,1,6,32.5,72.6
2026-06-28 19:07:12,19,Sunday,1,6,32.5,72.6
2026-06-28 19:08:12,19,Sunday,1,6,32.5,72.6
2026-06-28 19:09:12,19,Sunday,1,6,32.5,72.6
2026-06-28 19:10:12,19,Sunday,1,6,32.5,72.8
2026-06-28 19:11:12,19,Sunday,1,6,32.5,72.8
2026-06-28 19:12:12,19,Sunday,1,6,32.5,72.8
2026-06-28 19:13:12,19,Sunday,1,6,32.5,72.7
2026-06-28 19:14:12,19,Sunday,1,6,32.5,72.8
2026-06-28 19:15:12,19,Sunday,1,6,32.5,72.8
2026-06-28 19:16:13,19,Sunday,1,6,32.5,72.8
2026-06-28 19:17:13,19,Sunday,1,6,32.5,72.7
2026-06-28 19:18:13,19,Sunday,1,6,32.5,72.8
2026-06-28 19:19:13,19,Sunday,1,6,32.5,72.8
2026-06-28 19:20:13,19,Sunday,1,6,32.5,72.8
2026-06-28 19:21:13,19,Sunday,1,6,32.5,72.8
2026-06-28 19:22:13,19,Sunday,1,6,32.5,72.8
2026-06-28 19:23:13,19,Sunday,1,6,32.5,72.8
2026-06-28 19:24:13,19,Sunday,1,6,32.5,72.8
2026-06-28 19:25:13,19,Sunday,1,6,32.5,72.8
2026-06-28 19:26:13,19,Sunday,1,6,32.5,72.7
2026-06-28 19:27:13,19,Sunday,1,6,32.5,72.7
2026-06-28 19:28:13,19,Sunday,1,6,32.5,72.7
2026-06-28 19:29:13,19,Sunday,1,6,32.5,72.8
2026-06-28 19:30:13,19,Sunday,1,6,32.4,72.8
2026-06-28 19:31:13,19,Sunday,1,6,32.4,72.8
2026-06-28 19:32:13,19,Sunday,1,6,32.5,72.8
2026-06-28 19:33:13,19,Sunday,1,6,32.4,72.9
2026-06-28 19:34:13,19,Sunday,1,6,32.4,72.8
2026-06-28 19:35:13,19,Sunday,1,6,32.4,72.9
2026-06-28 19:36:13,19,Sunday,1,6,32.4,72.8
2026-06-28 19:37:13,19,Sunday,1,6,32.5,72.9
2026-06-28 19:38:13,19,Sunday,1,6,32.4,72.9
2026-06-28 19:39:13,19,Sunday,1,6,32.4,72.9
2026-06-28 19:40:13,19,Sunday,1,6,32.4,72.8
2026-06-28 19:41:13,19,Sunday,1,6,32.4,72.9
2026-06-28 19:42:13,19,Sunday,1,6,32.4,72.9
2026-06-28 19:43:13,19,Sunday,1,6,32.4,72.9
2026-06-28 19:44:13,19,Sunday,1,6,32.4,72.8
2026-06-28 19:45:13,19,Sunday,1,6,32.4,72.9
2026-06-28 19:46:13,19,Sunday,1,6,32.4,72.9
2026-06-28 19:47:13,19,Sunday,1,6,32.4,72.9
2026-06-28 19:48:13,19,Sunday,1,6,32.4,72.9
2026-06-28 19:49:13,19,Sunday,1,6,32.4,73.0
2026-06-28 19:50:13,19,Sunday,1,6,32.4,73.0
2026-06-28 19:51:13,19,Sunday,1,6,32.4,73.0
2026-06-28 19:52:13,19,Sunday,1,6,32.4,73.0
2026-06-28 19:53:13,19,Sunday,1,6,32.4,73.1
2026-06-28 19:54:13,19,Sunday,1,6,32.4,73.0
2026-06-28 19:55:13,19,Sunday,1,6,32.3,73.1
2026-06-28 19:56:13,19,Sunday,1,6,32.3,73.2
2026-06-28 19:57:13,19,Sunday,1,6,32.3,73.2
2026-06-28 19:58:13,19,Sunday,1,6,32.3,73.2
2026-06-28 19:59:13,19,Sunday,1,6,32.3,73.2
2026-06-28 20:00:14,20,Sunday,1,6,32.4,73.2
2026-06-28 20:01:14,20,Sunday,1,6,32.3,73.2
2026-06-28 20:02:14,20,Sunday,1,6,32.3,73.2
2026-06-28 20:03:14,20,Sunday,1,6,32.3,73.2
2026-06-28 20:04:14,20,Sunday,1,6,32.3,73.3
2026-06-28 20:05:14,20,Sunday,1,6,32.3,73.2
2026-06-28 20:06:14,20,Sunday,1,6,32.3,73.3
2026-06-28 20:07:14,20,Sunday,1,6,32.3,73.3
2026-06-28 20:08:14,20,Sunday,1,6,32.3,73.3
2026-06-28 20:09:14,20,Sunday,1,6,32.3,73.4
2026-06-28 20:10:14,20,Sunday,1,6,32.3,73.4
2026-06-28 20:11:14,20,Sunday,1,6,32.3,73.4
2026-06-28 20:12:14,20,Sunday,1,6,32.3,73.5
2026-06-28 20:13:14,20,Sunday,1,6,32.3,73.5
2026-06-28 20:14:14,20,Sunday,1,6,32.3,73.5
2026-06-28 20:15:14,20,Sunday,1,6,32.3,73.4
2026-06-28 20:16:14,20,Sunday,1,6,32.3,73.6
2026-06-28 20:17:14,20,Sunday,1,6,32.3,73.5
2026-06-28 20:18:14,20,Sunday,1,6,32.3,73.8
2026-06-28 20:19:14,20,Sunday,1,6,32.3,73.6
2026-06-28 20:20:14,20,Sunday,1,6,32.3,73.7
2026-06-28 20:21:14,20,Sunday,1,6,32.3,73.7
2026-06-28 20:22:14,20,Sunday,1,6,32.3,73.8
2026-06-28 20:23:14,20,Sunday,1,6,32.2,73.7
2026-06-28 20:24:14,20,Sunday,1,6,32.3,73.6
2026-06-28 20:25:14,20,Sunday,1,6,32.3,73.6
2026-06-28 20:26:14,20,Sunday,1,6,32.2,73.7
2026-06-28 20:27:14,20,Sunday,1,6,32.2,73.7
2026-06-28 20:28:14,20,Sunday,1,6,32.2,73.7
2026-06-28 20:29:14,20,Sunday,1,6,32.2,73.7
2026-06-28 20:30:14,20,Sunday,1,6,32.2,73.7
2026-06-28 20:31:14,20,Sunday,1,6,32.3,73.7
2026-06-28 20:32:14,20,Sunday,1,6,32.2,73.7
2026-06-28 20:33:14,20,Sunday,1,6,32.2,73.8
2026-06-28 20:34:14,20,Sunday,1,6,32.2,73.9
2026-06-28 20:35:14,20,Sunday,1,6,32.2,73.8
2026-06-28 20:36:14,20,Sunday,1,6,32.2,73.7
2026-06-28 20:37:14,20,Sunday,1,6,32.2,73.9
2026-06-28 20:38:14,20,Sunday,1,6,32.2,73.8
2026-06-28 20:39:14,20,Sunday,1,6,32.2,74.1
2026-06-28 20:40:14,20,Sunday,1,6,32.2,73.9
2026-06-28 20:41:14,20,Sunday,1,6,32.2,73.9
2026-06-28 20:42:14,20,Sunday,1,6,32.2,73.9
2026-06-28 20:43:14,20,Sunday,1,6,32.2,73.9
2026-06-28 20:44:15,20,Sunday,1,6,32.2,73.9
2026-06-28 20:45:15,20,Sunday,1,6,32.2,73.8
2026-06-28 20:46:15,20,Sunday,1,6,32.2,73.8
2026-06-28 20:47:15,20,Sunday,1,6,32.2,73.9
2026-06-28 20:48:15,20,Sunday,1,6,32.2,73.8
2026-06-28 20:49:15,20,Sunday,1,6,32.2,73.9
2026-06-28 20:50:15,20,Sunday,1,6,32.2,73.9
2026-06-28 20:51:15,20,Sunday,1,6,32.1,73.9
2026-06-28 20:52:15,20,Sunday,1,6,32.1,73.9
2026-06-28 20:53:15,20,Sunday,1,6,32.1,74.0
2026-06-28 20:54:15,20,Sunday,1,6,32.1,74.1
2026-06-28 20:55:15,20,Sunday,1,6,32.2,74.2
2026-06-28 20:56:15,20,Sunday,1,6,32.1,74.1
2026-06-28 20:57:15,20,Sunday,1,6,32.1,74.1
2026-06-28 20:58:15,20,Sunday,1,6,32.2,74.0
2026-06-28 20:59:15,20,Sunday,1,6,32.1,74.1
2026-06-28 21:00:15,21,Sunday,1,6,32.1,74.1
2026-06-28 21:01:15,21,Sunday,1,6,32.1,74.1
2026-06-28 21:02:15,21,Sunday,1,6,32.1,74.1
2026-06-28 21:03:15,21,Sunday,1,6,32.1,74.1
2026-06-28 21:04:15,21,Sunday,1,6,32.1,74.1
2026-06-28 21:05:15,21,Sunday,1,6,32.1,74.2
2026-06-28 21:06:15,21,Sunday,1,6,32.1,74.1
2026-06-28 21:07:15,21,Sunday,1,6,32.1,74.2
2026-06-28 21:08:15,21,Sunday,1,6,32.1,74.1
2026-06-28 21:09:15,21,Sunday,1,6,32.1,74.3
2026-06-28 21:10:15,21,Sunday,1,6,32.1,74.3
2026-06-28 21:11:15,21,Sunday,1,6,32.1,74.3
2026-06-28 21:12:15,21,Sunday,1,6,32.1,74.4
2026-06-28 21:13:15,21,Sunday,1,6,32.1,74.5
2026-06-28 21:14:15,21,Sunday,1,6,32.1,74.5
2026-06-28 21:15:15,21,Sunday,1,6,32.0,74.4
2026-06-28 21:16:15,21,Sunday,1,6,32.1,74.4
2026-06-28 21:17:15,21,Sunday,1,6,32.1,74.6
2026-06-28 21:18:15,21,Sunday,1,6,32.1,74.6
2026-06-28 21:19:15,21,Sunday,1,6,32.1,74.6
2026-06-28 21:20:15,21,Sunday,1,6,32.1,74.5
2026-06-28 21:21:15,21,Sunday,1,6,32.1,74.4
2026-06-28 21:22:15,21,Sunday,1,6,32.0,74.6
2026-06-28 21:23:15,21,Sunday,1,6,32.1,74.5
2026-06-28 21:24:15,21,Sunday,1,6,32.0,74.5
2026-06-28 21:25:15,21,Sunday,1,6,32.0,74.5
2026-06-28 21:26:15,21,Sunday,1,6,32.0,74.6
2026-06-28 21:27:15,21,Sunday,1,6,32.0,74.6
2026-06-28 21:28:16,21,Sunday,1,6,32.0,74.5
2026-06-28 21:29:16,21,Sunday,1,6,32.0,74.6
2026-06-28 21:30:16,21,Sunday,1,6,32.1,74.7
2026-06-28 21:31:16,21,Sunday,1,6,32.0,74.7
2026-06-28 21:32:16,21,Sunday,1,6,32.0,74.6
2026-06-28 21:33:16,21,Sunday,1,6,32.0,74.6
2026-06-28 21:34:16,21,Sunday,1,6,32.0,74.7
2026-06-28 21:35:16,21,Sunday,1,6,32.0,74.7
2026-06-28 21:36:16,21,Sunday,1,6,32.0,74.6
2026-06-28 21:37:16,21,Sunday,1,6,32.0,74.7
2026-06-28 21:38:16,21,Sunday,1,6,32.0,74.6
2026-06-28 21:39:16,21,Sunday,1,6,32.0,74.5
2026-06-28 21:40:16,21,Sunday,1,6,32.0,74.5
2026-06-28 21:41:16,21,Sunday,1,6,32.0,74.5
2026-06-28 21:42:16,21,Sunday,1,6,32.0,74.5
2026-06-28 21:43:16,21,Sunday,1,6,32.0,74.6
2026-06-28 21:44:16,21,Sunday,1,6,32.0,74.7
2026-06-28 21:45:16,21,Sunday,1,6,32.0,74.7
2026-06-28 21:46:16,21,Sunday,1,6,32.0,74.7
2026-06-28 21:47:16,21,Sunday,1,6,32.0,74.6
2026-06-28 21:48:16,21,Sunday,1,6,32.0,74.6
2026-06-28 21:49:16,21,Sunday,1,6,32.0,74.7
2026-06-28 21:50:16,21,Sunday,1,6,32.0,74.8
2026-06-28 21:51:16,21,Sunday,1,6,32.0,74.7
2026-06-28 21:52:16,21,Sunday,1,6,32.0,74.6
2026-06-28 21:53:16,21,Sunday,1,6,32.0,74.7
2026-06-28 21:54:16,21,Sunday,1,6,31.9,74.7
2026-06-28 21:55:16,21,Sunday,1,6,31.9,74.7
2026-06-28 21:56:16,21,Sunday,1,6,32.0,74.6
2026-06-28 21:57:16,21,Sunday,1,6,32.0,74.8
2026-06-28 21:58:16,21,Sunday,1,6,31.9,74.8
2026-06-28 21:59:16,21,Sunday,1,6,32.0,74.8
2026-06-28 22:00:16,22,Sunday,1,6,32.0,74.7
2026-06-28 22:01:16,22,Sunday,1,6,32.0,74.8
2026-06-28 22:02:16,22,Sunday,1,6,32.0,74.7
2026-06-28 22:03:16,22,Sunday,1,6,31.9,74.8
2026-06-28 22:04:16,22,Sunday,1,6,31.9,74.9
2026-06-28 22:05:16,22,Sunday,1,6,31.9,74.9
2026-06-28 22:06:16,22,Sunday,1,6,32.0,74.7
2026-06-28 22:07:16,22,Sunday,1,6,31.9,74.8
2026-06-28 22:08:16,22,Sunday,1,6,31.9,74.8
2026-06-28 22:09:16,22,Sunday,1,6,31.9,74.7
2026-06-28 22:10:16,22,Sunday,1,6,31.9,74.8
2026-06-28 22:11:17,22,Sunday,1,6,31.9,74.9
2026-06-28 22:12:17,22,Sunday,1,6,31.9,74.9
2026-06-28 22:13:17,22,Sunday,1,6,31.9,74.9
2026-06-28 22:14:17,22,Sunday,1,6,31.9,75.0
2026-06-28 22:15:17,22,Sunday,1,6,31.9,74.9
2026-06-28 22:16:17,22,Sunday,1,6,31.9,74.9
2026-06-28 22:17:17,22,Sunday,1,6,31.9,74.9
2026-06-28 22:18:17,22,Sunday,1,6,31.9,75.0
2026-06-28 22:19:17,22,Sunday,1,6,31.9,74.9
2026-06-28 22:20:17,22,Sunday,1,6,31.9,75.0
2026-06-28 22:21:17,22,Sunday,1,6,31.9,75.1
2026-06-28 22:22:17,22,Sunday,1,6,31.9,75.0
2026-06-28 22:23:17,22,Sunday,1,6,31.9,75.0
2026-06-28 22:24:17,22,Sunday,1,6,31.9,75.0
2026-06-28 22:25:17,22,Sunday,1,6,31.9,75.0
2026-06-28 22:26:17,22,Sunday,1,6,31.9,75.1
2026-06-28 22:27:17,22,Sunday,1,6,31.9,75.1
2026-06-28 22:28:17,22,Sunday,1,6,31.9,75.1
2026-06-28 22:29:17,22,Sunday,1,6,31.8,75.0
2026-06-28 22:30:17,22,Sunday,1,6,31.9,75.2
2026-06-28 22:31:17,22,Sunday,1,6,31.9,75.2
2026-06-28 22:32:17,22,Sunday,1,6,31.9,75.1
2026-06-28 22:33:17,22,Sunday,1,6,31.9,75.1
2026-06-28 22:34:17,22,Sunday,1,6,31.9,75.2
2026-06-28 22:35:17,22,Sunday,1,6,31.9,75.1
2026-06-28 22:36:17,22,Sunday,1,6,31.8,75.1
2026-06-28 22:37:17,22,Sunday,1,6,31.8,75.2
2026-06-28 22:38:17,22,Sunday,1,6,31.9,75.2
2026-06-28 22:39:17,22,Sunday,1,6,31.8,75.3
2026-06-28 22:40:17,22,Sunday,1,6,31.8,75.2
2026-06-28 22:41:17,22,Sunday,1,6,31.8,75.2
2026-06-28 22:42:17,22,Sunday,1,6,31.8,75.2
2026-06-28 22:43:17,22,Sunday,1,6,31.8,75.1
2026-06-28 22:44:17,22,Sunday,1,6,31.8,75.2
2026-06-28 22:45:17,22,Sunday,1,6,31.8,75.2
2026-06-28 22:46:17,22,Sunday,1,6,31.8,75.2
2026-06-28 22:47:17,22,Sunday,1,6,31.8,75.2
2026-06-28 22:48:17,22,Sunday,1,6,31.8,75.2
2026-06-28 22:49:17,22,Sunday,1,6,31.8,75.2
2026-06-28 22:50:17,22,Sunday,1,6,31.8,75.2
2026-06-28 22:51:17,22,Sunday,1,6,31.8,75.3
2026-06-28 22:52:17,22,Sunday,1,6,31.8,75.2
2026-06-28 22:53:17,22,Sunday,1,6,31.8,75.3
2026-06-28 22:54:17,22,Sunday,1,6,31.8,75.3
2026-06-28 22:55:18,22,Sunday,1,6,31.8,75.3
2026-06-28 22:56:18,22,Sunday,1,6,31.8,75.4
2026-06-28 22:57:18,22,Sunday,1,6,31.8,75.3
2026-06-28 22:58:18,22,Sunday,1,6,31.8,75.4
2026-06-28 22:59:18,22,Sunday,1,6,31.8,75.2
2026-06-28 23:00:18,23,Sunday,1,6,31.8,75.2
2026-06-28 23:01:18,23,Sunday,1,6,31.8,75.2
2026-06-28 23:02:18,23,Sunday,1,6,31.8,75.3
2026-06-28 23:03:18,23,Sunday,1,6,31.8,75.2
2026-06-28 23:04:18,23,Sunday,1,6,31.8,75.2
2026-06-28 23:05:18,23,Sunday,1,6,31.8,75.2
2026-06-28 23:06:18,23,Sunday,1,6,31.7,75.1
2026-06-28 23:07:18,23,Sunday,1,6,31.7,75.2
2026-06-28 23:08:18,23,Sunday,1,6,31.7,75.1
2026-06-28 23:09:18,23,Sunday,1,6,31.7,75.2
2026-06-28 23:10:18,23,Sunday,1,6,31.7,75.2
2026-06-28 23:11:18,23,Sunday,1,6,31.7,75.3
2026-06-28 23:12:18,23,Sunday,1,6,31.7,75.2
2026-06-28 23:13:18,23,Sunday,1,6,31.7,75.2
2026-06-28 23:14:18,23,Sunday,1,6,31.7,75.3
2026-06-28 23:15:18,23,Sunday,1,6,31.7,75.3
2026-06-28 23:16:18,23,Sunday,1,6,31.7,75.2
2026-06-28 23:17:18,23,Sunday,1,6,31.7,75.1
2026-06-28 23:18:18,23,Sunday,1,6,31.7,75.2
2026-06-28 23:19:18,23,Sunday,1,6,31.7,75.1
2026-06-28 23:20:18,23,Sunday,1,6,31.7,75.1
2026-06-28 23:21:18,23,Sunday,1,6,31.7,75.1
2026-06-28 23:22:18,23,Sunday,1,6,31.7,75.1
2026-06-28 23:23:18,23,Sunday,1,6,31.7,74.9
2026-06-28 23:24:18,23,Sunday,1,6,31.7,75.0
2026-06-28 23:25:18,23,Sunday,1,6,31.7,75.0
2026-06-28 23:26:18,23,Sunday,1,6,31.7,75.0
2026-06-28 23:27:18,23,Sunday,1,6,31.7,75.0
2026-06-28 23:28:18,23,Sunday,1,6,31.6,74.9
2026-06-28 23:29:18,23,Sunday,1,6,31.7,75.0
2026-06-28 23:30:18,23,Sunday,1,6,31.6,75.0
2026-06-28 23:31:18,23,Sunday,1,6,31.7,75.1
2026-06-28 23:32:18,23,Sunday,1,6,31.6,75.0
2026-06-28 23:33:18,23,Sunday,1,6,31.6,74.9
2026-06-28 23:34:18,23,Sunday,1,6,31.6,74.9
2026-06-28 23:35:18,23,Sunday,1,6,31.6,75.0
2026-06-28 23:36:18,23,Sunday,1,6,31.6,74.9
2026-06-28 23:37:18,23,Sunday,1,6,31.6,74.9
2026-06-28 23:38:18,23,Sunday,1,6,31.6,74.8
2026-06-28 23:39:19,23,Sunday,1,6,31.6,74.8
2026-06-28 23:40:19,23,Sunday,1,6,31.6,74.8
2026-06-28 23:41:19,23,Sunday,1,6,31.6,74.8
2026-06-28 23:42:19,23,Sunday,1,6,31.6,74.8
2026-06-28 23:43:19,23,Sunday,1,6,31.6,74.8
2026-06-28 23:44:19,23,Sunday,1,6,31.6,74.8
2026-06-28 23:45:19,23,Sunday,1,6,31.6,74.8
2026-06-28 23:46:19,23,Sunday,1,6,31.6,74.8
2026-06-28 23:47:19,23,Sunday,1,6,31.6,74.7
2026-06-28 23:48:19,23,Sunday,1,6,31.6,74.8
2026-06-28 23:49:19,23,Sunday,1,6,31.6,74.7
2026-06-28 23:50:19,23,Sunday,1,6,31.6,74.7
2026-06-28 23:51:19,23,Sunday,1,6,31.6,74.8
2026-06-28 23:52:19,23,Sunday,1,6,31.6,74.7
2026-06-28 23:53:19,23,Sunday,1,6,31.6,74.6
2026-06-28 23:54:19,23,Sunday,1,6,31.6,74.6
2026-06-28 23:55:19,23,Sunday,1,6,31.6,74.7
2026-06-28 23:56:19,23,Sunday,1,6,31.5,74.6
2026-06-28 23:57:19,23,Sunday,1,6,31.5,74.7
2026-06-28 23:58:19,23,Sunday,1,6,31.5,74.5
2026-06-28 23:59:19,23,Sunday,1,6,31.5,74.6
2026-06-29 00:00:19,0,Monday,0,0,31.5,74.6
2026-06-29 00:01:19,0,Monday,0,0,31.5,74.6
2026-06-29 00:02:19,0,Monday,0,0,31.5,74.6
2026-06-29 00:03:19,0,Monday,0,0,31.5,74.6
2026-06-29 00:04:19,0,Monday,0,0,31.5,74.6
2026-06-29 00:05:19,0,Monday,0,0,31.5,74.6
2026-06-29 00:06:19,0,Monday,0,0,31.5,74.6
2026-06-29 00:07:19,0,Monday,0,0,31.5,74.5
2026-06-29 00:08:19,0,Monday,0,0,31.5,74.4
2026-06-29 00:09:19,0,Monday,0,0,31.5,74.4
2026-06-29 00:10:19,0,Monday,0,0,31.5,74.4
2026-06-29 00:11:19,0,Monday,0,0,31.5,74.3
2026-06-29 00:12:19,0,Monday,0,0,31.5,74.3
2026-06-29 00:13:19,0,Monday,0,0,31.5,74.4
2026-06-29 00:14:19,0,Monday,0,0,31.5,74.3
2026-06-29 00:15:19,0,Monday,0,0,31.5,74.3
2026-06-29 00:16:19,0,Monday,0,0,31.5,74.3
2026-06-29 00:17:19,0,Monday,0,0,31.5,74.3
2026-06-29 00:18:19,0,Monday,0,0,31.4,74.4
2026-06-29 00:19:19,0,Monday,0,0,31.5,74.4
2026-06-29 00:20:19,0,Monday,0,0,31.5,74.4
2026-06-29 00:21:19,0,Monday,0,0,31.5,74.3
2026-06-29 00:22:19,0,Monday,0,0,31.5,74.5
2026-06-29 00:23:20,0,Monday,0,0,31.4,74.4
2026-06-29 00:24:20,0,Monday,0,0,31.5,74.4
2026-06-29 00:25:20,0,Monday,0,0,31.4,74.3
2026-06-29 00:26:20,0,Monday,0,0,31.4,74.3
2026-06-29 00:27:20,0,Monday,0,0,31.4,74.3
2026-06-29 00:28:20,0,Monday,0,0,31.4,74.3
2026-06-29 00:29:20,0,Monday,0,0,31.4,74.3
2026-06-29 00:30:20,0,Monday,0,0,31.4,74.3
2026-06-29 00:31:20,0,Monday,0,0,31.4,74.2
2026-06-29 00:32:20,0,Monday,0,0,31.4,74.2
2026-06-29 00:33:20,0,Monday,0,0,31.4,74.2
2026-06-29 00:34:20,0,Monday,0,0,31.4,74.3
2026-06-29 00:35:20,0,Monday,0,0,31.4,74.2
2026-06-29 00:36:20,0,Monday,0,0,31.4,74.2
2026-06-29 00:37:20,0,Monday,0,0,31.4,74.2
2026-06-29 00:38:20,0,Monday,0,0,31.4,74.2
2026-06-29 00:39:20,0,Monday,0,0,31.4,74.1
2026-06-29 00:40:20,0,Monday,0,0,31.4,74.2
2026-06-29 00:41:20,0,Monday,0,0,31.4,74.2
2026-06-29 00:42:20,0,Monday,0,0,31.4,74.2
2026-06-29 00:43:20,0,Monday,0,0,31.4,74.2
2026-06-29 00:44:20,0,Monday,0,0,31.4,74.3
2026-06-29 00:45:20,0,Monday,0,0,31.4,74.2
2026-06-29 00:46:20,0,Monday,0,0,31.4,74.1
2026-06-29 00:47:20,0,Monday,0,0,31.4,74.2
2026-06-29 00:48:20,0,Monday,0,0,31.4,74.2
2026-06-29 00:49:20,0,Monday,0,0,31.4,74.1
2026-06-29 00:50:20,0,Monday,0,0,31.4,74.1
2026-06-29 00:51:20,0,Monday,0,0,31.4,74.2
2026-06-29 00:52:20,0,Monday,0,0,31.4,74.1
2026-06-29 00:53:20,0,Monday,0,0,31.3,74.1
2026-06-29 00:54:20,0,Monday,0,0,31.3,74.2
2026-06-29 00:55:20,0,Monday,0,0,31.3,74.1
2026-06-29 00:56:20,0,Monday,0,0,31.3,74.0
2026-06-29 00:57:20,0,Monday,0,0,31.3,74.2
2026-06-29 00:58:20,0,Monday,0,0,31.3,74.1
2026-06-29 00:59:20,0,Monday,0,0,31.3,74.1
2026-06-29 01:00:20,1,Monday,0,0,31.3,74.2
2026-06-29 01:01:20,1,Monday,0,0,31.3,74.2
2026-06-29 01:02:20,1,Monday,0,0,31.3,74.1
2026-06-29 01:03:20,1,Monday,0,0,31.3,74.1
2026-06-29 01:04:20,1,Monday,0,0,31.3,74.0
2026-06-29 01:05:20,1,Monday,0,0,31.3,74.1
2026-06-29 01:06:20,1,Monday,0,0,31.3,74.0
2026-06-29 01:07:20,1,Monday,0,0,31.3,74.0
2026-06-29 01:08:21,1,Monday,0,0,31.3,74.1
2026-06-29 01:09:21,1,Monday,0,0,31.3,74.1
2026-06-29 01:10:21,1,Monday,0,0,31.3,74.0
2026-06-29 01:11:21,1,Monday,0,0,31.3,74.1
2026-06-29 01:12:21,1,Monday,0,0,31.3,74.1
2026-06-29 01:13:21,1,Monday,0,0,31.3,74.1
2026-06-29 01:14:21,1,Monday,0,0,31.3,74.1
2026-06-29 01:15:21,1,Monday,0,0,31.3,74.1
2026-06-29 01:16:21,1,Monday,0,0,31.3,74.0
2026-06-29 01:17:21,1,Monday,0,0,31.3,74.1
2026-06-29 01:18:21,1,Monday,0,0,31.3,74.2
2026-06-29 01:19:21,1,Monday,0,0,31.3,74.1
2026-06-29 01:20:21,1,Monday,0,0,31.3,74.2
2026-06-29 01:21:21,1,Monday,0,0,31.3,74.1
2026-06-29 01:22:21,1,Monday,0,0,31.3,74.2
2026-06-29 01:23:21,1,Monday,0,0,31.3,74.1
2026-06-29 01:24:21,1,Monday,0,0,31.2,74.1
2026-06-29 01:25:21,1,Monday,0,0,31.2,74.0
2026-06-29 01:26:21,1,Monday,0,0,31.3,74.1
2026-06-29 01:27:21,1,Monday,0,0,31.3,74.1
2026-06-29 01:28:21,1,Monday,0,0,31.3,74.1
2026-06-29 01:29:21,1,Monday,0,0,31.2,74.2
2026-06-29 01:30:21,1,Monday,0,0,31.2,74.2
2026-06-29 01:31:21,1,Monday,0,0,31.2,74.1
2026-06-29 01:32:21,1,Monday,0,0,31.2,74.2
2026-06-29 01:33:21,1,Monday,0,0,31.2,74.2
2026-06-29 01:34:21,1,Monday,0,0,31.2,74.3
2026-06-29 01:35:21,1,Monday,0,0,31.2,74.2
2026-06-29 01:36:21,1,Monday,0,0,31.2,74.3
2026-06-29 01:37:21,1,Monday,0,0,31.2,74.3
2026-06-29 01:38:21,1,Monday,0,0,31.2,74.4
2026-06-29 01:39:21,1,Monday,0,0,31.2,74.3
2026-06-29 01:40:21,1,Monday,0,0,31.2,74.3
2026-06-29 01:41:21,1,Monday,0,0,31.2,74.3
2026-06-29 01:42:21,1,Monday,0,0,31.2,74.3
2026-06-29 01:43:21,1,Monday,0,0,31.2,74.3
2026-06-29 01:44:21,1,Monday,0,0,31.2,74.3
2026-06-29 01:45:21,1,Monday,0,0,31.2,74.3
2026-06-29 01:46:21,1,Monday,0,0,31.2,74.3
2026-06-29 01:47:21,1,Monday,0,0,31.2,74.3
2026-06-29 01:48:21,1,Monday,0,0,31.2,74.3
2026-06-29 01:49:21,1,Monday,0,0,31.2,74.3
2026-06-29 01:50:21,1,Monday,0,0,31.2,74.2
2026-06-29 01:51:21,1,Monday,0,0,31.2,74.3
2026-06-29 01:52:21,1,Monday,0,0,31.2,74.2
2026-06-29 01:53:22,1,Monday,0,0,31.2,74.2
2026-06-29 01:54:22,1,Monday,0,0,31.2,74.3
2026-06-29 01:55:22,1,Monday,0,0,31.2,74.2
2026-06-29 01:56:22,1,Monday,0,0,31.2,74.1
2026-06-29 01:57:22,1,Monday,0,0,31.2,74.2
2026-06-29 01:58:22,1,Monday,0,0,31.2,74.2
2026-06-29 01:59:22,1,Monday,0,0,31.2,74.3
2026-06-29 02:00:22,2,Monday,0,0,31.2,74.2
2026-06-29 02:01:22,2,Monday,0,0,31.2,74.2
2026-06-29 02:02:22,2,Monday,0,0,31.1,74.2
2026-06-29 02:03:22,2,Monday,0,0,31.1,74.2
2026-06-29 02:04:22,2,Monday,0,0,31.1,74.3
2026-06-29 02:05:22,2,Monday,0,0,31.1,74.2
2026-06-29 02:06:22,2,Monday,0,0,31.1,74.2
2026-06-29 02:07:22,2,Monday,0,0,31.1,74.3
2026-06-29 02:08:22,2,Monday,0,0,31.1,74.2
2026-06-29 02:09:22,2,Monday,0,0,31.1,74.3
2026-06-29 02:10:22,2,Monday,0,0,31.1,74.3
2026-06-29 02:11:22,2,Monday,0,0,31.1,74.4
2026-06-29 02:12:22,2,Monday,0,0,31.1,74.4
2026-06-29 02:13:22,2,Monday,0,0,31.1,74.3
2026-06-29 02:14:22,2,Monday,0,0,31.1,74.3
2026-06-29 02:15:22,2,Monday,0,0,31.1,74.3
2026-06-29 02:16:22,2,Monday,0,0,31.1,74.3
2026-06-29 02:17:22,2,Monday,0,0,31.1,74.3
2026-06-29 02:18:22,2,Monday,0,0,31.1,74.4
2026-06-29 02:19:22,2,Monday,0,0,31.1,74.4
2026-06-29 02:20:22,2,Monday,0,0,31.1,74.4
2026-06-29 02:21:22,2,Monday,0,0,31.1,74.4
2026-06-29 02:22:22,2,Monday,0,0,31.1,74.4
2026-06-29 02:23:22,2,Monday,0,0,31.1,74.4
2026-06-29 02:24:22,2,Monday,0,0,31.1,74.4
2026-06-29 02:25:22,2,Monday,0,0,31.1,74.4
2026-06-29 02:26:22,2,Monday,0,0,31.1,74.4
2026-06-29 02:27:22,2,Monday,0,0,31.1,74.5
2026-06-29 02:28:22,2,Monday,0,0,31.1,74.4
2026-06-29 02:29:22,2,Monday,0,0,31.0,74.5
2026-06-29 02:30:22,2,Monday,0,0,31.0,74.4
2026-06-29 02:31:22,2,Monday,0,0,31.0,74.4
2026-06-29 02:32:22,2,Monday,0,0,31.1,74.5
2026-06-29 02:33:22,2,Monday,0,0,31.1,74.5
2026-06-29 02:34:22,2,Monday,0,0,31.1,74.5
2026-06-29 02:35:22,2,Monday,0,0,31.0,74.5
2026-06-29 02:36:22,2,Monday,0,0,31.0,74.6
2026-06-29 02:37:23,2,Monday,0,0,31.0,74.6
2026-06-29 02:38:23,2,Monday,0,0,31.0,74.6
2026-06-29 02:39:23,2,Monday,0,0,31.0,74.5
2026-06-29 02:40:23,2,Monday,0,0,31.0,74.5
2026-06-29 02:41:23,2,Monday,0,0,31.0,74.6
2026-06-29 02:42:23,2,Monday,0,0,31.0,74.6
2026-06-29 02:43:23,2,Monday,0,0,31.0,74.6
2026-06-29 02:44:23,2,Monday,0,0,31.0,74.6
2026-06-29 02:45:23,2,Monday,0,0,31.0,74.6
2026-06-29 02:46:23,2,Monday,0,0,31.0,74.6
2026-06-29 02:47:23,2,Monday,0,0,31.0,74.7
2026-06-29 02:48:23,2,Monday,0,0,31.0,74.7
2026-06-29 02:49:23,2,Monday,0,0,31.0,74.7
2026-06-29 02:50:23,2,Monday,0,0,31.0,74.7
2026-06-29 02:51:23,2,Monday,0,0,31.0,74.7
2026-06-29 02:52:23,2,Monday,0,0,31.0,74.7
2026-06-29 02:53:23,2,Monday,0,0,31.0,74.8
2026-06-29 02:54:23,2,Monday,0,0,31.0,74.9
2026-06-29 02:55:23,2,Monday,0,0,31.0,74.8
2026-06-29 02:56:23,2,Monday,0,0,31.0,74.7
2026-06-29 02:57:23,2,Monday,0,0,31.0,74.8
2026-06-29 02:58:23,2,Monday,0,0,31.0,74.8
2026-06-29 02:59:23,2,Monday,0,0,31.0,74.8
2026-06-29 03:00:23,3,Monday,0,0,31.0,74.9
2026-06-29 03:01:23,3,Monday,0,0,31.0,74.9
2026-06-29 03:02:23,3,Monday,0,0,31.0,74.9
2026-06-29 03:03:23,3,Monday,0,0,31.0,74.8
2026-06-29 03:04:23,3,Monday,0,0,31.0,74.9
2026-06-29 03:05:23,3,Monday,0,0,31.0,74.9
2026-06-29 03:06:23,3,Monday,0,0,31.0,75.0
2026-06-29 03:07:23,3,Monday,0,0,31.0,75.0
2026-06-29 03:08:23,3,Monday,0,0,30.9,75.1
2026-06-29 03:09:23,3,Monday,0,0,30.9,75.0
2026-06-29 03:10:23,3,Monday,0,0,30.9,75.0
2026-06-29 03:11:23,3,Monday,0,0,30.9,75.0
2026-06-29 03:12:23,3,Monday,0,0,30.9,75.0
2026-06-29 03:13:23,3,Monday,0,0,30.9,75.0
2026-06-29 03:14:23,3,Monday,0,0,30.9,75.1
2026-06-29 03:15:23,3,Monday,0,0,31.0,75.1
2026-06-29 03:16:23,3,Monday,0,0,30.9,75.2
2026-06-29 03:17:23,3,Monday,0,0,30.9,75.0
2026-06-29 03:18:23,3,Monday,0,0,30.9,75.1
2026-06-29 03:19:23,3,Monday,0,0,30.9,75.1
2026-06-29 03:20:23,3,Monday,0,0,30.9,75.1
2026-06-29 03:21:23,3,Monday,0,0,30.9,75.2
2026-06-29 03:22:24,3,Monday,0,0,30.9,75.2
2026-06-29 03:23:24,3,Monday,0,0,30.9,75.2
2026-06-29 03:24:24,3,Monday,0,0,30.9,75.2
2026-06-29 03:25:24,3,Monday,0,0,30.9,75.2
2026-06-29 03:26:24,3,Monday,0,0,30.9,75.2
2026-06-29 03:27:24,3,Monday,0,0,30.9,75.1
2026-06-29 03:28:24,3,Monday,0,0,30.9,75.1
2026-06-29 03:29:24,3,Monday,0,0,30.9,75.1
2026-06-29 03:30:24,3,Monday,0,0,30.9,75.2
2026-06-29 03:31:24,3,Monday,0,0,30.9,75.2
2026-06-29 03:32:24,3,Monday,0,0,30.9,75.1
2026-06-29 03:33:24,3,Monday,0,0,30.9,75.3
2026-06-29 03:34:24,3,Monday,0,0,30.9,75.2
2026-06-29 03:35:24,3,Monday,0,0,30.9,75.2
2026-06-29 03:36:24,3,Monday,0,0,30.9,75.2
2026-06-29 03:37:24,3,Monday,0,0,30.9,75.2
2026-06-29 03:38:24,3,Monday,0,0,30.9,75.1
2026-06-29 03:39:24,3,Monday,0,0,30.9,75.2
2026-06-29 03:40:24,3,Monday,0,0,30.9,75.2
2026-06-29 03:41:24,3,Monday,0,0,30.9,75.1
2026-06-29 03:42:24,3,Monday,0,0,30.9,75.2
2026-06-29 03:43:24,3,Monday,0,0,30.9,75.2
2026-06-29 03:44:24,3,Monday,0,0,30.9,75.2
2026-06-29 03:45:24,3,Monday,0,0,30.9,75.2
2026-06-29 03:46:24,3,Monday,0,0,30.9,75.3
2026-06-29 03:47:24,3,Monday,0,0,30.9,75.4
2026-06-29 03:48:24,3,Monday,0,0,30.9,75.4
2026-06-29 03:49:24,3,Monday,0,0,30.8,75.3
2026-06-29 03:50:24,3,Monday,0,0,30.8,75.2
2026-06-29 03:51:24,3,Monday,0,0,30.8,75.3
2026-06-29 03:52:24,3,Monday,0,0,30.9,75.3
2026-06-29 03:53:24,3,Monday,0,0,30.9,75.3
2026-06-29 03:54:24,3,Monday,0,0,30.9,75.2
2026-06-29 03:55:24,3,Monday,0,0,30.9,75.3
2026-06-29 03:56:24,3,Monday,0,0,30.8,75.2
2026-06-29 03:57:24,3,Monday,0,0,30.8,75.3
2026-06-29 03:58:24,3,Monday,0,0,30.8,75.3
2026-06-29 03:59:24,3,Monday,0,0,30.8,75.3
2026-06-29 04:00:24,4,Monday,0,0,30.8,75.2
2026-06-29 04:01:24,4,Monday,0,0,30.8,75.2
2026-06-29 04:02:24,4,Monday,0,0,30.8,75.2
2026-06-29 04:03:24,4,Monday,0,0,30.8,75.3
2026-06-29 04:04:24,4,Monday,0,0,30.8,75.3
2026-06-29 04:05:24,4,Monday,0,0,30.8,75.2
2026-06-29 04:06:24,4,Monday,0,0,30.8,75.2
2026-06-29 04:07:25,4,Monday,0,0,30.8,75.2
2026-06-29 04:08:25,4,Monday,0,0,30.8,75.3
2026-06-29 04:09:25,4,Monday,0,0,30.8,75.2
2026-06-29 04:10:25,4,Monday,0,0,30.8,75.3
2026-06-29 04:11:25,4,Monday,0,0,30.8,75.4
2026-06-29 04:12:25,4,Monday,0,0,30.8,75.3
2026-06-29 04:13:25,4,Monday,0,0,30.8,75.3
2026-06-29 04:14:25,4,Monday,0,0,30.8,75.4
2026-06-29 04:15:25,4,Monday,0,0,30.8,75.3
2026-06-29 04:16:25,4,Monday,0,0,30.8,75.4
2026-06-29 04:17:25,4,Monday,0,0,30.8,75.4
2026-06-29 04:18:25,4,Monday,0,0,30.8,75.3
2026-06-29 04:19:25,4,Monday,0,0,30.8,75.3
2026-06-29 04:20:25,4,Monday,0,0,30.8,75.2
2026-06-29 04:21:25,4,Monday,0,0,30.8,75.3
2026-06-29 04:22:25,4,Monday,0,0,30.8,75.3
2026-06-29 04:23:25,4,Monday,0,0,30.8,75.3
2026-06-29 04:24:25,4,Monday,0,0,30.8,75.2
2026-06-29 04:25:25,4,Monday,0,0,30.7,75.2
2026-06-29 04:26:25,4,Monday,0,0,30.7,75.3
2026-06-29 04:27:25,4,Monday,0,0,30.7,75.3
2026-06-29 04:28:25,4,Monday,0,0,30.7,75.4
2026-06-29 04:29:25,4,Monday,0,0,30.7,75.4
2026-06-29 04:30:25,4,Monday,0,0,30.7,75.4
2026-06-29 04:31:25,4,Monday,0,0,30.7,75.4
2026-06-29 04:32:25,4,Monday,0,0,30.7,75.3
2026-06-29 04:33:25,4,Monday,0,0,30.7,75.4
2026-06-29 04:34:25,4,Monday,0,0,30.7,75.3
2026-06-29 04:35:25,4,Monday,0,0,30.7,75.3
2026-06-29 04:36:25,4,Monday,0,0,30.7,75.2
2026-06-29 04:37:25,4,Monday,0,0,30.7,75.4
2026-06-29 04:38:25,4,Monday,0,0,30.7,75.3
2026-06-29 04:39:25,4,Monday,0,0,30.7,75.3
2026-06-29 04:40:25,4,Monday,0,0,30.7,75.4
2026-06-29 04:41:25,4,Monday,0,0,30.7,75.3
2026-06-29 04:42:25,4,Monday,0,0,30.7,75.3
2026-06-29 04:43:25,4,Monday,0,0,30.7,75.4
2026-06-29 04:44:25,4,Monday,0,0,30.7,75.4
2026-06-29 04:45:25,4,Monday,0,0,30.7,75.3
2026-06-29 04:46:25,4,Monday,0,0,30.7,75.4
2026-06-29 04:47:25,4,Monday,0,0,30.7,75.3
2026-06-29 04:48:25,4,Monday,0,0,30.7,75.4
2026-06-29 04:49:25,4,Monday,0,0,30.7,75.4
2026-06-29 04:50:25,4,Monday,0,0,30.7,75.3
2026-06-29 04:51:25,4,Monday,0,0,30.7,75.4
2026-06-29 04:52:26,4,Monday,0,0,30.7,75.3
2026-06-29 04:53:26,4,Monday,0,0,30.7,75.4
2026-06-29 04:54:26,4,Monday,0,0,30.7,75.3
2026-06-29 04:55:26,4,Monday,0,0,30.6,75.3
2026-06-29 04:56:26,4,Monday,0,0,30.6,75.4
2026-06-29 04:57:26,4,Monday,0,0,30.6,75.3
2026-06-29 04:58:26,4,Monday,0,0,30.7,75.4
2026-06-29 04:59:26,4,Monday,0,0,30.7,75.4
2026-06-29 05:00:26,5,Monday,0,0,30.7,75.3
2026-06-29 05:01:26,5,Monday,0,0,30.7,75.4
2026-06-29 05:02:26,5,Monday,0,0,30.6,75.4
2026-06-29 05:03:26,5,Monday,0,0,30.7,75.4
2026-06-29 05:04:26,5,Monday,0,0,30.7,75.4
2026-06-29 05:05:26,5,Monday,0,0,30.6,75.3
2026-06-29 05:06:26,5,Monday,0,0,30.6,75.3
2026-06-29 05:07:26,5,Monday,0,0,30.6,75.4
2026-06-29 05:08:26,5,Monday,0,0,30.6,75.5
2026-06-29 05:09:26,5,Monday,0,0,30.6,75.3
2026-06-29 05:10:26,5,Monday,0,0,30.6,75.3
2026-06-29 05:11:26,5,Monday,0,0,30.6,75.4
2026-06-29 05:12:26,5,Monday,0,0,30.6,75.4
2026-06-29 05:13:26,5,Monday,0,0,30.6,75.3
2026-06-29 05:14:26,5,Monday,0,0,30.6,75.4
2026-06-29 05:15:26,5,Monday,0,0,30.6,75.4
2026-06-29 05:16:26,5,Monday,0,0,30.6,75.4
2026-06-29 05:17:26,5,Monday,0,0,30.6,75.5
2026-06-29 05:18:26,5,Monday,0,0,30.6,75.4
2026-06-29 05:19:26,5,Monday,0,0,30.6,75.5
2026-06-29 05:20:26,5,Monday,0,0,30.6,75.4
2026-06-29 05:21:26,5,Monday,0,0,30.6,75.5
2026-06-29 05:22:26,5,Monday,0,0,30.6,75.5
2026-06-29 05:23:26,5,Monday,0,0,30.6,75.6
2026-06-29 05:24:26,5,Monday,0,0,30.6,75.5
2026-06-29 05:25:26,5,Monday,0,0,30.6,75.5
2026-06-29 05:26:26,5,Monday,0,0,30.6,75.5
2026-06-29 05:27:26,5,Monday,0,0,30.6,75.5
2026-06-29 05:28:26,5,Monday,0,0,30.6,75.5
2026-06-29 05:29:26,5,Monday,0,0,30.6,75.5
2026-06-29 05:30:26,5,Monday,0,0,30.6,75.5
2026-06-29 05:31:26,5,Monday,0,0,30.6,75.5
2026-06-29 05:32:26,5,Monday,0,0,30.6,75.5
2026-06-29 05:33:26,5,Monday,0,0,30.6,75.4
2026-06-29 05:34:26,5,Monday,0,0,30.6,75.4
2026-06-29 05:35:26,5,Monday,0,0,30.6,75.6
2026-06-29 05:36:26,5,Monday,0,0,30.6,75.5
2026-06-29 05:37:26,5,Monday,0,0,30.6,75.4
2026-06-29 05:38:27,5,Monday,0,0,30.6,75.6
2026-06-29 05:39:27,5,Monday,0,0,30.6,75.6
2026-06-29 05:40:27,5,Monday,0,0,30.6,75.5
2026-06-29 05:41:27,5,Monday,0,0,30.5,75.5
2026-06-29 05:42:27,5,Monday,0,0,30.6,75.5
2026-06-29 05:43:27,5,Monday,0,0,30.5,75.6
2026-06-29 05:44:27,5,Monday,0,0,30.5,75.5
2026-06-29 05:45:27,5,Monday,0,0,30.5,75.6
2026-06-29 05:46:27,5,Monday,0,0,30.5,75.5
2026-06-29 05:47:27,5,Monday,0,0,30.5,75.5
2026-06-29 05:48:27,5,Monday,0,0,30.5,75.5
2026-06-29 05:49:27,5,Monday,0,0,30.5,75.6
2026-06-29 05:50:27,5,Monday,0,0,30.6,75.5
2026-06-29 05:51:27,5,Monday,0,0,30.5,75.6
2026-06-29 05:52:27,5,Monday,0,0,30.5,75.6
2026-06-29 05:53:27,5,Monday,0,0,30.5,75.7
2026-06-29 05:54:27,5,Monday,0,0,30.5,75.7
2026-06-29 05:55:27,5,Monday,0,0,30.5,75.5
2026-06-29 05:56:27,5,Monday,0,0,30.5,75.6
2026-06-29 05:57:27,5,Monday,0,0,30.5,75.5
2026-06-29 05:58:27,5,Monday,0,0,30.5,75.5
2026-06-29 05:59:27,5,Monday,0,0,30.5,75.6
2026-06-29 06:00:27,6,Monday,0,0,30.5,75.5
2026-06-29 06:01:27,6,Monday,0,0,30.5,75.6
2026-06-29 06:02:27,6,Monday,0,0,30.5,75.6
2026-06-29 06:03:27,6,Monday,0,0,30.5,75.6
2026-06-29 06:04:27,6,Monday,0,0,30.5,75.6
2026-06-29 06:05:27,6,Monday,0,0,30.5,75.5
2026-06-29 06:06:27,6,Monday,0,0,30.5,75.7
2026-06-29 06:07:27,6,Monday,0,0,30.5,75.6
2026-06-29 06:08:27,6,Monday,0,0,30.5,75.6
2026-06-29 06:09:27,6,Monday,0,0,30.5,75.6
2026-06-29 06:10:27,6,Monday,0,0,30.5,75.5
2026-06-29 06:11:27,6,Monday,0,0,30.5,75.6
2026-06-29 06:12:27,6,Monday,0,0,30.5,75.6
2026-06-29 06:13:27,6,Monday,0,0,30.5,75.6
2026-06-29 06:14:27,6,Monday,0,0,30.5,75.6
2026-06-29 06:15:27,6,Monday,0,0,30.5,75.6
2026-06-29 06:16:27,6,Monday,0,0,30.5,75.6
2026-06-29 06:17:27,6,Monday,0,0,30.5,75.6
2026-06-29 06:18:27,6,Monday,0,0,30.5,75.6
2026-06-29 06:19:27,6,Monday,0,0,30.5,75.6
2026-06-29 06:20:27,6,Monday,0,0,30.5,75.5
2026-06-29 06:21:27,6,Monday,0,0,30.5,75.6
2026-06-29 06:22:27,6,Monday,0,0,30.5,75.6
2026-06-29 06:23:28,6,Monday,0,0,30.5,75.7
2026-06-29 06:24:28,6,Monday,0,0,30.5,75.6
2026-06-29 06:25:28,6,Monday,0,0,30.5,75.7
2026-06-29 06:26:28,6,Monday,0,0,30.5,75.6
2026-06-29 06:27:28,6,Monday,0,0,30.4,75.6
2026-06-29 06:28:28,6,Monday,0,0,30.5,75.5
2026-06-29 06:29:28,6,Monday,0,0,30.5,75.6
2026-06-29 06:30:28,6,Monday,0,0,30.5,75.6
2026-06-29 06:31:28,6,Monday,0,0,30.5,75.5
2026-06-29 06:32:28,6,Monday,0,0,30.4,75.6
2026-06-29 06:33:28,6,Monday,0,0,30.4,75.5
2026-06-29 06:34:28,6,Monday,0,0,30.5,75.7
2026-06-29 06:35:28,6,Monday,0,0,30.4,75.7
2026-06-29 06:36:28,6,Monday,0,0,30.4,75.7
2026-06-29 06:37:28,6,Monday,0,0,30.4,75.6
2026-06-29 06:38:28,6,Monday,0,0,30.4,75.7
2026-06-29 06:39:28,6,Monday,0,0,30.4,75.6
2026-06-29 06:40:28,6,Monday,0,0,30.4,75.7
2026-06-29 06:41:28,6,Monday,0,0,30.4,75.6
2026-06-29 06:42:28,6,Monday,0,0,30.4,75.7
2026-06-29 06:43:28,6,Monday,0,0,30.4,75.7
2026-06-29 06:44:28,6,Monday,0,0,30.4,75.7
2026-06-29 06:45:28,6,Monday,0,0,30.4,75.8
2026-06-29 06:46:28,6,Monday,0,0,30.4,75.7
2026-06-29 06:47:28,6,Monday,0,0,30.4,75.8
2026-06-29 06:48:28,6,Monday,0,0,30.4,75.7
2026-06-29 06:49:28,6,Monday,0,0,30.4,75.8
2026-06-29 06:50:28,6,Monday,0,0,30.4,75.8
2026-06-29 06:51:28,6,Monday,0,0,30.4,75.8
2026-06-29 06:52:28,6,Monday,0,0,30.4,75.7
2026-06-29 06:53:28,6,Monday,0,0,30.4,75.8
2026-06-29 06:54:28,6,Monday,0,0,30.4,75.7
2026-06-29 06:55:28,6,Monday,0,0,30.4,75.6
2026-06-29 06:56:28,6,Monday,0,0,30.4,75.8
2026-06-29 06:57:28,6,Monday,0,0,30.4,75.7
2026-06-29 06:58:28,6,Monday,0,0,30.4,75.7
2026-06-29 06:59:28,6,Monday,0,0,30.4,75.6
2026-06-29 07:00:28,7,Monday,0,0,30.4,75.7
2026-06-29 07:01:28,7,Monday,0,0,30.4,75.7
2026-06-29 07:02:28,7,Monday,0,0,30.4,75.7
2026-06-29 07:03:28,7,Monday,0,0,30.4,75.7
2026-06-29 07:04:28,7,Monday,0,0,30.4,75.7
2026-06-29 07:05:28,7,Monday,0,0,30.4,75.7
2026-06-29 07:06:28,7,Monday,0,0,30.4,75.7
2026-06-29 07:07:28,7,Monday,0,0,30.4,75.7
2026-06-29 07:08:28,7,Monday,0,0,30.4,75.6
2026-06-29 07:09:29,7,Monday,0,0,30.4,75.7
2026-06-29 07:10:29,7,Monday,0,0,30.4,75.8
2026-06-29 07:11:29,7,Monday,0,0,30.4,75.7
2026-06-29 07:12:29,7,Monday,0,0,30.4,75.8
2026-06-29 07:13:29,7,Monday,0,0,30.4,75.7
2026-06-29 07:14:29,7,Monday,0,0,30.4,75.7
2026-06-29 07:15:29,7,Monday,0,0,30.4,75.7
2026-06-29 07:16:29,7,Monday,0,0,30.4,75.6
2026-06-29 07:17:29,7,Monday,0,0,30.4,75.8
2026-06-29 07:18:29,7,Monday,0,0,30.4,75.6
2026-06-29 07:19:29,7,Monday,0,0,30.4,75.7
2026-06-29 07:20:29,7,Monday,0,0,30.4,75.6
2026-06-29 07:21:29,7,Monday,0,0,30.4,75.7
2026-06-29 07:22:29,7,Monday,0,0,30.4,75.6
2026-06-29 07:23:29,7,Monday,0,0,30.4,75.6
2026-06-29 07:24:29,7,Monday,0,0,30.4,75.8
2026-06-29 07:25:29,7,Monday,0,0,30.4,75.7
2026-06-29 07:26:29,7,Monday,0,0,30.4,75.8
2026-06-29 07:27:29,7,Monday,0,0,30.4,75.7
2026-06-29 07:28:29,7,Monday,0,0,30.4,75.7
2026-06-29 07:29:29,7,Monday,0,0,30.4,75.7
2026-06-29 07:30:29,7,Monday,0,0,30.4,75.8
2026-06-29 07:31:29,7,Monday,0,0,30.4,75.6
2026-06-29 07:32:29,7,Monday,0,0,30.4,75.8
2026-06-29 07:33:29,7,Monday,0,0,30.3,75.7
2026-06-29 07:34:29,7,Monday,0,0,30.4,75.8
2026-06-29 07:35:29,7,Monday,0,0,30.3,75.8
2026-06-29 07:36:29,7,Monday,0,0,30.4,75.8
2026-06-29 07:37:29,7,Monday,0,0,30.3,75.8
2026-06-29 07:38:29,7,Monday,0,0,30.3,75.8
2026-06-29 07:39:29,7,Monday,0,0,30.4,75.8
2026-06-29 07:40:29,7,Monday,0,0,30.4,75.9
2026-06-29 07:41:29,7,Monday,0,0,30.3,75.9
2026-06-29 07:42:29,7,Monday,0,0,30.3,75.8
2026-06-29 07:43:29,7,Monday,0,0,30.3,75.9
2026-06-29 07:44:29,7,Monday,0,0,30.3,75.9
2026-06-29 07:45:29,7,Monday,0,0,30.3,75.9
2026-06-29 07:46:29,7,Monday,0,0,30.3,75.9
2026-06-29 07:47:29,7,Monday,0,0,30.3,75.9
2026-06-29 07:48:29,7,Monday,0,0,30.4,76.0
2026-06-29 07:49:29,7,Monday,0,0,30.4,75.9
2026-06-29 07:50:29,7,Monday,0,0,30.3,75.9
2026-06-29 07:51:29,7,Monday,0,0,30.3,76.0
2026-06-29 07:52:29,7,Monday,0,0,30.3,75.9
2026-06-29 07:53:29,7,Monday,0,0,30.4,75.9
2026-06-29 07:54:30,7,Monday,0,0,30.3,75.9
2026-06-29 07:55:30,7,Monday,0,0,30.4,75.9
2026-06-29 07:56:30,7,Monday,0,0,30.4,75.9
2026-06-29 07:57:30,7,Monday,0,0,30.3,76.0
2026-06-29 07:58:30,7,Monday,0,0,30.3,76.0
2026-06-29 07:59:30,7,Monday,0,0,30.4,75.9
2026-06-29 08:00:30,8,Monday,0,0,30.4,75.9
2026-06-29 08:01:30,8,Monday,0,0,30.4,76.0
2026-06-29 08:02:30,8,Monday,0,0,30.4,76.0
2026-06-29 08:03:30,8,Monday,0,0,30.4,76.0
2026-06-29 08:04:30,8,Monday,0,0,30.4,76.1
2026-06-29 08:05:30,8,Monday,0,0,30.4,76.1
2026-06-29 08:06:30,8,Monday,0,0,30.4,76.1
2026-06-29 08:07:30,8,Monday,0,0,30.4,76.0
2026-06-29 08:08:30,8,Monday,0,0,30.4,76.1
2026-06-29 08:09:30,8,Monday,0,0,30.4,76.1
2026-06-29 08:10:30,8,Monday,0,0,30.4,76.1
2026-06-29 08:11:30,8,Monday,0,0,30.4,76.0
2026-06-29 08:12:30,8,Monday,0,0,30.4,76.0
2026-06-29 08:13:30,8,Monday,0,0,30.4,76.0
2026-06-29 08:14:30,8,Monday,0,0,30.4,76.0
2026-06-29 08:15:30,8,Monday,0,0,30.4,76.0
2026-06-29 08:16:30,8,Monday,0,0,30.4,76.1
2026-06-29 08:17:30,8,Monday,0,0,30.4,76.1
2026-06-29 08:18:30,8,Monday,0,0,30.4,76.1
2026-06-29 08:19:30,8,Monday,0,0,30.4,76.1
2026-06-29 08:20:30,8,Monday,0,0,30.4,76.1
2026-06-29 08:21:30,8,Monday,0,0,30.4,76.1
2026-06-29 08:22:30,8,Monday,0,0,30.4,76.1
2026-06-29 08:23:30,8,Monday,0,0,30.4,75.9
2026-06-29 08:24:30,8,Monday,0,0,30.4,75.9
2026-06-29 08:25:30,8,Monday,0,0,30.4,76.0
2026-06-29 08:26:30,8,Monday,0,0,30.4,76.3
2026-06-29 08:27:30,8,Monday,0,0,30.5,76.2
2026-06-29 08:28:30,8,Monday,0,0,30.5,76.2
2026-06-29 08:29:30,8,Monday,0,0,30.5,76.0
2026-06-29 08:30:30,8,Monday,0,0,30.5,76.0
2026-06-29 08:31:30,8,Monday,0,0,30.5,76.1
2026-06-29 08:32:30,8,Monday,0,0,30.5,76.0
2026-06-29 08:33:30,8,Monday,0,0,30.5,75.9
2026-06-29 08:34:30,8,Monday,0,0,30.5,75.9
2026-06-29 08:35:30,8,Monday,0,0,30.6,75.8
2026-06-29 08:36:30,8,Monday,0,0,30.6,75.9
2026-06-29 08:37:30,8,Monday,0,0,30.6,75.9
2026-06-29 08:38:30,8,Monday,0,0,30.6,75.9
2026-06-29 08:39:30,8,Monday,0,0,30.6,76.2
2026-06-29 08:40:31,8,Monday,0,0,30.5,76.2
2026-06-29 08:41:31,8,Monday,0,0,30.5,76.3
2026-06-29 08:42:31,8,Monday,0,0,30.5,76.5
2026-06-29 08:43:31,8,Monday,0,0,30.4,75.2
2026-06-29 08:44:31,8,Monday,0,0,30.3,73.7
2026-06-29 08:45:31,8,Monday,0,0,30.0,72.9
2026-06-29 08:46:31,8,Monday,0,0,29.8,72.0
2026-06-29 08:47:31,8,Monday,0,0,29.5,71.3
2026-06-29 08:48:31,8,Monday,0,0,29.3,70.8
2026-06-29 08:49:31,8,Monday,0,0,29.1,69.5
2026-06-29 08:50:31,8,Monday,0,0,28.9,69.1
2026-06-29 08:51:31,8,Monday,0,0,28.7,68.4
2026-06-29 08:52:31,8,Monday,0,0,28.5,67.5
2026-06-29 08:53:31,8,Monday,0,0,28.3,68.3
2026-06-29 08:54:31,8,Monday,0,0,28.2,69.3
2026-06-29 08:55:31,8,Monday,0,0,28.1,68.6
2026-06-29 08:56:31,8,Monday,0,0,28.0,67.5
2026-06-29 08:57:31,8,Monday,0,0,27.8,67.2
2026-06-29 08:58:31,8,Monday,0,0,27.7,66.7
2026-06-29 08:59:31,8,Monday,0,0,27.6,66.3
2026-06-29 09:00:31,9,Monday,0,0,27.5,67.2
2026-06-29 09:01:31,9,Monday,0,0,27.4,66.9
2026-06-29 09:02:31,9,Monday,0,0,27.3,66.2
2026-06-29 09:03:31,9,Monday,0,0,27.2,65.5
2026-06-29 09:04:31,9,Monday,0,0,27.1,65.6
2026-06-29 09:05:31,9,Monday,0,0,27.0,66.0
2026-06-29 09:06:31,9,Monday,0,0,26.9,66.5
2026-06-29 09:07:31,9,Monday,0,0,26.9,65.5
2026-06-29 09:08:31,9,Monday,0,0,26.8,64.8
2026-06-29 09:09:31,9,Monday,0,0,26.7,64.8
2026-06-29 09:10:31,9,Monday,0,0,26.6,65.3
2026-06-29 09:11:31,9,Monday,0,0,26.6,65.0
2026-06-29 09:12:31,9,Monday,0,0,26.5,64.6
2026-06-29 09:13:31,9,Monday,0,0,26.4,64.7
2026-06-29 09:14:31,9,Monday,0,0,26.4,65.9
2026-06-29 09:15:31,9,Monday,0,0,26.3,65.9
2026-06-29 09:16:31,9,Monday,0,0,26.3,66.0
2026-06-29 09:17:31,9,Monday,0,0,26.2,66.1
2026-06-29 09:18:31,9,Monday,0,0,26.2,66.4
2026-06-29 09:19:31,9,Monday,0,0,26.2,65.8
2026-06-29 09:20:31,9,Monday,0,0,26.1,65.7
2026-06-29 09:21:31,9,Monday,0,0,26.1,65.5
2026-06-29 09:22:31,9,Monday,0,0,26.0,67.0
2026-06-29 09:23:31,9,Monday,0,0,26.0,68.0
2026-06-29 09:24:31,9,Monday,0,0,26.1,67.2
2026-06-29 09:25:31,9,Monday,0,0,26.1,67.6
2026-06-29 09:26:31,9,Monday,0,0,26.1,68.4
2026-06-29 09:27:31,9,Monday,0,0,26.1,69.2
2026-06-29 09:28:32,9,Monday,0,0,26.1,69.3
2026-06-29 09:29:32,9,Monday,0,0,26.1,69.2
2026-06-29 09:30:32,9,Monday,0,0,26.2,69.2
2026-06-29 09:31:32,9,Monday,0,0,26.2,68.8
2026-06-29 09:32:32,9,Monday,0,0,26.2,68.9
2026-06-29 09:33:32,9,Monday,0,0,26.1,69.3
2026-06-29 09:34:32,9,Monday,0,0,26.1,69.8
2026-06-29 09:35:32,9,Monday,0,0,26.1,69.4
2026-06-29 09:36:32,9,Monday,0,0,26.1,68.6
2026-06-29 09:37:32,9,Monday,0,0,26.1,68.7
2026-06-29 09:38:32,9,Monday,0,0,26.1,70.2
2026-06-29 09:39:32,9,Monday,0,0,26.2,70.2
2026-06-29 09:40:32,9,Monday,0,0,26.2,70.3
2026-06-29 09:41:32,9,Monday,0,0,26.2,70.0
2026-06-29 09:42:32,9,Monday,0,0,26.2,70.0
2026-06-29 09:43:32,9,Monday,0,0,26.2,69.7
2026-06-29 09:44:32,9,Monday,0,0,26.1,69.2
2026-06-29 09:45:32,9,Monday,0,0,26.2,69.3
2026-06-29 09:46:32,9,Monday,0,0,26.2,69.5
2026-06-29 09:47:32,9,Monday,0,0,26.3,69.3
2026-06-29 09:48:32,9,Monday,0,0,26.3,69.1
2026-06-29 09:49:32,9,Monday,0,0,26.3,68.5
2026-06-29 09:50:32,9,Monday,0,0,26.2,67.8
2026-06-29 09:51:32,9,Monday,0,0,26.1,68.1
2026-06-29 09:52:32,9,Monday,0,0,26.0,68.5
2026-06-29 09:53:32,9,Monday,0,0,26.1,70.1
2026-06-29 09:54:32,9,Monday,0,0,26.1,70.2
2026-06-29 09:55:32,9,Monday,0,0,26.1,71.5
2026-06-29 09:56:32,9,Monday,0,0,26.2,71.4
2026-06-29 09:57:32,9,Monday,0,0,26.2,71.5
2026-06-29 09:58:32,9,Monday,0,0,26.3,71.3
2026-06-29 09:59:32,9,Monday,0,0,26.3,71.4
2026-06-29 10:00:32,10,Monday,0,0,26.3,71.4
2026-06-29 10:01:32,10,Monday,0,0,26.3,71.0
2026-06-29 10:02:32,10,Monday,0,0,26.3,70.7
2026-06-29 10:03:32,10,Monday,0,0,26.3,71.0
2026-06-29 10:04:32,10,Monday,0,0,26.4,71.2
2026-06-29 10:05:32,10,Monday,0,0,26.3,71.6
2026-06-29 10:06:32,10,Monday,0,0,26.4,72.3
2026-06-29 10:07:32,10,Monday,0,0,26.4,73.2
2026-06-29 10:08:32,10,Monday,0,0,26.4,73.8
2026-06-29 10:09:32,10,Monday,0,0,26.4,73.6
2026-06-29 10:10:32,10,Monday,0,0,26.5,75.1
2026-06-29 10:11:32,10,Monday,0,0,26.5,76.2
2026-06-29 10:12:32,10,Monday,0,0,26.6,75.8
2026-06-29 10:13:32,10,Monday,0,0,26.6,73.3
2026-06-29 10:14:32,10,Monday,0,0,26.5,71.6
2026-06-29 10:15:32,10,Monday,0,0,26.4,71.2
2026-06-29 10:16:32,10,Monday,0,0,26.5,71.9
2026-06-29 10:17:32,10,Monday,0,0,26.5,72.9
2026-06-29 10:18:33,10,Monday,0,0,26.5,74.0
2026-06-29 10:19:33,10,Monday,0,0,26.6,74.5
2026-06-29 10:20:33,10,Monday,0,0,26.7,74.4
2026-06-29 10:21:33,10,Monday,0,0,26.7,74.0
2026-06-29 10:22:33,10,Monday,0,0,26.7,73.1
2026-06-29 10:23:33,10,Monday,0,0,26.7,71.8
2026-06-29 10:24:33,10,Monday,0,0,26.6,70.3
2026-06-29 10:25:33,10,Monday,0,0,26.5,71.5
2026-06-29 10:26:33,10,Monday,0,0,26.6,73.2
2026-06-29 10:27:33,10,Monday,0,0,26.6,73.2
2026-06-29 10:28:33,10,Monday,0,0,26.6,71.7
2026-06-29 10:29:33,10,Monday,0,0,26.6,71.0
2026-06-29 10:30:33,10,Monday,0,0,26.6,71.8
2026-06-29 10:31:33,10,Monday,0,0,26.6,72.6
2026-06-29 10:32:33,10,Monday,0,0,26.7,75.2
2026-06-29 10:33:33,10,Monday,0,0,26.8,74.7
2026-06-29 10:34:33,10,Monday,0,0,26.8,73.5
2026-06-29 10:35:33,10,Monday,0,0,26.8,73.3
2026-06-29 10:36:33,10,Monday,0,0,26.8,73.7
2026-06-29 10:37:33,10,Monday,0,0,26.8,74.3
2026-06-29 10:38:33,10,Monday,0,0,26.9,73.9
2026-06-29 10:39:33,10,Monday,0,0,27.0,74.1
2026-06-29 10:40:33,10,Monday,0,0,27.0,73.6
2026-06-29 10:41:33,10,Monday,0,0,26.9,72.4
2026-06-29 10:42:33,10,Monday,0,0,26.9,71.8
2026-06-29 10:43:33,10,Monday,0,0,26.9,71.1
2026-06-29 10:44:33,10,Monday,0,0,26.8,71.4
2026-06-29 10:45:33,10,Monday,0,0,26.8,70.7
2026-06-29 10:46:33,10,Monday,0,0,26.8,72.1
2026-06-29 10:47:33,10,Monday,0,0,26.7,71.3
2026-06-29 10:48:33,10,Monday,0,0,26.7,70.2
2026-06-29 10:49:33,10,Monday,0,0,26.7,70.4
2026-06-29 10:50:33,10,Monday,0,0,26.7,70.5
2026-06-29 10:51:33,10,Monday,0,0,26.7,69.6
2026-06-29 10:52:33,10,Monday,0,0,26.7,69.6
2026-06-29 10:53:33,10,Monday,0,0,26.8,70.4
2026-06-29 10:54:33,10,Monday,0,0,26.7,70.4
2026-06-29 10:55:33,10,Monday,0,0,26.7,70.7
2026-06-29 10:56:33,10,Monday,0,0,26.8,70.9
2026-06-29 10:57:33,10,Monday,0,0,26.8,71.2
2026-06-29 10:58:33,10,Monday,0,0,26.8,70.1
2026-06-29 10:59:33,10,Monday,0,0,26.8,70.8
2026-06-29 11:00:33,11,Monday,0,0,26.8,70.3
2026-06-29 11:01:33,11,Monday,0,0,26.8,69.9
2026-06-29 11:02:33,11,Monday,0,0,26.8,69.7
2026-06-29 11:03:33,11,Monday,0,0,26.8,69.7
2026-06-29 11:04:33,11,Monday,0,0,26.8,69.3
2026-06-29 11:05:33,11,Monday,0,0,26.8,69.6
2026-06-29 11:06:33,11,Monday,0,0,26.8,70.6
2026-06-29 11:07:33,11,Monday,0,0,26.8,71.1
2026-06-29 11:08:34,11,Monday,0,0,26.9,72.1
2026-06-29 11:09:34,11,Monday,0,0,26.9,71.9
2026-06-29 11:10:34,11,Monday,0,0,27.0,71.8
2026-06-29 11:11:34,11,Monday,0,0,27.0,72.1
2026-06-29 11:12:34,11,Monday,0,0,27.0,71.8
2026-06-29 11:13:34,11,Monday,0,0,27.0,71.7
2026-06-29 11:14:34,11,Monday,0,0,27.0,71.8
2026-06-29 11:15:34,11,Monday,0,0,27.1,71.9
2026-06-29 11:16:34,11,Monday,0,0,27.1,72.1
2026-06-29 11:17:34,11,Monday,0,0,27.0,72.4
2026-06-29 11:18:34,11,Monday,0,0,27.1,71.9
2026-06-29 11:19:34,11,Monday,0,0,27.1,71.6
2026-06-29 11:20:34,11,Monday,0,0,27.0,71.5
2026-06-29 11:21:34,11,Monday,0,0,27.0,71.4
2026-06-29 11:22:34,11,Monday,0,0,27.0,70.9
2026-06-29 11:23:34,11,Monday,0,0,27.1,71.1
2026-06-29 11:24:34,11,Monday,0,0,27.1,72.4
2026-06-29 11:25:34,11,Monday,0,0,27.1,72.5
2026-06-29 11:26:34,11,Monday,0,0,27.1,70.7
2026-06-29 11:27:34,11,Monday,0,0,27.0,70.7
2026-06-29 11:28:34,11,Monday,0,0,27.0,70.8
2026-06-29 11:29:34,11,Monday,0,0,27.0,70.4
2026-06-29 11:30:34,11,Monday,0,0,26.9,71.0
2026-06-29 11:31:34,11,Monday,0,0,26.9,72.7
2026-06-29 11:32:34,11,Monday,0,0,27.0,74.7
2026-06-29 11:33:34,11,Monday,0,0,27.1,74.5
2026-06-29 11:34:34,11,Monday,0,0,27.1,73.6
2026-06-29 11:35:34,11,Monday,0,0,27.1,73.7
2026-06-29 11:36:34,11,Monday,0,0,27.1,73.6
2026-06-29 11:37:34,11,Monday,0,0,27.1,73.2
2026-06-29 11:38:34,11,Monday,0,0,27.1,73.0
2026-06-29 11:39:34,11,Monday,0,0,27.0,72.2
2026-06-29 11:40:34,11,Monday,0,0,27.0,71.5
2026-06-29 11:41:34,11,Monday,0,0,27.0,71.3
2026-06-29 11:42:34,11,Monday,0,0,27.0,71.9
2026-06-29 11:43:34,11,Monday,0,0,27.0,72.2
2026-06-29 11:44:34,11,Monday,0,0,27.1,71.3
2026-06-29 11:45:34,11,Monday,0,0,27.1,70.5
2026-06-29 11:46:34,11,Monday,0,0,27.1,70.5
2026-06-29 11:47:34,11,Monday,0,0,27.1,71.3
2026-06-29 11:48:34,11,Monday,0,0,27.1,72.1
2026-06-29 11:49:34,11,Monday,0,0,27.2,72.4
2026-06-29 11:50:34,11,Monday,0,0,27.2,71.5
2026-06-29 11:51:34,11,Monday,0,0,27.1,70.5
2026-06-29 11:52:34,11,Monday,0,0,27.1,70.8
2026-06-29 11:53:34,11,Monday,0,0,27.1,71.7
2026-06-29 11:54:34,11,Monday,0,0,27.2,72.7
2026-06-29 11:55:34,11,Monday,0,0,27.2,72.9
2026-06-29 11:56:34,11,Monday,0,0,27.2,71.8
2026-06-29 11:57:35,11,Monday,0,0,27.1,71.0
2026-06-29 11:58:35,11,Monday,0,0,27.1,69.9
2026-06-29 11:59:35,11,Monday,0,0,27.0,69.9
2026-06-29 12:00:35,12,Monday,0,0,26.9,69.2
2026-06-29 12:01:35,12,Monday,0,0,26.9,70.2
2026-06-29 12:02:35,12,Monday,0,0,27.0,71.9
2026-06-29 12:03:35,12,Monday,0,0,27.1,73.5
2026-06-29 12:04:35,12,Monday,0,0,27.3,75.1
2026-06-29 12:05:35,12,Monday,0,0,27.4,75.7
2026-06-29 12:06:35,12,Monday,0,0,27.5,75.6
2026-06-29 12:07:35,12,Monday,0,0,27.5,73.8
2026-06-29 12:08:35,12,Monday,0,0,27.5,72.9
2026-06-29 12:09:35,12,Monday,0,0,27.5,72.1
2026-06-29 12:10:35,12,Monday,0,0,27.5,71.6
2026-06-29 12:11:35,12,Monday,0,0,27.5,73.2
2026-06-29 12:12:35,12,Monday,0,0,27.6,74.4
2026-06-29 12:13:35,12,Monday,0,0,27.8,77.0
2026-06-29 12:14:35,12,Monday,0,0,28.0,77.2
2026-06-29 12:15:35,12,Monday,0,0,28.1,75.7
2026-06-29 12:16:35,12,Monday,0,0,28.0,73.4
2026-06-29 12:17:35,12,Monday,0,0,28.0,72.3
2026-06-29 12:18:35,12,Monday,0,0,27.8,71.3
2026-06-29 12:19:35,12,Monday,0,0,27.8,70.6
2026-06-29 12:20:35,12,Monday,0,0,27.7,70.4
2026-06-29 12:21:35,12,Monday,0,0,27.6,69.6
2026-06-29 12:22:35,12,Monday,0,0,27.6,68.6
2026-06-29 12:23:35,12,Monday,0,0,27.5,68.7
2026-06-29 12:24:35,12,Monday,0,0,27.4,68.7
2026-06-29 12:25:35,12,Monday,0,0,27.3,69.5
2026-06-29 12:26:35,12,Monday,0,0,27.3,69.8
2026-06-29 12:27:35,12,Monday,0,0,27.3,69.8
2026-06-29 12:28:35,12,Monday,0,0,27.3,69.9
2026-06-29 12:29:35,12,Monday,0,0,27.3,69.4
2026-06-29 12:30:35,12,Monday,0,0,27.3,69.1
2026-06-29 12:31:35,12,Monday,0,0,27.3,69.7
2026-06-29 12:32:35,12,Monday,0,0,27.3,69.0
2026-06-29 12:33:35,12,Monday,0,0,27.3,69.1
2026-06-29 12:34:35,12,Monday,0,0,27.4,69.5
2026-06-29 12:35:35,12,Monday,0,0,27.4,70.0
2026-06-29 12:36:35,12,Monday,0,0,27.4,70.4
2026-06-29 12:37:35,12,Monday,0,0,27.4,71.2
2026-06-29 12:38:35,12,Monday,0,0,27.5,71.9
2026-06-29 12:39:35,12,Monday,0,0,27.6,71.8
2026-06-29 12:40:35,12,Monday,0,0,27.6,71.0
2026-06-29 12:41:35,12,Monday,0,0,27.6,69.6
2026-06-29 12:42:35,12,Monday,0,0,27.5,68.1
2026-06-29 12:43:35,12,Monday,0,0,27.4,67.3
2026-06-29 12:44:35,12,Monday,0,0,27.4,66.8
2026-06-29 12:45:36,12,Monday,0,0,27.3,65.9
2026-06-29 12:46:36,12,Monday,0,0,27.2,65.0
2026-06-29 12:47:36,12,Monday,0,0,27.1,64.3
2026-06-29 12:48:36,12,Monday,0,0,26.9,63.8
2026-06-29 12:49:36,12,Monday,0,0,26.8,63.0
2026-06-29 12:50:36,12,Monday,0,0,26.7,62.3
2026-06-29 12:51:36,12,Monday,0,0,26.6,61.9
2026-06-29 12:52:36,12,Monday,0,0,26.4,61.4
2026-06-29 12:53:36,12,Monday,0,0,26.4,61.0
2026-06-29 12:54:36,12,Monday,0,0,26.3,60.4
2026-06-29 12:55:36,12,Monday,0,0,26.2,59.9
2026-06-29 12:56:36,12,Monday,0,0,26.1,59.6
2026-06-29 12:57:36,12,Monday,0,0,26.1,59.2
2026-06-29 12:58:36,12,Monday,0,0,26.1,59.0
2026-06-29 12:59:36,12,Monday,0,0,26.0,58.8
2026-06-29 13:00:36,13,Monday,0,0,25.9,58.8
2026-06-29 13:01:36,13,Monday,0,0,25.9,58.7
2026-06-29 13:02:36,13,Monday,0,0,25.8,58.5
2026-06-29 13:03:36,13,Monday,0,0,25.7,58.4
2026-06-29 13:04:36,13,Monday,0,0,25.7,59.1
2026-06-29 13:05:36,13,Monday,0,0,25.7,60.0
2026-06-29 13:06:36,13,Monday,0,0,25.7,61.2
2026-06-29 13:07:36,13,Monday,0,0,25.8,61.9
2026-06-29 13:08:36,13,Monday,0,0,25.8,61.8
2026-06-29 13:09:36,13,Monday,0,0,25.8,62.7
2026-06-29 13:10:36,13,Monday,0,0,25.9,63.8
2026-06-29 13:11:36,13,Monday,0,0,26.0,65.2
2026-06-29 13:12:36,13,Monday,0,0,26.0,66.2
2026-06-29 13:13:36,13,Monday,0,0,26.1,65.8
2026-06-29 13:14:36,13,Monday,0,0,26.2,66.2
2026-06-29 13:15:36,13,Monday,0,0,26.2,66.5
2026-06-29 13:16:36,13,Monday,0,0,26.2,65.7
2026-06-29 13:17:36,13,Monday,0,0,26.2,64.5
2026-06-29 13:18:36,13,Monday,0,0,26.1,63.4
2026-06-29 13:19:36,13,Monday,0,0,26.0,62.7
2026-06-29 13:20:36,13,Monday,0,0,25.9,62.3
2026-06-29 13:21:36,13,Monday,0,0,25.7,61.8
2026-06-29 13:22:36,13,Monday,0,0,25.6,61.4
2026-06-29 13:23:36,13,Monday,0,0,25.6,63.2
2026-06-29 13:24:36,13,Monday,0,0,25.7,66.6
2026-06-29 13:25:36,13,Monday,0,0,25.9,68.4
2026-06-29 13:26:36,13,Monday,0,0,26.0,68.5
