Datetime,Hour,DayName,Weekend,DayOfWeek,IndoorTemp,IndoorHumidity,OutdoorTemp,OutdoorHumidity,Rain,CloudCover,WindSpeed
2026-06-21 01:18:24,1,Sunday,1,6,30.8,72.3,27.595001,83.465576,0.0,88.2,2.1997852
2026-06-21 01:18:26,1,Sunday,1,6,30.8,72.4,27.595001,83.465576,0.0,88.2,2.1997852
2026-06-21 01:18:28,1,Sunday,1,6,30.8,72.4,27.595001,83.465576,0.0,88.2,2.1997852
2026-06-21 01:18:30,1,Sunday,1,6,30.8,72.4,27.595001,83.465576,0.0,88.2,2.1997852
2026-06-21 01:18:32,1,Sunday,1,6,30.8,72.4,27.630835,83.283875,0.0,87.933334,2.1859808
2026-06-21 01:18:34,1,Sunday,1,6,30.8,72.4,27.630835,83.283875,0.0,87.933334,2.1859808
2026-06-21 01:18:36,1,Sunday,1,6,30.8,72.3,27.630835,83.283875,0.0,87.933334,2.1859808
2026-06-21 01:18:38,1,Sunday,1,6,30.8,72.3,27.630835,83.283875,0.0,87.933334,2.1859808
2026-06-21 01:18:40,1,Sunday,1,6,30.8,72.4,27.630835,83.283875,0.0,87.933334,2.1859808
2026-06-21 01:18:42,1,Sunday,1,6,30.8,72.4,27.630835,83.283875,0.0,87.933334,2.1859808
2026-06-21 01:18:44,1,Sunday,1,6,30.8,72.4,27.630835,83.283875,0.0,87.933334,2.1859808
2026-06-21 01:18:46,1,Sunday,1,6,30.8,72.4,27.630835,83.283875,0.0,87.933334,2.1859808
2026-06-21 01:18:48,1,Sunday,1,6,30.8,72.4,27.630835,83.283875,0.0,87.933334,2.1859808
2026-06-21 01:18:50,1,Sunday,1,6,30.8,72.4,27.630835,83.283875,0.0,87.933334,2.1859808
2026-06-21 01:18:52,1,Sunday,1,6,30.8,72.4,27.630835,83.283875,0.0,87.933334,2.1859808
2026-06-21 01:18:54,1,Sunday,1,6,30.8,72.3,27.630835,83.283875,0.0,87.933334,2.1859808
2026-06-21 01:18:56,1,Sunday,1,6,30.8,72.2,27.630835,83.283875,0.0,87.933334,2.1859808
2026-06-21 01:18:58,1,Sunday,1,6,30.8,72.2,27.630835,83.283875,0.0,87.933334,2.1859808
2026-06-21 01:19:00,1,Sunday,1,6,30.8,72.2,27.630835,83.283875,0.0,87.933334,2.1859808
2026-06-21 01:19:02,1,Sunday,1,6,30.8,72.1,27.630835,83.283875,0.0,87.933334,2.1859808
2026-06-21 01:19:04,1,Sunday,1,6,30.8,72.2,27.630835,83.283875,0.0,87.933334,2.1859808
2026-06-21 01:19:06,1,Sunday,1,6,30.8,72.3,27.630835,83.283875,0.0,87.933334,2.1859808
2026-06-21 01:19:08,1,Sunday,1,6,30.8,72.4,27.630835,83.283875,0.0,87.933334,2.1859808
2026-06-21 01:19:10,1,Sunday,1,6,30.8,72.4,27.630835,83.283875,0.0,87.933334,2.1859808
2026-06-21 01:19:12,1,Sunday,1,6,30.8,72.5,27.630835,83.283875,0.0,87.933334,2.1859808
2026-06-21 01:19:14,1,Sunday,1,6,30.8,72.6,27.630835,83.283875,0.0,87.933334,2.1859808
2026-06-21 01:19:16,1,Sunday,1,6,30.8,72.6,27.630835,83.283875,0.0,87.933334,2.1859808
2026-06-21 01:19:18,1,Sunday,1,6,30.8,72.6,27.630835,83.283875,0.0,87.933334,2.1859808
2026-06-21 01:19:20,1,Sunday,1,6,30.8,72.6,27.630835,83.283875,0.0,87.933334,2.1859808
2026-06-21 01:19:22,1,Sunday,1,6,30.8,72.7,27.630835,83.283875,0.0,87.933334,2.1859808
2026-06-21 01:19:24,1,Sunday,1,6,30.8,72.7,27.630835,83.283875,0.0,87.933334,2.1859808
2026-06-21 01:19:26,1,Sunday,1,6,30.8,72.8,27.630835,83.283875,0.0,87.933334,2.1859808
2026-06-21 01:19:28,1,Sunday,1,6,30.8,72.8,27.630835,83.283875,0.0,87.933334,2.1859808
2026-06-21 01:19:30,1,Sunday,1,6,30.8,72.8,27.630835,83.283875,0.0,87.933334,2.1859808
2026-06-21 01:19:32,1,Sunday,1,6,30.8,72.8,27.666668,83.10217,0.0,87.666664,2.1721764
2026-06-21 01:19:34,1,Sunday,1,6,30.8,72.9,27.666668,83.10217,0.0,87.666664,2.1721764
2026-06-21 01:19:36,1,Sunday,1,6,30.8,72.8,27.666668,83.10217,0.0,87.666664,2.1721764
2026-06-21 01:19:38,1,Sunday,1,6,30.8,72.8,27.666668,83.10217,0.0,87.666664,2.1721764
2026-06-21 01:19:40,1,Sunday,1,6,30.9,72.8,27.666668,83.10217,0.0,87.666664,2.1721764
2026-06-21 01:19:42,1,Sunday,1,6,30.8,72.8,27.666668,83.10217,0.0,87.666664,2.1721764
2026-06-21 01:19:44,1,Sunday,1,6,30.8,72.8,27.666668,83.10217,0.0,87.666664,2.1721764
2026-06-21 01:19:46,1,Sunday,1,6,30.8,72.7,27.666668,83.10217,0.0,87.666664,2.1721764
2026-06-21 01:19:48,1,Sunday,1,6,30.8,72.8,27.666668,83.10217,0.0,87.666664,2.1721764
2026-06-21 01:19:50,1,Sunday,1,6,30.9,72.8,27.666668,83.10217,0.0,87.666664,2.1721764
2026-06-21 01:19:52,1,Sunday,1,6,30.8,72.8,27.666668,83.10217,0.0,87.666664,2.1721764
2026-06-21 01:19:54,1,Sunday,1,6,30.8,72.6,27.666668,83.10217,0.0,87.666664,2.1721764
2026-06-21 01:29:16,1,Sunday,1,6,31.0,71.4,27.989168,81.46686,0.0,85.26667,2.0479367
2026-06-21 01:30:16,1,Sunday,1,6,30.8,72.0,28.025002,81.28516,0.0,85.0,2.0341322
2026-06-21 01:31:16,1,Sunday,1,6,30.8,72.4,28.060833,81.10346,0.0,84.73333,2.0203278
2026-06-21 13:01:12,13,Sunday,1,6,31.4,74.7,26.743334,85.91529,0.0,42.216667,6.109256
2026-06-21 13:02:12,13,Sunday,1,6,31.6,74.4,26.736668,85.88901,0.0,42.433334,6.146346
2026-06-21 13:03:12,13,Sunday,1,6,31.7,73.7,26.73,85.862724,0.0,42.65,6.183437
2026-06-21 13:04:12,13,Sunday,1,6,31.8,73.8,26.723333,85.83644,0.0,42.866665,6.220527
2026-06-21 13:05:12,13,Sunday,1,6,31.9,73.1,26.716667,85.81015,0.0,43.083332,6.2576175
2026-06-21 13:06:12,13,Sunday,1,6,31.9,72.9,26.71,85.78387,0.0,43.3,6.294708
2026-06-21 13:07:12,13,Sunday,1,6,32.0,73.3,26.703333,85.75758,0.0,43.516666,6.331798
2026-06-21 13:08:12,13,Sunday,1,6,32.1,73.5,26.696667,85.7313,0.0,43.733334,6.368889
2026-06-21 13:09:12,13,Sunday,1,6,32.1,73.3,26.69,85.70502,0.0,43.95,6.405979
2026-06-21 13:10:12,13,Sunday,1,6,32.2,74.0,26.683334,85.678734,0.0,44.166668,6.4430695
2026-06-21 13:11:12,13,Sunday,1,6,32.2,72.7,26.676666,85.65245,0.0,44.383335,6.4801598
2026-06-21 13:12:12,13,Sunday,1,6,32.2,72.3,26.67,85.62617,0.0,44.6,6.51725
2026-06-21 13:13:12,13,Sunday,1,6,32.3,72.8,26.663334,85.599884,0.0,44.816666,6.554341
2026-06-22 11:03:49,11,Monday,0,0,23.2,73.0,27.74,80.13429,0.0,99.933334,5.1178226
2026-06-22 11:05:01,11,Monday,0,0,23.3,73.5,27.724998,80.26606,0.0,99.916664,5.117347
2026-06-22 11:06:01,11,Monday,0,0,23.2,74.8,27.71,80.39783,0.0,99.9,5.116871
2026-06-22 11:15:11,11,Monday,0,0,25.0,71.2,27.574999,81.58374,0.0,99.75,5.112587
2026-06-22 11:16:11,11,Monday,0,0,25.2,70.8,27.56,81.71551,0.0,99.73333,5.112111
2026-06-22 11:17:11,11,Monday,0,0,25.3,70.7,27.545,81.847275,0.0,99.71667,5.111635
2026-06-22 11:18:11,11,Monday,0,0,25.4,70.3,27.529999,81.97904,0.0,99.7,5.1111593
2026-06-22 11:19:11,11,Monday,0,0,25.5,69.5,27.515,82.11081,0.0,99.683334,5.1106834
2026-06-22 11:20:11,11,Monday,0,0,25.6,68.7,27.5,82.24258,0.0,99.666664,5.110207
2026-06-22 11:21:11,11,Monday,0,0,25.6,68.6,27.484999,82.374344,0.0,99.65,5.109731
2026-06-22 11:22:11,11,Monday,0,0,25.7,68.5,27.47,82.50611,0.0,99.63333,5.1092553
2026-06-22 11:23:11,11,Monday,0,0,25.7,67.5,27.455,82.63788,0.0,99.61667,5.1087794
2026-06-22 11:24:11,11,Monday,0,0,25.7,67.0,27.439999,82.769646,0.0,99.6,5.1083035
2026-06-22 11:25:11,11,Monday,0,0,25.7,66.7,27.425,82.90141,0.0,99.583336,5.107827
2026-06-22 11:29:05,11,Monday,0,0,25.8,68.6,27.365,83.42848,0.0,99.51667,5.1059237
2026-06-22 11:30:05,11,Monday,0,0,25.9,68.6,27.349998,83.56025,0.0,99.5,5.105448
2026-06-22 11:31:05,11,Monday,0,0,25.9,68.6,27.335,83.69202,0.0,99.48333,5.1049714
2026-06-22 11:36:09,11,Monday,0,0,26.3,68.4,27.26,84.35085,0.0,99.4,5.1025915
2026-06-22 11:37:09,11,Monday,0,0,26.4,66.9,27.244999,84.48262,0.0,99.38333,5.1021156
2026-06-22 11:38:09,11,Monday,0,0,26.3,68.0,27.23,84.61439,0.0,99.36667,5.1016397
2026-06-22 11:39:09,11,Monday,0,0,26.2,69.1,27.215,84.746155,0.0,99.35,5.101164
2026-06-22 11:40:09,11,Monday,0,0,26.1,68.1,27.199999,84.87792,0.0,99.333336,5.100688
2026-06-22 11:41:09,11,Monday,0,0,26.0,66.8,27.185,85.00969,0.0,99.316666,5.1002116
2026-06-22 11:42:09,11,Monday,0,0,25.9,65.6,27.17,85.14146,0.0,99.3,5.0997357
2026-06-22 11:43:09,11,Monday,0,0,25.7,64.7,27.154999,85.273224,0.0,99.28333,5.09926
2026-06-22 11:46:32,11,Monday,0,0,25.5,62.7,27.095,85.8003,0.0,99.21667,5.097356
2026-06-22 11:47:32,11,Monday,0,0,25.4,62.7,27.08,85.93207,0.0,99.2,5.09688
2026-06-22 11:48:32,11,Monday,0,0,25.3,63.9,27.064999,86.063835,0.0,99.183334,5.096404
2026-06-22 11:49:32,11,Monday,0,0,25.2,64.9,27.05,86.1956,0.0,99.166664,5.095928
2026-06-22 11:50:32,11,Monday,0,0,25.2,65.2,27.035,86.32737,0.0,99.15,5.0954523
2026-06-22 11:51:32,11,Monday,0,0,25.2,65.1,27.02,86.45914,0.0,99.13333,5.094976
2026-06-22 11:52:32,11,Monday,0,0,25.1,64.7,27.005,86.590904,0.0,99.11667,5.0945
2026-06-22 11:53:32,11,Monday,0,0,25.1,63.9,26.99,86.72267,0.0,99.1,5.094024
2026-06-22 11:54:32,11,Monday,0,0,25.0,63.3,26.975,86.85444,0.0,99.083336,5.0935483
2026-06-22 11:55:32,11,Monday,0,0,25.0,62.8,26.96,86.986206,0.0,99.066666,5.0930724
2026-06-22 11:56:32,11,Monday,0,0,24.9,62.1,26.945,87.11797,0.0,99.05,5.0925965
2026-06-22 11:57:32,11,Monday,0,0,24.8,62.1,26.93,87.24974,0.0,99.03333,5.09212
2026-06-22 11:58:32,11,Monday,0,0,24.8,62.6,26.914999,87.38151,0.0,99.01667,5.0916443
2026-06-22 11:59:32,11,Monday,0,0,24.9,63.4,26.9,87.513275,0.0,99.0,5.0911684
2026-06-22 12:00:32,12,Monday,0,0,24.9,64.2,26.889166,87.593025,0.0,98.98333,5.0663157
2026-06-22 12:01:32,12,Monday,0,0,24.9,64.8,26.878332,87.67277,0.0,98.96667,5.041463
2026-06-22 12:02:32,12,Monday,0,0,25.0,64.6,26.8675,87.75252,0.0,98.95,5.01661
2026-06-22 12:03:32,12,Monday,0,0,25.0,64.1,26.856667,87.83227,0.0,98.933334,4.9917574
2026-06-22 12:04:32,12,Monday,0,0,25.0,63.6,26.845833,87.91201,0.0,98.916664,4.966904
2026-06-22 12:05:32,12,Monday,0,0,25.0,63.3,26.835,87.99176,0.0,98.9,4.9420514
2026-06-22 12:06:32,12,Monday,0,0,25.0,63.0,26.824167,88.07151,0.0,98.88333,4.9171987
2026-06-22 12:07:32,12,Monday,0,0,25.0,62.6,26.813334,88.15125,0.0,98.86667,4.892346
2026-06-22 12:08:32,12,Monday,0,0,24.9,62.2,26.8025,88.231,0.0,98.85,4.867493
2026-06-22 12:09:33,12,Monday,0,0,24.9,62.0,26.791666,88.310745,0.0,98.833336,4.8426404
2026-06-22 12:10:33,12,Monday,0,0,24.8,62.9,26.780832,88.390495,0.0,98.816666,4.8177876
2026-06-22 12:11:33,12,Monday,0,0,24.8,63.3,26.77,88.470245,0.0,98.8,4.792935
2026-06-22 12:12:33,12,Monday,0,0,24.8,64.1,26.759167,88.54999,0.0,98.78333,4.7680817
2026-06-22 12:13:33,12,Monday,0,0,24.9,64.6,26.748333,88.62974,0.0,98.76667,4.743229
2026-06-22 12:14:33,12,Monday,0,0,25.0,64.6,26.7375,88.70949,0.0,98.75,4.718376
2026-06-22 12:15:33,12,Monday,0,0,25.0,64.2,26.726665,88.78923,0.0,98.73333,4.6935234
2026-06-22 12:16:33,12,Monday,0,0,25.0,63.9,26.715834,88.86898,0.0,98.71667,4.6686707
2026-06-22 12:17:33,12,Monday,0,0,24.9,63.6,26.705,88.94873,0.0,98.7,4.643818
2026-06-22 12:18:33,12,Monday,0,0,24.8,63.3,26.694166,89.02847,0.0,98.683334,4.618965
2026-06-22 12:19:33,12,Monday,0,0,24.7,63.2,26.683332,89.10822,0.0,98.666664,4.5941124
2026-06-22 12:20:33,12,Monday,0,0,24.7,63.1,26.6725,89.18797,0.0,98.65,4.5692596
2026-06-22 12:21:33,12,Monday,0,0,24.6,62.9,26.661667,89.267715,0.0,98.63333,4.5444064
2026-06-22 12:22:33,12,Monday,0,0,24.6,63.6,26.650833,89.347466,0.0,98.61667,4.5195537
2026-06-22 12:23:33,12,Monday,0,0,24.6,64.5,26.64,89.427216,0.0,98.6,4.494701
2026-06-22 12:24:33,12,Monday,0,0,24.6,65.4,26.629166,89.50696,0.0,98.583336,4.469848
2026-06-22 12:25:33,12,Monday,0,0,24.8,65.5,26.618334,89.58671,0.0,98.566666,4.4449954
2026-06-22 12:26:33,12,Monday,0,0,24.8,64.8,26.6075,89.66646,0.0,98.55,4.4201427
2026-06-22 12:27:33,12,Monday,0,0,24.8,64.4,26.596666,89.7462,0.0,98.53333,4.39529
2026-06-22 12:28:33,12,Monday,0,0,24.8,63.7,26.585833,89.82595,0.0,98.51667,4.370437
2026-06-22 12:29:33,12,Monday,0,0,24.8,63.3,26.575,89.9057,0.0,98.5,4.345584
2026-06-22 12:30:33,12,Monday,0,0,24.7,63.1,26.564167,89.98544,0.0,98.48333,4.320731
2026-06-22 12:31:33,12,Monday,0,0,24.7,62.6,26.553333,90.06519,0.0,98.46667,4.2958784
2026-06-22 12:32:33,12,Monday,0,0,24.7,62.5,26.5425,90.144936,0.0,98.45,4.2710257
2026-06-22 12:33:33,12,Monday,0,0,24.6,63.5,26.531666,90.224686,0.0,98.433334,4.246173
2026-06-22 12:34:33,12,Monday,0,0,24.7,64.2,26.520834,90.304436,0.0,98.416664,4.22132
2026-06-22 12:35:33,12,Monday,0,0,24.8,65.0,26.51,90.38418,0.0,98.4,4.1964674
2026-06-22 12:36:33,12,Monday,0,0,24.8,64.8,26.499166,90.46393,0.0,98.38333,4.1716146
2026-06-22 12:45:05,12,Monday,0,0,24.3,65.0,26.4125,91.101906,0.0,98.25,3.9727921
2026-06-22 12:46:05,12,Monday,0,0,24.6,65.4,26.401667,91.181656,0.0,98.23333,3.9479392
2026-06-22 12:47:05,12,Monday,0,0,24.7,65.4,26.390833,91.261406,0.0,98.21667,3.9230864
2026-06-22 12:48:05,12,Monday,0,0,24.8,65.0,26.38,91.34115,0.0,98.2,3.8982337
2026-06-22 12:49:05,12,Monday,0,0,24.8,64.5,26.369167,91.4209,0.0,98.183334,3.873381
2026-06-22 12:50:05,12,Monday,0,0,24.9,63.9,26.358334,91.50064,0.0,98.166664,3.848528
2026-06-22 12:51:05,12,Monday,0,0,24.9,63.4,26.3475,91.58039,0.0,98.15,3.8236752
2026-06-22 12:52:05,12,Monday,0,0,24.9,62.8,26.336666,91.66014,0.0,98.13333,3.7988224
2026-06-22 12:53:05,12,Monday,0,0,24.8,62.4,26.325832,91.73988,0.0,98.11667,3.7739697
2026-06-22 12:54:05,12,Monday,0,0,24.8,62.6,26.315,91.81963,0.0,98.1,3.7491167
2026-06-22 12:55:05,12,Monday,0,0,24.8,62.4,26.304167,91.89938,0.0,98.083336,3.724264
2026-06-22 12:56:05,12,Monday,0,0,24.8,61.9,26.293333,91.979126,0.0,98.066666,3.6994112
2026-06-22 12:57:05,12,Monday,0,0,24.7,61.7,26.2825,92.058876,0.0,98.05,3.6745584
2026-06-22 12:58:05,12,Monday,0,0,24.6,61.4,26.271667,92.138626,0.0,98.03333,3.6497054
2026-06-22 12:59:05,12,Monday,0,0,24.6,61.0,26.260834,92.21837,0.0,98.01667,3.6248527
2026-06-22 13:00:05,13,Monday,0,0,24.6,61.7,26.25,92.29812,0.0,98.0,3.6
2026-06-22 13:01:05,13,Monday,0,0,24.6,62.6,26.244167,92.3303,0.0,97.88333,3.6035688
2026-06-22 13:02:05,13,Monday,0,0,24.6,63.5,26.238333,92.36247,0.0,97.76667,3.6071377
2026-06-22 13:03:05,13,Monday,0,0,24.6,63.4,26.2325,92.39465,0.0,97.65,3.6107066
2026-06-22 13:04:05,13,Monday,0,0,24.7,63.3,26.226667,92.42683,0.0,97.53333,3.6142755
2026-06-22 13:05:05,13,Monday,0,0,24.7,63.0,26.220833,92.45901,0.0,97.416664,3.617844
2026-06-22 13:06:05,13,Monday,0,0,24.7,62.4,26.215,92.49118,0.0,97.3,3.621413
2026-06-22 13:07:05,13,Monday,0,0,24.7,62.2,26.209167,92.52336,0.0,97.183334,3.6249819
2026-06-22 13:08:05,13,Monday,0,0,24.6,61.8,26.203333,92.555534,0.0,97.066666,3.6285508
2026-06-22 13:09:05,13,Monday,0,0,24.6,61.6,26.1975,92.587715,0.0,96.95,3.6321197
2026-06-22 13:10:05,13,Monday,0,0,24.6,61.5,26.191666,92.61989,0.0,96.833336,3.6356885
2026-06-22 13:11:05,13,Monday,0,0,24.6,61.3,26.185833,92.65207,0.0,96.71667,3.6392574
2026-06-22 13:12:05,13,Monday,0,0,24.5,61.7,26.18,92.68424,0.0,96.6,3.6428263
2026-06-22 13:13:05,13,Monday,0,0,24.6,62.7,26.174166,92.71642,0.0,96.48333,3.646395
2026-06-22 13:14:05,13,Monday,0,0,24.7,64.2,26.168333,92.7486,0.0,96.36667,3.6499639
2026-06-22 13:15:05,13,Monday,0,0,24.8,64.6,26.1625,92.78078,0.0,96.25,3.6535327
2026-06-22 13:16:05,13,Monday,0,0,24.8,64.1,26.156666,92.81295,0.0,96.13333,3.6571016
2026-06-22 13:17:05,13,Monday,0,0,24.9,63.8,26.150833,92.84513,0.0,96.01667,3.6606705
2026-06-22 13:18:05,13,Monday,0,0,24.9,63.3,26.145,92.877304,0.0,95.9,3.6642394
2026-06-22 13:19:05,13,Monday,0,0,24.9,63.5,26.139166,92.909485,0.0,95.78333,3.6678083
2026-06-22 13:20:05,13,Monday,0,0,24.9,62.8,26.133333,92.94166,0.0,95.666664,3.6713772
2026-06-22 13:21:06,13,Monday,0,0,24.9,62.3,26.1275,92.97384,0.0,95.55,3.674946
2026-06-22 13:22:06,13,Monday,0,0,24.8,62.3,26.121666,93.00601,0.0,95.433334,3.6785147
2026-06-22 13:23:06,13,Monday,0,0,24.8,62.0,26.115833,93.03819,0.0,95.316666,3.6820836
2026-06-22 13:24:06,13,Monday,0,0,24.8,61.7,26.11,93.070366,0.0,95.2,3.6856525
2026-06-22 13:25:06,13,Monday,0,0,24.7,61.5,26.104166,93.10255,0.0,95.083336,3.6892214
2026-06-22 13:26:06,13,Monday,0,0,24.8,61.4,26.098333,93.13472,0.0,94.96667,3.6927903
2026-06-22 13:27:06,13,Monday,0,0,24.7,61.1,26.0925,93.1669,0.0,94.85,3.6963592
2026-06-22 13:28:06,13,Monday,0,0,24.7,60.9,26.086666,93.19907,0.0,94.73333,3.699928
2026-06-22 13:29:06,13,Monday,0,0,24.7,60.9,26.080833,93.231255,0.0,94.61667,3.703497
2026-06-22 13:30:06,13,Monday,0,0,24.6,60.8,26.075,93.26343,0.0,94.5,3.7070656
2026-06-22 13:31:06,13,Monday,0,0,24.6,60.3,26.069166,93.29561,0.0,94.38333,3.7106345
2026-06-22 13:32:06,13,Monday,0,0,24.6,61.1,26.063334,93.32779,0.0,94.26667,3.7142034
2026-06-22 13:33:06,13,Monday,0,0,24.7,63.1,26.057499,93.35996,0.0,94.15,3.7177722
2026-06-22 13:34:06,13,Monday,0,0,24.8,63.8,26.051666,93.39214,0.0,94.03333,3.7213411
2026-06-22 13:35:06,13,Monday,0,0,24.8,63.9,26.045834,93.42432,0.0,93.916664,3.72491
2026-06-22 13:36:06,13,Monday,0,0,24.8,63.7,26.039999,93.4565,0.0,93.8,3.728479
2026-06-22 13:37:06,13,Monday,0,0,24.8,63.1,26.034166,93.48867,0.0,93.683334,3.7320478
2026-06-22 13:38:06,13,Monday,0,0,24.8,62.7,26.028334,93.52085,0.0,93.566666,3.7356167
2026-06-22 13:39:06,13,Monday,0,0,24.7,62.7,26.0225,93.553024,0.0,93.45,3.7391853
2026-06-22 13:40:06,13,Monday,0,0,24.7,63.2,26.016666,93.585205,0.0,93.333336,3.7427542
2026-06-22 13:41:06,13,Monday,0,0,24.7,62.4,26.010834,93.61738,0.0,93.21667,3.746323
2026-06-22 13:42:06,13,Monday,0,0,24.7,61.8,26.005,93.64956,0.0,93.1,3.749892
2026-06-22 13:43:06,13,Monday,0,0,24.7,61.4,25.999166,93.68173,0.0,92.98333,3.753461
2026-06-22 13:44:06,13,Monday,0,0,24.6,60.9,25.993334,93.71391,0.0,92.86667,3.7570298
2026-06-22 13:45:06,13,Monday,0,0,24.6,60.6,25.9875,93.746086,0.0,92.75,3.7605987
2026-06-22 13:46:06,13,Monday,0,0,24.5,60.0,25.981667,93.77827,0.0,92.63333,3.7641675
2026-06-22 13:47:06,13,Monday,0,0,24.4,60.6,25.975834,93.81044,0.0,92.51667,3.7677364
2026-06-22 13:48:06,13,Monday,0,0,24.4,61.6,25.97,93.84262,0.0,92.4,3.771305
2026-06-22 13:49:06,13,Monday,0,0,24.5,62.6,25.964167,93.874794,0.0,92.28333,3.774874
2026-06-22 13:50:06,13,Monday,0,0,24.5,63.3,25.958332,93.906975,0.0,92.166664,3.7784429
2026-06-22 13:51:06,13,Monday,0,0,24.6,63.3,25.9525,93.93915,0.0,92.05,3.7820117
2026-06-22 13:52:06,13,Monday,0,0,24.6,63.0,25.946667,93.97133,0.0,91.933334,3.7855806
2026-06-22 13:53:06,13,Monday,0,0,24.5,62.5,25.940832,94.0035,0.0,91.816666,3.7891495
2026-06-22 13:54:06,13,Monday,0,0,24.5,62.1,25.935,94.03568,0.0,91.7,3.7927184
2026-06-22 13:55:06,13,Monday,0,0,24.5,61.6,25.929167,94.067856,0.0,91.583336,3.7962873
2026-06-22 13:56:06,13,Monday,0,0,24.5,61.2,25.923332,94.10004,0.0,91.46667,3.799856
2026-06-22 13:57:06,13,Monday,0,0,24.4,60.9,25.9175,94.13221,0.0,91.35,3.8034248
2026-06-22 13:58:06,13,Monday,0,0,24.4,60.6,25.911667,94.16439,0.0,91.23333,3.8069937
2026-06-22 13:59:06,13,Monday,0,0,24.3,60.9,25.905832,94.19656,0.0,91.11667,3.8105626
2026-06-22 14:00:06,14,Monday,0,0,24.3,61.9,25.9,94.228745,0.0,91.0,3.8141315
2026-06-22 14:01:06,14,Monday,0,0,24.3,63.1,25.894167,94.20981,0.0,90.76667,3.8435626
2026-06-22 14:02:06,14,Monday,0,0,24.4,63.5,25.888332,94.19088,0.0,90.53333,3.8729937
2026-06-22 14:03:06,14,Monday,0,0,24.4,63.6,25.8825,94.17195,0.0,90.3,3.9024248
2026-06-22 14:04:06,14,Monday,0,0,24.4,62.8,25.876667,94.153015,0.0,90.066666,3.931856
2026-06-22 14:05:06,14,Monday,0,0,24.4,62.2,25.870832,94.13408,0.0,89.833336,3.9612873
2026-06-22 14:06:06,14,Monday,0,0,24.4,61.9,25.865,94.11515,0.0,89.6,3.9907184
2026-06-22 14:07:06,14,Monday,0,0,24.4,61.7,25.859167,94.09622,0.0,89.36667,4.020149
2026-06-22 14:08:06,14,Monday,0,0,24.3,61.0,25.853333,94.077286,0.0,89.13333,4.0495806
2026-06-22 14:09:06,14,Monday,0,0,24.3,60.7,25.8475,94.05835,0.0,88.9,4.079012
2026-06-22 14:10:06,14,Monday,0,0,24.2,60.3,25.841667,94.03942,0.0,88.666664,4.108443
2026-06-22 14:11:06,14,Monday,0,0,24.2,60.0,25.835833,94.02049,0.0,88.433334,4.137874
2026-06-22 14:12:06,14,Monday,0,0,24.1,60.9,25.83,94.00156,0.0,88.2,4.167305
2026-06-22 14:13:07,14,Monday,0,0,24.2,61.7,25.824165,93.98262,0.0,87.96667,4.1967363
2026-06-22 14:14:07,14,Monday,0,0,24.2,62.5,25.818333,93.96369,0.0,87.73333,4.226167
2026-06-22 14:15:07,14,Monday,0,0,24.3,63.3,25.8125,93.94476,0.0,87.5,4.2555985
2026-06-22 14:16:07,14,Monday,0,0,24.3,63.4,25.806665,93.92583,0.0,87.26667,4.2850294
2026-06-22 14:17:07,14,Monday,0,0,24.2,63.1,25.800833,93.90689,0.0,87.03333,4.3144608
2026-06-22 14:18:07,14,Monday,0,0,24.2,62.5,25.795,93.88796,0.0,86.8,4.343892
2026-06-22 14:19:07,14,Monday,0,0,24.2,61.8,25.789165,93.86903,0.0,86.566666,4.373323
2026-06-22 14:20:07,14,Monday,0,0,24.1,61.4,25.783333,93.8501,0.0,86.333336,4.4027543
2026-06-22 14:21:07,14,Monday,0,0,24.1,61.0,25.7775,93.83116,0.0,86.1,4.432185
2026-06-22 14:22:07,14,Monday,0,0,24.1,61.5,25.771666,93.81223,0.0,85.86667,4.4616165
2026-06-22 14:23:07,14,Monday,0,0,24.1,62.2,25.765833,93.793304,0.0,85.63333,4.4910474
2026-06-22 14:24:07,14,Monday,0,0,24.1,63.1,25.76,93.77437,0.0,85.4,4.5204787
2026-06-22 14:25:07,14,Monday,0,0,24.2,64.5,25.754166,93.75543,0.0,85.166664,4.5499096
2026-06-22 14:26:07,14,Monday,0,0,24.2,64.9,25.748333,93.7365,0.0,84.933334,4.579341
2026-06-22 14:27:07,14,Monday,0,0,24.3,64.8,25.7425,93.717575,0.0,84.7,4.6087723
2026-06-22 14:28:07,14,Monday,0,0,24.3,64.1,25.736666,93.69864,0.0,84.46667,4.638203
2026-06-22 14:29:07,14,Monday,0,0,24.3,63.4,25.730833,93.6797,0.0,84.23333,4.6676345
2026-06-22 14:30:07,14,Monday,0,0,24.3,62.9,25.724998,93.660774,0.0,84.0,4.6970654
2026-06-22 14:31:07,14,Monday,0,0,24.2,62.4,25.719166,93.641846,0.0,83.76667,4.7264967
2026-06-22 14:32:07,14,Monday,0,0,24.2,61.9,25.713333,93.62291,0.0,83.53333,4.7559276
2026-06-22 14:33:07,14,Monday,0,0,24.1,61.6,25.707499,93.60397,0.0,83.3,4.785359
2026-06-22 14:34:07,14,Monday,0,0,24.1,61.5,25.701666,93.585045,0.0,83.066666,4.81479
2026-06-22 14:35:07,14,Monday,0,0,24.0,61.0,25.695833,93.56612,0.0,82.833336,4.844221
2026-06-22 14:36:07,14,Monday,0,0,24.0,61.1,25.689999,93.54718,0.0,82.6,4.8736525
2026-06-22 14:37:07,14,Monday,0,0,24.0,62.0,25.684166,93.528244,0.0,82.36667,4.9030833
2026-06-22 14:38:07,14,Monday,0,0,24.0,63.2,25.678333,93.509315,0.0,82.13333,4.9325147
2026-06-22 14:39:07,14,Monday,0,0,24.1,63.9,25.672499,93.49039,0.0,81.9,4.9619455
2026-06-22 14:40:07,14,Monday,0,0,24.2,64.1,25.666666,93.47145,0.0,81.666664,4.991377
2026-06-22 14:41:07,14,Monday,0,0,24.2,63.8,25.660833,93.452515,0.0,81.433334,5.0208077
2026-06-22 14:42:07,14,Monday,0,0,24.2,63.3,25.654999,93.433586,0.0,81.2,5.050239
2026-06-22 14:43:07,14,Monday,0,0,24.2,62.9,25.649166,93.41466,0.0,80.96667,5.0796704
2026-06-22 14:44:07,14,Monday,0,0,24.2,62.4,25.643333,93.39572,0.0,80.73333,5.1091013
2026-06-22 14:45:07,14,Monday,0,0,24.1,61.9,25.637499,93.376785,0.0,80.5,5.1385326
2026-06-22 14:46:07,14,Monday,0,0,24.1,61.4,25.631666,93.35786,0.0,80.26667,5.1679635
2026-06-22 14:47:07,14,Monday,0,0,24.0,61.2,25.625834,93.33893,0.0,80.03333,5.197395
2026-06-22 14:48:07,14,Monday,0,0,24.0,60.8,25.619999,93.31999,0.0,79.8,5.2268257
2026-06-22 14:49:07,14,Monday,0,0,24.0,60.6,25.614166,93.301056,0.0,79.566666,5.256257
2026-06-22 14:50:07,14,Monday,0,0,23.9,60.3,25.608334,93.28213,0.0,79.333336,5.285688
2026-06-22 14:51:07,14,Monday,0,0,23.9,60.2,25.602499,93.2632,0.0,79.1,5.3151193
2026-06-22 14:52:07,14,Monday,0,0,23.8,61.0,25.596666,93.24426,0.0,78.86667,5.3445506
2026-06-22 14:53:07,14,Monday,0,0,23.9,62.0,25.590832,93.22533,0.0,78.63333,5.3739815
2026-06-22 14:54:07,14,Monday,0,0,23.9,63.4,25.585,93.2064,0.0,78.4,5.403413
2026-06-22 14:55:07,14,Monday,0,0,24.1,66.5,25.579166,93.18747,0.0,78.166664,5.4328437
2026-06-22 14:56:07,14,Monday,0,0,24.3,68.0,25.573332,93.16853,0.0,77.933334,5.462275
2026-06-22 14:57:07,14,Monday,0,0,24.5,68.0,25.5675,93.1496,0.0,77.7,5.491706
2026-06-22 14:58:07,14,Monday,0,0,24.7,67.8,25.561666,93.13067,0.0,77.46667,5.521137
2026-06-22 14:59:07,14,Monday,0,0,24.8,67.4,25.555832,93.11174,0.0,77.23333,5.550568
2026-06-22 15:00:07,15,Monday,0,0,24.9,67.1,25.55,93.092804,0.0,77.0,5.5799994
2026-06-22 15:01:07,15,Monday,0,0,24.9,67.2,25.550833,92.99792,0.0,77.183334,5.578241
2026-06-22 15:02:07,15,Monday,0,0,25.0,67.3,25.551666,92.90303,0.0,77.36667,5.5764823
2026-06-22 15:03:07,15,Monday,0,0,25.0,67.2,25.5525,92.80814,0.0,77.55,5.5747237
2026-06-22 15:04:07,15,Monday,0,0,25.1,67.1,25.553333,92.71326,0.0,77.73333,5.572965
2026-06-22 15:05:07,15,Monday,0,0,25.1,67.0,25.554167,92.61837,0.0,77.916664,5.5712066
2026-06-22 15:06:08,15,Monday,0,0,25.2,66.7,25.555,92.52348,0.0,78.1,5.569448
2026-06-22 15:07:08,15,Monday,0,0,25.1,66.5,25.555832,92.4286,0.0,78.28333,5.5676894
2026-06-22 15:08:08,15,Monday,0,0,25.2,66.3,25.556665,92.33372,0.0,78.46667,5.565931
2026-06-22 15:09:08,15,Monday,0,0,25.2,66.1,25.557499,92.23883,0.0,78.65,5.5641723
2026-06-22 15:10:08,15,Monday,0,0,25.2,66.1,25.558332,92.14394,0.0,78.833336,5.562414
2026-06-22 15:11:08,15,Monday,0,0,25.2,66.0,25.559166,92.04906,0.0,79.01667,5.5606556
2026-06-22 15:12:08,15,Monday,0,0,25.3,65.8,25.56,91.95417,0.0,79.2,5.558897
2026-06-22 15:13:08,15,Monday,0,0,25.3,65.9,25.560833,91.85928,0.0,79.38333,5.5571384
2026-06-22 15:14:08,15,Monday,0,0,25.3,66.2,25.561666,91.7644,0.0,79.566666,5.55538
2026-06-22 15:15:08,15,Monday,0,0,25.3,66.1,25.5625,91.66951,0.0,79.75,5.5536213
2026-06-22 15:16:08,15,Monday,0,0,25.3,66.3,25.563334,91.57462,0.0,79.933334,5.5518627
2026-06-22 15:17:08,15,Monday,0,0,25.4,66.2,25.564167,91.47974,0.0,80.11667,5.550104
2026-06-22 15:18:08,15,Monday,0,0,25.4,66.3,25.564999,91.38485,0.0,80.3,5.5483456
2026-06-22 15:19:08,15,Monday,0,0,25.5,65.9,25.565832,91.28996,0.0,80.48333,5.546587
2026-06-22 15:20:08,15,Monday,0,0,25.5,66.1,25.566666,91.195076,0.0,80.666664,5.5448284
2026-06-22 15:21:08,15,Monday,0,0,25.5,65.9,25.5675,91.10019,0.0,80.85,5.54307
2026-06-22 15:22:08,15,Monday,0,0,25.5,65.9,25.568333,91.0053,0.0,81.03333,5.5413113
2026-06-22 15:23:08,15,Monday,0,0,25.5,65.9,25.569166,90.91042,0.0,81.21667,5.5395527
2026-06-22 15:24:08,15,Monday,0,0,25.6,65.9,25.57,90.81554,0.0,81.4,5.537794
2026-06-22 15:25:08,15,Monday,0,0,25.5,65.5,25.570833,90.72065,0.0,81.583336,5.5360355
2026-06-22 15:26:08,15,Monday,0,0,25.5,65.4,25.571667,90.62576,0.0,81.76667,5.534277
2026-06-22 15:27:08,15,Monday,0,0,25.6,65.8,25.5725,90.530876,0.0,81.95,5.5325184
2026-06-22 15:28:08,15,Monday,0,0,25.6,66.1,25.573334,90.43599,0.0,82.13333,5.53076
2026-06-22 15:29:08,15,Monday,0,0,25.6,65.9,25.574167,90.3411,0.0,82.316666,5.529001
2026-06-22 15:30:08,15,Monday,0,0,25.7,66.2,25.575,90.246216,0.0,82.5,5.5272427
2026-06-22 15:31:08,15,Monday,0,0,25.7,66.2,25.575832,90.15133,0.0,82.683334,5.5254846
2026-06-22 15:32:08,15,Monday,0,0,25.7,66.3,25.576666,90.05644,0.0,82.86667,5.523726
2026-06-22 15:33:08,15,Monday,0,0,25.7,66.5,25.5775,89.961555,0.0,83.05,5.5219674
2026-06-22 15:34:08,15,Monday,0,0,25.7,66.3,25.578333,89.86667,0.0,83.23333,5.520209
2026-06-22 15:35:08,15,Monday,0,0,25.8,66.0,25.579166,89.77178,0.0,83.416664,5.5184503
2026-06-22 15:36:08,15,Monday,0,0,25.8,66.0,25.58,89.676895,0.0,83.6,5.5166917
2026-06-22 15:37:08,15,Monday,0,0,25.7,65.8,25.580833,89.58201,0.0,83.78333,5.514933
2026-06-22 15:38:08,15,Monday,0,0,25.7,65.8,25.581667,89.48713,0.0,83.96667,5.5131745
2026-06-22 15:39:08,15,Monday,0,0,25.7,65.9,25.5825,89.39224,0.0,84.15,5.511416
2026-06-22 15:40:08,15,Monday,0,0,25.7,65.7,25.583334,89.297356,0.0,84.333336,5.5096574
2026-06-22 15:41:08,15,Monday,0,0,25.7,65.8,25.584167,89.20247,0.0,84.51667,5.507899
2026-06-22 15:42:08,15,Monday,0,0,25.7,65.6,25.585,89.10758,0.0,84.7,5.50614
2026-06-22 15:43:08,15,Monday,0,0,25.7,65.4,25.585833,89.012695,0.0,84.88333,5.5043817
2026-06-22 15:44:08,15,Monday,0,0,25.7,65.5,25.586666,88.91781,0.0,85.066666,5.502623
2026-06-22 15:45:08,15,Monday,0,0,25.7,65.4,25.5875,88.82292,0.0,85.25,5.5008645
2026-06-22 15:46:08,15,Monday,0,0,25.7,64.9,25.588333,88.728035,0.0,85.433334,5.499106
2026-06-22 15:47:08,15,Monday,0,0,25.7,64.8,25.589167,88.63315,0.0,85.61667,5.4973474
2026-06-22 15:48:08,15,Monday,0,0,25.7,64.8,25.59,88.53826,0.0,85.8,5.495589
2026-06-22 15:49:08,15,Monday,0,0,25.7,64.9,25.590834,88.443375,0.0,85.98333,5.49383
2026-06-22 15:50:08,15,Monday,0,0,25.6,65.0,25.591667,88.34849,0.0,86.166664,5.492072
2026-06-22 15:51:08,15,Monday,0,0,25.6,65.1,25.5925,88.2536,0.0,86.35,5.4903135
2026-06-22 15:52:08,15,Monday,0,0,25.6,64.6,25.593334,88.158714,0.0,86.53333,5.488555
2026-06-22 15:53:08,15,Monday,0,0,25.6,64.6,25.594168,88.063835,0.0,86.71667,5.4867964
2026-06-22 15:54:08,15,Monday,0,0,25.5,64.7,25.595001,87.96895,0.0,86.9,5.485038
2026-06-22 15:55:08,15,Monday,0,0,25.5,64.6,25.595833,87.87406,0.0,87.083336,5.483279
2026-06-22 15:56:08,15,Monday,0,0,25.6,64.6,25.596666,87.779175,0.0,87.26667,5.4815207
2026-06-22 15:57:09,15,Monday,0,0,25.5,64.4,25.5975,87.68429,0.0,87.45,5.479762
2026-06-22 15:58:09,15,Monday,0,0,25.5,64.8,25.598333,87.5894,0.0,87.63333,5.4780035
2026-06-22 15:59:09,15,Monday,0,0,25.5,64.8,25.599167,87.494514,0.0,87.816666,5.476245
2026-06-22 16:00:09,16,Monday,0,0,25.5,65.1,25.6,87.39963,0.0,88.0,5.4744864
2026-06-22 16:01:09,16,Monday,0,0,25.5,65.5,25.595833,87.36872,0.0,88.2,5.483868
2026-06-22 16:02:09,16,Monday,0,0,25.5,65.5,25.591667,87.337814,0.0,88.4,5.4932494
2026-06-22 16:03:09,16,Monday,0,0,25.6,65.4,25.5875,87.3069,0.0,88.6,5.502631
2026-06-22 16:04:09,16,Monday,0,0,25.6,65.2,25.583334,87.27599,0.0,88.8,5.512013
2026-06-22 16:05:09,16,Monday,0,0,25.5,64.8,25.579166,87.24509,0.0,89.0,5.5213943
2026-06-22 16:06:09,16,Monday,0,0,25.5,64.7,25.575,87.21418,0.0,89.2,5.530776
2026-06-22 16:07:09,16,Monday,0,0,25.5,64.5,25.570833,87.18327,0.0,89.4,5.540158
2026-06-22 16:08:09,16,Monday,0,0,25.5,64.1,25.566668,87.15236,0.0,89.6,5.549539
2026-06-22 16:09:09,16,Monday,0,0,25.5,64.2,25.5625,87.12145,0.0,89.8,5.558921
2026-06-22 16:10:09,16,Monday,0,0,25.5,64.2,25.558334,87.090546,0.0,90.0,5.5683026
2026-06-22 16:11:09,16,Monday,0,0,25.5,64.0,25.554167,87.05964,0.0,90.2,5.577684
2026-06-22 16:12:09,16,Monday,0,0,25.4,63.9,25.550001,87.02873,0.0,90.4,5.5870657
2026-06-22 16:13:09,16,Monday,0,0,25.4,64.9,25.545834,86.99782,0.0,90.6,5.5964475
2026-06-22 16:14:09,16,Monday,0,0,25.5,65.7,25.541668,86.96691,0.0,90.8,5.605829
2026-06-22 16:15:09,16,Monday,0,0,25.6,66.5,25.5375,86.936005,0.0,91.0,5.6152105
2026-06-22 16:16:09,16,Monday,0,0,25.6,66.8,25.533333,86.9051,0.0,91.2,5.6245923
2026-06-22 16:17:09,16,Monday,0,0,25.6,66.4,25.529167,86.87419,0.0,91.4,5.6339736
2026-06-22 16:18:09,16,Monday,0,0,25.6,66.3,25.525,86.84328,0.0,91.6,5.6433554
2026-06-22 16:19:09,16,Monday,0,0,25.6,65.8,25.520834,86.81237,0.0,91.8,5.652737
2026-06-22 16:20:09,16,Monday,0,0,25.6,65.6,25.516666,86.78146,0.0,92.0,5.6621184
2026-06-22 16:21:09,16,Monday,0,0,25.6,65.3,25.5125,86.75056,0.0,92.2,5.6715
2026-06-22 16:22:09,16,Monday,0,0,25.5,65.0,25.508333,86.71965,0.0,92.4,5.680882
2026-06-22 16:23:09,16,Monday,0,0,25.5,65.1,25.504168,86.688736,0.0,92.6,5.6902633
2026-06-22 16:24:09,16,Monday,0,0,25.5,65.0,25.5,86.65783,0.0,92.8,5.699645
2026-06-22 16:25:09,16,Monday,0,0,25.5,64.6,25.495834,86.62692,0.0,93.0,5.709027
2026-06-22 16:26:09,16,Monday,0,0,25.4,64.6,25.491667,86.596016,0.0,93.2,5.718408
2026-06-22 16:27:09,16,Monday,0,0,25.4,64.8,25.487501,86.56511,0.0,93.4,5.72779
2026-06-22 16:28:09,16,Monday,0,0,25.4,65.4,25.483334,86.534195,0.0,93.6,5.7371716
2026-06-22 16:29:09,16,Monday,0,0,25.4,66.0,25.479168,86.50329,0.0,93.8,5.746553
2026-06-22 16:30:09,16,Monday,0,0,25.5,67.0,25.475,86.47238,0.0,94.0,5.7559347
2026-06-22 16:31:09,16,Monday,0,0,25.6,67.6,25.470833,86.441475,0.0,94.2,5.7653165
2026-06-22 16:32:09,16,Monday,0,0,25.6,67.9,25.466667,86.41057,0.0,94.4,5.774698
2026-06-22 16:33:09,16,Monday,0,0,25.6,67.5,25.4625,86.379654,0.0,94.6,5.7840796
2026-06-22 16:34:09,16,Monday,0,0,25.6,66.1,25.458334,86.34875,0.0,94.8,5.7934613
2026-06-22 16:35:09,16,Monday,0,0,25.5,65.4,25.454166,86.31784,0.0,95.0,5.8028426
2026-06-22 16:36:09,16,Monday,0,0,25.4,64.7,25.45,86.286934,0.0,95.2,5.8122244
2026-06-22 16:37:09,16,Monday,0,0,25.3,64.3,25.445833,86.25603,0.0,95.4,5.821606
2026-06-22 16:38:09,16,Monday,0,0,25.2,63.7,25.441668,86.22511,0.0,95.6,5.8309875
2026-06-22 16:39:09,16,Monday,0,0,25.1,63.4,25.4375,86.19421,0.0,95.8,5.840369
2026-06-22 16:40:09,16,Monday,0,0,25.1,63.0,25.433334,86.1633,0.0,96.0,5.849751
2026-06-22 16:41:09,16,Monday,0,0,25.0,63.4,25.429167,86.13239,0.0,96.2,5.8591323
2026-06-22 16:42:09,16,Monday,0,0,25.0,64.3,25.425001,86.10149,0.0,96.4,5.868514
2026-06-22 16:43:09,16,Monday,0,0,25.0,65.4,25.420834,86.07057,0.0,96.6,5.877896
2026-06-22 16:44:09,16,Monday,0,0,25.1,65.8,25.416668,86.039665,0.0,96.8,5.887277
2026-06-22 16:45:09,16,Monday,0,0,25.1,65.2,25.4125,86.00876,0.0,97.0,5.896659
2026-06-22 16:46:09,16,Monday,0,0,25.1,64.8,25.408333,85.97785,0.0,97.2,5.9060407
2026-06-22 16:47:09,16,Monday,0,0,25.0,64.3,25.404167,85.946945,0.0,97.4,5.915422
2026-06-22 16:48:10,16,Monday,0,0,24.9,63.8,25.4,85.91603,0.0,97.6,5.9248037
2026-06-22 16:49:10,16,Monday,0,0,24.9,63.5,25.395834,85.885124,0.0,97.8,5.9341855
2026-06-22 16:50:10,16,Monday,0,0,24.8,63.3,25.391666,85.85422,0.0,98.0,5.943567
2026-06-22 16:51:10,16,Monday,0,0,24.8,62.9,25.3875,85.82331,0.0,98.2,5.9529486
2026-06-22 16:52:10,16,Monday,0,0,24.7,62.6,25.383333,85.792404,0.0,98.4,5.9623303
2026-06-22 16:53:10,16,Monday,0,0,24.7,62.4,25.379168,85.76149,0.0,98.6,5.9717116
2026-06-22 16:54:10,16,Monday,0,0,24.6,63.0,25.375,85.73058,0.0,98.8,5.9810934
2026-06-22 16:55:10,16,Monday,0,0,24.6,63.9,25.370834,85.69968,0.0,99.0,5.990475
2026-06-22 16:56:10,16,Monday,0,0,24.7,65.2,25.366667,85.66877,0.0,99.2,5.9998565
2026-06-22 16:57:10,16,Monday,0,0,24.8,65.7,25.362501,85.63786,0.0,99.4,6.0092382
2026-06-22 16:58:10,16,Monday,0,0,24.8,65.2,25.358334,85.60695,0.0,99.6,6.01862
2026-06-22 16:59:10,16,Monday,0,0,24.8,64.7,25.354168,85.57604,0.0,99.8,6.0280013
2026-06-22 17:00:10,17,Monday,0,0,24.7,64.2,25.35,85.545135,0.0,100.0,6.037383
2026-06-22 17:01:10,17,Monday,0,0,24.7,63.5,25.362501,85.46258,0.0,100.0,6.052172
2026-06-22 17:02:10,17,Monday,0,0,24.6,63.3,25.375,85.38002,0.0,100.0,6.066962
2026-06-22 17:03:10,17,Monday,0,0,24.6,62.9,25.3875,85.29746,0.0,100.0,6.081751
2026-06-22 17:04:10,17,Monday,0,0,24.5,62.7,25.4,85.214905,0.0,100.0,6.09654
2026-06-22 17:05:10,17,Monday,0,0,24.5,63.6,25.4125,85.13235,0.0,100.0,6.111329
2026-06-22 17:06:10,17,Monday,0,0,24.5,64.9,25.425001,85.04979,0.0,100.0,6.1261187
2026-06-22 17:07:10,17,Monday,0,0,24.6,65.4,25.4375,84.96723,0.0,100.0,6.140908
2026-06-22 17:08:10,17,Monday,0,0,24.6,65.2,25.45,84.884674,0.0,100.0,6.155697
2026-06-22 17:09:10,17,Monday,0,0,24.6,64.9,25.4625,84.80212,0.0,100.0,6.1704865
2026-06-22 17:10:10,17,Monday,0,0,24.6,64.3,25.475,84.71956,0.0,100.0,6.1852756
2026-06-22 17:11:10,17,Monday,0,0,24.6,63.8,25.487501,84.63699,0.0,100.0,6.2000647
2026-06-22 17:12:10,17,Monday,0,0,24.5,63.4,25.5,84.554436,0.0,100.0,6.2148542
2026-06-22 17:13:10,17,Monday,0,0,24.4,62.9,25.5125,84.47188,0.0,100.0,6.2296433
2026-06-22 17:14:10,17,Monday,0,0,24.4,62.5,25.525,84.38932,0.0,100.0,6.2444324
2026-06-22 17:15:10,17,Monday,0,0,24.4,62.8,25.5375,84.30676,0.0,100.0,6.259222
2026-06-22 17:16:10,17,Monday,0,0,24.4,63.9,25.550001,84.224205,0.0,100.0,6.274011
2026-06-22 17:17:10,17,Monday,0,0,24.4,65.1,25.5625,84.14165,0.0,100.0,6.2888002
2026-06-22 17:18:10,17,Monday,0,0,24.5,65.3,25.575,84.05909,0.0,100.0,6.3035893
2026-06-22 17:19:10,17,Monday,0,0,24.5,65.0,25.5875,83.97653,0.0,100.0,6.318379
2026-06-22 17:20:10,17,Monday,0,0,24.5,64.3,25.6,83.893974,0.0,100.0,6.333168
2026-06-22 17:21:10,17,Monday,0,0,24.5,64.5,25.612501,83.81142,0.0,100.0,6.347957
2026-06-22 17:22:10,17,Monday,0,0,24.7,64.4,25.625,83.72886,0.0,100.0,6.3627467
2026-06-22 17:23:10,17,Monday,0,0,24.9,64.5,25.6375,83.6463,0.0,100.0,6.377536
2026-06-22 17:24:10,17,Monday,0,0,25.1,64.2,25.65,83.56374,0.0,100.0,6.392325
2026-06-22 17:25:10,17,Monday,0,0,25.4,63.6,25.6625,83.481186,0.0,100.0,6.407114
2026-06-22 17:26:10,17,Monday,0,0,25.6,63.4,25.675001,83.39863,0.0,100.0,6.4219036
2026-06-22 17:27:10,17,Monday,0,0,25.8,63.2,25.6875,83.31607,0.0,100.0,6.4366927
2026-06-22 17:28:10,17,Monday,0,0,26.0,63.1,25.7,83.23351,0.0,100.0,6.451482
2026-06-22 17:29:10,17,Monday,0,0,26.1,63.0,25.7125,83.150955,0.0,100.0,6.4662714
2026-06-22 17:30:10,17,Monday,0,0,26.3,62.5,25.725,83.06839,0.0,100.0,6.4810605
2026-06-22 17:31:10,17,Monday,0,0,26.4,62.2,25.737501,82.98583,0.0,100.0,6.4958496
2026-06-22 17:32:10,17,Monday,0,0,26.6,62.2,25.75,82.903275,0.0,100.0,6.510639
2026-06-22 17:33:10,17,Monday,0,0,26.7,62.0,25.7625,82.82072,0.0,100.0,6.5254283
2026-06-22 17:34:10,17,Monday,0,0,26.8,62.0,25.775,82.73816,0.0,100.0,6.5402174
2026-06-22 17:35:10,17,Monday,0,0,26.9,62.4,25.7875,82.6556,0.0,100.0,6.555007
2026-06-22 17:36:10,17,Monday,0,0,27.1,62.8,25.800001,82.573044,0.0,100.0,6.569796
2026-06-22 17:37:10,17,Monday,0,0,27.2,63.4,25.8125,82.490486,0.0,100.0,6.584585
2026-06-22 17:38:10,17,Monday,0,0,27.3,64.1,25.825,82.40793,0.0,100.0,6.5993743
2026-06-22 17:39:11,17,Monday,0,0,27.4,64.3,25.8375,82.32537,0.0,100.0,6.614164
2026-06-22 17:40:11,17,Monday,0,0,27.5,65.2,25.85,82.24281,0.0,100.0,6.628953
2026-06-22 17:41:11,17,Monday,0,0,27.5,65.6,25.862501,82.160255,0.0,100.0,6.643742
2026-06-22 17:42:11,17,Monday,0,0,27.6,66.9,25.875,82.0777,0.0,100.0,6.6585317
2026-06-22 17:43:11,17,Monday,0,0,27.7,66.9,25.8875,81.99514,0.0,100.0,6.673321
2026-06-22 17:44:11,17,Monday,0,0,27.8,68.3,25.9,81.91258,0.0,100.0,6.68811
2026-06-22 17:45:11,17,Monday,0,0,27.9,69.0,25.9125,81.830025,0.0,100.0,6.702899
2026-06-22 17:46:11,17,Monday,0,0,27.9,69.9,25.925001,81.74747,0.0,100.0,6.7176886
2026-06-22 17:47:11,17,Monday,0,0,28.0,70.6,25.9375,81.66491,0.0,100.0,6.7324777
2026-06-22 17:48:11,17,Monday,0,0,28.1,70.9,25.95,81.58235,0.0,100.0,6.747267
2026-06-22 17:49:11,17,Monday,0,0,28.1,71.2,25.9625,81.499794,0.0,100.0,6.7620564
2026-06-22 17:50:11,17,Monday,0,0,28.2,71.5,25.975,81.41724,0.0,100.0,6.7768455
2026-06-22 17:51:11,17,Monday,0,0,28.2,71.8,25.987501,81.33467,0.0,100.0,6.7916346
2026-06-22 17:52:11,17,Monday,0,0,28.3,71.8,26.0,81.25211,0.0,100.0,6.806424
2026-06-22 17:53:11,17,Monday,0,0,28.3,71.9,26.0125,81.169556,0.0,100.0,6.8212132
2026-06-22 17:54:11,17,Monday,0,0,28.4,71.8,26.025,81.087,0.0,100.0,6.8360023
2026-06-22 17:55:11,17,Monday,0,0,28.4,71.9,26.0375,81.00444,0.0,100.0,6.850792
2026-06-22 17:56:11,17,Monday,0,0,28.5,72.0,26.050001,80.92188,0.0,100.0,6.865581
2026-06-22 17:57:11,17,Monday,0,0,28.5,72.0,26.0625,80.839325,0.0,100.0,6.88037
2026-06-22 17:58:11,17,Monday,0,0,28.6,72.0,26.075,80.75677,0.0,100.0,6.8951592
2026-06-22 17:59:11,17,Monday,0,0,28.6,71.5,26.0875,80.67421,0.0,100.0,6.909949
2026-06-22 18:00:11,18,Monday,0,0,28.7,71.8,26.1,80.59165,0.0,100.0,6.924738
2026-06-22 18:01:11,18,Monday,0,0,28.7,72.1,26.094168,80.61978,0.0,100.0,6.9090505
2026-06-22 18:02:11,18,Monday,0,0,28.7,71.8,26.088333,80.6479,0.0,100.0,6.8933625
2026-06-22 18:03:11,18,Monday,0,0,28.8,71.9,26.0825,80.67603,0.0,100.0,6.877675
2026-06-22 18:04:11,18,Monday,0,0,28.8,72.1,26.076668,80.70416,0.0,100.0,6.861987
2026-06-22 18:05:11,18,Monday,0,0,28.9,72.2,26.070833,80.73229,0.0,100.0,6.8462996
2026-06-22 18:06:11,18,Monday,0,0,28.9,72.1,26.065,80.760414,0.0,100.0,6.8306117
2026-06-22 18:07:11,18,Monday,0,0,29.0,72.3,26.059168,80.78854,0.0,100.0,6.8149242
2026-06-22 18:08:11,18,Monday,0,0,29.0,72.1,26.053333,80.81667,0.0,100.0,6.7992363
2026-06-22 18:09:11,18,Monday,0,0,29.1,72.3,26.0475,80.8448,0.0,100.0,6.783549
2026-06-22 18:10:11,18,Monday,0,0,29.1,72.3,26.041668,80.872925,0.0,100.0,6.767861
2026-06-22 18:11:11,18,Monday,0,0,29.1,72.3,26.035833,80.901054,0.0,100.0,6.7521734
2026-06-22 18:12:11,18,Monday,0,0,29.1,72.1,26.03,80.929184,0.0,100.0,6.7364855
2026-06-22 18:13:11,18,Monday,0,0,29.2,72.0,26.024166,80.95731,0.0,100.0,6.720798
2026-06-22 18:14:11,18,Monday,0,0,29.2,72.1,26.018333,80.985435,0.0,100.0,6.70511
2026-06-22 18:15:11,18,Monday,0,0,29.3,72.2,26.0125,81.013565,0.0,100.0,6.6894226
2026-06-22 18:16:11,18,Monday,0,0,29.3,71.6,26.006666,81.041695,0.0,100.0,6.673735
2026-06-22 18:17:11,18,Monday,0,0,29.3,71.3,26.000834,81.06982,0.0,100.0,6.658047
2026-06-22 18:18:11,18,Monday,0,0,29.3,71.6,25.995,81.097946,0.0,100.0,6.6423597
2026-06-22 18:19:11,18,Monday,0,0,29.3,71.7,25.989166,81.126076,0.0,100.0,6.626672
2026-06-22 18:20:11,18,Monday,0,0,29.4,71.7,25.983334,81.154205,0.0,100.0,6.6109843
2026-06-22 18:21:11,18,Monday,0,0,29.4,71.6,25.9775,81.18233,0.0,100.0,6.5952964
2026-06-22 18:22:11,18,Monday,0,0,29.4,71.7,25.971666,81.21046,0.0,100.0,6.579609
2026-06-22 18:23:11,18,Monday,0,0,29.5,71.7,25.965834,81.23859,0.0,100.0,6.563921
2026-06-22 18:24:11,18,Monday,0,0,29.5,71.5,25.960001,81.266716,0.0,100.0,6.5482335
2026-06-22 18:25:11,18,Monday,0,0,29.5,71.3,25.954166,81.29484,0.0,100.0,6.5325456
2026-06-22 18:26:11,18,Monday,0,0,29.5,71.5,25.948334,81.32297,0.0,100.0,6.516858
2026-06-22 18:27:12,18,Monday,0,0,29.6,71.3,25.942501,81.3511,0.0,100.0,6.50117
2026-06-22 18:28:12,18,Monday,0,0,29.6,71.4,25.936666,81.37923,0.0,100.0,6.4854827
2026-06-22 18:29:12,18,Monday,0,0,29.6,71.4,25.930834,81.40735,0.0,100.0,6.4697948
2026-06-22 18:30:12,18,Monday,0,0,29.6,71.4,25.925,81.43548,0.0,100.0,6.4541073
2026-06-22 18:31:12,18,Monday,0,0,29.6,71.3,25.919167,81.46361,0.0,100.0,6.43842
2026-06-22 18:32:12,18,Monday,0,0,29.7,71.3,25.913334,81.49173,0.0,100.0,6.422732
2026-06-22 18:33:12,18,Monday,0,0,29.7,71.2,25.9075,81.51986,0.0,100.0,6.4070444
2026-06-22 18:34:12,18,Monday,0,0,29.7,71.1,25.901667,81.54799,0.0,100.0,6.3913565
2026-06-22 18:35:12,18,Monday,0,0,29.7,71.2,25.895834,81.57612,0.0,100.0,6.375669
2026-06-22 18:36:12,18,Monday,0,0,29.7,71.1,25.89,81.60424,0.0,100.0,6.359981
2026-06-22 18:37:12,18,Monday,0,0,29.7,71.1,25.884167,81.63237,0.0,100.0,6.3442936
2026-06-22 18:38:12,18,Monday,0,0,29.7,71.1,25.878334,81.6605,0.0,100.0,6.3286057
2026-06-22 18:39:12,18,Monday,0,0,29.7,71.0,25.8725,81.68863,0.0,100.0,6.312918
2026-06-22 18:40:12,18,Monday,0,0,29.8,70.7,25.866667,81.71675,0.0,100.0,6.2972302
2026-06-22 18:41:12,18,Monday,0,0,29.8,70.7,25.860834,81.74488,0.0,100.0,6.281543
2026-06-22 18:42:12,18,Monday,0,0,29.8,70.7,25.855,81.77301,0.0,100.0,6.265855
2026-06-22 18:43:12,18,Monday,0,0,29.8,70.7,25.849167,81.80114,0.0,100.0,6.2501674
2026-06-22 18:44:12,18,Monday,0,0,29.8,70.6,25.843334,81.82926,0.0,100.0,6.2344794
2026-06-22 18:45:12,18,Monday,0,0,29.8,70.2,25.8375,81.85739,0.0,100.0,6.218792
2026-06-22 18:46:12,18,Monday,0,0,29.9,70.5,25.831667,81.88552,0.0,100.0,6.2031045
2026-06-22 18:47:12,18,Monday,0,0,29.9,70.7,25.825834,81.91364,0.0,100.0,6.1874166
2026-06-22 18:48:12,18,Monday,0,0,29.9,70.8,25.82,81.94177,0.0,100.0,6.171729
2026-06-22 18:49:12,18,Monday,0,0,29.9,70.6,25.814167,81.9699,0.0,100.0,6.156041
2026-06-22 18:50:12,18,Monday,0,0,29.9,70.8,25.808334,81.99803,0.0,100.0,6.1403537
2026-06-22 18:51:12,18,Monday,0,0,29.9,70.9,25.8025,82.02615,0.0,100.0,6.1246657
2026-06-22 18:52:12,18,Monday,0,0,29.9,71.1,25.796667,82.05428,0.0,100.0,6.1089783
2026-06-22 18:53:12,18,Monday,0,0,29.9,70.9,25.790833,82.08241,0.0,100.0,6.0932903
2026-06-22 18:54:12,18,Monday,0,0,30.0,70.8,25.785,82.11054,0.0,100.0,6.077603
2026-06-22 18:55:12,18,Monday,0,0,30.0,70.6,25.779167,82.138664,0.0,100.0,6.061915
2026-06-22 18:56:12,18,Monday,0,0,30.0,71.0,25.773333,82.166794,0.0,100.0,6.0462275
2026-06-22 18:57:12,18,Monday,0,0,30.0,71.1,25.7675,82.19492,0.0,100.0,6.0305395
2026-06-22 18:58:12,18,Monday,0,0,30.0,71.2,25.761667,82.22305,0.0,100.0,6.014852
2026-06-22 18:59:12,18,Monday,0,0,30.0,71.1,25.755833,82.251175,0.0,100.0,5.999164
2026-06-22 19:00:12,19,Monday,0,0,30.0,71.3,25.75,82.279305,0.0,100.0,5.9834766
2026-06-22 19:01:12,19,Monday,0,0,30.0,71.3,25.7475,82.30422,0.0,99.933334,5.9560018
2026-06-22 19:02:12,19,Monday,0,0,30.0,71.3,25.745,82.32913,0.0,99.86667,5.9285264
2026-06-22 19:03:12,19,Monday,0,0,30.0,71.4,25.7425,82.35405,0.0,99.8,5.9010515
2026-06-22 19:04:12,19,Monday,0,0,30.0,71.5,25.74,82.37897,0.0,99.73333,5.8735766
2026-06-22 19:05:12,19,Monday,0,0,30.1,71.1,25.7375,82.40388,0.0,99.666664,5.8461013
2026-06-22 19:06:12,19,Monday,0,0,30.1,71.5,25.735,82.428795,0.0,99.6,5.8186264
2026-06-22 19:07:12,19,Monday,0,0,30.1,71.5,25.7325,82.45371,0.0,99.53333,5.7911515
2026-06-22 19:08:12,19,Monday,0,0,30.1,71.4,25.73,82.47862,0.0,99.46667,5.763676
2026-06-22 19:09:12,19,Monday,0,0,30.1,71.5,25.7275,82.50354,0.0,99.4,5.7362013
2026-06-22 19:10:12,19,Monday,0,0,30.1,71.4,25.725,82.52846,0.0,99.333336,5.7087264
2026-06-22 19:11:12,19,Monday,0,0,30.1,71.5,25.7225,82.553375,0.0,99.26667,5.681251
2026-06-22 19:12:12,19,Monday,0,0,30.1,71.5,25.72,82.578285,0.0,99.2,5.653776
2026-06-22 19:13:13,19,Monday,0,0,30.1,71.6,25.7175,82.6032,0.0,99.13333,5.6263013
2026-06-22 19:14:13,19,Monday,0,0,30.1,71.5,25.715,82.62812,0.0,99.066666,5.598826
2026-06-22 19:15:13,19,Monday,0,0,30.1,71.6,25.7125,82.65303,0.0,99.0,5.571351
2026-06-22 19:16:13,19,Monday,0,0,30.1,71.7,25.710001,82.67795,0.0,98.933334,5.543876
2026-06-22 19:17:13,19,Monday,0,0,30.1,71.7,25.7075,82.702866,0.0,98.86667,5.516401
2026-06-22 19:18:13,19,Monday,0,0,30.1,71.8,25.705,82.727776,0.0,98.8,5.488926
2026-06-22 19:19:13,19,Monday,0,0,30.1,71.8,25.7025,82.75269,0.0,98.73333,5.461451
2026-06-22 19:20:13,19,Monday,0,0,30.1,71.7,25.7,82.77761,0.0,98.666664,5.4339757
2026-06-22 19:21:13,19,Monday,0,0,30.1,71.7,25.6975,82.80252,0.0,98.6,5.406501
2026-06-22 19:22:13,19,Monday,0,0,30.1,71.7,25.695,82.82744,0.0,98.53333,5.379026
2026-06-22 19:23:13,19,Monday,0,0,30.2,71.8,25.692501,82.852356,0.0,98.46667,5.3515506
2026-06-22 19:24:13,19,Monday,0,0,30.2,71.8,25.69,82.877266,0.0,98.4,5.3240757
2026-06-22 19:25:13,19,Monday,0,0,30.2,71.9,25.6875,82.90218,0.0,98.333336,5.296601
2026-06-22 19:26:13,19,Monday,0,0,30.2,71.8,25.685,82.9271,0.0,98.26667,5.2691255
2026-06-22 19:27:13,19,Monday,0,0,30.2,71.9,25.6825,82.95201,0.0,98.2,5.2416506
2026-06-22 19:28:13,19,Monday,0,0,30.2,71.9,25.68,82.97693,0.0,98.13333,5.2141757
2026-06-22 19:29:13,19,Monday,0,0,30.2,72.0,25.6775,83.00185,0.0,98.066666,5.1867003
2026-06-22 19:30:13,19,Monday,0,0,30.2,72.0,25.675,83.026764,0.0,98.0,5.1592255
2026-06-22 19:31:13,19,Monday,0,0,30.2,71.9,25.6725,83.051674,0.0,97.933334,5.1317506
2026-06-22 19:32:13,19,Monday,0,0,30.2,72.0,25.67,83.07659,0.0,97.86667,5.104275
2026-06-22 19:33:13,19,Monday,0,0,30.2,72.0,25.6675,83.10151,0.0,97.8,5.0768003
2026-06-22 19:34:13,19,Monday,0,0,30.2,72.1,25.665,83.12642,0.0,97.73333,5.0493255
2026-06-22 19:35:13,19,Monday,0,0,30.2,72.2,25.6625,83.15134,0.0,97.666664,5.02185
2026-06-22 19:36:13,19,Monday,0,0,30.2,72.2,25.66,83.176254,0.0,97.6,4.994375
2026-06-22 19:37:13,19,Monday,0,0,30.2,72.2,25.6575,83.201164,0.0,97.53333,4.9669003
2026-06-22 19:38:13,19,Monday,0,0,30.2,72.5,25.655,83.22608,0.0,97.46667,4.939425
2026-06-22 19:39:13,19,Monday,0,0,30.2,72.6,25.6525,83.251,0.0,97.4,4.91195
2026-06-22 19:40:13,19,Monday,0,0,30.2,72.3,25.65,83.27591,0.0,97.333336,4.884475
2026-06-22 19:41:13,19,Monday,0,0,30.2,72.3,25.647501,83.30083,0.0,97.26667,4.857
2026-06-22 19:42:13,19,Monday,0,0,30.2,72.6,25.645,83.325745,0.0,97.2,4.829525
2026-06-22 19:43:13,19,Monday,0,0,30.2,72.6,25.6425,83.350655,0.0,97.13333,4.80205
2026-06-22 19:44:13,19,Monday,0,0,30.2,72.4,25.64,83.37557,0.0,97.066666,4.7745748
2026-06-22 19:45:13,19,Monday,0,0,30.2,72.5,25.6375,83.40049,0.0,97.0,4.7471
2026-06-22 19:46:13,19,Monday,0,0,30.2,72.5,25.635,83.4254,0.0,96.933334,4.719625
2026-06-22 19:47:13,19,Monday,0,0,30.2,72.7,25.6325,83.45032,0.0,96.86667,4.6921496
2026-06-22 19:48:13,19,Monday,0,0,30.3,72.7,25.630001,83.475235,0.0,96.8,4.6646748
2026-06-22 19:49:13,19,Monday,0,0,30.2,72.6,25.6275,83.500145,0.0,96.73333,4.6372
2026-06-22 19:50:13,19,Monday,0,0,30.3,72.5,25.625,83.52506,0.0,96.666664,4.6097245
2026-06-22 19:51:13,19,Monday,0,0,30.2,72.4,25.6225,83.54998,0.0,96.6,4.5822496
2026-06-22 19:52:13,19,Monday,0,0,30.3,72.6,25.62,83.5749,0.0,96.53333,4.5547748
2026-06-22 19:53:13,19,Monday,0,0,30.3,72.6,25.6175,83.59981,0.0,96.46667,4.5272994
2026-06-22 19:54:13,19,Monday,0,0,30.3,72.7,25.615,83.624725,0.0,96.4,4.4998245
2026-06-22 19:55:13,19,Monday,0,0,30.3,73.0,25.612501,83.64964,0.0,96.333336,4.4723496
2026-06-22 19:56:13,19,Monday,0,0,30.3,72.9,25.61,83.67455,0.0,96.26667,4.4448743
2026-06-22 19:57:13,19,Monday,0,0,30.3,73.0,25.6075,83.69947,0.0,96.2,4.4173994
2026-06-22 19:58:13,19,Monday,0,0,30.4,73.0,25.605,83.72439,0.0,96.13333,4.3899245
2026-06-22 19:59:14,19,Monday,0,0,30.4,73.0,25.6025,83.7493,0.0,96.066666,4.362449
2026-06-22 20:00:14,20,Monday,0,0,30.4,73.2,25.6,83.774216,0.0,96.0,4.3349743
2026-06-22 20:01:14,20,Monday,0,0,30.4,73.1,25.5925,83.82518,0.0,95.76667,4.3096824
2026-06-22 20:02:14,20,Monday,0,0,30.4,73.1,25.585001,83.87615,0.0,95.53333,4.28439
2026-06-22 20:03:14,20,Monday,0,0,30.4,73.0,25.5775,83.92712,0.0,95.3,4.259098
2026-06-22 20:04:14,20,Monday,0,0,30.5,73.2,25.57,83.97808,0.0,95.066666,4.2338057
2026-06-22 20:05:14,20,Monday,0,0,30.5,73.3,25.5625,84.029045,0.0,94.833336,4.2085137
2026-06-22 20:06:14,20,Monday,0,0,30.5,73.2,25.555,84.08002,0.0,94.6,4.1832213
2026-06-22 20:07:14,20,Monday,0,0,30.5,73.3,25.5475,84.13098,0.0,94.36667,4.1579294
2026-06-22 20:08:14,20,Monday,0,0,30.5,73.4,25.54,84.181946,0.0,94.13333,4.132637
2026-06-22 20:09:14,20,Monday,0,0,30.5,73.4,25.532501,84.23292,0.0,93.9,4.107345
2026-06-22 20:10:14,20,Monday,0,0,30.5,73.3,25.525,84.28388,0.0,93.666664,4.0820527
2026-06-22 20:11:14,20,Monday,0,0,30.5,73.2,25.5175,84.33485,0.0,93.433334,4.056761
2026-06-22 20:12:14,20,Monday,0,0,30.6,73.3,25.51,84.38581,0.0,93.2,4.0314684
2026-06-22 20:13:14,20,Monday,0,0,30.6,73.3,25.5025,84.43678,0.0,92.96667,4.0061765
2026-06-22 20:14:14,20,Monday,0,0,30.6,73.4,25.495,84.48775,0.0,92.73333,3.9808843
2026-06-22 20:15:14,20,Monday,0,0,30.6,73.3,25.4875,84.53871,0.0,92.5,3.9555922
2026-06-22 20:16:14,20,Monday,0,0,30.6,73.3,25.48,84.58968,0.0,92.26667,3.9303
2026-06-22 20:17:14,20,Monday,0,0,30.6,73.4,25.4725,84.64065,0.0,92.03333,3.9050078
2026-06-22 20:18:14,20,Monday,0,0,30.6,73.3,25.465,84.69161,0.0,91.8,3.8797157
2026-06-22 20:19:14,20,Monday,0,0,30.6,73.5,25.4575,84.74258,0.0,91.566666,3.8544235
2026-06-22 20:20:14,20,Monday,0,0,30.6,73.5,25.45,84.79355,0.0,91.333336,3.8291314
2026-06-22 20:21:14,20,Monday,0,0,30.6,73.5,25.442501,84.84451,0.0,91.1,3.8038392
2026-06-22 20:22:14,20,Monday,0,0,30.6,73.6,25.435,84.89548,0.0,90.86667,3.778547
2026-06-22 20:23:14,20,Monday,0,0,30.6,73.6,25.4275,84.94645,0.0,90.63333,3.753255
2026-06-22 20:24:14,20,Monday,0,0,30.7,73.7,25.42,84.99741,0.0,90.4,3.7279627
2026-06-22 20:25:14,20,Monday,0,0,30.6,73.7,25.4125,85.04838,0.0,90.166664,3.7026706
2026-06-22 20:26:14,20,Monday,0,0,30.7,73.8,25.405,85.09934,0.0,89.933334,3.6773784
2026-06-22 20:27:14,20,Monday,0,0,30.7,73.8,25.3975,85.150314,0.0,89.7,3.6520863
2026-06-22 20:28:14,20,Monday,0,0,30.7,73.8,25.39,85.20128,0.0,89.46667,3.626794
2026-06-22 20:29:14,20,Monday,0,0,30.7,73.7,25.3825,85.25224,0.0,89.23333,3.601502
2026-06-22 20:30:14,20,Monday,0,0,30.6,74.7,25.375,85.30321,0.0,89.0,3.57621
2026-06-22 20:31:14,20,Monday,0,0,30.6,75.9,25.3675,85.35418,0.0,88.76667,3.5509179
2026-06-22 20:32:14,20,Monday,0,0,30.5,76.7,25.36,85.40514,0.0,88.53333,3.5256257
2026-06-22 20:33:14,20,Monday,0,0,30.3,76.0,25.3525,85.45611,0.0,88.3,3.5003335
2026-06-22 20:34:14,20,Monday,0,0,30.2,74.4,25.345,85.50708,0.0,88.066666,3.4750414
2026-06-22 20:35:14,20,Monday,0,0,29.9,72.7,25.3375,85.558044,0.0,87.833336,3.4497492
2026-06-22 20:36:14,20,Monday,0,0,29.7,71.8,25.33,85.60901,0.0,87.6,3.424457
2026-06-22 20:37:14,20,Monday,0,0,29.5,70.7,25.3225,85.65997,0.0,87.36667,3.399165
2026-06-22 20:38:14,20,Monday,0,0,29.3,69.7,25.315,85.710945,0.0,87.13333,3.3738728
2026-06-22 20:39:14,20,Monday,0,0,29.1,69.0,25.307499,85.76191,0.0,86.9,3.3485806
2026-06-22 20:40:14,20,Monday,0,0,28.9,68.0,25.3,85.812874,0.0,86.666664,3.3232884
2026-06-22 20:41:14,20,Monday,0,0,28.7,67.4,25.2925,85.863846,0.0,86.433334,3.2979963
2026-06-22 20:42:14,20,Monday,0,0,28.5,66.8,25.285,85.91481,0.0,86.2,3.2727041
2026-06-22 20:43:14,20,Monday,0,0,28.4,65.9,25.2775,85.965775,0.0,85.96667,3.247412
2026-06-22 20:44:14,20,Monday,0,0,28.1,65.4,25.27,86.01674,0.0,85.73333,3.2221198
2026-06-22 20:45:15,20,Monday,0,0,28.0,65.0,25.2625,86.06771,0.0,85.5,3.1968277
2026-06-22 20:46:15,20,Monday,0,0,27.9,64.5,25.255,86.118675,0.0,85.26667,3.1715355
2026-06-22 20:47:15,20,Monday,0,0,27.7,63.8,25.2475,86.16964,0.0,85.03333,3.1462433
2026-06-22 20:48:15,20,Monday,0,0,27.6,63.6,25.24,86.22061,0.0,84.8,3.1209512
2026-06-22 20:49:15,20,Monday,0,0,27.4,63.2,25.2325,86.271576,0.0,84.566666,3.095659
2026-06-22 20:50:15,20,Monday,0,0,27.3,62.8,25.225,86.32254,0.0,84.333336,3.0703669
2026-06-22 20:51:15,20,Monday,0,0,27.2,62.5,25.217499,86.373505,0.0,84.1,3.045075
2026-06-22 20:52:15,20,Monday,0,0,27.1,62.2,25.21,86.42448,0.0,83.86667,3.0197828
2026-06-22 20:53:15,20,Monday,0,0,27.0,62.0,25.2025,86.47544,0.0,83.63333,2.9944906
2026-06-22 20:54:15,20,Monday,0,0,27.0,61.7,25.195,86.526405,0.0,83.4,2.9691985
2026-06-22 20:55:15,20,Monday,0,0,26.8,61.4,25.1875,86.57738,0.0,83.166664,2.9439063
2026-06-22 20:56:15,20,Monday,0,0,26.8,61.0,25.18,86.62834,0.0,82.933334,2.9186141
2026-06-22 20:57:15,20,Monday,0,0,26.6,60.8,25.1725,86.679306,0.0,82.7,2.893322
2026-06-22 20:58:15,20,Monday,0,0,26.5,61.2,25.164999,86.73027,0.0,82.46667,2.8680298
2026-06-22 20:59:15,20,Monday,0,0,26.5,62.1,25.1575,86.78124,0.0,82.23333,2.8427377
2026-06-22 21:00:15,21,Monday,0,0,26.5,63.0,25.15,86.83221,0.0,82.0,2.8174455
2026-06-22 21:01:15,21,Monday,0,0,26.4,63.3,25.145832,86.853935,0.0,81.9,2.8121655
2026-06-22 21:02:15,21,Monday,0,0,26.4,62.6,25.141666,86.87566,0.0,81.8,2.8068852
2026-06-22 21:03:15,21,Monday,0,0,26.3,62.3,25.137499,86.89739,0.0,81.7,2.8016052
2026-06-22 21:04:15,21,Monday,0,0,26.3,61.7,25.133333,86.91912,0.0,81.6,2.7963252
2026-06-22 21:05:15,21,Monday,0,0,26.1,61.3,25.129166,86.94085,0.0,81.5,2.791045
2026-06-22 21:06:15,21,Monday,0,0,26.1,61.1,25.125,86.96258,0.0,81.4,2.785765
2026-06-22 21:07:15,21,Monday,0,0,26.0,61.3,25.120832,86.98431,0.0,81.3,2.780485
2026-06-22 21:08:15,21,Monday,0,0,25.9,62.2,25.116667,87.006035,0.0,81.2,2.7752047
2026-06-22 21:09:15,21,Monday,0,0,25.9,62.7,25.1125,87.02776,0.0,81.1,2.7699246
2026-06-22 21:10:15,21,Monday,0,0,25.9,63.3,25.108334,87.0495,0.0,81.0,2.7646446
2026-06-22 21:11:15,21,Monday,0,0,25.9,63.3,25.104166,87.07123,0.0,80.9,2.7593646
2026-06-22 21:12:15,21,Monday,0,0,25.9,62.7,25.1,87.09296,0.0,80.8,2.7540843
2026-06-22 21:13:15,21,Monday,0,0,25.8,62.1,25.095833,87.114685,0.0,80.7,2.7488043
2026-06-22 21:14:15,21,Monday,0,0,25.7,61.7,25.091667,87.13641,0.0,80.6,2.7435243
2026-06-22 21:15:15,21,Monday,0,0,25.6,61.4,25.0875,87.15814,0.0,80.5,2.738244
2026-06-22 21:16:15,21,Monday,0,0,25.6,61.4,25.083332,87.17987,0.0,80.4,2.732964
2026-06-22 21:17:15,21,Monday,0,0,25.5,62.2,25.079166,87.2016,0.0,80.3,2.727684
2026-06-22 21:18:15,21,Monday,0,0,25.5,63.2,25.074999,87.22333,0.0,80.2,2.7224038
2026-06-22 21:19:15,21,Monday,0,0,25.5,63.8,25.070833,87.245056,0.0,80.1,2.7171237
2026-06-22 21:20:15,21,Monday,0,0,25.5,63.8,25.066666,87.266785,0.0,80.0,2.7118437
2026-06-22 21:21:15,21,Monday,0,0,25.5,63.6,25.0625,87.28851,0.0,79.9,2.7065635
2026-06-22 21:22:15,21,Monday,0,0,25.5,63.1,25.058332,87.31024,0.0,79.8,2.7012835
2026-06-22 21:23:15,21,Monday,0,0,25.5,62.5,25.054167,87.33197,0.0,79.7,2.6960034
2026-06-22 21:24:15,21,Monday,0,0,25.4,61.9,25.05,87.3537,0.0,79.6,2.6907232
2026-06-22 21:25:15,21,Monday,0,0,25.3,61.9,25.045834,87.37543,0.0,79.5,2.6854432
2026-06-22 21:26:15,21,Monday,0,0,25.3,62.7,25.041666,87.397156,0.0,79.4,2.6801631
2026-06-22 21:27:15,21,Monday,0,0,25.3,63.9,25.0375,87.418884,0.0,79.3,2.674883
2026-06-22 21:28:15,21,Monday,0,0,25.3,64.6,25.033333,87.44061,0.0,79.2,2.6696029
2026-06-22 21:29:15,21,Monday,0,0,25.3,65.0,25.029167,87.46234,0.0,79.1,2.6643229
2026-06-22 21:30:15,21,Monday,0,0,25.4,64.5,25.025,87.48407,0.0,79.0,2.6590428
2026-06-22 21:31:15,21,Monday,0,0,25.3,63.8,25.020832,87.505806,0.0,78.9,2.6537626
2026-06-22 21:32:15,21,Monday,0,0,25.3,63.2,25.016666,87.527534,0.0,78.8,2.6484826
2026-06-22 21:33:15,21,Monday,0,0,25.2,62.7,25.012499,87.54926,0.0,78.7,2.6432025
2026-06-22 21:34:15,21,Monday,0,0,25.2,62.6,25.008333,87.57099,0.0,78.6,2.6379223
2026-06-22 21:35:16,21,Monday,0,0,25.1,63.5,25.004166,87.59272,0.0,78.5,2.6326423
2026-06-22 21:36:16,21,Monday,0,0,25.1,64.0,25.0,87.61445,0.0,78.4,2.6273623
2026-06-22 21:37:16,21,Monday,0,0,25.1,64.7,24.995832,87.63618,0.0,78.3,2.622082
2026-06-22 21:38:16,21,Monday,0,0,25.1,65.2,24.991667,87.657906,0.0,78.2,2.616802
2026-06-22 21:39:16,21,Monday,0,0,25.2,64.8,24.9875,87.679634,0.0,78.1,2.611522
2026-06-22 21:40:16,21,Monday,0,0,25.1,64.1,24.983334,87.70136,0.0,78.0,2.6062417
2026-06-22 21:41:16,21,Monday,0,0,25.1,63.5,24.979166,87.72309,0.0,77.9,2.6009617
2026-06-22 21:42:16,21,Monday,0,0,25.1,62.9,24.975,87.74482,0.0,77.8,2.5956817
2026-06-22 21:43:16,21,Monday,0,0,25.1,62.4,24.970833,87.76655,0.0,77.7,2.5904014
2026-06-22 21:44:16,21,Monday,0,0,25.0,63.1,24.966667,87.78828,0.0,77.6,2.5851214
2026-06-22 21:45:16,21,Monday,0,0,25.0,64.0,24.9625,87.810005,0.0,77.5,2.5798414
2026-06-22 21:46:16,21,Monday,0,0,25.0,65.0,24.958332,87.83173,0.0,77.4,2.574561
2026-06-22 21:47:16,21,Monday,0,0,25.0,65.6,24.954166,87.85346,0.0,77.3,2.569281
2026-06-22 21:48:16,21,Monday,0,0,25.1,65.5,24.949999,87.87519,0.0,77.2,2.564001
2026-06-22 21:49:16,21,Monday,0,0,25.1,64.9,24.945833,87.89692,0.0,77.1,2.5587208
2026-06-22 21:50:16,21,Monday,0,0,25.0,64.3,24.941666,87.918655,0.0,77.0,2.5534408
2026-06-22 21:51:16,21,Monday,0,0,25.0,63.9,24.9375,87.940384,0.0,76.9,2.5481608
2026-06-22 21:52:16,21,Monday,0,0,24.9,63.5,24.933332,87.96211,0.0,76.8,2.5428808
2026-06-22 21:53:16,21,Monday,0,0,24.8,63.5,24.929167,87.98384,0.0,76.7,2.5376005
2026-06-22 21:54:16,21,Monday,0,0,24.8,64.3,24.925,88.00557,0.0,76.6,2.5323205
2026-06-22 21:55:16,21,Monday,0,0,24.8,65.1,24.920834,88.0273,0.0,76.5,2.5270405
2026-06-22 21:56:16,21,Monday,0,0,24.8,66.1,24.916666,88.04903,0.0,76.4,2.5217602
2026-06-22 21:57:16,21,Monday,0,0,24.9,66.3,24.9125,88.070755,0.0,76.3,2.5164802
2026-06-22 21:58:16,21,Monday,0,0,24.9,66.1,24.908333,88.09248,0.0,76.2,2.5112002
2026-06-22 21:59:16,21,Monday,0,0,24.9,65.3,24.904167,88.11421,0.0,76.1,2.50592
2026-06-22 22:00:16,22,Monday,0,0,24.8,64.4,24.9,88.13594,0.0,76.0,2.50064
2026-06-22 22:01:16,22,Monday,0,0,24.8,64.1,24.898333,88.14474,0.0033333334,75.2,2.4779363
2026-06-22 22:02:16,22,Monday,0,0,24.7,63.7,24.896666,88.15353,0.006666667,74.4,2.4552326
2026-06-22 22:03:16,22,Monday,0,0,24.6,64.0,24.895,88.16232,0.01,73.6,2.432529
2026-06-22 22:04:16,22,Monday,0,0,24.7,64.8,24.893333,88.17112,0.013333334,72.8,2.4098253
2026-06-22 22:05:16,22,Monday,0,0,24.7,65.4,24.891666,88.17991,0.016666668,72.0,2.3871217
2026-06-22 22:06:16,22,Monday,0,0,24.7,66.0,24.89,88.188705,0.02,71.2,2.364418
2026-06-22 22:07:16,22,Monday,0,0,24.8,66.2,24.888332,88.197495,0.023333333,70.4,2.3417141
2026-06-22 22:08:16,22,Monday,0,0,24.7,65.8,24.886665,88.20629,0.026666667,69.6,2.3190105
2026-06-22 22:09:16,22,Monday,0,0,24.7,65.0,24.885,88.21509,0.030000001,68.8,2.2963068
2026-06-22 22:10:16,22,Monday,0,0,24.7,64.4,24.883333,88.22388,0.033333335,68.0,2.2736032
2026-06-22 22:11:16,22,Monday,0,0,24.6,63.9,24.881666,88.23267,0.03666667,67.2,2.2508996
2026-06-22 22:12:16,22,Monday,0,0,24.6,63.6,24.88,88.24147,0.04,66.4,2.228196
2026-06-22 22:13:16,22,Monday,0,0,24.6,64.6,24.878332,88.25026,0.043333333,65.6,2.2054923
2026-06-22 22:14:16,22,Monday,0,0,24.6,65.2,24.876667,88.259056,0.046666667,64.8,2.1827886
2026-06-22 22:15:16,22,Monday,0,0,24.6,65.8,24.875,88.26785,0.05,64.0,2.160085
2026-06-22 22:16:16,22,Monday,0,0,24.6,66.0,24.873333,88.27664,0.053333335,63.2,2.1373813
2026-06-22 22:17:16,22,Monday,0,0,24.7,66.4,24.871666,88.28544,0.05666667,62.4,2.1146777
2026-06-22 22:18:16,22,Monday,0,0,24.7,65.8,24.869999,88.29423,0.060000002,61.6,2.0919738
2026-06-22 22:19:16,22,Monday,0,0,24.6,65.0,24.868332,88.303024,0.06333333,60.8,2.0692701
2026-06-22 22:20:16,22,Monday,0,0,24.6,64.5,24.866667,88.31182,0.06666667,60.0,2.0465665
2026-06-22 22:21:16,22,Monday,0,0,24.5,63.9,24.865,88.32061,0.07,59.2,2.0238628
2026-06-22 22:22:16,22,Monday,0,0,24.4,63.9,24.863333,88.32941,0.07333334,58.4,2.0011592
2026-06-22 22:23:16,22,Monday,0,0,24.5,64.8,24.861666,88.3382,0.07666667,57.6,1.9784555
2026-06-22 22:24:16,22,Monday,0,0,24.5,65.4,24.859999,88.34699,0.08,56.8,1.9557519
2026-06-22 22:25:16,22,Monday,0,0,24.5,66.0,24.858334,88.35579,0.083333336,56.0,1.9330482
2026-06-22 22:26:16,22,Monday,0,0,24.6,66.4,24.856667,88.36458,0.086666666,55.2,1.9103446
2026-06-22 22:27:17,22,Monday,0,0,24.6,66.4,24.855,88.373375,0.09,54.4,1.887641
2026-06-22 22:28:17,22,Monday,0,0,24.6,65.6,24.853333,88.38217,0.093333334,53.6,1.8649372
2026-06-22 22:29:17,22,Monday,0,0,24.6,65.2,24.851665,88.39096,0.09666667,52.8,1.8422335
2026-06-22 22:30:17,22,Monday,0,0,24.5,64.6,24.849998,88.39976,0.1,52.0,1.8195299
2026-06-22 22:31:17,22,Monday,0,0,24.4,64.5,24.848333,88.408554,0.10333333,51.2,1.7968262
2026-06-22 22:32:17,22,Monday,0,0,24.3,65.2,24.846666,88.41734,0.10666667,50.4,1.7741226
2026-06-22 22:33:17,22,Monday,0,0,24.4,65.7,24.845,88.42614,0.11,49.6,1.7514188
2026-06-22 22:34:17,22,Monday,0,0,24.4,66.3,24.843332,88.43494,0.11333334,48.8,1.7287152
2026-06-22 22:35:17,22,Monday,0,0,24.4,67.1,24.841665,88.443726,0.11666667,48.0,1.7060115
2026-06-22 22:36:17,22,Monday,0,0,24.5,67.4,24.84,88.45252,0.120000005,47.2,1.6833079
2026-06-22 22:37:17,22,Monday,0,0,24.5,66.7,24.838333,88.46131,0.123333335,46.4,1.6606042
2026-06-22 22:38:17,22,Monday,0,0,24.5,66.0,24.836666,88.47011,0.12666667,45.6,1.6379006
2026-06-22 22:39:17,22,Monday,0,0,24.4,65.0,24.835,88.478905,0.13,44.8,1.615197
2026-06-22 22:40:17,22,Monday,0,0,24.4,64.6,24.833332,88.48769,0.13333334,44.0,1.5924932
2026-06-22 22:41:17,22,Monday,0,0,24.4,65.0,24.831667,88.49649,0.13666667,43.2,1.5697895
2026-06-22 22:42:17,22,Monday,0,0,24.4,65.7,24.83,88.50529,0.14,42.4,1.5470859
2026-06-22 22:43:17,22,Monday,0,0,24.4,66.3,24.828333,88.51408,0.14333333,41.6,1.5243822
2026-06-22 22:44:17,22,Monday,0,0,24.4,66.9,24.826666,88.52287,0.14666668,40.8,1.5016786
2026-06-22 22:45:17,22,Monday,0,0,24.5,67.5,24.824999,88.53166,0.15,40.0,1.4789748
2026-06-22 22:46:17,22,Monday,0,0,24.5,67.1,24.823332,88.54046,0.15333334,39.2,1.4562712
2026-06-22 22:47:17,22,Monday,0,0,24.5,66.2,24.821667,88.549255,0.15666667,38.4,1.4335675
2026-06-22 22:48:17,22,Monday,0,0,24.5,65.4,24.82,88.558044,0.16,37.6,1.4108639
2026-06-22 22:49:17,22,Monday,0,0,24.4,64.9,24.818333,88.56684,0.16333334,36.8,1.3881602
2026-06-22 22:50:17,22,Monday,0,0,24.3,64.9,24.816666,88.57564,0.16666667,36.0,1.3654566
2026-06-22 22:51:17,22,Monday,0,0,24.3,65.3,24.814999,88.58443,0.17,35.2,1.3427529
2026-06-22 22:52:17,22,Monday,0,0,24.3,66.1,24.813334,88.59322,0.17333333,34.4,1.3200492
2026-06-22 22:53:17,22,Monday,0,0,24.3,66.4,24.811666,88.60202,0.17666666,33.6,1.2973455
2026-06-22 22:54:17,22,Monday,0,0,24.4,67.2,24.81,88.61081,0.18,32.8,1.2746419
2026-06-22 22:55:17,22,Monday,0,0,24.4,67.1,24.808332,88.619606,0.18333334,32.0,1.2519382
2026-06-22 22:56:17,22,Monday,0,0,24.3,66.7,24.806665,88.628395,0.18666667,31.2,1.2292346
2026-06-22 22:57:17,22,Monday,0,0,24.3,65.8,24.804998,88.63719,0.19,30.4,1.2065308
2026-06-22 22:58:17,22,Monday,0,0,24.3,65.1,24.803333,88.64599,0.19333334,29.6,1.1838272
2026-06-22 22:59:17,22,Monday,0,0,24.2,64.6,24.801666,88.65478,0.19666667,28.8,1.1611235
2026-06-22 23:00:17,23,Monday,0,0,24.2,65.0,24.8,88.663574,0.2,28.0,1.1384199
2026-06-22 23:01:17,23,Monday,0,0,24.2,65.6,24.807499,88.70484,0.19666667,29.05,1.1623996
2026-06-22 23:02:17,23,Monday,0,0,24.2,66.2,24.814999,88.74611,0.19333334,30.1,1.1863794
2026-06-22 23:03:17,23,Monday,0,0,24.2,66.7,24.822498,88.78738,0.19,31.15,1.2103592
2026-06-22 23:04:17,23,Monday,0,0,24.3,67.3,24.83,88.82864,0.18666667,32.2,1.234339
2026-06-22 23:05:17,23,Monday,0,0,24.3,67.2,24.8375,88.8699,0.18333334,33.25,1.2583189
2026-06-22 23:06:17,23,Monday,0,0,24.3,66.6,24.845,88.91117,0.18,34.3,1.2822987
2026-06-22 23:07:17,23,Monday,0,0,24.3,65.7,24.852499,88.95244,0.17666666,35.35,1.3062785
2026-06-22 23:08:17,23,Monday,0,0,24.3,65.1,24.859999,88.993706,0.17333333,36.4,1.3302583
2026-06-22 23:09:17,23,Monday,0,0,24.2,64.7,24.8675,89.03497,0.17,37.45,1.354238
2026-06-22 23:10:17,23,Monday,0,0,24.2,65.5,24.875,89.07624,0.16666667,38.5,1.3782178
2026-06-22 23:11:17,23,Monday,0,0,24.2,66.1,24.8825,89.11751,0.16333334,39.55,1.4021976
2026-06-22 23:12:17,23,Monday,0,0,24.2,66.7,24.89,89.158775,0.16,40.6,1.4261774
2026-06-22 23:13:17,23,Monday,0,0,24.2,67.0,24.8975,89.200035,0.15666667,41.65,1.4501572
2026-06-22 23:14:17,23,Monday,0,0,24.2,67.4,24.904999,89.2413,0.15333334,42.7,1.474137
2026-06-22 23:15:17,23,Monday,0,0,24.3,67.1,24.912498,89.28257,0.15,43.75,1.4981167
2026-06-22 23:16:17,23,Monday,0,0,24.3,66.7,24.92,89.32384,0.14666668,44.8,1.5220966
2026-06-22 23:17:17,23,Monday,0,0,24.3,65.7,24.9275,89.365105,0.14333333,45.85,1.5460764
2026-06-22 23:18:17,23,Monday,0,0,24.2,65.0,24.935,89.40637,0.14,46.9,1.5700562
2026-06-22 23:19:18,23,Monday,0,0,24.2,65.5,24.9425,89.44764,0.13666667,47.95,1.594036
2026-06-22 23:20:18,23,Monday,0,0,24.3,65.7,24.949999,89.48891,0.13333334,49.0,1.6180158
2026-06-22 23:21:18,23,Monday,0,0,24.5,65.6,24.9575,89.530174,0.13,50.05,1.6419955
2026-06-22 23:22:18,23,Monday,0,0,24.8,65.4,24.965,89.571434,0.12666667,51.1,1.6659753
2026-06-22 23:23:18,23,Monday,0,0,25.0,65.9,24.9725,89.6127,0.123333335,52.15,1.6899551
2026-06-22 23:24:18,23,Monday,0,0,25.2,66.1,24.98,89.65397,0.120000005,53.2,1.7139349
2026-06-22 23:25:18,23,Monday,0,0,25.4,66.3,24.9875,89.69524,0.11666667,54.25,1.7379148
2026-06-22 23:26:18,23,Monday,0,0,25.6,66.8,24.994999,89.7365,0.11333334,55.3,1.7618946
2026-06-22 23:27:18,23,Monday,0,0,25.8,68.1,25.002499,89.77777,0.11,56.35,1.7858744
2026-06-22 23:28:18,23,Monday,0,0,25.9,68.3,25.01,89.81904,0.10666667,57.4,1.8098541
2026-06-22 23:29:18,23,Monday,0,0,26.1,68.7,25.0175,89.860306,0.10333333,58.45,1.8338339
2026-06-22 23:30:18,23,Monday,0,0,26.2,68.8,25.025,89.901566,0.1,59.5,1.8578137
2026-06-22 23:31:18,23,Monday,0,0,26.3,69.0,25.0325,89.94283,0.09666667,60.55,1.8817935
2026-06-22 23:32:18,23,Monday,0,0,26.4,68.9,25.039999,89.9841,0.093333334,61.6,1.9057733
2026-06-22 23:33:18,23,Monday,0,0,26.5,69.0,25.0475,90.02537,0.09,62.65,1.9297531
2026-06-22 23:34:18,23,Monday,0,0,26.6,69.1,25.055,90.066635,0.086666666,63.7,1.9537328
2026-06-22 23:35:18,23,Monday,0,0,26.7,69.1,25.0625,90.1079,0.083333336,64.75,1.9777126
2026-06-22 23:36:18,23,Monday,0,0,26.8,69.6,25.07,90.14917,0.08,65.8,2.0016925
2026-06-22 23:37:18,23,Monday,0,0,26.8,69.7,25.0775,90.19044,0.07666667,66.85,2.0256722
2026-06-22 23:38:18,23,Monday,0,0,26.9,69.8,25.085,90.231705,0.07333334,67.9,2.049652
2026-06-22 23:39:18,23,Monday,0,0,27.0,69.8,25.092499,90.272964,0.07,68.95,2.0736318
2026-06-22 23:40:18,23,Monday,0,0,27.0,70.0,25.1,90.31423,0.06666667,70.0,2.0976117
2026-06-22 23:41:18,23,Monday,0,0,27.1,70.0,25.1075,90.3555,0.06333333,71.05,2.1215916
2026-06-22 23:42:18,23,Monday,0,0,27.2,70.0,25.115,90.39677,0.060000002,72.1,2.1455712
2026-06-22 23:43:18,23,Monday,0,0,27.2,69.9,25.1225,90.438034,0.05666667,73.15,2.1695511
2026-06-22 23:44:18,23,Monday,0,0,27.3,70.1,25.13,90.4793,0.053333335,74.2,2.1935308
2026-06-22 23:45:18,23,Monday,0,0,27.3,70.4,25.1375,90.52057,0.05,75.25,2.2175107
2026-06-22 23:46:18,23,Monday,0,0,27.4,70.4,25.145,90.56184,0.046666667,76.3,2.2414904
2026-06-22 23:47:18,23,Monday,0,0,27.4,70.3,25.1525,90.6031,0.043333333,77.35,2.2654703
2026-06-22 23:48:18,23,Monday,0,0,27.5,70.4,25.16,90.64436,0.04,78.4,2.28945
2026-06-22 23:49:18,23,Monday,0,0,27.5,70.4,25.1675,90.68563,0.03666667,79.45,2.3134298
2026-06-22 23:50:18,23,Monday,0,0,27.6,70.6,25.175,90.7269,0.033333335,80.5,2.3374095
2026-06-22 23:51:18,23,Monday,0,0,27.6,70.7,25.182499,90.768166,0.030000001,81.55,2.3613894
2026-06-22 23:52:18,23,Monday,0,0,27.7,70.6,25.19,90.80943,0.026666667,82.6,2.3853693
2026-06-22 23:53:18,23,Monday,0,0,27.7,70.8,25.1975,90.8507,0.023333333,83.65,2.409349
2026-06-22 23:54:18,23,Monday,0,0,27.7,70.9,25.205,90.89197,0.02,84.7,2.4333289
2026-06-22 23:55:18,23,Monday,0,0,27.8,70.8,25.2125,90.933235,0.016666668,85.75,2.4573085
2026-06-22 23:56:18,23,Monday,0,0,27.8,70.8,25.22,90.974495,0.013333334,86.8,2.4812884
2026-06-22 23:57:18,23,Monday,0,0,27.9,70.9,25.2275,91.01576,0.01,87.85,2.505268
2026-06-22 23:58:18,23,Monday,0,0,27.9,70.8,25.235,91.05703,0.006666667,88.9,2.529248
2026-06-22 23:59:18,23,Monday,0,0,27.9,70.8,25.2425,91.0983,0.0033333334,89.95,2.5532277
2026-06-23 00:00:18,0,Tuesday,0,1,28.0,70.6,25.25,91.139565,0.0,91.0,2.5772076
2026-06-23 00:01:18,0,Tuesday,0,1,28.0,70.7,25.278334,91.031944,0.0,91.0,2.5811157
2026-06-23 00:02:18,0,Tuesday,0,1,28.0,70.7,25.306667,90.924324,0.0,91.0,2.5850236
2026-06-23 00:03:18,0,Tuesday,0,1,28.1,70.8,25.335,90.8167,0.0,91.0,2.5889316
2026-06-23 00:04:18,0,Tuesday,0,1,28.1,70.7,25.363333,90.70908,0.0,91.0,2.5928397
2026-06-23 00:05:18,0,Tuesday,0,1,28.1,70.7,25.391666,90.601456,0.0,91.0,2.5967479
2026-06-23 00:06:18,0,Tuesday,0,1,28.2,70.6,25.42,90.493835,0.0,91.0,2.6006558
2026-06-23 00:07:18,0,Tuesday,0,1,28.2,70.5,25.448334,90.386215,0.0,91.0,2.6045637
2026-06-23 00:08:18,0,Tuesday,0,1,28.2,70.6,25.476667,90.278595,0.0,91.0,2.6084719
2026-06-23 00:09:19,0,Tuesday,0,1,28.3,70.5,25.505001,90.170975,0.0,91.0,2.61238
2026-06-23 00:10:19,0,Tuesday,0,1,28.3,70.6,25.533333,90.063354,0.0,91.0,2.616288
2026-06-23 00:11:19,0,Tuesday,0,1,28.3,70.7,25.561666,89.955734,0.0,91.0,2.6201959
2026-06-23 00:12:19,0,Tuesday,0,1,28.3,70.7,25.59,89.848114,0.0,91.0,2.624104
2026-06-23 00:13:19,0,Tuesday,0,1,28.4,70.6,25.618334,89.740486,0.0,91.0,2.6280122
2026-06-23 00:14:19,0,Tuesday,0,1,28.4,70.6,25.646667,89.632866,0.0,91.0,2.63192
2026-06-23 00:15:19,0,Tuesday,0,1,28.4,70.5,25.675,89.525246,0.0,91.0,2.635828
2026-06-23 00:16:19,0,Tuesday,0,1,28.4,70.5,25.703333,89.417625,0.0,91.0,2.6397362
2026-06-23 00:17:19,0,Tuesday,0,1,28.5,70.6,25.731667,89.310005,0.0,91.0,2.6436443
2026-06-23 00:18:19,0,Tuesday,0,1,28.5,70.7,25.76,89.202385,0.0,91.0,2.6475523
2026-06-23 00:19:19,0,Tuesday,0,1,28.5,70.8,25.788334,89.094765,0.0,91.0,2.6514602
2026-06-23 00:20:19,0,Tuesday,0,1,28.5,70.9,25.816668,88.987144,0.0,91.0,2.6553683
2026-06-23 00:21:19,0,Tuesday,0,1,28.5,71.0,25.845001,88.879524,0.0,91.0,2.6592765
2026-06-23 00:22:19,0,Tuesday,0,1,28.5,71.2,25.873333,88.7719,0.0,91.0,2.6631844
2026-06-23 00:23:19,0,Tuesday,0,1,28.6,71.3,25.901667,88.664276,0.0,91.0,2.6670923
2026-06-23 00:24:19,0,Tuesday,0,1,28.5,71.2,25.93,88.556656,0.0,91.0,2.6710005
2026-06-23 00:25:19,0,Tuesday,0,1,28.5,71.2,25.958334,88.449036,0.0,91.0,2.6749086
2026-06-23 00:26:19,0,Tuesday,0,1,28.6,71.2,25.986668,88.341415,0.0,91.0,2.6788166
2026-06-23 00:27:19,0,Tuesday,0,1,28.6,71.2,26.015,88.233795,0.0,91.0,2.6827245
2026-06-23 00:28:19,0,Tuesday,0,1,28.6,71.4,26.043333,88.126175,0.0,91.0,2.6866326
2026-06-23 00:29:19,0,Tuesday,0,1,28.6,71.5,26.071667,88.018555,0.0,91.0,2.6905408
2026-06-23 00:30:19,0,Tuesday,0,1,28.6,71.5,26.1,87.910934,0.0,91.0,2.6944487
2026-06-23 00:31:19,0,Tuesday,0,1,28.6,71.6,26.128334,87.80331,0.0,91.0,2.6983566
2026-06-23 00:32:19,0,Tuesday,0,1,28.6,71.7,26.156668,87.69569,0.0,91.0,2.7022648
2026-06-23 00:33:19,0,Tuesday,0,1,28.6,71.7,26.185001,87.588066,0.0,91.0,2.706173
2026-06-23 00:34:19,0,Tuesday,0,1,28.6,71.9,26.213333,87.480446,0.0,91.0,2.7100809
2026-06-23 00:35:19,0,Tuesday,0,1,28.6,72.2,26.241667,87.372826,0.0,91.0,2.7139888
2026-06-23 00:36:19,0,Tuesday,0,1,28.6,72.3,26.27,87.265205,0.0,91.0,2.717897
2026-06-23 00:37:19,0,Tuesday,0,1,28.6,72.5,26.298334,87.157585,0.0,91.0,2.721805
2026-06-23 00:38:19,0,Tuesday,0,1,28.6,72.6,26.326668,87.049965,0.0,91.0,2.725713
2026-06-23 00:39:19,0,Tuesday,0,1,28.6,72.8,26.355,86.94234,0.0,91.0,2.729621
2026-06-23 00:40:19,0,Tuesday,0,1,28.6,72.9,26.383333,86.83472,0.0,91.0,2.733529
2026-06-23 00:41:19,0,Tuesday,0,1,28.7,73.1,26.411667,86.7271,0.0,91.0,2.7374372
2026-06-23 00:42:19,0,Tuesday,0,1,28.7,73.1,26.44,86.61948,0.0,91.0,2.7413452
2026-06-23 00:43:19,0,Tuesday,0,1,28.7,73.2,26.468334,86.511856,0.0,91.0,2.745253
2026-06-23 00:44:19,0,Tuesday,0,1,28.7,73.3,26.496668,86.404236,0.0,91.0,2.7491612
2026-06-23 00:45:19,0,Tuesday,0,1,28.7,73.4,26.525002,86.296616,0.0,91.0,2.7530694
2026-06-23 00:46:19,0,Tuesday,0,1,28.7,73.4,26.553333,86.188995,0.0,91.0,2.7569773
2026-06-23 00:47:19,0,Tuesday,0,1,28.7,73.4,26.581667,86.081375,0.0,91.0,2.7608852
2026-06-23 00:48:19,0,Tuesday,0,1,28.7,73.5,26.61,85.97375,0.0,91.0,2.7647934
2026-06-23 00:49:19,0,Tuesday,0,1,28.7,73.7,26.638334,85.86613,0.0,91.0,2.7687016
2026-06-23 00:50:19,0,Tuesday,0,1,28.7,73.8,26.666668,85.75851,0.0,91.0,2.7726095
2026-06-23 00:51:19,0,Tuesday,0,1,28.7,73.8,26.695,85.65089,0.0,91.0,2.7765174
2026-06-23 00:52:19,0,Tuesday,0,1,28.7,73.7,26.723333,85.54327,0.0,91.0,2.7804255
2026-06-23 00:53:19,0,Tuesday,0,1,28.7,73.8,26.751667,85.435646,0.0,91.0,2.7843337
2026-06-23 00:54:19,0,Tuesday,0,1,28.7,73.8,26.78,85.328026,0.0,91.0,2.7882416
2026-06-23 00:55:19,0,Tuesday,0,1,28.8,73.7,26.808334,85.220406,0.0,91.0,2.7921495
2026-06-23 00:56:19,0,Tuesday,0,1,28.8,73.9,26.836668,85.11278,0.0,91.0,2.7960577
2026-06-23 00:57:20,0,Tuesday,0,1,28.8,73.9,26.865002,85.00516,0.0,91.0,2.7999659
2026-06-23 00:58:20,0,Tuesday,0,1,28.8,74.0,26.893333,84.89754,0.0,91.0,2.8038738
2026-06-23 00:59:20,0,Tuesday,0,1,28.8,74.2,26.921667,84.78992,0.0,91.0,2.8077817
2026-06-23 01:00:20,1,Tuesday,0,1,28.8,74.4,26.95,84.6823,0.0,91.0,2.8116899
2026-06-23 01:01:20,1,Tuesday,0,1,28.8,74.3,26.978334,84.53746,0.0,90.5,2.8206315
2026-06-23 01:02:20,1,Tuesday,0,1,28.8,74.3,27.006668,84.39262,0.0,90.0,2.8295734
2026-06-23 01:03:20,1,Tuesday,0,1,28.8,74.2,27.035,84.24778,0.0,89.5,2.838515
2026-06-23 01:04:20,1,Tuesday,0,1,28.8,74.2,27.063334,84.10294,0.0,89.0,2.8474567
2026-06-23 01:05:20,1,Tuesday,0,1,28.8,74.5,27.091667,83.95811,0.0,88.5,2.8563986
2026-06-23 01:06:20,1,Tuesday,0,1,28.8,74.4,27.12,83.81326,0.0,88.0,2.8653402
2026-06-23 01:07:20,1,Tuesday,0,1,28.8,74.5,27.148335,83.66843,0.0,87.5,2.874282
2026-06-23 01:08:20,1,Tuesday,0,1,28.9,74.5,27.176668,83.52359,0.0,87.0,2.8832238
2026-06-23 01:09:20,1,Tuesday,0,1,28.8,74.7,27.205,83.378746,0.0,86.5,2.8921654
2026-06-23 01:10:20,1,Tuesday,0,1,28.9,74.6,27.233334,83.23391,0.0,86.0,2.901107
2026-06-23 01:11:20,1,Tuesday,0,1,28.9,74.7,27.261667,83.08907,0.0,85.5,2.9100487
2026-06-23 01:12:20,1,Tuesday,0,1,28.9,74.6,27.29,82.94424,0.0,85.0,2.9189906
2026-06-23 01:13:20,1,Tuesday,0,1,28.9,74.7,27.318335,82.79939,0.0,84.5,2.9279323
2026-06-23 01:14:20,1,Tuesday,0,1,28.9,74.8,27.346666,82.65456,0.0,84.0,2.936874
2026-06-23 01:15:20,1,Tuesday,0,1,28.9,74.9,27.375,82.50972,0.0,83.5,2.9458158
2026-06-23 01:16:20,1,Tuesday,0,1,28.9,74.9,27.403334,82.364876,0.0,83.0,2.9547575
2026-06-23 01:17:20,1,Tuesday,0,1,28.9,74.9,27.431667,82.22004,0.0,82.5,2.963699
2026-06-23 01:18:20,1,Tuesday,0,1,28.9,74.9,27.460001,82.0752,0.0,82.0,2.972641
2026-06-23 01:19:20,1,Tuesday,0,1,28.9,74.9,27.488335,81.93037,0.0,81.5,2.9815826
2026-06-23 01:20:20,1,Tuesday,0,1,28.9,75.0,27.516666,81.78552,0.0,81.0,2.9905243
2026-06-23 01:21:20,1,Tuesday,0,1,28.9,75.0,27.545,81.640686,0.0,80.5,2.9994662
2026-06-23 01:22:20,1,Tuesday,0,1,28.9,74.8,27.573334,81.49585,0.0,80.0,3.0084078
2026-06-23 01:23:20,1,Tuesday,0,1,28.9,74.8,27.601667,81.351006,0.0,79.5,3.0173495
2026-06-23 01:24:20,1,Tuesday,0,1,28.9,75.0,27.630001,81.20617,0.0,79.0,3.0262914
2026-06-23 01:25:20,1,Tuesday,0,1,29.0,75.1,27.658333,81.06133,0.0,78.5,3.035233
2026-06-23 01:26:20,1,Tuesday,0,1,29.0,75.0,27.686666,80.9165,0.0,78.0,3.0441747
2026-06-23 01:27:20,1,Tuesday,0,1,29.0,75.2,27.715,80.77165,0.0,77.5,3.0531166
2026-06-23 01:28:20,1,Tuesday,0,1,28.9,74.9,27.743334,80.626816,0.0,77.0,3.0620582
2026-06-23 01:29:20,1,Tuesday,0,1,29.0,75.1,27.771667,80.48198,0.0,76.5,3.0709999
2026-06-23 01:30:20,1,Tuesday,0,1,29.0,75.0,27.8,80.33714,0.0,76.0,3.0799417
2026-06-23 01:31:20,1,Tuesday,0,1,29.0,75.1,27.828333,80.1923,0.0,75.5,3.0888834
2026-06-23 01:32:20,1,Tuesday,0,1,29.0,75.2,27.856667,80.04746,0.0,75.0,3.097825
2026-06-23 01:33:20,1,Tuesday,0,1,29.0,75.2,27.885,79.902626,0.0,74.5,3.1067667
2026-06-23 01:34:20,1,Tuesday,0,1,29.0,75.1,27.913334,79.75778,0.0,74.0,3.1157086
2026-06-23 01:35:20,1,Tuesday,0,1,29.0,75.0,27.941668,79.612946,0.0,73.5,3.1246502
2026-06-23 01:36:20,1,Tuesday,0,1,29.0,75.1,27.97,79.46811,0.0,73.0,3.133592
2026-06-23 01:37:20,1,Tuesday,0,1,29.0,75.1,27.998333,79.32327,0.0,72.5,3.1425338
2026-06-23 01:38:20,1,Tuesday,0,1,29.0,75.0,28.026667,79.17843,0.0,72.0,3.1514754
2026-06-23 01:39:20,1,Tuesday,0,1,29.0,75.1,28.055,79.03359,0.0,71.5,3.160417
2026-06-23 01:40:20,1,Tuesday,0,1,29.0,75.2,28.083334,78.888756,0.0,71.0,3.169359
2026-06-23 01:41:20,1,Tuesday,0,1,29.0,75.3,28.111666,78.74391,0.0,70.5,3.1783006
2026-06-23 01:42:20,1,Tuesday,0,1,29.0,75.4,28.14,78.599075,0.0,70.0,3.1872423
2026-06-23 01:43:20,1,Tuesday,0,1,29.0,75.1,28.168333,78.45424,0.0,69.5,3.1961842
2026-06-23 01:44:20,1,Tuesday,0,1,29.0,75.2,28.196667,78.3094,0.0,69.0,3.2051258
2026-06-23 01:45:21,1,Tuesday,0,1,29.1,75.4,28.225,78.16456,0.0,68.5,3.2140675
2026-06-23 01:46:21,1,Tuesday,0,1,29.1,75.3,28.253334,78.01972,0.0,68.0,3.2230093
2026-06-23 01:47:21,1,Tuesday,0,1,29.1,75.1,28.281666,77.874886,0.0,67.5,3.231951
2026-06-23 01:48:21,1,Tuesday,0,1,29.1,75.2,28.31,77.73004,0.0,67.0,3.2408926
2026-06-23 01:49:21,1,Tuesday,0,1,29.1,75.4,28.338333,77.585205,0.0,66.5,3.2498345
2026-06-23 01:50:21,1,Tuesday,0,1,29.1,75.2,28.366667,77.44037,0.0,66.0,3.2587762
2026-06-23 01:51:21,1,Tuesday,0,1,29.1,75.1,28.395,77.29553,0.0,65.5,3.2677178
2026-06-23 01:52:21,1,Tuesday,0,1,29.1,75.2,28.423332,77.15069,0.0,65.0,3.2766595
2026-06-23 01:53:21,1,Tuesday,0,1,29.1,75.3,28.451666,77.00585,0.0,64.5,3.2856014
2026-06-23 01:54:21,1,Tuesday,0,1,29.1,75.3,28.48,76.861015,0.0,64.0,3.294543
2026-06-23 01:55:21,1,Tuesday,0,1,29.1,75.5,28.508333,76.71617,0.0,63.5,3.3034847
2026-06-23 01:56:21,1,Tuesday,0,1,29.1,75.3,28.536667,76.571335,0.0,63.0,3.3124266
2026-06-23 01:57:21,1,Tuesday,0,1,29.1,75.3,28.565,76.4265,0.0,62.5,3.3213682
2026-06-23 01:58:21,1,Tuesday,0,1,29.1,75.3,28.593332,76.28166,0.0,62.0,3.3303099
2026-06-23 01:59:21,1,Tuesday,0,1,29.1,75.2,28.621666,76.13682,0.0,61.5,3.3392518
2026-06-23 02:00:21,2,Tuesday,0,1,29.1,75.4,28.65,75.99198,0.0,61.0,3.3481934
2026-06-23 02:01:21,2,Tuesday,0,1,29.1,75.5,28.678333,75.8263,0.0,60.9,3.3181973
2026-06-23 02:02:21,2,Tuesday,0,1,29.1,75.4,28.706667,75.66062,0.0,60.8,3.2882009
2026-06-23 02:03:21,2,Tuesday,0,1,29.1,75.5,28.735,75.494934,0.0,60.7,3.2582047
2026-06-23 02:04:21,2,Tuesday,0,1,29.1,75.5,28.763332,75.329254,0.0,60.6,3.2282083
2026-06-23 02:05:21,2,Tuesday,0,1,29.1,75.4,28.791666,75.163574,0.0,60.5,3.1982121
2026-06-23 02:06:21,2,Tuesday,0,1,29.2,75.5,28.82,74.997894,0.0,60.4,3.168216
2026-06-23 02:07:21,2,Tuesday,0,1,29.1,75.6,28.848333,74.832214,0.0,60.3,3.1382196
2026-06-23 02:08:21,2,Tuesday,0,1,29.2,75.4,28.876667,74.666534,0.0,60.2,3.1082234
2026-06-23 02:09:21,2,Tuesday,0,1,29.2,75.5,28.904999,74.500854,0.0,60.1,3.0782273
2026-06-23 02:10:21,2,Tuesday,0,1,29.1,75.5,28.933332,74.33517,0.0,60.0,3.048231
2026-06-23 02:11:21,2,Tuesday,0,1,29.2,75.2,28.961666,74.16949,0.0,59.9,3.0182347
2026-06-23 02:12:21,2,Tuesday,0,1,29.2,75.3,28.99,74.00381,0.0,59.8,2.9882383
2026-06-23 02:13:21,2,Tuesday,0,1,29.2,75.3,29.018333,73.83813,0.0,59.7,2.9582422
2026-06-23 02:14:21,2,Tuesday,0,1,29.2,75.3,29.046667,73.67245,0.0,59.6,2.928246
2026-06-23 02:15:21,2,Tuesday,0,1,29.2,75.3,29.075,73.50676,0.0,59.5,2.8982496
2026-06-23 02:16:21,2,Tuesday,0,1,29.2,75.3,29.103333,73.34108,0.0,59.4,2.8682535
2026-06-23 02:17:21,2,Tuesday,0,1,29.2,75.3,29.131666,73.1754,0.0,59.3,2.838257
2026-06-23 02:18:21,2,Tuesday,0,1,29.2,75.1,29.16,73.00972,0.0,59.2,2.808261
2026-06-23 02:19:21,2,Tuesday,0,1,29.2,75.4,29.188334,72.84404,0.0,59.1,2.7782648
2026-06-23 02:20:21,2,Tuesday,0,1,29.2,75.2,29.216667,72.67836,0.0,59.0,2.7482684
2026-06-23 02:21:21,2,Tuesday,0,1,29.2,75.2,29.244999,72.51268,0.0,58.9,2.7182722
2026-06-23 02:22:21,2,Tuesday,0,1,29.2,75.3,29.273333,72.34699,0.0,58.8,2.688276
2026-06-23 02:23:21,2,Tuesday,0,1,29.2,75.2,29.301666,72.18131,0.0,58.7,2.6582797
2026-06-23 02:24:21,2,Tuesday,0,1,29.2,75.3,29.33,72.01563,0.0,58.6,2.6282835
2026-06-23 02:25:21,2,Tuesday,0,1,29.2,75.3,29.358334,71.84995,0.0,58.5,2.598287
2026-06-23 02:26:21,2,Tuesday,0,1,29.2,75.2,29.386667,71.68427,0.0,58.4,2.568291
2026-06-23 02:27:21,2,Tuesday,0,1,29.2,75.3,29.415,71.518585,0.0,58.3,2.5382948
2026-06-23 02:28:21,2,Tuesday,0,1,29.2,75.4,29.443333,71.352905,0.0,58.2,2.5082984
2026-06-23 02:29:21,2,Tuesday,0,1,29.2,75.6,29.471666,71.187225,0.0,58.1,2.4783022
2026-06-23 02:30:21,2,Tuesday,0,1,29.2,75.4,29.5,71.021545,0.0,58.0,2.448306
2026-06-23 02:31:21,2,Tuesday,0,1,29.2,75.2,29.528334,70.855865,0.0,57.9,2.4183097
2026-06-23 02:32:22,2,Tuesday,0,1,29.2,75.6,29.556667,70.690186,0.0,57.8,2.3883135
2026-06-23 02:33:22,2,Tuesday,0,1,29.2,75.4,29.585,70.524506,0.0,57.7,2.3583171
2026-06-23 02:34:22,2,Tuesday,0,1,29.2,75.5,29.613333,70.35882,0.0,57.6,2.328321
2026-06-23 02:35:22,2,Tuesday,0,1,29.3,75.6,29.641666,70.19314,0.0,57.5,2.2983248
2026-06-23 02:36:22,2,Tuesday,0,1,29.2,75.6,29.67,70.02746,0.0,57.4,2.2683284
2026-06-23 02:37:22,2,Tuesday,0,1,29.3,75.7,29.698334,69.86178,0.0,57.3,2.2383323
2026-06-23 02:38:22,2,Tuesday,0,1,29.3,75.6,29.726667,69.6961,0.0,57.2,2.2083359
2026-06-23 02:39:22,2,Tuesday,0,1,29.2,75.6,29.755001,69.53041,0.0,57.1,2.1783397
2026-06-23 02:40:22,2,Tuesday,0,1,29.2,75.5,29.783333,69.36473,0.0,57.0,2.1483436
2026-06-23 02:41:22,2,Tuesday,0,1,29.3,75.6,29.811666,69.19905,0.0,56.9,2.1183472
2026-06-23 02:42:22,2,Tuesday,0,1,29.2,75.5,29.84,69.03337,0.0,56.8,2.088351
2026-06-23 02:43:22,2,Tuesday,0,1,29.3,75.6,29.868334,68.86769,0.0,56.7,2.0583549
2026-06-23 02:44:22,2,Tuesday,0,1,29.3,75.4,29.896667,68.70201,0.0,56.6,2.0283585
2026-06-23 02:45:22,2,Tuesday,0,1,29.3,75.5,29.925,68.53633,0.0,56.5,1.9983623
2026-06-23 02:46:22,2,Tuesday,0,1,29.3,75.5,29.953333,68.37064,0.0,56.4,1.968366
2026-06-23 02:47:22,2,Tuesday,0,1,29.3,75.4,29.981667,68.20496,0.0,56.3,1.9383698
2026-06-23 02:48:22,2,Tuesday,0,1,29.3,75.4,30.01,68.03928,0.0,56.2,1.9083735
2026-06-23 02:49:22,2,Tuesday,0,1,29.3,75.8,30.038334,67.873604,0.0,56.1,1.8783772
2026-06-23 02:50:22,2,Tuesday,0,1,29.3,75.4,30.066668,67.707924,0.0,56.0,1.848381
2026-06-23 02:51:22,2,Tuesday,0,1,29.3,75.7,30.095001,67.54224,0.0,55.9,1.8183848
2026-06-23 02:52:22,2,Tuesday,0,1,29.3,75.5,30.123333,67.37656,0.0,55.8,1.7883885
2026-06-23 02:53:22,2,Tuesday,0,1,29.3,75.7,30.151667,67.21088,0.0,55.7,1.7583922
2026-06-23 02:54:22,2,Tuesday,0,1,29.3,75.7,30.18,67.0452,0.0,55.6,1.728396
2026-06-23 02:55:22,2,Tuesday,0,1,29.3,75.7,30.208334,66.87952,0.0,55.5,1.6983998
2026-06-23 02:56:22,2,Tuesday,0,1,29.3,75.7,30.236668,66.71384,0.0,55.4,1.6684035
2026-06-23 02:57:22,2,Tuesday,0,1,29.3,75.6,30.265,66.54816,0.0,55.3,1.6384072
2026-06-23 02:58:22,2,Tuesday,0,1,29.3,75.6,30.293333,66.38247,0.0,55.2,1.6084111
2026-06-23 02:59:22,2,Tuesday,0,1,29.3,75.5,30.321667,66.21679,0.0,55.1,1.5784148
2026-06-23 03:00:22,3,Tuesday,0,1,29.3,75.5,30.35,66.05111,0.0,55.0,1.5484185
2026-06-23 03:01:22,3,Tuesday,0,1,29.3,75.5,30.3675,65.9746,0.0,54.816666,1.5497777
2026-06-23 03:02:22,3,Tuesday,0,1,29.3,75.5,30.385,65.898094,0.0,54.633335,1.5511369
2026-06-23 03:03:22,3,Tuesday,0,1,29.3,75.6,30.4025,65.82159,0.0,54.45,1.5524961
2026-06-23 03:04:22,3,Tuesday,0,1,29.3,75.6,30.42,65.74507,0.0,54.266666,1.5538552
2026-06-23 03:05:22,3,Tuesday,0,1,29.3,75.9,30.4375,65.668564,0.0,54.083332,1.5552144
2026-06-23 03:06:22,3,Tuesday,0,1,29.3,76.0,30.455,65.59206,0.0,53.9,1.5565736
2026-06-23 03:07:22,3,Tuesday,0,1,29.3,75.8,30.4725,65.51555,0.0,53.716667,1.5579327
2026-06-23 03:08:22,3,Tuesday,0,1,29.3,75.6,30.49,65.43904,0.0,53.533333,1.559292
2026-06-23 03:09:22,3,Tuesday,0,1,29.3,75.7,30.5075,65.36253,0.0,53.35,1.5606512
2026-06-23 03:10:22,3,Tuesday,0,1,29.3,75.5,30.525,65.286026,0.0,53.166668,1.5620103
2026-06-23 03:11:22,3,Tuesday,0,1,29.3,75.7,30.5425,65.20952,0.0,52.983334,1.5633695
2026-06-23 03:12:22,3,Tuesday,0,1,29.3,75.8,30.56,65.133,0.0,52.8,1.5647286
2026-06-23 03:13:22,3,Tuesday,0,1,29.3,75.7,30.5775,65.056496,0.0,52.616665,1.5660878
2026-06-23 03:14:22,3,Tuesday,0,1,29.3,75.7,30.595,64.97999,0.0,52.433334,1.5674471
2026-06-23 03:15:22,3,Tuesday,0,1,29.3,75.8,30.6125,64.90348,0.0,52.25,1.5688062
2026-06-23 03:16:22,3,Tuesday,0,1,29.3,75.7,30.630001,64.82697,0.0,52.066666,1.5701654
2026-06-23 03:17:22,3,Tuesday,0,1,29.3,75.7,30.647501,64.750465,0.0,51.883335,1.5715245
2026-06-23 03:18:22,3,Tuesday,0,1,29.3,75.9,30.665,64.67396,0.0,51.7,1.5728837
2026-06-23 03:19:23,3,Tuesday,0,1,29.3,75.8,30.6825,64.59744,0.0,51.516666,1.574243
2026-06-23 03:20:23,3,Tuesday,0,1,29.4,75.9,30.7,64.520935,0.0,51.333332,1.575602
2026-06-23 03:21:23,3,Tuesday,0,1,29.3,75.8,30.7175,64.44443,0.0,51.15,1.5769613
2026-06-23 03:22:23,3,Tuesday,0,1,29.4,75.9,30.735,64.36792,0.0,50.966667,1.5783205
2026-06-23 03:23:23,3,Tuesday,0,1,29.3,75.9,30.7525,64.29141,0.0,50.783333,1.5796796
2026-06-23 03:24:23,3,Tuesday,0,1,29.3,76.3,30.77,64.214905,0.0,50.6,1.5810388
2026-06-23 03:25:23,3,Tuesday,0,1,29.3,76.5,30.7875,64.1384,0.0,50.416668,1.5823979
2026-06-23 03:26:23,3,Tuesday,0,1,29.4,76.5,30.805,64.06189,0.0,50.233334,1.5837572
2026-06-23 03:27:23,3,Tuesday,0,1,29.3,76.4,30.8225,63.98538,0.0,50.05,1.5851164
2026-06-23 03:28:23,3,Tuesday,0,1,29.4,76.5,30.84,63.90887,0.0,49.866665,1.5864755
2026-06-23 03:29:23,3,Tuesday,0,1,29.3,76.6,30.8575,63.83236,0.0,49.683334,1.5878347
2026-06-23 03:30:23,3,Tuesday,0,1,29.4,76.6,30.875,63.75585,0.0,49.5,1.5891938
2026-06-23 03:31:23,3,Tuesday,0,1,29.3,76.4,30.8925,63.679344,0.0,49.316666,1.590553
2026-06-23 03:32:23,3,Tuesday,0,1,29.3,76.5,30.91,63.602833,0.0,49.133335,1.5919123
2026-06-23 03:33:23,3,Tuesday,0,1,29.4,76.5,30.9275,63.526325,0.0,48.95,1.5932714
2026-06-23 03:34:23,3,Tuesday,0,1,29.3,76.5,30.945,63.449818,0.0,48.766666,1.5946306
2026-06-23 03:35:23,3,Tuesday,0,1,29.3,76.5,30.9625,63.37331,0.0,48.583332,1.5959898
2026-06-23 03:36:23,3,Tuesday,0,1,29.4,76.4,30.98,63.2968,0.0,48.4,1.5973489
2026-06-23 03:37:23,3,Tuesday,0,1,29.3,76.5,30.9975,63.22029,0.0,48.216667,1.5987082
2026-06-23 03:38:23,3,Tuesday,0,1,29.4,76.6,31.015,63.143784,0.0,48.033333,1.6000673
2026-06-23 03:39:23,3,Tuesday,0,1,29.4,76.3,31.0325,63.067276,0.0,47.85,1.6014265
2026-06-23 03:40:23,3,Tuesday,0,1,29.4,76.3,31.05,62.990765,0.0,47.666668,1.6027857
2026-06-23 03:41:23,3,Tuesday,0,1,29.3,76.4,31.0675,62.914257,0.0,47.483334,1.6041448
2026-06-23 03:42:23,3,Tuesday,0,1,29.3,76.2,31.085,62.83775,0.0,47.3,1.605504
2026-06-23 03:43:23,3,Tuesday,0,1,29.4,76.2,31.102499,62.761242,0.0,47.116665,1.6068633
2026-06-23 03:44:23,3,Tuesday,0,1,29.3,76.2,31.119999,62.68473,0.0,46.933334,1.6082224
2026-06-23 03:45:23,3,Tuesday,0,1,29.3,76.3,31.1375,62.608223,0.0,46.75,1.6095816
2026-06-23 03:46:23,3,Tuesday,0,1,29.4,76.9,31.155,62.531715,0.0,46.566666,1.6109407
2026-06-23 03:47:23,3,Tuesday,0,1,29.4,76.8,31.1725,62.455204,0.0,46.383335,1.6122999
2026-06-23 03:48:23,3,Tuesday,0,1,29.3,77.1,31.19,62.378696,0.0,46.2,1.6136591
2026-06-23 03:49:23,3,Tuesday,0,1,29.3,76.7,31.2075,62.30219,0.0,46.016666,1.6150182
2026-06-23 03:50:23,3,Tuesday,0,1,29.3,77.0,31.225,62.22568,0.0,45.833332,1.6163775
2026-06-23 03:51:23,3,Tuesday,0,1,29.3,76.8,31.2425,62.14917,0.0,45.65,1.6177366
2026-06-23 03:52:23,3,Tuesday,0,1,29.3,77.0,31.26,62.072662,0.0,45.466667,1.6190958
2026-06-23 03:53:23,3,Tuesday,0,1,29.3,77.3,31.2775,61.996155,0.0,45.283333,1.620455
2026-06-23 03:54:23,3,Tuesday,0,1,29.4,77.3,31.295,61.919647,0.0,45.1,1.6218141
2026-06-23 03:55:23,3,Tuesday,0,1,29.4,77.2,31.3125,61.843136,0.0,44.916668,1.6231734
2026-06-23 03:56:23,3,Tuesday,0,1,29.4,76.7,31.33,61.76663,0.0,44.733334,1.6245326
2026-06-23 03:57:23,3,Tuesday,0,1,29.3,76.9,31.3475,61.69012,0.0,44.55,1.6258917
2026-06-23 03:58:23,3,Tuesday,0,1,29.4,77.3,31.365,61.613613,0.0,44.366665,1.6272509
2026-06-23 03:59:23,3,Tuesday,0,1,29.4,77.2,31.3825,61.5371,0.0,44.183334,1.62861
2026-06-23 04:00:23,4,Tuesday,0,1,29.4,77.6,31.4,61.460594,0.0,44.0,1.6299692
2026-06-23 04:01:23,4,Tuesday,0,1,29.3,77.1,31.410833,61.42052,0.0016666667,43.85,1.6646497
2026-06-23 04:02:23,4,Tuesday,0,1,29.4,77.2,31.421667,61.38045,0.0033333334,43.7,1.6993301
2026-06-23 04:03:23,4,Tuesday,0,1,29.4,77.3,31.432499,61.340378,0.005,43.55,1.7340106
2026-06-23 04:04:23,4,Tuesday,0,1,29.4,77.4,31.443333,61.30031,0.006666667,43.4,1.768691
2026-06-23 04:05:23,4,Tuesday,0,1,29.4,77.2,31.454166,61.260235,0.008333334,43.25,1.8033714
2026-06-23 04:06:24,4,Tuesday,0,1,29.4,77.3,31.465,61.220165,0.01,43.1,1.8380518
2026-06-23 04:07:24,4,Tuesday,0,1,29.4,77.2,31.475832,61.18009,0.011666667,42.95,1.8727323
2026-06-23 04:08:24,4,Tuesday,0,1,29.4,76.9,31.486666,61.140022,0.013333334,42.8,1.9074126
2026-06-23 04:09:24,4,Tuesday,0,1,29.4,77.1,31.4975,61.09995,0.015000001,42.65,1.9420931
2026-06-23 04:10:24,4,Tuesday,0,1,29.4,77.0,31.508333,61.059875,0.016666668,42.5,1.9767735
2026-06-23 04:11:24,4,Tuesday,0,1,29.4,77.1,31.519167,61.019806,0.018333334,42.35,2.0114539
2026-06-23 04:12:24,4,Tuesday,0,1,29.4,76.9,31.529999,60.979733,0.02,42.2,2.0461345
2026-06-23 04:13:24,4,Tuesday,0,1,29.4,76.9,31.540833,60.939663,0.021666666,42.05,2.0808148
2026-06-23 04:14:24,4,Tuesday,0,1,29.4,76.8,31.551666,60.89959,0.023333333,41.9,2.1154952
2026-06-23 04:15:24,4,Tuesday,0,1,29.4,76.9,31.5625,60.85952,0.025,41.75,2.1501756
2026-06-23 04:16:24,4,Tuesday,0,1,29.4,76.9,31.573334,60.819447,0.026666667,41.6,2.1848562
2026-06-23 04:17:24,4,Tuesday,0,1,29.4,77.1,31.584166,60.779377,0.028333334,41.45,2.2195365
2026-06-23 04:18:24,4,Tuesday,0,1,29.4,77.0,31.595,60.739304,0.030000001,41.3,2.254217
2026-06-23 04:19:24,4,Tuesday,0,1,29.4,77.0,31.605833,60.699234,0.031666666,41.15,2.2888973
2026-06-23 04:20:24,4,Tuesday,0,1,29.4,77.2,31.616667,60.65916,0.033333335,41.0,2.323578
2026-06-23 04:21:24,4,Tuesday,0,1,29.4,77.0,31.627499,60.619087,0.035,40.85,2.3582582
2026-06-23 04:22:24,4,Tuesday,0,1,29.4,77.5,31.638332,60.579018,0.03666667,40.7,2.3929386
2026-06-23 04:23:24,4,Tuesday,0,1,29.4,77.2,31.649166,60.538944,0.038333334,40.55,2.427619
2026-06-23 04:24:24,4,Tuesday,0,1,29.4,77.5,31.66,60.498875,0.04,40.4,2.4622996
2026-06-23 04:25:24,4,Tuesday,0,1,29.4,77.6,31.670834,60.4588,0.041666668,40.25,2.49698
2026-06-23 04:26:24,4,Tuesday,0,1,29.4,77.6,31.681665,60.41873,0.043333333,40.1,2.5316603
2026-06-23 04:27:24,4,Tuesday,0,1,29.4,77.6,31.6925,60.37866,0.045,39.95,2.5663407
2026-06-23 04:28:24,4,Tuesday,0,1,29.4,77.3,31.703333,60.33859,0.046666667,39.8,2.6010213
2026-06-23 04:29:24,4,Tuesday,0,1,29.4,77.4,31.714167,60.298515,0.048333336,39.65,2.6357017
2026-06-23 04:30:24,4,Tuesday,0,1,29.4,77.3,31.724998,60.258446,0.05,39.5,2.670382
2026-06-23 04:31:24,4,Tuesday,0,1,29.4,77.2,31.735832,60.218372,0.051666666,39.35,2.7050626
2026-06-23 04:32:24,4,Tuesday,0,1,29.4,77.2,31.746666,60.1783,0.053333335,39.2,2.739743
2026-06-23 04:33:24,4,Tuesday,0,1,29.4,77.4,31.7575,60.13823,0.055,39.05,2.7744234
2026-06-23 04:34:24,4,Tuesday,0,1,29.4,77.4,31.768333,60.098156,0.05666667,38.9,2.8091037
2026-06-23 04:35:24,4,Tuesday,0,1,29.4,77.3,31.779165,60.058086,0.058333334,38.75,2.8437843
2026-06-23 04:36:24,4,Tuesday,0,1,29.4,77.4,31.789999,60.018013,0.060000002,38.6,2.8784647
2026-06-23 04:37:24,4,Tuesday,0,1,29.4,77.3,31.800833,59.977943,0.061666667,38.45,2.913145
2026-06-23 04:38:24,4,Tuesday,0,1,29.4,77.5,31.811666,59.93787,0.06333333,38.3,2.9478254
2026-06-23 04:39:24,4,Tuesday,0,1,29.4,77.0,31.8225,59.8978,0.065,38.15,2.982506
2026-06-23 04:40:24,4,Tuesday,0,1,29.4,77.1,31.833332,59.857727,0.06666667,38.0,3.0171864
2026-06-23 04:41:24,4,Tuesday,0,1,29.4,77.4,31.844166,59.817654,0.068333335,37.85,3.0518668
2026-06-23 04:42:24,4,Tuesday,0,1,29.4,77.5,31.855,59.777584,0.07,37.7,3.0865471
2026-06-23 04:43:24,4,Tuesday,0,1,29.4,77.4,31.865833,59.73751,0.071666665,37.55,3.1212277
2026-06-23 04:44:24,4,Tuesday,0,1,29.4,77.5,31.876665,59.69744,0.07333334,37.4,3.155908
2026-06-23 04:45:24,4,Tuesday,0,1,29.4,77.5,31.887499,59.657368,0.075,37.25,3.1905885
2026-06-23 04:46:24,4,Tuesday,0,1,29.4,77.4,31.898333,59.6173,0.07666667,37.1,3.2252688
2026-06-23 04:47:24,4,Tuesday,0,1,29.4,77.3,31.909166,59.577225,0.07833333,36.95,3.2599494
2026-06-23 04:48:24,4,Tuesday,0,1,29.4,77.5,31.92,59.537155,0.08,36.8,3.2946298
2026-06-23 04:49:24,4,Tuesday,0,1,29.4,77.5,31.930832,59.49708,0.08166667,36.65,3.3293102
2026-06-23 04:50:24,4,Tuesday,0,1,29.4,77.4,31.941666,59.45701,0.083333336,36.5,3.3639905
2026-06-23 04:51:24,4,Tuesday,0,1,29.4,77.5,31.9525,59.41694,0.085,36.35,3.3986712
2026-06-23 04:52:24,4,Tuesday,0,1,29.4,77.5,31.963333,59.376865,0.086666666,36.2,3.4333515
2026-06-23 04:53:25,4,Tuesday,0,1,29.4,77.4,31.974167,59.336796,0.08833333,36.05,3.468032
2026-06-23 04:54:25,4,Tuesday,0,1,29.4,77.5,31.984999,59.296722,0.09,35.9,3.5027122
2026-06-23 04:55:25,4,Tuesday,0,1,29.4,77.4,31.995832,59.256653,0.09166667,35.75,3.5373929
2026-06-23 04:56:25,4,Tuesday,0,1,29.4,77.4,32.006664,59.21658,0.093333334,35.6,3.5720732
2026-06-23 04:57:25,4,Tuesday,0,1,29.4,77.4,32.017498,59.17651,0.095,35.45,3.6067536
2026-06-23 04:58:25,4,Tuesday,0,1,29.4,77.4,32.02833,59.136436,0.09666667,35.3,3.641434
2026-06-23 04:59:25,4,Tuesday,0,1,29.4,77.5,32.039165,59.096367,0.09833334,35.15,3.6761146
2026-06-23 05:00:25,5,Tuesday,0,1,29.4,77.5,32.05,59.056293,0.1,35.0,3.710795
2026-06-23 05:01:25,5,Tuesday,0,1,29.4,77.4,32.068333,58.974953,0.09833334,35.266666,3.7732584
2026-06-23 05:02:25,5,Tuesday,0,1,29.4,77.4,32.086666,58.893616,0.09666667,35.533333,3.835722
2026-06-23 05:03:25,5,Tuesday,0,1,29.4,77.4,32.105,58.812275,0.095,35.8,3.8981855
2026-06-23 05:04:25,5,Tuesday,0,1,29.4,77.2,32.123333,58.730938,0.093333334,36.066666,3.960649
2026-06-23 05:05:25,5,Tuesday,0,1,29.4,77.4,32.141666,58.649597,0.09166667,36.333332,4.0231123
2026-06-23 05:06:25,5,Tuesday,0,1,29.4,77.4,32.16,58.56826,0.09,36.6,4.085576
2026-06-23 05:07:25,5,Tuesday,0,1,29.4,77.3,32.178333,58.48692,0.08833333,36.866665,4.1480393
2026-06-23 05:08:25,5,Tuesday,0,1,29.4,77.2,32.196667,58.40558,0.086666666,37.133335,4.210503
2026-06-23 05:09:25,5,Tuesday,0,1,29.4,77.3,32.215,58.32424,0.085,37.4,4.2729664
2026-06-23 05:10:25,5,Tuesday,0,1,29.4,77.3,32.233334,58.2429,0.083333336,37.666668,4.33543
2026-06-23 05:11:25,5,Tuesday,0,1,29.4,77.3,32.251667,58.161564,0.08166667,37.933334,4.3978934
2026-06-23 05:12:25,5,Tuesday,0,1,29.4,77.2,32.27,58.080223,0.08,38.2,4.460357
2026-06-23 05:13:25,5,Tuesday,0,1,29.4,77.2,32.288334,57.998882,0.07833333,38.466667,4.5228205
2026-06-23 05:14:25,5,Tuesday,0,1,29.4,77.4,32.306667,57.917545,0.07666667,38.733334,4.585284
2026-06-23 05:15:25,5,Tuesday,0,1,29.4,77.3,32.325,57.836205,0.075,39.0,4.6477475
2026-06-23 05:16:25,5,Tuesday,0,1,29.4,77.4,32.343334,57.754868,0.07333334,39.266666,4.7102113
2026-06-23 05:17:25,5,Tuesday,0,1,29.4,77.2,32.361668,57.673527,0.071666665,39.533333,4.7726746
2026-06-23 05:18:25,5,Tuesday,0,1,29.4,77.4,32.38,57.592186,0.07,39.8,4.8351383
2026-06-23 05:19:25,5,Tuesday,0,1,29.3,77.3,32.398335,57.51085,0.068333335,40.066666,4.8976016
2026-06-23 05:20:25,5,Tuesday,0,1,29.3,77.2,32.416668,57.42951,0.06666667,40.333332,4.9600654
2026-06-23 05:21:25,5,Tuesday,0,1,29.3,77.2,32.435,57.34817,0.065,40.6,5.0225286
2026-06-23 05:22:25,5,Tuesday,0,1,29.4,77.2,32.453335,57.26683,0.06333333,40.866665,5.0849924
2026-06-23 05:23:25,5,Tuesday,0,1,29.4,77.2,32.47167,57.185493,0.061666667,41.133335,5.1474557
2026-06-23 05:24:25,5,Tuesday,0,1,29.4,77.2,32.49,57.104153,0.060000002,41.4,5.2099195
2026-06-23 05:25:25,5,Tuesday,0,1,29.4,77.3,32.508335,57.02281,0.058333334,41.666668,5.2723827
2026-06-23 05:26:25,5,Tuesday,0,1,29.4,77.2,32.52667,56.941475,0.05666667,41.933334,5.3348465
2026-06-23 05:27:25,5,Tuesday,0,1,29.4,77.3,32.545002,56.860134,0.055,42.2,5.39731
2026-06-23 05:28:25,5,Tuesday,0,1,29.3,77.3,32.563335,56.778797,0.053333335,42.466667,5.4597735
2026-06-23 05:29:25,5,Tuesday,0,1,29.3,77.2,32.58167,56.697456,0.051666666,42.733334,5.522237
2026-06-23 05:30:25,5,Tuesday,0,1,29.3,77.3,32.6,56.61612,0.05,43.0,5.5847006
2026-06-23 05:31:25,5,Tuesday,0,1,29.4,77.2,32.618332,56.53478,0.048333336,43.266666,5.647164
2026-06-23 05:32:25,5,Tuesday,0,1,29.3,77.2,32.636665,56.453438,0.046666667,43.533333,5.709627
2026-06-23 05:33:25,5,Tuesday,0,1,29.4,77.1,32.655,56.3721,0.045,43.8,5.772091
2026-06-23 05:34:25,5,Tuesday,0,1,29.3,77.1,32.673332,56.29076,0.043333333,44.066666,5.834554
2026-06-23 05:35:25,5,Tuesday,0,1,29.3,77.2,32.691666,56.209423,0.041666668,44.333332,5.897018
2026-06-23 05:36:25,5,Tuesday,0,1,29.4,77.1,32.71,56.128082,0.04,44.6,5.9594812
2026-06-23 05:37:25,5,Tuesday,0,1,29.4,77.2,32.728333,56.04674,0.038333334,44.866665,6.021945
2026-06-23 05:38:25,5,Tuesday,0,1,29.4,77.2,32.746666,55.965405,0.03666667,45.133335,6.0844083
2026-06-23 05:39:25,5,Tuesday,0,1,29.4,77.2,32.765,55.884064,0.035,45.4,6.146872
2026-06-23 05:40:26,5,Tuesday,0,1,29.4,77.2,32.783333,55.802727,0.033333335,45.666668,6.2093353
2026-06-23 05:41:26,5,Tuesday,0,1,29.4,77.2,32.801666,55.721386,0.031666666,45.933334,6.271799
2026-06-23 05:42:26,5,Tuesday,0,1,29.3,77.2,32.82,55.640045,0.030000001,46.2,6.3342624
2026-06-23 05:43:26,5,Tuesday,0,1,29.4,77.3,32.838333,55.55871,0.028333334,46.466667,6.396726
2026-06-23 05:44:26,5,Tuesday,0,1,29.3,77.3,32.856667,55.477367,0.026666667,46.733334,6.4591894
2026-06-23 05:45:26,5,Tuesday,0,1,29.3,77.2,32.875,55.39603,0.025,47.0,6.521653
2026-06-23 05:46:26,5,Tuesday,0,1,29.4,77.4,32.893333,55.31469,0.023333333,47.266666,6.5841165
2026-06-23 05:47:26,5,Tuesday,0,1,29.3,77.3,32.911667,55.233353,0.021666666,47.533333,6.64658
2026-06-23 05:48:26,5,Tuesday,0,1,29.4,77.3,32.93,55.15201,0.02,47.8,6.7090435
2026-06-23 05:49:26,5,Tuesday,0,1,29.3,77.4,32.948334,55.07067,0.018333334,48.066666,6.7715073
2026-06-23 05:50:26,5,Tuesday,0,1,29.3,77.4,32.966667,54.989334,0.016666668,48.333332,6.8339705
2026-06-23 05:51:26,5,Tuesday,0,1,29.4,77.4,32.985,54.907993,0.015000001,48.6,6.8964343
2026-06-23 05:52:26,5,Tuesday,0,1,29.4,77.3,33.003334,54.826656,0.013333334,48.866665,6.9588976
2026-06-23 05:53:26,5,Tuesday,0,1,29.4,77.3,33.021667,54.745316,0.011666667,49.133335,7.0213614
2026-06-23 05:54:26,5,Tuesday,0,1,29.4,77.4,33.04,54.66398,0.01,49.4,7.0838246
2026-06-23 05:55:26,5,Tuesday,0,1,29.4,77.3,33.058334,54.582638,0.008333334,49.666668,7.1462884
2026-06-23 05:56:26,5,Tuesday,0,1,29.4,77.3,33.076668,54.501297,0.006666667,49.933334,7.2087517
2026-06-23 05:57:26,5,Tuesday,0,1,29.4,77.4,33.095,54.41996,0.005,50.2,7.2712154
2026-06-23 05:58:26,5,Tuesday,0,1,29.4,77.3,33.113335,54.33862,0.0033333334,50.466667,7.3336787
2026-06-23 05:59:26,5,Tuesday,0,1,29.4,77.4,33.131668,54.257282,0.0016666667,50.733334,7.3961425
2026-06-23 06:00:26,6,Tuesday,0,1,29.4,77.3,33.15,54.17594,0.0,51.0,7.458606
2026-06-23 06:01:26,6,Tuesday,0,1,29.3,77.4,33.1325,54.19949,0.010000001,51.366665,7.521405
2026-06-23 06:02:26,6,Tuesday,0,1,29.4,77.4,33.115,54.223038,0.020000001,51.733334,7.5842047
2026-06-23 06:03:26,6,Tuesday,0,1,29.3,77.4,33.0975,54.246582,0.030000001,52.1,7.647004
2026-06-23 06:04:26,6,Tuesday,0,1,29.4,77.4,33.08,54.27013,0.040000003,52.466667,7.7098036
2026-06-23 06:05:26,6,Tuesday,0,1,29.4,77.6,33.0625,54.29368,0.05,52.833332,7.772603
2026-06-23 06:06:26,6,Tuesday,0,1,29.4,77.7,33.045002,54.317226,0.060000002,53.2,7.8354025
2026-06-23 06:07:26,6,Tuesday,0,1,29.3,77.7,33.0275,54.34077,0.07,53.566666,7.898202
2026-06-23 06:08:26,6,Tuesday,0,1,29.3,77.7,33.010002,54.36432,0.080000006,53.933334,7.961002
2026-06-23 06:09:26,6,Tuesday,0,1,29.4,77.7,32.9925,54.387867,0.09,54.3,8.023801
2026-06-23 06:10:26,6,Tuesday,0,1,29.4,77.7,32.975002,54.411415,0.1,54.666668,8.0866
2026-06-23 06:11:26,6,Tuesday,0,1,29.4,77.7,32.9575,54.43496,0.11000001,55.033333,8.1494
2026-06-23 06:12:26,6,Tuesday,0,1,29.4,77.6,32.940002,54.458508,0.120000005,55.4,8.212199
2026-06-23 06:13:26,6,Tuesday,0,1,29.4,77.7,32.9225,54.482056,0.13000001,55.766666,8.274999
2026-06-23 06:14:26,6,Tuesday,0,1,29.3,77.6,32.905003,54.505604,0.14,56.133335,8.337798
2026-06-23 06:15:26,6,Tuesday,0,1,29.4,77.7,32.8875,54.529152,0.15,56.5,8.400599
2026-06-23 06:16:26,6,Tuesday,0,1,29.3,77.6,32.87,54.552696,0.16000001,56.866665,8.463398
2026-06-23 06:17:26,6,Tuesday,0,1,29.4,77.5,32.8525,54.576244,0.17,57.233334,8.526197
2026-06-23 06:18:26,6,Tuesday,0,1,29.3,77.5,32.835,54.599792,0.18,57.6,8.588997
2026-06-23 06:19:26,6,Tuesday,0,1,29.3,77.5,32.8175,54.62334,0.19000001,57.966667,8.651796
2026-06-23 06:20:26,6,Tuesday,0,1,29.3,77.6,32.8,54.646885,0.2,58.333332,8.714596
2026-06-23 06:21:26,6,Tuesday,0,1,29.3,77.5,32.7825,54.670433,0.21000001,58.7,8.777395
2026-06-23 06:22:26,6,Tuesday,0,1,29.3,77.5,32.765,54.69398,0.22000001,59.066666,8.840195
2026-06-23 06:23:26,6,Tuesday,0,1,29.4,77.5,32.7475,54.71753,0.23,59.433334,8.902994
2026-06-23 06:24:26,6,Tuesday,0,1,29.3,77.4,32.73,54.741074,0.24000001,59.8,8.965794
2026-06-23 06:25:26,6,Tuesday,0,1,29.3,77.5,32.7125,54.76462,0.25,60.166668,9.028593
2026-06-23 06:26:26,6,Tuesday,0,1,29.3,77.4,32.695,54.78817,0.26000002,60.533333,9.0913925
2026-06-23 06:27:27,6,Tuesday,0,1,29.3,77.5,32.6775,54.811718,0.27,60.9,9.154192
2026-06-23 06:28:27,6,Tuesday,0,1,29.3,77.5,32.66,54.835262,0.28,61.266666,9.216991
2026-06-23 06:29:27,6,Tuesday,0,1,29.3,77.5,32.6425,54.85881,0.29000002,61.633335,9.279791
2026-06-23 06:30:27,6,Tuesday,0,1,29.3,77.5,32.625,54.88236,0.3,62.0,9.34259
2026-06-23 06:31:27,6,Tuesday,0,1,29.3,77.6,32.6075,54.905907,0.31,62.366665,9.40539
2026-06-23 06:32:27,6,Tuesday,0,1,29.3,77.6,32.59,54.929455,0.32000002,62.733334,9.468189
2026-06-23 06:33:27,6,Tuesday,0,1,29.3,77.6,32.5725,54.953,0.33,63.1,9.530989
2026-06-23 06:34:27,6,Tuesday,0,1,29.3,77.6,32.555,54.976547,0.34,63.466667,9.593788
2026-06-23 06:35:27,6,Tuesday,0,1,29.3,77.6,32.5375,55.000095,0.35000002,63.833332,9.656588
2026-06-23 06:36:27,6,Tuesday,0,1,29.3,77.6,32.52,55.023643,0.36,64.2,9.719387
2026-06-23 06:37:27,6,Tuesday,0,1,29.3,77.7,32.5025,55.047188,0.37,64.566666,9.7821865
2026-06-23 06:38:27,6,Tuesday,0,1,29.3,77.8,32.485,55.070736,0.38000003,64.933334,9.844986
2026-06-23 06:39:27,6,Tuesday,0,1,29.3,77.8,32.4675,55.094284,0.39000002,65.3,9.907785
2026-06-23 06:40:27,6,Tuesday,0,1,29.3,77.8,32.45,55.117832,0.4,65.666664,9.970585
2026-06-23 06:41:27,6,Tuesday,0,1,29.3,77.8,32.4325,55.141376,0.41000003,66.03333,10.033384
2026-06-23 06:42:27,6,Tuesday,0,1,29.3,77.8,32.415,55.164925,0.42000002,66.4,10.096184
2026-06-23 06:43:27,6,Tuesday,0,1,29.3,77.9,32.3975,55.188473,0.43,66.76667,10.158983
2026-06-23 06:44:27,6,Tuesday,0,1,29.3,78.0,32.38,55.21202,0.44000003,67.13333,10.221783
2026-06-23 06:45:27,6,Tuesday,0,1,29.3,78.0,32.3625,55.235565,0.45000002,67.5,10.284582
2026-06-23 06:46:27,6,Tuesday,0,1,29.3,78.0,32.344997,55.259113,0.46,67.86667,10.347383
2026-06-23 06:47:27,6,Tuesday,0,1,29.3,78.1,32.3275,55.28266,0.47000003,68.23333,10.410182
2026-06-23 06:48:27,6,Tuesday,0,1,29.3,78.2,32.309998,55.30621,0.48000002,68.6,10.472981
2026-06-23 06:49:27,6,Tuesday,0,1,29.3,78.1,32.2925,55.329758,0.49,68.96667,10.535781
2026-06-23 06:50:27,6,Tuesday,0,1,29.3,78.2,32.274998,55.353302,0.5,69.333336,10.59858
2026-06-23 06:51:27,6,Tuesday,0,1,29.3,78.3,32.2575,55.37685,0.51,69.7,10.66138
2026-06-23 06:52:27,6,Tuesday,0,1,29.3,78.3,32.239998,55.4004,0.52000004,70.066666,10.724179
2026-06-23 06:53:27,6,Tuesday,0,1,29.3,78.2,32.2225,55.423946,0.53000003,70.433334,10.786979
2026-06-23 06:54:27,6,Tuesday,0,1,29.3,78.2,32.204998,55.44749,0.54,70.8,10.849778
2026-06-23 06:55:27,6,Tuesday,0,1,29.3,78.2,32.1875,55.47104,0.55,71.166664,10.912578
2026-06-23 06:56:27,6,Tuesday,0,1,29.3,78.0,32.17,55.494587,0.56,71.53333,10.975377
2026-06-23 06:57:27,6,Tuesday,0,1,29.3,78.1,32.1525,55.518135,0.57000005,71.9,11.038177
2026-06-23 06:58:27,6,Tuesday,0,1,29.3,78.1,32.135,55.54168,0.58000004,72.26667,11.100976
2026-06-23 06:59:27,6,Tuesday,0,1,29.3,78.2,32.1175,55.565228,0.59000003,72.63333,11.163775
2026-06-23 07:00:27,7,Tuesday,0,1,29.3,78.1,32.1,55.588776,0.6,73.0,11.226575
2026-06-23 07:01:27,7,Tuesday,0,1,29.3,78.2,32.079166,55.761524,0.595,72.833336,11.203234
2026-06-23 07:02:27,7,Tuesday,0,1,29.3,78.2,32.05833,55.934273,0.59000003,72.666664,11.179892
2026-06-23 07:03:27,7,Tuesday,0,1,29.3,78.2,32.0375,56.107025,0.58500004,72.5,11.15655
2026-06-23 07:04:27,7,Tuesday,0,1,29.3,78.0,32.016666,56.279774,0.58000004,72.333336,11.133209
2026-06-23 07:05:27,7,Tuesday,0,1,29.3,78.1,31.995832,56.452522,0.57500005,72.166664,11.109868
2026-06-23 07:06:27,7,Tuesday,0,1,29.3,78.0,31.974998,56.62527,0.57000005,72.0,11.086526
2026-06-23 07:07:27,7,Tuesday,0,1,29.3,78.1,31.954165,56.79802,0.565,71.833336,11.063185
2026-06-23 07:08:27,7,Tuesday,0,1,29.3,77.9,31.933332,56.97077,0.56,71.666664,11.039844
2026-06-23 07:09:27,7,Tuesday,0,1,29.3,77.9,31.912498,57.14352,0.555,71.5,11.016501
2026-06-23 07:10:27,7,Tuesday,0,1,29.3,77.8,31.891666,57.31627,0.55,71.333336,10.99316
2026-06-23 07:11:27,7,Tuesday,0,1,29.3,77.8,31.870832,57.489017,0.545,71.166664,10.969819
2026-06-23 07:12:27,7,Tuesday,0,1,29.3,77.9,31.849998,57.661766,0.54,71.0,10.946478
2026-06-23 07:13:27,7,Tuesday,0,1,29.3,77.8,31.829166,57.83452,0.535,70.833336,10.923136
2026-06-23 07:14:28,7,Tuesday,0,1,29.3,77.8,31.808332,58.007267,0.53000003,70.666664,10.899795
2026-06-23 07:15:28,7,Tuesday,0,1,29.3,77.8,31.787498,58.180016,0.52500004,70.5,10.876453
2026-06-23 07:16:28,7,Tuesday,0,1,29.3,77.8,31.766666,58.352764,0.52000004,70.333336,10.853111
2026-06-23 07:17:28,7,Tuesday,0,1,29.3,77.7,31.745832,58.525513,0.51500005,70.166664,10.82977
2026-06-23 07:18:28,7,Tuesday,0,1,29.3,77.8,31.724998,58.698265,0.51,70.0,10.806429
2026-06-23 07:19:28,7,Tuesday,0,1,29.3,77.7,31.704166,58.871014,0.505,69.833336,10.783088
2026-06-23 07:20:28,7,Tuesday,0,1,29.3,77.8,31.683332,59.043762,0.5,69.666664,10.759746
2026-06-23 07:21:28,7,Tuesday,0,1,29.3,77.8,31.662498,59.21651,0.495,69.5,10.736404
2026-06-23 07:22:28,7,Tuesday,0,1,29.3,77.8,31.641666,59.38926,0.49,69.333336,10.713063
2026-06-23 07:23:28,7,Tuesday,0,1,29.3,77.8,31.620832,59.56201,0.485,69.166664,10.689721
2026-06-23 07:24:28,7,Tuesday,0,1,29.3,77.7,31.599998,59.73476,0.48000002,69.0,10.66638
2026-06-23 07:25:28,7,Tuesday,0,1,29.3,77.7,31.579166,59.90751,0.47500002,68.833336,10.643039
2026-06-23 07:26:28,7,Tuesday,0,1,29.3,77.6,31.558332,60.080257,0.47000003,68.666664,10.619698
2026-06-23 07:27:28,7,Tuesday,0,1,29.3,77.8,31.537498,60.253006,0.46500003,68.5,10.596355
2026-06-23 07:28:28,7,Tuesday,0,1,29.3,77.9,31.516666,60.42576,0.46,68.333336,10.573014
2026-06-23 07:29:28,7,Tuesday,0,1,29.3,77.9,31.495832,60.598507,0.455,68.166664,10.549673
2026-06-23 07:30:28,7,Tuesday,0,1,29.3,78.0,31.474998,60.771255,0.45000002,68.0,10.526331
2026-06-23 07:31:28,7,Tuesday,0,1,29.3,77.9,31.454166,60.944004,0.44500002,67.833336,10.50299
2026-06-23 07:32:28,7,Tuesday,0,1,29.4,78.0,31.433332,61.116753,0.44000003,67.666664,10.479649
2026-06-23 07:33:28,7,Tuesday,0,1,29.3,77.9,31.4125,61.289505,0.435,67.5,10.456307
2026-06-23 07:34:28,7,Tuesday,0,1,29.3,77.9,31.391666,61.462254,0.43,67.333336,10.432965
2026-06-23 07:35:28,7,Tuesday,0,1,29.4,77.9,31.370832,61.635002,0.425,67.166664,10.409624
2026-06-23 07:36:28,7,Tuesday,0,1,29.4,77.8,31.35,61.80775,0.42000002,67.0,10.386283
2026-06-23 07:37:28,7,Tuesday,0,1,29.4,77.7,31.329166,61.9805,0.41500002,66.833336,10.362942
2026-06-23 07:38:28,7,Tuesday,0,1,29.4,77.7,31.308332,62.15325,0.41000003,66.666664,10.3396
2026-06-23 07:39:28,7,Tuesday,0,1,29.4,77.6,31.2875,62.326,0.40500003,66.5,10.316258
2026-06-23 07:40:28,7,Tuesday,0,1,29.4,77.6,31.266666,62.49875,0.4,66.333336,10.292917
2026-06-23 07:41:28,7,Tuesday,0,1,29.4,77.5,31.245832,62.671497,0.395,66.166664,10.269575
2026-06-23 07:42:28,7,Tuesday,0,1,29.4,77.7,31.225,62.844246,0.39000002,66.0,10.246234
2026-06-23 07:43:28,7,Tuesday,0,1,29.4,77.7,31.204166,63.017,0.38500002,65.833336,10.222893
2026-06-23 07:44:28,7,Tuesday,0,1,29.4,77.7,31.183332,63.189747,0.38000003,65.666664,10.199552
2026-06-23 07:45:28,7,Tuesday,0,1,29.4,77.7,31.1625,63.362495,0.375,65.5,10.176209
2026-06-23 07:46:28,7,Tuesday,0,1,29.5,77.6,31.141666,63.535244,0.37,65.333336,10.152868
2026-06-23 07:47:28,7,Tuesday,0,1,29.5,77.5,31.120832,63.707993,0.365,65.166664,10.129527
2026-06-23 07:48:28,7,Tuesday,0,1,29.5,77.5,31.1,63.880745,0.36,65.0,10.106185
2026-06-23 07:49:28,7,Tuesday,0,1,29.5,77.6,31.079166,64.05349,0.35500002,64.833336,10.082844
2026-06-23 07:50:28,7,Tuesday,0,1,29.5,77.5,31.058334,64.22624,0.35000002,64.666664,10.059503
2026-06-23 07:51:28,7,Tuesday,0,1,29.6,77.4,31.0375,64.398994,0.34500003,64.5,10.036161
2026-06-23 07:52:28,7,Tuesday,0,1,29.6,77.2,31.016666,64.57174,0.34,64.333336,10.012819
2026-06-23 07:53:28,7,Tuesday,0,1,29.6,77.1,30.995834,64.74449,0.335,64.166664,9.989478
2026-06-23 07:54:28,7,Tuesday,0,1,29.7,77.0,30.975,64.91724,0.33,64.0,9.966137
2026-06-23 07:55:28,7,Tuesday,0,1,29.7,76.8,30.954166,65.08999,0.32500002,63.833332,9.942795
2026-06-23 07:56:28,7,Tuesday,0,1,29.8,76.8,30.933334,65.26274,0.32000002,63.666668,9.919454
2026-06-23 07:57:28,7,Tuesday,0,1,29.8,76.6,30.9125,65.435486,0.315,63.5,9.896112
2026-06-23 07:58:28,7,Tuesday,0,1,29.8,76.5,30.891666,65.60824,0.31,63.333332,9.872771
2026-06-23 07:59:28,7,Tuesday,0,1,29.8,76.3,30.870834,65.78098,0.305,63.166668,9.849429
2026-06-23 08:00:28,8,Tuesday,0,1,29.9,76.4,30.85,65.953735,0.3,63.0,9.826088
2026-06-23 08:01:29,8,Tuesday,0,1,29.9,76.3,30.839167,66.00229,0.29500002,63.033333,9.75874
2026-06-23 08:02:29,8,Tuesday,0,1,29.9,76.4,30.828333,66.050835,0.29000002,63.066666,9.691394
2026-06-23 08:03:29,8,Tuesday,0,1,29.9,76.3,30.817501,66.09939,0.28500003,63.1,9.624046
2026-06-23 08:04:29,8,Tuesday,0,1,29.9,76.4,30.806667,66.14794,0.28,63.133335,9.556699
2026-06-23 08:05:29,8,Tuesday,0,1,29.9,76.4,30.795834,66.19649,0.275,63.166668,9.489352
2026-06-23 08:06:29,8,Tuesday,0,1,30.0,76.4,30.785,66.24504,0.27,63.2,9.422005
2026-06-23 08:07:29,8,Tuesday,0,1,30.0,76.3,30.774168,66.293594,0.26500002,63.233334,9.354658
2026-06-23 08:08:29,8,Tuesday,0,1,30.1,76.2,30.763334,66.34214,0.26000002,63.266666,9.287311
2026-06-23 08:09:29,8,Tuesday,0,1,30.1,76.1,30.7525,66.39069,0.255,63.3,9.219963
2026-06-23 08:10:29,8,Tuesday,0,1,30.1,76.2,30.741667,66.43925,0.25,63.333332,9.1526165
2026-06-23 08:11:29,8,Tuesday,0,1,30.1,76.2,30.730833,66.4878,0.245,63.366665,9.085269
2026-06-23 08:12:29,8,Tuesday,0,1,30.1,76.3,30.720001,66.53635,0.24000001,63.4,9.017921
2026-06-23 08:13:29,8,Tuesday,0,1,30.1,76.5,30.709167,66.5849,0.23500001,63.433334,8.950575
2026-06-23 08:14:29,8,Tuesday,0,1,30.1,76.4,30.698334,66.63345,0.23,63.466667,8.883227
2026-06-23 08:15:29,8,Tuesday,0,1,30.1,76.6,30.6875,66.682,0.22500001,63.5,8.81588
2026-06-23 08:16:29,8,Tuesday,0,1,30.1,76.6,30.676666,66.73055,0.22000001,63.533333,8.748533
2026-06-23 08:17:29,8,Tuesday,0,1,30.1,76.6,30.665834,66.779106,0.215,63.566666,8.681186
2026-06-23 08:18:29,8,Tuesday,0,1,30.1,76.7,30.655,66.82765,0.21000001,63.6,8.613839
2026-06-23 08:19:29,8,Tuesday,0,1,30.1,76.8,30.644167,66.876205,0.20500001,63.633335,8.546492
2026-06-23 08:20:29,8,Tuesday,0,1,30.1,76.8,30.633333,66.92476,0.2,63.666668,8.479144
2026-06-23 08:21:29,8,Tuesday,0,1,30.1,76.7,30.622501,66.973305,0.19500001,63.7,8.411798
2026-06-23 08:22:29,8,Tuesday,0,1,30.1,77.3,30.611668,67.02186,0.19000001,63.733334,8.34445
2026-06-23 08:23:29,8,Tuesday,0,1,30.1,77.7,30.600834,67.07041,0.185,63.766666,8.277102
2026-06-23 08:24:29,8,Tuesday,0,1,30.1,77.4,30.59,67.11896,0.18,63.8,8.209756
2026-06-23 08:25:29,8,Tuesday,0,1,30.1,77.1,30.579166,67.16751,0.17500001,63.833332,8.142408
2026-06-23 08:26:29,8,Tuesday,0,1,30.1,77.0,30.568335,67.216064,0.17,63.866665,8.075062
2026-06-23 08:27:29,8,Tuesday,0,1,30.1,77.3,30.5575,67.26461,0.165,63.9,8.007714
2026-06-23 08:28:29,8,Tuesday,0,1,30.1,77.1,30.546667,67.31316,0.16000001,63.933334,7.940367
2026-06-23 08:29:29,8,Tuesday,0,1,30.1,77.3,30.535833,67.36172,0.155,63.966667,7.8730197
2026-06-23 08:30:29,8,Tuesday,0,1,30.1,77.2,30.525002,67.41026,0.15,64.0,7.8056726
2026-06-23 08:31:29,8,Tuesday,0,1,30.1,77.2,30.514168,67.45882,0.14500001,64.03333,7.7383256
2026-06-23 08:32:29,8,Tuesday,0,1,30.1,77.2,30.503334,67.50737,0.14,64.066666,7.670978
2026-06-23 08:33:29,8,Tuesday,0,1,30.1,77.3,30.4925,67.55592,0.135,64.1,7.603631
2026-06-23 08:34:29,8,Tuesday,0,1,30.1,77.2,30.481667,67.60447,0.13000001,64.13333,7.536284
2026-06-23 08:35:29,8,Tuesday,0,1,30.1,77.2,30.470835,67.65302,0.125,64.166664,7.468937
2026-06-23 08:36:29,8,Tuesday,0,1,30.1,77.2,30.460001,67.70158,0.120000005,64.2,7.4015894
2026-06-23 08:37:29,8,Tuesday,0,1,30.1,77.2,30.449167,67.75012,0.115,64.23333,7.3342423
2026-06-23 08:38:29,8,Tuesday,0,1,30.1,77.3,30.438334,67.798676,0.11000001,64.26667,7.2668953
2026-06-23 08:39:29,8,Tuesday,0,1,30.1,77.4,30.4275,67.84723,0.105000004,64.3,7.1995482
2026-06-23 08:40:29,8,Tuesday,0,1,30.1,77.5,30.416668,67.895775,0.1,64.333336,7.1322007
2026-06-23 08:41:29,8,Tuesday,0,1,30.1,77.3,30.405834,67.94433,0.095000006,64.36667,7.0648537
2026-06-23 08:42:29,8,Tuesday,0,1,30.1,77.4,30.395,67.99288,0.09,64.4,6.9975066
2026-06-23 08:43:29,8,Tuesday,0,1,30.0,77.3,30.384167,68.04143,0.085,64.433334,6.9301596
2026-06-23 08:44:29,8,Tuesday,0,1,30.0,77.5,30.373335,68.08998,0.080000006,64.46667,6.862812
2026-06-23 08:45:29,8,Tuesday,0,1,30.1,77.5,30.362501,68.138535,0.075,64.5,6.795465
2026-06-23 08:46:29,8,Tuesday,0,1,30.1,77.5,30.351667,68.18708,0.07,64.53333,6.728118
2026-06-23 08:47:30,8,Tuesday,0,1,30.1,77.3,30.340834,68.235634,0.065000005,64.566666,6.6607704
2026-06-23 08:48:30,8,Tuesday,0,1,30.1,77.6,30.33,68.28419,0.060000002,64.6,6.5934234
2026-06-23 08:49:30,8,Tuesday,0,1,30.1,77.4,30.319168,68.33273,0.055000003,64.63333,6.5260763
2026-06-23 08:50:30,8,Tuesday,0,1,30.1,77.6,30.308334,68.38129,0.05,64.666664,6.4587293
2026-06-23 08:51:30,8,Tuesday,0,1,30.0,77.5,30.2975,68.42984,0.045,64.7,6.3913817
2026-06-23 08:52:30,8,Tuesday,0,1,30.1,77.6,30.286667,68.47839,0.040000003,64.73333,6.3240347
2026-06-23 08:53:30,8,Tuesday,0,1,30.1,77.6,30.275833,68.52694,0.035,64.76667,6.2566876
2026-06-23 08:54:30,8,Tuesday,0,1,30.1,77.6,30.265001,68.57549,0.030000001,64.8,6.1893406
2026-06-23 08:55:30,8,Tuesday,0,1,30.1,77.4,30.254168,68.62405,0.025,64.833336,6.121993
2026-06-23 08:56:30,8,Tuesday,0,1,30.1,77.4,30.243334,68.67259,0.020000001,64.86667,6.054646
2026-06-23 08:57:30,8,Tuesday,0,1,30.1,77.6,30.2325,68.721146,0.015000001,64.9,5.987299
2026-06-23 08:58:30,8,Tuesday,0,1,30.1,77.5,30.221668,68.7697,0.010000001,64.933334,5.919952
2026-06-23 08:59:30,8,Tuesday,0,1,30.1,77.3,30.210835,68.818245,0.0050000004,64.96667,5.8526044
2026-06-23 09:00:30,9,Tuesday,0,1,30.2,77.5,30.2,68.8668,0.0,65.0,5.7852573
2026-06-23 09:01:30,9,Tuesday,0,1,30.2,77.3,30.140835,69.138374,0.03,65.1,5.8314548
2026-06-23 09:02:30,9,Tuesday,0,1,30.2,77.3,30.081667,69.40994,0.06,65.2,5.877652
2026-06-23 09:03:30,9,Tuesday,0,1,30.2,77.6,30.022501,69.68152,0.089999996,65.3,5.9238496
2026-06-23 09:04:30,9,Tuesday,0,1,30.2,77.3,29.963333,69.953094,0.12,65.4,5.970047
2026-06-23 09:05:30,9,Tuesday,0,1,30.2,77.7,29.904167,70.22467,0.14999999,65.5,6.0162444
2026-06-23 09:06:30,9,Tuesday,0,1,30.2,77.6,29.845001,70.49624,0.17999999,65.6,6.062442
2026-06-23 09:07:30,9,Tuesday,0,1,30.2,77.3,29.785833,70.767815,0.21,65.7,6.1086392
2026-06-23 09:08:30,9,Tuesday,0,1,30.2,77.4,29.726667,71.03939,0.24,65.8,6.1548367
2026-06-23 09:09:30,9,Tuesday,0,1,30.2,77.5,29.667501,71.31097,0.26999998,65.9,6.201034
2026-06-23 09:10:30,9,Tuesday,0,1,30.3,77.5,29.608334,71.582535,0.29999998,66.0,6.2472315
2026-06-23 09:11:30,9,Tuesday,0,1,30.3,77.5,29.549168,71.85411,0.32999998,66.1,6.293429
2026-06-23 09:12:30,9,Tuesday,0,1,30.3,77.7,29.49,72.12569,0.35999998,66.2,6.3396263
2026-06-23 09:13:30,9,Tuesday,0,1,30.4,77.5,29.430834,72.39726,0.39,66.3,6.3858237
2026-06-23 09:14:30,9,Tuesday,0,1,30.4,77.3,29.371668,72.66883,0.42,66.4,6.432021
2026-06-23 09:15:30,9,Tuesday,0,1,30.4,77.3,29.3125,72.94041,0.45,66.5,6.4782186
2026-06-23 09:16:30,9,Tuesday,0,1,30.5,77.3,29.253334,73.21198,0.48,66.6,6.524416
2026-06-23 09:17:30,9,Tuesday,0,1,30.5,77.2,29.194166,73.48355,0.51,66.7,6.5706134
2026-06-23 09:18:30,9,Tuesday,0,1,30.5,77.1,29.135,73.75513,0.53999996,66.8,6.616811
2026-06-23 09:19:30,9,Tuesday,0,1,30.5,76.9,29.075834,74.0267,0.57,66.9,6.663008
2026-06-23 09:20:30,9,Tuesday,0,1,30.6,77.0,29.016666,74.29828,0.59999996,67.0,6.7092056
2026-06-23 09:21:30,9,Tuesday,0,1,30.6,76.7,28.9575,74.56985,0.63,67.1,6.755403
2026-06-23 09:22:30,9,Tuesday,0,1,30.6,76.9,28.898335,74.84142,0.65999997,67.2,6.8016005
2026-06-23 09:23:30,9,Tuesday,0,1,30.7,76.7,28.839167,75.113,0.69,67.3,6.847798
2026-06-23 09:24:30,9,Tuesday,0,1,30.7,76.7,28.78,75.384575,0.71999997,67.4,6.8939953
2026-06-23 09:25:30,9,Tuesday,0,1,30.7,76.7,28.720833,75.65614,0.75,67.5,6.9401927
2026-06-23 09:26:30,9,Tuesday,0,1,30.7,76.6,28.661667,75.92772,0.78,67.6,6.98639
2026-06-23 09:27:30,9,Tuesday,0,1,30.7,76.6,28.6025,76.199295,0.81,67.7,7.0325875
2026-06-23 09:28:30,9,Tuesday,0,1,30.7,76.4,28.543333,76.47087,0.84,67.8,7.078785
2026-06-23 09:29:30,9,Tuesday,0,1,30.7,76.5,28.484167,76.74244,0.87,67.9,7.1249824
2026-06-23 09:30:30,9,Tuesday,0,1,30.7,76.6,28.425,77.014015,0.9,68.0,7.17118
2026-06-23 09:31:30,9,Tuesday,0,1,30.7,76.5,28.365833,77.28559,0.92999995,68.1,7.217377
2026-06-23 09:32:30,9,Tuesday,0,1,30.7,76.5,28.306667,77.55716,0.96,68.2,7.2635746
2026-06-23 09:33:31,9,Tuesday,0,1,30.7,76.6,28.188334,78.10031,1.02,68.4,7.3559694
2026-06-23 09:34:31,9,Tuesday,0,1,30.7,76.4,28.129168,78.37189,1.05,68.5,7.402167
2026-06-23 09:35:31,9,Tuesday,0,1,30.7,76.6,28.07,78.643456,1.0799999,68.6,7.4483643
2026-06-23 09:36:31,9,Tuesday,0,1,30.8,76.4,28.010834,78.91503,1.11,68.7,7.4945617
2026-06-23 09:37:31,9,Tuesday,0,1,30.8,76.6,27.951666,79.18661,1.14,68.8,7.540759
2026-06-23 09:38:31,9,Tuesday,0,1,30.8,76.5,27.8925,79.45818,1.17,68.9,7.5869565
2026-06-23 09:39:31,9,Tuesday,0,1,30.8,76.5,27.833334,79.72975,1.1999999,69.0,7.633154
2026-06-23 09:40:31,9,Tuesday,0,1,30.8,76.6,27.774166,80.00133,1.23,69.1,7.6793513
2026-06-23 09:41:31,9,Tuesday,0,1,30.8,76.6,27.715,80.2729,1.26,69.2,7.7255487
2026-06-23 09:42:31,9,Tuesday,0,1,30.8,76.6,27.655834,80.54448,1.29,69.3,7.771746
2026-06-23 09:43:31,9,Tuesday,0,1,30.8,76.5,27.596666,80.81605,1.3199999,69.4,7.8179436
2026-06-23 09:44:31,9,Tuesday,0,1,30.8,76.5,27.5375,81.08762,1.3499999,69.5,7.864141
2026-06-23 09:45:31,9,Tuesday,0,1,30.8,76.5,27.478333,81.3592,1.38,69.6,7.9103384
2026-06-23 09:46:31,9,Tuesday,0,1,30.8,76.4,27.419167,81.63077,1.41,69.7,7.956536
2026-06-23 09:47:31,9,Tuesday,0,1,30.8,76.4,27.36,81.90234,1.4399999,69.8,8.002733
2026-06-23 09:48:31,9,Tuesday,0,1,30.8,76.5,27.300833,82.17392,1.4699999,69.9,8.048931
2026-06-23 09:49:31,9,Tuesday,0,1,30.8,76.2,27.241667,82.445496,1.5,70.0,8.095128
2026-06-23 09:50:31,9,Tuesday,0,1,30.8,76.3,27.182499,82.717064,1.53,70.1,8.141325
2026-06-23 09:51:31,9,Tuesday,0,1,30.8,76.3,27.123333,82.98864,1.56,70.2,8.187523
2026-06-23 09:52:31,9,Tuesday,0,1,30.9,76.5,27.064167,83.260216,1.5899999,70.3,8.233721
2026-06-23 09:53:31,9,Tuesday,0,1,30.9,76.3,27.005,83.53179,1.62,70.4,8.279918
2026-06-23 09:54:31,9,Tuesday,0,1,30.9,76.3,26.945833,83.80336,1.65,70.5,8.326115
2026-06-23 09:55:31,9,Tuesday,0,1,30.9,76.2,26.886667,84.074936,1.68,70.6,8.372313
2026-06-23 09:56:31,9,Tuesday,0,1,30.9,76.3,26.8275,84.34651,1.7099999,70.7,8.41851
2026-06-23 09:57:31,9,Tuesday,0,1,31.0,76.2,26.768333,84.61809,1.74,70.8,8.464707
2026-06-23 09:58:31,9,Tuesday,0,1,31.0,76.3,26.709166,84.889656,1.77,70.9,8.510904
2026-06-23 09:59:31,9,Tuesday,0,1,31.0,76.1,26.65,85.16123,1.8,71.0,8.557102
2026-06-23 10:00:31,10,Tuesday,0,1,31.0,76.0,26.641666,85.25728,1.785,70.61667,8.494196
2026-06-23 10:01:31,10,Tuesday,0,1,31.1,76.0,26.633333,85.35332,1.77,70.23333,8.43129
2026-06-23 10:02:31,10,Tuesday,0,1,31.1,76.0,26.625,85.44936,1.755,69.85,8.368383
2026-06-23 10:03:31,10,Tuesday,0,1,31.1,75.8,26.616667,85.54541,1.74,69.46667,8.305476
2026-06-23 10:04:31,10,Tuesday,0,1,31.1,75.8,26.608334,85.64145,1.7249999,69.083336,8.24257
2026-06-23 10:05:31,10,Tuesday,0,1,31.1,75.7,26.6,85.737495,1.7099999,68.7,8.179664
2026-06-23 10:06:31,10,Tuesday,0,1,31.2,75.7,26.591667,85.833534,1.6949999,68.316666,8.116757
2026-06-23 10:07:31,10,Tuesday,0,1,31.2,75.6,26.583332,85.92958,1.68,67.933334,8.053851
2026-06-23 10:08:31,10,Tuesday,0,1,31.2,75.5,26.574999,86.02563,1.665,67.55,7.990945
2026-06-23 10:09:31,10,Tuesday,0,1,31.2,75.5,26.566666,86.121666,1.65,67.166664,7.928038
2026-06-23 10:10:31,10,Tuesday,0,1,31.2,75.4,26.558332,86.21771,1.635,66.78333,7.865132
2026-06-23 10:11:31,10,Tuesday,0,1,31.2,75.4,26.55,86.31376,1.62,66.4,7.8022256
2026-06-23 10:12:31,10,Tuesday,0,1,31.2,75.5,26.541666,86.4098,1.6049999,66.01667,7.7393193
2026-06-23 10:13:31,10,Tuesday,0,1,31.2,75.6,26.533333,86.505844,1.5899999,65.63333,7.6764126
2026-06-23 10:14:31,10,Tuesday,0,1,31.2,75.6,26.525,86.60188,1.5749999,65.25,7.6135063
2026-06-23 10:15:31,10,Tuesday,0,1,31.2,75.5,26.516666,86.69793,1.56,64.86667,7.5506
2026-06-23 10:16:31,10,Tuesday,0,1,31.2,75.6,26.508333,86.793976,1.545,64.48333,7.4876933
2026-06-23 10:17:32,10,Tuesday,0,1,31.2,75.6,26.5,86.890015,1.53,64.1,7.424787
2026-06-23 10:18:32,10,Tuesday,0,1,31.2,75.6,26.491667,86.98606,1.515,63.716667,7.361881
2026-06-23 10:19:32,10,Tuesday,0,1,31.2,75.5,26.483334,87.08211,1.5,63.333332,7.2989745
2026-06-23 10:20:32,10,Tuesday,0,1,31.3,75.5,26.475,87.17815,1.485,62.95,7.236068
2026-06-23 10:21:32,10,Tuesday,0,1,31.3,75.4,26.466667,87.27419,1.4699999,62.566666,7.1731615
2026-06-23 10:22:32,10,Tuesday,0,1,31.2,75.3,26.458332,87.37024,1.4549999,62.183334,7.1102552
2026-06-23 10:23:32,10,Tuesday,0,1,31.3,75.3,26.449999,87.46628,1.4399999,61.8,7.047349
2026-06-23 10:24:32,10,Tuesday,0,1,31.3,75.3,26.441666,87.562325,1.425,61.416668,6.984442
2026-06-23 10:25:32,10,Tuesday,0,1,31.3,75.3,26.433332,87.65836,1.41,61.033333,6.921536
2026-06-23 10:26:32,10,Tuesday,0,1,31.3,75.2,26.425,87.75441,1.395,60.65,6.8586297
2026-06-23 10:27:32,10,Tuesday,0,1,31.3,75.2,26.416666,87.85046,1.38,60.266666,6.7957234
2026-06-23 10:28:32,10,Tuesday,0,1,31.4,75.3,26.408333,87.946495,1.365,59.883335,6.7328167
2026-06-23 10:29:32,10,Tuesday,0,1,31.4,75.1,26.4,88.04254,1.3499999,59.5,6.6699104
2026-06-23 10:30:32,10,Tuesday,0,1,31.4,75.3,26.391666,88.13859,1.3349999,59.116665,6.607004
2026-06-23 10:31:32,10,Tuesday,0,1,31.4,75.1,26.383333,88.23463,1.3199999,58.733334,6.5440974
2026-06-23 10:32:32,10,Tuesday,0,1,31.4,75.1,26.375,88.33067,1.305,58.35,6.481191
2026-06-23 10:33:32,10,Tuesday,0,1,31.4,75.0,26.366667,88.42672,1.29,57.966667,6.418285
2026-06-23 10:34:32,10,Tuesday,0,1,31.4,74.9,26.358334,88.52276,1.275,57.583332,6.3553786
2026-06-23 10:35:32,10,Tuesday,0,1,31.4,75.0,26.35,88.618805,1.26,57.2,6.292472
2026-06-23 10:36:32,10,Tuesday,0,1,31.4,74.9,26.341667,88.71484,1.245,56.816666,6.2295656
2026-06-23 10:37:32,10,Tuesday,0,1,31.4,74.8,26.333332,88.81089,1.23,56.433334,6.1666594
2026-06-23 10:38:32,10,Tuesday,0,1,31.4,75.0,26.324999,88.90694,1.2149999,56.05,6.103753
2026-06-23 10:39:32,10,Tuesday,0,1,31.4,75.2,26.316666,89.002975,1.1999999,55.666668,6.0408463
2026-06-23 10:40:32,10,Tuesday,0,1,31.4,75.1,26.308332,89.09902,1.185,55.283333,5.97794
2026-06-23 10:41:32,10,Tuesday,0,1,31.4,75.1,26.3,89.19507,1.17,54.9,5.915034
2026-06-23 10:42:32,10,Tuesday,0,1,31.4,75.0,26.291666,89.29111,1.155,54.516666,5.8521276
2026-06-23 10:43:32,10,Tuesday,0,1,31.4,75.0,26.283333,89.38715,1.14,54.133335,5.789221
2026-06-23 10:44:32,10,Tuesday,0,1,31.4,75.0,26.275,89.4832,1.125,53.75,5.7263145
2026-06-23 10:45:32,10,Tuesday,0,1,31.4,74.9,26.266666,89.57924,1.11,53.366665,5.6634083
2026-06-23 10:46:32,10,Tuesday,0,1,31.4,74.9,26.258333,89.675285,1.095,52.983334,5.6005015
2026-06-23 10:47:32,10,Tuesday,0,1,31.5,74.8,26.25,89.771324,1.0799999,52.6,5.5375953
2026-06-23 10:48:32,10,Tuesday,0,1,31.5,74.7,26.241667,89.86737,1.0649999,52.216667,5.474689
2026-06-23 10:49:32,10,Tuesday,0,1,31.5,74.6,26.233334,89.96342,1.05,51.833332,5.4117827
2026-06-23 10:50:32,10,Tuesday,0,1,31.5,74.6,26.225,90.059456,1.035,51.45,5.348876
2026-06-23 10:51:32,10,Tuesday,0,1,31.5,74.5,26.216667,90.1555,1.02,51.066666,5.2859697
2026-06-23 10:52:32,10,Tuesday,0,1,31.5,74.5,26.208332,90.25155,1.005,50.683334,5.2230635
2026-06-23 10:53:32,10,Tuesday,0,1,31.5,74.3,26.199999,90.34759,0.98999995,50.3,5.160157
2026-06-23 10:54:32,10,Tuesday,0,1,31.5,74.5,26.191666,90.443634,0.97499996,49.916668,5.0972505
2026-06-23 10:55:32,10,Tuesday,0,1,31.5,74.5,26.183332,90.53967,0.96,49.533333,5.034344
2026-06-23 10:56:32,10,Tuesday,0,1,31.5,74.4,26.175,90.63572,0.945,49.15,4.971438
2026-06-23 10:57:32,10,Tuesday,0,1,31.5,74.4,26.166666,90.731766,0.92999995,48.766666,4.9085317
2026-06-23 10:58:32,10,Tuesday,0,1,31.5,74.4,26.158333,90.827805,0.91499996,48.383335,4.845625
2026-06-23 10:59:32,10,Tuesday,0,1,31.5,74.4,26.15,90.92385,0.9,48.0,4.7827187
2026-06-23 11:00:32,11,Tuesday,0,1,31.5,74.5,26.145,91.016785,0.8883333,48.466667,4.75642
2026-06-23 11:01:32,11,Tuesday,0,1,31.5,74.4,26.14,91.109726,0.87666667,48.933334,4.7301216
2026-06-23 11:02:33,11,Tuesday,0,1,31.5,74.4,26.135,91.20266,0.86499995,49.4,4.703823
2026-06-23 11:03:33,11,Tuesday,0,1,31.5,74.5,26.13,91.29559,0.8533333,49.866665,4.6775246
2026-06-23 11:04:33,11,Tuesday,0,1,31.5,74.5,26.125,91.388535,0.84166664,50.333332,4.651226
2026-06-23 11:05:33,11,Tuesday,0,1,31.6,74.4,26.119999,91.48147,0.83,50.8,4.6249275
2026-06-23 11:06:33,11,Tuesday,0,1,31.6,74.3,26.115,91.5744,0.8183333,51.266666,4.598629
2026-06-23 11:07:33,11,Tuesday,0,1,31.5,74.4,26.11,91.66734,0.8066667,51.733334,4.5723305
2026-06-23 11:08:33,11,Tuesday,0,1,31.6,74.4,26.105,91.76028,0.79499996,52.2,4.546032
2026-06-23 11:09:33,11,Tuesday,0,1,31.6,74.3,26.1,91.85321,0.7833333,52.666668,4.5197334
2026-06-23 11:10:33,11,Tuesday,0,1,31.6,74.2,26.095,91.94615,0.77166665,53.133335,4.4934354
2026-06-23 11:11:33,11,Tuesday,0,1,31.6,74.2,26.09,92.039085,0.76,53.6,4.467137
2026-06-23 11:12:33,11,Tuesday,0,1,31.6,74.2,26.085,92.13202,0.74833333,54.066666,4.4408383
2026-06-23 11:13:33,11,Tuesday,0,1,31.6,74.2,26.08,92.22496,0.7366666,54.533333,4.41454
2026-06-23 11:14:33,11,Tuesday,0,1,31.6,74.2,26.075,92.317894,0.72499996,55.0,4.3882413
2026-06-23 11:15:33,11,Tuesday,0,1,31.6,74.3,26.07,92.41083,0.7133333,55.466667,4.361943
2026-06-23 11:16:33,11,Tuesday,0,1,31.6,74.3,26.065,92.50377,0.70166665,55.933334,4.3356442
2026-06-23 11:17:33,11,Tuesday,0,1,31.6,74.3,26.06,92.5967,0.69,56.4,4.3093457
2026-06-23 11:18:33,11,Tuesday,0,1,31.6,74.2,26.055,92.68964,0.67833334,56.866665,4.283047
2026-06-23 11:19:33,11,Tuesday,0,1,31.6,74.1,26.05,92.78258,0.6666666,57.333332,4.2567487
2026-06-23 11:20:33,11,Tuesday,0,1,31.6,74.1,26.045,92.87551,0.655,57.8,4.23045
2026-06-23 11:21:33,11,Tuesday,0,1,31.7,74.0,26.039999,92.968445,0.6433333,58.266666,4.2041516
2026-06-23 11:22:33,11,Tuesday,0,1,31.6,73.9,26.035,93.061386,0.63166666,58.733334,4.177853
2026-06-23 11:23:33,11,Tuesday,0,1,31.7,74.0,26.03,93.15432,0.62,59.2,4.1515546
2026-06-23 11:24:33,11,Tuesday,0,1,31.7,73.9,26.025,93.24725,0.60833335,59.666668,4.125256
2026-06-23 11:25:33,11,Tuesday,0,1,31.7,73.7,26.02,93.340195,0.59666663,60.133335,4.0989575
2026-06-23 11:26:33,11,Tuesday,0,1,31.7,73.7,26.015,93.43313,0.585,60.6,4.072659
2026-06-23 11:27:33,11,Tuesday,0,1,31.8,73.6,26.01,93.52606,0.5733333,61.066666,4.0463605
2026-06-23 11:28:33,11,Tuesday,0,1,31.8,73.7,26.005,93.619,0.56166667,61.533333,4.020062
2026-06-23 11:29:33,11,Tuesday,0,1,31.8,73.7,26.0,93.71194,0.55,62.0,3.9937637
2026-06-23 11:30:33,11,Tuesday,0,1,31.8,73.6,25.995,93.80487,0.5383333,62.466667,3.9674652
2026-06-23 11:31:33,11,Tuesday,0,1,31.8,73.6,25.99,93.89781,0.52666664,62.933334,3.9411666
2026-06-23 11:32:33,11,Tuesday,0,1,31.8,73.5,25.985,93.990746,0.515,63.4,3.914868
2026-06-23 11:33:33,11,Tuesday,0,1,31.8,73.4,25.98,94.08368,0.50333333,63.866665,3.8885696
2026-06-23 11:34:33,11,Tuesday,0,1,31.9,73.4,25.975,94.17662,0.49166664,64.333336,3.8622713
2026-06-23 11:35:33,11,Tuesday,0,1,31.9,73.4,25.97,94.269554,0.48,64.8,3.8359728
2026-06-23 11:36:33,11,Tuesday,0,1,31.9,73.3,25.965,94.36249,0.46833333,65.26667,3.8096743
2026-06-23 11:37:33,11,Tuesday,0,1,31.9,73.3,25.960001,94.45543,0.45666665,65.73333,3.7833757
2026-06-23 11:38:33,11,Tuesday,0,1,31.9,73.2,25.955,94.54836,0.445,66.2,3.7570772
2026-06-23 11:39:33,11,Tuesday,0,1,31.9,73.2,25.95,94.6413,0.43333334,66.666664,3.7307787
2026-06-23 11:40:33,11,Tuesday,0,1,31.9,73.2,25.945,94.73424,0.42166665,67.13333,3.7044802
2026-06-23 11:41:33,11,Tuesday,0,1,32.0,73.3,25.94,94.82717,0.41,67.6,3.6781816
2026-06-23 11:42:33,11,Tuesday,0,1,32.0,73.1,25.935,94.920105,0.39833334,68.066666,3.6518831
2026-06-23 11:43:33,11,Tuesday,0,1,32.0,72.9,25.93,95.01305,0.38666666,68.53333,3.6255846
2026-06-23 11:44:33,11,Tuesday,0,1,32.0,73.0,25.925,95.10598,0.375,69.0,3.599286
2026-06-23 11:45:33,11,Tuesday,0,1,32.0,72.8,25.92,95.19891,0.36333334,69.46667,3.5729878
2026-06-23 11:46:34,11,Tuesday,0,1,32.0,72.8,25.915,95.291855,0.35166666,69.933334,3.5466893
2026-06-23 11:47:34,11,Tuesday,0,1,32.0,72.9,25.91,95.38479,0.34,70.4,3.5203907
2026-06-23 11:48:34,11,Tuesday,0,1,32.0,72.9,25.905,95.47772,0.32833332,70.86667,3.4940922
2026-06-23 11:49:34,11,Tuesday,0,1,32.0,72.9,25.9,95.57066,0.31666666,71.333336,3.4677937
2026-06-23 11:50:34,11,Tuesday,0,1,32.1,72.9,25.895,95.6636,0.305,71.8,3.4414952
2026-06-23 11:51:34,11,Tuesday,0,1,32.0,72.9,25.89,95.75653,0.29333332,72.26667,3.4151967
2026-06-23 11:52:34,11,Tuesday,0,1,32.1,72.7,25.885,95.84947,0.28166667,72.73333,3.3888981
2026-06-23 11:53:34,11,Tuesday,0,1,32.1,72.6,25.880001,95.942406,0.27,73.2,3.3625996
2026-06-23 11:54:34,11,Tuesday,0,1,32.1,72.6,25.875,96.03534,0.25833333,73.666664,3.3363013
2026-06-23 11:55:34,11,Tuesday,0,1,32.1,72.5,25.87,96.12828,0.24666667,74.13333,3.3100028
2026-06-23 11:56:34,11,Tuesday,0,1,32.1,72.5,25.865,96.221214,0.235,74.6,3.2837043
2026-06-23 11:57:34,11,Tuesday,0,1,32.1,72.4,25.86,96.31415,0.22333333,75.066666,3.2574058
2026-06-23 11:58:34,11,Tuesday,0,1,32.1,72.4,25.855,96.40709,0.21166667,75.53333,3.2311072
2026-06-23 11:59:34,11,Tuesday,0,1,32.1,72.5,25.85,96.50002,0.2,76.0,3.2048087
2026-06-23 12:00:34,12,Tuesday,0,1,32.2,72.4,25.848333,96.504776,0.22166666,76.25,3.2445886
2026-06-23 12:01:34,12,Tuesday,0,1,32.2,72.3,25.846666,96.50953,0.24333334,76.5,3.2843685
2026-06-23 12:02:34,12,Tuesday,0,1,32.2,72.3,25.845001,96.51428,0.26500002,76.75,3.3241482
2026-06-23 12:03:34,12,Tuesday,0,1,32.2,72.3,25.843334,96.519035,0.28666666,77.0,3.363928
2026-06-23 12:04:34,12,Tuesday,0,1,32.2,72.3,25.841667,96.52379,0.30833334,77.25,3.403708
2026-06-23 12:05:34,12,Tuesday,0,1,32.3,72.3,25.84,96.52854,0.33,77.5,3.443488
2026-06-23 12:06:34,12,Tuesday,0,1,32.3,72.1,25.838333,96.533295,0.35166666,77.75,3.4832678
2026-06-23 12:07:34,12,Tuesday,0,1,32.3,72.2,25.836666,96.53805,0.37333333,78.0,3.5230477
2026-06-23 12:08:34,12,Tuesday,0,1,32.3,72.2,25.835001,96.5428,0.395,78.25,3.5628276
2026-06-23 12:09:34,12,Tuesday,0,1,32.3,72.0,25.833334,96.54755,0.41666666,78.5,3.6026073
2026-06-23 12:10:34,12,Tuesday,0,1,32.3,72.0,25.831667,96.5523,0.43833333,78.75,3.6423872
2026-06-23 12:11:34,12,Tuesday,0,1,32.4,72.0,25.83,96.55705,0.46,79.0,3.682167
2026-06-23 12:12:34,12,Tuesday,0,1,32.4,71.9,25.828333,96.561806,0.48166665,79.25,3.721947
2026-06-23 12:13:34,12,Tuesday,0,1,32.4,71.9,25.826668,96.56656,0.50333333,79.5,3.7617269
2026-06-23 12:14:34,12,Tuesday,0,1,32.5,71.9,25.825,96.57131,0.525,79.75,3.8015065
2026-06-23 12:15:34,12,Tuesday,0,1,32.5,71.9,25.823334,96.576065,0.5466667,80.0,3.8412864
2026-06-23 12:16:34,12,Tuesday,0,1,32.4,71.8,25.821667,96.58082,0.5683333,80.25,3.8810663
2026-06-23 12:17:34,12,Tuesday,0,1,32.5,71.7,25.82,96.58557,0.59,80.5,3.9208462
2026-06-23 12:18:34,12,Tuesday,0,1,32.5,71.7,25.818333,96.590324,0.6116667,80.75,3.9606261
2026-06-23 12:19:34,12,Tuesday,0,1,32.5,71.6,25.816668,96.59508,0.6333333,81.0,4.000406
2026-06-23 12:20:34,12,Tuesday,0,1,32.5,71.6,25.815,96.59983,0.65500003,81.25,4.040186
2026-06-23 12:21:34,12,Tuesday,0,1,32.5,71.5,25.813334,96.60458,0.6766667,81.5,4.0799656
2026-06-23 12:22:34,12,Tuesday,0,1,32.5,71.5,25.811666,96.60934,0.6983333,81.75,4.1197457
2026-06-23 12:23:34,12,Tuesday,0,1,32.6,71.4,25.81,96.61409,0.72,82.0,4.1595254
2026-06-23 12:24:34,12,Tuesday,0,1,32.6,71.3,25.808334,96.61884,0.7416667,82.25,4.199305
2026-06-23 12:25:34,12,Tuesday,0,1,32.6,71.5,25.806667,96.6236,0.7633333,82.5,4.239085
2026-06-23 12:26:34,12,Tuesday,0,1,32.6,71.4,25.805,96.62835,0.785,82.75,4.278865
2026-06-23 12:27:34,12,Tuesday,0,1,32.6,71.4,25.803333,96.6331,0.8066667,83.0,4.318645
2026-06-23 12:28:34,12,Tuesday,0,1,32.6,71.3,25.801666,96.637856,0.8283333,83.25,4.3584247
2026-06-23 12:29:34,12,Tuesday,0,1,32.7,71.3,25.8,96.64261,0.85,83.5,4.398205
2026-06-23 12:30:35,12,Tuesday,0,1,32.7,71.3,25.798334,96.647354,0.87166667,83.75,4.4379845
2026-06-23 12:31:35,12,Tuesday,0,1,32.7,71.2,25.796667,96.65211,0.8933333,84.0,4.477764
2026-06-23 12:32:35,12,Tuesday,0,1,32.7,71.2,25.795,96.65686,0.915,84.25,4.5175443
2026-06-23 12:33:35,12,Tuesday,0,1,32.7,71.1,25.793333,96.66161,0.93666667,84.5,4.557324
2026-06-23 12:34:35,12,Tuesday,0,1,32.8,70.9,25.791666,96.66637,0.9583333,84.75,4.597104
2026-06-23 12:35:35,12,Tuesday,0,1,32.8,71.1,25.79,96.67112,0.98,85.0,4.6368837
2026-06-23 12:36:35,12,Tuesday,0,1,32.8,71.0,25.788334,96.67587,1.0016667,85.25,4.6766634
2026-06-23 12:37:35,12,Tuesday,0,1,32.8,71.0,25.786667,96.680626,1.0233333,85.5,4.7164435
2026-06-23 12:38:35,12,Tuesday,0,1,32.8,71.0,25.785,96.68538,1.045,85.75,4.756223
2026-06-23 12:39:35,12,Tuesday,0,1,32.9,71.0,25.783333,96.69013,1.0666667,86.0,4.7960033
2026-06-23 12:40:35,12,Tuesday,0,1,32.9,70.9,25.781668,96.694885,1.0883334,86.25,4.835783
2026-06-23 12:41:35,12,Tuesday,0,1,32.9,70.9,25.78,96.69964,1.11,86.5,4.8755627
2026-06-23 12:42:35,12,Tuesday,0,1,32.9,70.9,25.778334,96.70439,1.1316667,86.75,4.915343
2026-06-23 12:43:35,12,Tuesday,0,1,32.9,70.9,25.776667,96.709145,1.1533333,87.0,4.9551225
2026-06-23 12:44:35,12,Tuesday,0,1,32.9,70.8,25.775,96.7139,1.175,87.25,4.9949026
2026-06-23 12:45:35,12,Tuesday,0,1,33.0,70.7,25.773333,96.71865,1.1966667,87.5,5.0346823
2026-06-23 12:46:35,12,Tuesday,0,1,33.0,70.8,25.771667,96.723404,1.2183334,87.75,5.0744624
2026-06-23 12:47:35,12,Tuesday,0,1,33.0,70.7,25.77,96.72816,1.24,88.0,5.114242
2026-06-23 12:48:35,12,Tuesday,0,1,33.0,70.8,25.768333,96.73291,1.2616667,88.25,5.1540217
2026-06-23 12:49:35,12,Tuesday,0,1,33.0,70.7,25.766666,96.737656,1.2833333,88.5,5.193802
2026-06-23 12:50:35,12,Tuesday,0,1,33.0,70.7,25.765,96.74241,1.305,88.75,5.2335815
2026-06-23 12:51:35,12,Tuesday,0,1,33.0,70.6,25.763334,96.74716,1.3266667,89.0,5.2733617
2026-06-23 12:52:35,12,Tuesday,0,1,33.0,70.7,25.761667,96.751915,1.3483334,89.25,5.3131413
2026-06-23 12:53:35,12,Tuesday,0,1,33.0,70.6,25.76,96.75667,1.37,89.5,5.3529215
2026-06-23 12:54:35,12,Tuesday,0,1,33.0,70.7,25.758333,96.76142,1.3916667,89.75,5.392701
2026-06-23 12:55:35,12,Tuesday,0,1,33.0,70.5,25.756666,96.766174,1.4133333,90.0,5.432481
2026-06-23 12:56:35,12,Tuesday,0,1,33.0,70.6,25.755,96.77093,1.435,90.25,5.472261
2026-06-23 12:57:35,12,Tuesday,0,1,33.0,70.6,25.753334,96.77568,1.4566667,90.5,5.5120406
2026-06-23 12:58:35,12,Tuesday,0,1,33.0,70.6,25.751667,96.78043,1.4783334,90.75,5.5518208
2026-06-23 12:59:35,12,Tuesday,0,1,33.0,70.5,25.75,96.78519,1.5,91.0,5.5916004
2026-06-23 13:00:35,13,Tuesday,0,1,33.0,70.6,25.748333,96.77079,1.48,90.4,5.540192
2026-06-23 13:01:35,13,Tuesday,0,1,33.0,70.5,25.746666,96.75639,1.46,89.8,5.488784
2026-06-23 13:02:35,13,Tuesday,0,1,33.0,70.6,25.745,96.74199,1.44,89.2,5.437376
2026-06-23 13:03:35,13,Tuesday,0,1,33.0,70.5,25.743334,96.72759,1.42,88.6,5.3859677
2026-06-23 13:04:35,13,Tuesday,0,1,33.1,70.4,25.741667,96.713196,1.4,88.0,5.3345594
2026-06-23 13:05:35,13,Tuesday,0,1,33.0,70.4,25.74,96.6988,1.38,87.4,5.283151
2026-06-23 13:06:35,13,Tuesday,0,1,33.0,70.3,25.738333,96.6844,1.36,86.8,5.2317433
2026-06-23 13:07:35,13,Tuesday,0,1,33.0,70.3,25.736666,96.670006,1.34,86.2,5.180335
2026-06-23 13:08:35,13,Tuesday,0,1,33.0,70.3,25.735,96.6556,1.32,85.6,5.1289268
2026-06-23 13:09:35,13,Tuesday,0,1,33.1,70.2,25.733334,96.641205,1.3,85.0,5.0775185
2026-06-23 13:10:35,13,Tuesday,0,1,33.1,70.4,25.731667,96.62681,1.28,84.4,5.0261106
2026-06-23 13:11:35,13,Tuesday,0,1,33.0,70.4,25.73,96.61241,1.26,83.8,4.9747024
2026-06-23 13:12:35,13,Tuesday,0,1,33.0,70.4,25.728333,96.598015,1.24,83.2,4.923294
2026-06-23 13:13:36,13,Tuesday,0,1,33.0,70.4,25.726667,96.58361,1.22,82.6,4.871886
2026-06-23 13:14:36,13,Tuesday,0,1,33.0,70.4,25.725,96.569214,1.2,82.0,4.8204775
2026-06-23 13:15:36,13,Tuesday,0,1,33.0,70.3,25.723333,96.55482,1.18,81.4,4.7690697
2026-06-23 13:16:36,13,Tuesday,0,1,33.0,70.4,25.721666,96.54042,1.16,80.8,4.7176614
2026-06-23 13:17:36,13,Tuesday,0,1,33.0,70.3,25.72,96.526024,1.14,80.2,4.666253
2026-06-23 13:18:36,13,Tuesday,0,1,33.0,70.3,25.718332,96.51163,1.12,79.6,4.614845
2026-06-23 13:19:36,13,Tuesday,0,1,33.0,70.4,25.716667,96.49722,1.1,79.0,4.563437
2026-06-23 13:20:36,13,Tuesday,0,1,33.0,70.3,25.715,96.48283,1.08,78.4,4.5120287
2026-06-23 13:21:36,13,Tuesday,0,1,33.0,70.3,25.713333,96.46843,1.0600001,77.8,4.4606204
2026-06-23 13:22:36,13,Tuesday,0,1,33.0,70.3,25.711666,96.45403,1.04,77.2,4.409212
2026-06-23 13:23:36,13,Tuesday,0,1,33.0,70.3,25.71,96.43964,1.02,76.6,4.3578043
2026-06-23 13:24:36,13,Tuesday,0,1,33.0,70.3,25.708334,96.42523,1.0,76.0,4.306396
2026-06-23 13:25:36,13,Tuesday,0,1,33.0,70.3,25.706667,96.410835,0.98,75.4,4.2549877
2026-06-23 13:26:36,13,Tuesday,0,1,33.0,70.3,25.705,96.39644,0.96,74.8,4.2035794
2026-06-23 13:27:36,13,Tuesday,0,1,33.0,70.3,25.703333,96.38204,0.94,74.2,4.1521716
2026-06-23 13:28:36,13,Tuesday,0,1,33.0,70.2,25.701666,96.367645,0.92,73.6,4.1007633
2026-06-23 13:29:36,13,Tuesday,0,1,33.0,70.1,25.7,96.35324,0.9,73.0,4.049355
2026-06-23 13:30:36,13,Tuesday,0,1,33.0,70.2,25.698334,96.338844,0.88,72.4,3.9979467
2026-06-23 13:31:36,13,Tuesday,0,1,33.0,70.1,25.696667,96.32445,0.86,71.8,3.9465387
2026-06-23 13:32:36,13,Tuesday,0,1,33.0,70.1,25.695,96.31005,0.84000003,71.2,3.8951304
2026-06-23 13:33:36,13,Tuesday,0,1,33.0,70.2,25.693333,96.295654,0.82,70.6,3.8437223
2026-06-23 13:34:36,13,Tuesday,0,1,33.0,70.2,25.691666,96.28126,0.8,70.0,3.792314
2026-06-23 13:35:36,13,Tuesday,0,1,33.0,70.1,25.69,96.26685,0.78000003,69.4,3.740906
2026-06-23 13:36:36,13,Tuesday,0,1,33.1,70.1,25.688334,96.25246,0.76,68.8,3.6894977
2026-06-23 13:37:36,13,Tuesday,0,1,33.1,70.1,25.686666,96.23806,0.74,68.2,3.6380897
2026-06-23 13:38:36,13,Tuesday,0,1,33.1,70.0,25.685,96.22366,0.72,67.6,3.5866814
2026-06-23 13:39:36,13,Tuesday,0,1,33.1,69.9,25.683332,96.20927,0.7,67.0,3.5352733
2026-06-23 13:40:36,13,Tuesday,0,1,33.1,69.9,25.681667,96.19486,0.68,66.4,3.483865
2026-06-23 13:41:36,13,Tuesday,0,1,33.1,69.7,25.68,96.180466,0.66,65.8,3.432457
2026-06-23 13:42:36,13,Tuesday,0,1,33.1,69.7,25.678333,96.16607,0.64,65.2,3.3810487
2026-06-23 13:43:36,13,Tuesday,0,1,33.2,69.8,25.676666,96.15167,0.62,64.6,3.3296406
2026-06-23 13:44:36,13,Tuesday,0,1,33.2,69.6,25.675,96.137276,0.6,64.0,3.2782323
2026-06-23 13:45:36,13,Tuesday,0,1,33.2,69.7,25.673332,96.12288,0.58,63.4,3.226824
2026-06-23 13:46:36,13,Tuesday,0,1,33.2,69.6,25.671667,96.108475,0.56,62.8,3.175416
2026-06-23 13:47:36,13,Tuesday,0,1,33.3,69.6,25.67,96.09408,0.54,62.2,3.1240077
2026-06-23 13:48:36,13,Tuesday,0,1,33.2,69.5,25.668333,96.07968,0.52,61.6,3.0725996
2026-06-23 13:49:36,13,Tuesday,0,1,33.3,69.6,25.666666,96.065285,0.5,61.0,3.0211914
2026-06-23 13:50:36,13,Tuesday,0,1,33.3,69.4,25.664999,96.05089,0.48000002,60.4,2.9697833
2026-06-23 13:51:36,13,Tuesday,0,1,33.3,69.4,25.663334,96.03648,0.46,59.8,2.918375
2026-06-23 13:52:36,13,Tuesday,0,1,33.3,69.4,25.661667,96.02209,0.44,59.2,2.866967
2026-06-23 13:53:36,13,Tuesday,0,1,33.3,69.3,25.66,96.00769,0.42000002,58.6,2.8155587
2026-06-23 13:54:36,13,Tuesday,0,1,33.3,69.2,25.658333,95.99329,0.4,58.0,2.7641506
2026-06-23 13:55:36,13,Tuesday,0,1,33.3,69.3,25.656666,95.9789,0.38000003,57.4,2.7127423
2026-06-23 13:56:37,13,Tuesday,0,1,33.3,69.3,25.654999,95.9645,0.36,56.8,2.6613343
2026-06-23 13:57:37,13,Tuesday,0,1,33.4,69.3,25.653334,95.950096,0.34,56.2,2.609926
2026-06-23 13:58:37,13,Tuesday,0,1,33.4,69.2,25.651667,95.9357,0.32000002,55.6,2.558518
2026-06-23 13:59:37,13,Tuesday,0,1,33.4,69.2,25.65,95.9213,0.3,55.0,2.5071096
2026-06-23 14:00:37,14,Tuesday,0,1,33.4,69.2,25.646666,95.94523,0.29500002,55.333332,2.495023
2026-06-23 14:01:37,14,Tuesday,0,1,33.5,69.0,25.643333,95.96916,0.29000002,55.666668,2.4829364
2026-06-23 14:02:37,14,Tuesday,0,1,33.5,68.9,25.64,95.99309,0.28500003,56.0,2.4708495
2026-06-23 14:03:37,14,Tuesday,0,1,33.5,69.0,25.636667,96.01702,0.28,56.333332,2.458763
2026-06-23 14:04:37,14,Tuesday,0,1,33.5,68.9,25.633333,96.04095,0.275,56.666668,2.4466763
2026-06-23 14:05:37,14,Tuesday,0,1,33.5,68.9,25.63,96.06488,0.27,57.0,2.4345896
2026-06-23 14:06:37,14,Tuesday,0,1,33.5,68.8,25.626667,96.088806,0.26500002,57.333332,2.422503
2026-06-23 14:07:37,14,Tuesday,0,1,33.5,68.9,25.623333,96.11274,0.26000002,57.666668,2.4104161
2026-06-23 14:08:37,14,Tuesday,0,1,33.5,68.8,25.619999,96.136665,0.255,58.0,2.3983295
2026-06-23 14:09:37,14,Tuesday,0,1,33.6,68.5,25.616667,96.1606,0.25,58.333332,2.3862429
2026-06-23 14:10:37,14,Tuesday,0,1,33.6,68.6,25.613333,96.184525,0.245,58.666668,2.3741562
2026-06-23 14:11:37,14,Tuesday,0,1,33.6,68.5,25.61,96.20845,0.24000001,59.0,2.3620696
2026-06-23 14:12:37,14,Tuesday,0,1,33.6,68.5,25.606667,96.23238,0.23500001,59.333332,2.3499827
2026-06-23 14:13:37,14,Tuesday,0,1,33.7,68.4,25.603333,96.25631,0.23,59.666668,2.337896
2026-06-23 14:14:37,14,Tuesday,0,1,33.6,68.4,25.6,96.28024,0.22500001,60.0,2.3258095
2026-06-23 14:15:37,14,Tuesday,0,1,33.7,68.3,25.596666,96.30417,0.22000001,60.333332,2.3137228
2026-06-23 14:16:37,14,Tuesday,0,1,33.7,68.3,25.593334,96.3281,0.215,60.666668,2.3016362
2026-06-23 14:17:37,14,Tuesday,0,1,33.7,68.1,25.59,96.35203,0.21000001,61.0,2.2895494
2026-06-23 14:18:37,14,Tuesday,0,1,33.7,68.2,25.586666,96.37596,0.20500001,61.333332,2.2774627
2026-06-23 14:19:37,14,Tuesday,0,1,33.7,68.1,25.583334,96.39989,0.2,61.666668,2.265376
2026-06-23 14:20:37,14,Tuesday,0,1,33.7,68.1,25.58,96.42381,0.19500001,62.0,2.2532895
2026-06-23 14:21:37,14,Tuesday,0,1,33.7,68.0,25.576666,96.44775,0.19000001,62.333332,2.2412028
2026-06-23 14:22:37,14,Tuesday,0,1,33.7,68.0,25.573334,96.47167,0.185,62.666668,2.229116
2026-06-23 14:23:37,14,Tuesday,0,1,33.7,68.0,25.57,96.495605,0.18,63.0,2.2170293
2026-06-23 14:24:37,14,Tuesday,0,1,33.7,68.0,25.566668,96.51953,0.17500001,63.333332,2.2049427
2026-06-23 14:25:37,14,Tuesday,0,1,33.7,68.0,25.563334,96.543465,0.17,63.666668,2.192856
2026-06-23 14:26:37,14,Tuesday,0,1,33.7,67.9,25.56,96.56739,0.165,64.0,2.1807694
2026-06-23 14:27:37,14,Tuesday,0,1,33.7,68.0,25.556667,96.591324,0.16000001,64.333336,2.1686826
2026-06-23 14:28:37,14,Tuesday,0,1,33.7,68.0,25.553333,96.61525,0.155,64.666664,2.156596
2026-06-23 14:29:37,14,Tuesday,0,1,33.7,68.0,25.55,96.639175,0.15,65.0,2.1445093
2026-06-23 14:30:37,14,Tuesday,0,1,33.7,68.0,25.546667,96.66311,0.14500001,65.333336,2.1324227
2026-06-23 14:31:37,14,Tuesday,0,1,33.7,67.9,25.543333,96.687035,0.14,65.666664,2.120336
2026-06-23 14:32:37,14,Tuesday,0,1,33.7,67.8,25.54,96.71097,0.135,66.0,2.1082492
2026-06-23 14:33:37,14,Tuesday,0,1,33.7,67.9,25.536667,96.73489,0.13000001,66.333336,2.0961626
2026-06-23 14:34:37,14,Tuesday,0,1,33.7,67.9,25.533333,96.75883,0.125,66.666664,2.084076
2026-06-23 14:35:37,14,Tuesday,0,1,33.7,67.8,25.53,96.78275,0.120000005,67.0,2.0719893
2026-06-23 14:36:37,14,Tuesday,0,1,33.6,67.9,25.526667,96.80669,0.115,67.333336,2.0599027
2026-06-23 14:37:37,14,Tuesday,0,1,33.7,67.9,25.523335,96.83061,0.11000001,67.666664,2.0478158
2026-06-23 14:38:38,14,Tuesday,0,1,33.7,68.0,25.52,96.854546,0.105000004,68.0,2.0357292
2026-06-23 14:39:38,14,Tuesday,0,1,33.7,68.0,25.516666,96.87847,0.1,68.333336,2.0236425
2026-06-23 14:40:38,14,Tuesday,0,1,33.6,67.9,25.513334,96.9024,0.095000006,68.666664,2.011556
2026-06-23 14:41:38,14,Tuesday,0,1,33.6,68.0,25.51,96.92633,0.09,69.0,1.9994692
2026-06-23 14:42:38,14,Tuesday,0,1,33.6,67.9,25.506666,96.95026,0.085,69.333336,1.9873825
2026-06-23 14:43:38,14,Tuesday,0,1,33.6,67.9,25.503334,96.97419,0.080000006,69.666664,1.9752958
2026-06-23 14:44:38,14,Tuesday,0,1,33.6,67.9,25.5,96.998116,0.075,70.0,1.9632092
2026-06-23 14:45:38,14,Tuesday,0,1,33.6,67.9,25.496668,97.02205,0.07,70.333336,1.9511225
2026-06-23 14:46:38,14,Tuesday,0,1,33.6,67.9,25.493334,97.045975,0.065000005,70.666664,1.9390358
2026-06-23 14:47:38,14,Tuesday,0,1,33.6,67.8,25.49,97.06991,0.060000002,71.0,1.9269491
2026-06-23 14:48:38,14,Tuesday,0,1,33.6,67.8,25.486668,97.093834,0.055000003,71.333336,1.9148624
2026-06-23 14:49:38,14,Tuesday,0,1,33.6,67.8,25.483334,97.11777,0.05,71.666664,1.9027758
2026-06-23 14:50:38,14,Tuesday,0,1,33.6,67.9,25.480001,97.14169,0.045,72.0,1.8906891
2026-06-23 14:51:38,14,Tuesday,0,1,33.6,67.8,25.476667,97.16562,0.040000003,72.333336,1.8786024
2026-06-23 14:52:38,14,Tuesday,0,1,33.6,67.9,25.473333,97.18955,0.035,72.666664,1.8665158
2026-06-23 14:53:38,14,Tuesday,0,1,33.6,67.9,25.470001,97.21348,0.030000001,73.0,1.854429
2026-06-23 14:54:38,14,Tuesday,0,1,33.5,67.8,25.466667,97.23741,0.025,73.333336,1.8423424
2026-06-23 14:55:38,14,Tuesday,0,1,33.6,67.8,25.463333,97.26134,0.020000001,73.666664,1.8302557
2026-06-23 14:56:38,14,Tuesday,0,1,33.6,67.8,25.460001,97.28527,0.015000001,74.0,1.818169
2026-06-23 14:57:38,14,Tuesday,0,1,33.6,67.7,25.456667,97.3092,0.010000001,74.333336,1.8060824
2026-06-23 14:58:38,14,Tuesday,0,1,33.5,67.8,25.453335,97.33313,0.0050000004,74.666664,1.7939956
2026-06-23 14:59:38,14,Tuesday,0,1,33.6,67.7,25.45,97.357056,0.0,75.0,1.781909
2026-06-23 15:00:38,15,Tuesday,0,1,33.5,67.7,25.448334,97.36187,0.0,75.066666,1.7958912
2026-06-23 15:01:38,15,Tuesday,0,1,33.6,67.6,25.446667,97.366684,0.0,75.13333,1.8098733
2026-06-23 15:02:38,15,Tuesday,0,1,33.5,67.6,25.445002,97.3715,0.0,75.2,1.8238555
2026-06-23 15:03:38,15,Tuesday,0,1,33.5,67.6,25.443335,97.37631,0.0,75.26667,1.8378377
2026-06-23 15:04:38,15,Tuesday,0,1,33.5,67.6,25.441668,97.38113,0.0,75.333336,1.8518199
2026-06-23 15:05:38,15,Tuesday,0,1,33.5,67.6,25.44,97.38594,0.0,75.4,1.865802
2026-06-23 15:06:38,15,Tuesday,0,1,33.5,67.7,25.438334,97.39076,0.0,75.46667,1.8797842
2026-06-23 15:07:38,15,Tuesday,0,1,33.5,67.6,25.436666,97.39558,0.0,75.53333,1.8937664
2026-06-23 15:08:38,15,Tuesday,0,1,33.5,67.6,25.435001,97.40039,0.0,75.6,1.9077486
2026-06-23 15:09:38,15,Tuesday,0,1,33.5,67.6,25.433334,97.405205,0.0,75.666664,1.9217308
2026-06-23 15:10:38,15,Tuesday,0,1,33.5,67.6,25.431667,97.41002,0.0,75.73333,1.9357129
2026-06-23 15:11:38,15,Tuesday,0,1,33.5,67.6,25.43,97.41483,0.0,75.8,1.9496951
2026-06-23 15:12:38,15,Tuesday,0,1,33.5,67.4,25.428333,97.41965,0.0,75.86667,1.9636773
2026-06-23 15:13:38,15,Tuesday,0,1,33.5,67.4,25.426668,97.42446,0.0,75.933334,1.9776595
2026-06-23 15:14:38,15,Tuesday,0,1,33.5,67.4,25.425001,97.429276,0.0,76.0,1.9916415
2026-06-23 15:15:38,15,Tuesday,0,1,33.6,67.5,25.423334,97.43409,0.0,76.066666,2.0056238
2026-06-23 15:16:38,15,Tuesday,0,1,33.6,67.4,25.421667,97.4389,0.0,76.13333,2.0196059
2026-06-23 15:17:38,15,Tuesday,0,1,33.6,67.5,25.42,97.443726,0.0,76.2,2.0335882
2026-06-23 15:18:38,15,Tuesday,0,1,33.6,67.4,25.418333,97.44854,0.0,76.26667,2.0475702
2026-06-23 15:19:38,15,Tuesday,0,1,33.6,67.4,25.416668,97.453354,0.0,76.333336,2.0615525
2026-06-23 15:20:38,15,Tuesday,0,1,33.6,67.5,25.415,97.45817,0.0,76.4,2.0755346
2026-06-23 15:21:39,15,Tuesday,0,1,33.6,67.7,25.413334,97.46298,0.0,76.46667,2.0895169
2026-06-23 15:22:39,15,Tuesday,0,1,33.6,67.7,25.411667,97.4678,0.0,76.53333,2.103499
2026-06-23 15:23:39,15,Tuesday,0,1,33.6,67.6,25.41,97.47261,0.0,76.6,2.1174812
2026-06-23 15:24:39,15,Tuesday,0,1,33.6,67.7,25.408335,97.477425,0.0,76.666664,2.1314633
2026-06-23 15:25:39,15,Tuesday,0,1,33.6,67.8,25.406668,97.48224,0.0,76.73333,2.1454456
2026-06-23 15:26:39,15,Tuesday,0,1,33.6,67.7,25.405,97.48705,0.0,76.8,2.1594276
2026-06-23 15:27:39,15,Tuesday,0,1,33.6,67.9,25.403334,97.49187,0.0,76.86667,2.17341
2026-06-23 15:28:39,15,Tuesday,0,1,33.6,67.9,25.401667,97.49668,0.0,76.933334,2.187392
2026-06-23 15:29:39,15,Tuesday,0,1,33.6,67.7,25.400002,97.501495,0.0,77.0,2.201374
2026-06-23 15:30:39,15,Tuesday,0,1,33.7,67.8,25.398335,97.50632,0.0,77.066666,2.2153563
2026-06-23 15:31:39,15,Tuesday,0,1,33.7,67.8,25.396667,97.51113,0.0,77.13333,2.2293384
2026-06-23 15:32:39,15,Tuesday,0,1,33.7,67.9,25.395,97.515945,0.0,77.2,2.2433207
2026-06-23 15:33:39,15,Tuesday,0,1,33.7,67.9,25.393333,97.52076,0.0,77.26667,2.2573028
2026-06-23 15:34:39,15,Tuesday,0,1,33.7,67.9,25.391666,97.52557,0.0,77.333336,2.271285
2026-06-23 15:35:39,15,Tuesday,0,1,33.7,67.9,25.390001,97.53039,0.0,77.4,2.285267
2026-06-23 15:36:39,15,Tuesday,0,1,33.7,67.9,25.388334,97.5352,0.0,77.46667,2.2992494
2026-06-23 15:37:39,15,Tuesday,0,1,33.7,67.9,25.386667,97.540016,0.0,77.53333,2.3132315
2026-06-23 15:38:39,15,Tuesday,0,1,33.7,67.9,25.385,97.54483,0.0,77.6,2.3272138
2026-06-23 15:39:39,15,Tuesday,0,1,33.8,68.0,25.383333,97.549644,0.0,77.666664,2.3411958
2026-06-23 15:40:39,15,Tuesday,0,1,33.8,68.0,25.381668,97.55446,0.0,77.73333,2.355178
2026-06-23 15:41:39,15,Tuesday,0,1,33.8,68.0,25.380001,97.55928,0.0,77.8,2.3691602
2026-06-23 15:42:39,15,Tuesday,0,1,33.8,68.0,25.378334,97.564095,0.0,77.86667,2.3831425
2026-06-23 15:43:39,15,Tuesday,0,1,33.8,68.0,25.376667,97.56891,0.0,77.933334,2.3971245
2026-06-23 15:44:39,15,Tuesday,0,1,33.8,68.0,25.375,97.57372,0.0,78.0,2.4111068
2026-06-23 15:45:39,15,Tuesday,0,1,33.8,68.1,25.373333,97.57854,0.0,78.066666,2.425089
2026-06-23 15:46:39,15,Tuesday,0,1,33.9,68.2,25.371668,97.58335,0.0,78.13333,2.4390712
2026-06-23 15:47:39,15,Tuesday,0,1,33.9,68.3,25.37,97.588165,0.0,78.2,2.4530532
2026-06-23 15:48:39,15,Tuesday,0,1,33.9,68.4,25.368334,97.59298,0.0,78.26667,2.4670355
2026-06-23 15:49:39,15,Tuesday,0,1,33.9,68.4,25.366667,97.59779,0.0,78.333336,2.4810176
2026-06-23 15:50:39,15,Tuesday,0,1,33.9,68.3,25.365,97.60261,0.0,78.4,2.495
2026-06-23 15:51:39,15,Tuesday,0,1,33.9,68.3,25.363335,97.60742,0.0,78.46667,2.508982
2026-06-23 15:52:39,15,Tuesday,0,1,33.9,68.4,25.361668,97.612236,0.0,78.53333,2.5229642
2026-06-23 15:53:39,15,Tuesday,0,1,34.0,68.3,25.36,97.61705,0.0,78.6,2.5369463
2026-06-23 15:54:39,15,Tuesday,0,1,34.0,68.4,25.358334,97.62187,0.0,78.666664,2.5509286
2026-06-23 15:55:39,15,Tuesday,0,1,34.0,68.5,25.356667,97.626686,0.0,78.73333,2.5649107
2026-06-23 15:56:39,15,Tuesday,0,1,34.0,68.5,25.355,97.6315,0.0,78.8,2.578893
2026-06-23 15:57:39,15,Tuesday,0,1,34.0,68.7,25.353334,97.636314,0.0,78.86667,2.592875
2026-06-23 15:58:39,15,Tuesday,0,1,34.0,69.0,25.351667,97.64113,0.0,78.933334,2.6068573
2026-06-23 15:59:39,15,Tuesday,0,1,34.0,68.8,25.35,97.64594,0.0,79.0,2.6208394
2026-06-23 16:00:39,16,Tuesday,0,1,34.0,68.8,25.346666,97.64103,0.0,78.916664,2.6285105
2026-06-23 16:01:39,16,Tuesday,0,1,34.0,68.7,25.343334,97.636116,0.0,78.833336,2.6361816
2026-06-23 16:02:39,16,Tuesday,0,1,34.1,68.6,25.34,97.63121,0.0,78.75,2.6438525
2026-06-23 16:03:40,16,Tuesday,0,1,34.1,68.6,25.336666,97.6263,0.0,78.666664,2.6515236
2026-06-23 16:04:40,16,Tuesday,0,1,34.1,68.6,25.333334,97.62138,0.0,78.583336,2.6591947
2026-06-23 16:05:40,16,Tuesday,0,1,34.1,68.6,25.33,97.61647,0.0,78.5,2.6668658
2026-06-23 16:06:40,16,Tuesday,0,1,34.1,68.6,25.326668,97.61156,0.0,78.416664,2.674537
2026-06-23 16:07:40,16,Tuesday,0,1,34.1,68.5,25.323334,97.60664,0.0,78.333336,2.6822078
2026-06-23 16:08:40,16,Tuesday,0,1,34.1,68.6,25.32,97.60174,0.0,78.25,2.689879
2026-06-23 16:09:40,16,Tuesday,0,1,34.1,68.5,25.316668,97.596825,0.0,78.166664,2.69755
2026-06-23 16:10:40,16,Tuesday,0,1,34.1,68.5,25.313334,97.59191,0.0,78.083336,2.7052212
2026-06-23 16:11:40,16,Tuesday,0,1,34.2,68.5,25.31,97.587,0.0,78.0,2.7128923
2026-06-23 16:12:40,16,Tuesday,0,1,34.2,68.6,25.306667,97.582085,0.0,77.916664,2.7205632
2026-06-23 16:13:40,16,Tuesday,0,1,34.1,68.5,25.303333,97.57718,0.0,77.833336,2.7282343
2026-06-23 16:14:40,16,Tuesday,0,1,34.1,68.6,25.3,97.572266,0.0,77.75,2.7359054
2026-06-23 16:15:40,16,Tuesday,0,1,34.1,68.5,25.296667,97.56735,0.0,77.666664,2.7435765
2026-06-23 16:16:40,16,Tuesday,0,1,34.1,68.6,25.293333,97.56244,0.0,77.583336,2.7512476
2026-06-23 16:17:40,16,Tuesday,0,1,34.2,68.5,25.29,97.557526,0.0,77.5,2.7589185
2026-06-23 16:18:40,16,Tuesday,0,1,34.2,68.6,25.286667,97.55261,0.0,77.416664,2.7665896
2026-06-23 16:19:40,16,Tuesday,0,1,34.2,68.7,25.283333,97.54771,0.0,77.333336,2.7742608
2026-06-23 16:20:40,16,Tuesday,0,1,34.2,68.6,25.28,97.54279,0.0,77.25,2.7819319
2026-06-23 16:21:40,16,Tuesday,0,1,34.2,68.6,25.276667,97.53788,0.0,77.166664,2.789603
2026-06-23 16:22:40,16,Tuesday,0,1,34.2,68.6,25.273333,97.53297,0.0,77.083336,2.7972739
2026-06-23 16:23:40,16,Tuesday,0,1,34.1,68.5,25.27,97.52805,0.0,77.0,2.804945
2026-06-23 16:24:40,16,Tuesday,0,1,34.2,68.6,25.266666,97.52315,0.0,76.916664,2.812616
2026-06-23 16:25:40,16,Tuesday,0,1,34.2,68.6,25.263334,97.518234,0.0,76.833336,2.8202872
2026-06-23 16:26:40,16,Tuesday,0,1,34.2,68.6,25.26,97.51332,0.0,76.75,2.8279583
2026-06-23 16:27:40,16,Tuesday,0,1,34.2,68.6,25.256666,97.50841,0.0,76.666664,2.8356292
2026-06-23 16:28:40,16,Tuesday,0,1,34.2,68.6,25.253334,97.503494,0.0,76.583336,2.8433003
2026-06-23 16:29:40,16,Tuesday,0,1,34.2,68.6,25.25,97.49858,0.0,76.5,2.8509715
2026-06-23 16:30:40,16,Tuesday,0,1,34.2,68.6,25.246666,97.493675,0.0,76.416664,2.8586426
2026-06-23 16:31:40,16,Tuesday,0,1,34.2,68.6,25.243334,97.48876,0.0,76.333336,2.8663137
2026-06-23 16:32:40,16,Tuesday,0,1,34.2,68.6,25.24,97.48385,0.0,76.25,2.8739846
2026-06-23 16:33:40,16,Tuesday,0,1,34.2,68.5,25.236666,97.478935,0.0,76.166664,2.8816557
2026-06-23 16:34:40,16,Tuesday,0,1,34.2,68.6,25.233334,97.47402,0.0,76.083336,2.8893268
2026-06-23 16:35:40,16,Tuesday,0,1,34.3,68.6,25.23,97.46912,0.0,76.0,2.896998
2026-06-23 16:36:40,16,Tuesday,0,1,34.2,68.6,25.226667,97.4642,0.0,75.916664,2.904669
2026-06-23 16:37:40,16,Tuesday,0,1,34.2,68.6,25.223333,97.45929,0.0,75.833336,2.91234
2026-06-23 16:38:40,16,Tuesday,0,1,34.3,68.6,25.22,97.45438,0.0,75.75,2.920011
2026-06-23 16:39:40,16,Tuesday,0,1,34.3,68.6,25.216667,97.44946,0.0,75.666664,2.9276822
2026-06-23 16:40:40,16,Tuesday,0,1,34.3,68.5,25.213333,97.44456,0.0,75.583336,2.9353533
2026-06-23 16:41:40,16,Tuesday,0,1,34.3,68.5,25.21,97.439644,0.0,75.5,2.9430244
2026-06-23 16:42:40,16,Tuesday,0,1,34.3,68.6,25.206667,97.43473,0.0,75.416664,2.9506953
2026-06-23 16:43:40,16,Tuesday,0,1,34.3,68.7,25.203333,97.42982,0.0,75.333336,2.9583664
2026-06-23 16:44:40,16,Tuesday,0,1,34.3,68.6,25.2,97.424904,0.0,75.25,2.9660375
2026-06-23 16:45:41,16,Tuesday,0,1,34.4,68.6,25.196667,97.41999,0.0,75.166664,2.9737086
2026-06-23 16:46:41,16,Tuesday,0,1,34.4,68.4,25.193333,97.415085,0.0,75.083336,2.9813797
2026-06-23 16:47:41,16,Tuesday,0,1,34.4,68.5,25.19,97.41017,0.0,75.0,2.9890506
2026-06-23 16:48:41,16,Tuesday,0,1,34.4,68.5,25.186666,97.40526,0.0,74.916664,2.9967217
2026-06-23 16:49:41,16,Tuesday,0,1,34.4,68.5,25.183332,97.400345,0.0,74.833336,3.0043929
2026-06-23 16:50:41,16,Tuesday,0,1,34.4,68.6,25.18,97.39543,0.0,74.75,3.012064
2026-06-23 16:51:41,16,Tuesday,0,1,34.4,68.5,25.176666,97.390526,0.0,74.666664,3.019735
2026-06-23 16:52:41,16,Tuesday,0,1,34.4,68.5,25.173332,97.38561,0.0,74.583336,3.027406
2026-06-23 16:53:41,16,Tuesday,0,1,34.4,68.4,25.17,97.3807,0.0,74.5,3.035077
2026-06-23 16:54:41,16,Tuesday,0,1,34.4,68.5,25.166666,97.375786,0.0,74.416664,3.0427482
2026-06-23 16:55:41,16,Tuesday,0,1,34.4,68.4,25.163334,97.37087,0.0,74.333336,3.0504193
2026-06-23 16:56:41,16,Tuesday,0,1,34.4,68.5,25.16,97.36596,0.0,74.25,3.0580904
2026-06-23 16:57:41,16,Tuesday,0,1,34.4,68.4,25.156666,97.36105,0.0,74.166664,3.0657613
2026-06-23 16:58:41,16,Tuesday,0,1,34.4,68.4,25.153334,97.35614,0.0,74.083336,3.0734324
2026-06-23 16:59:41,16,Tuesday,0,1,34.4,68.4,25.15,97.35123,0.0,74.0,3.0811036
2026-06-23 17:00:41,17,Tuesday,0,1,34.4,68.4,25.1575,97.35137,0.0,74.433334,3.0639572
2026-06-23 17:01:41,17,Tuesday,0,1,34.4,68.4,25.164999,97.35152,0.0,74.86667,3.0468106
2026-06-23 17:02:41,17,Tuesday,0,1,34.5,68.3,25.1725,97.35166,0.0,75.3,3.0296643
2026-06-23 17:03:41,17,Tuesday,0,1,34.4,68.4,25.18,97.35181,0.0,75.73333,3.0125177
2026-06-23 17:04:41,17,Tuesday,0,1,34.5,68.4,25.1875,97.35195,0.0,76.166664,2.9953713
2026-06-23 17:05:41,17,Tuesday,0,1,34.5,68.3,25.195,97.3521,0.0,76.6,2.9782248
2026-06-23 17:06:41,17,Tuesday,0,1,34.5,68.3,25.2025,97.35224,0.0,77.03333,2.9610784
2026-06-23 17:07:41,17,Tuesday,0,1,34.5,68.3,25.21,97.35239,0.0,77.46667,2.9439318
2026-06-23 17:08:41,17,Tuesday,0,1,34.5,68.3,25.217499,97.35253,0.0,77.9,2.9267855
2026-06-23 17:09:41,17,Tuesday,0,1,34.5,68.3,25.225,97.35268,0.0,78.333336,2.909639
2026-06-23 17:10:41,17,Tuesday,0,1,34.5,68.3,25.2325,97.35283,0.0,78.76667,2.8924925
2026-06-23 17:11:41,17,Tuesday,0,1,34.5,68.3,25.24,97.352974,0.0,79.2,2.875346
2026-06-23 17:12:41,17,Tuesday,0,1,34.5,68.3,25.2475,97.35312,0.0,79.63333,2.8581996
2026-06-23 17:13:41,17,Tuesday,0,1,34.5,68.3,25.255,97.353264,0.0,80.066666,2.841053
2026-06-23 17:14:41,17,Tuesday,0,1,34.5,68.3,25.2625,97.35341,0.0,80.5,2.8239067
2026-06-23 17:15:41,17,Tuesday,0,1,34.5,68.2,25.27,97.35355,0.0,80.933334,2.80676
2026-06-23 17:16:41,17,Tuesday,0,1,34.5,68.3,25.2775,97.3537,0.0,81.36667,2.7896137
2026-06-23 17:17:41,17,Tuesday,0,1,34.5,68.2,25.285,97.35384,0.0,81.8,2.7724671
2026-06-23 17:18:41,17,Tuesday,0,1,34.5,68.2,25.2925,97.35399,0.0,82.23333,2.7553208
2026-06-23 17:19:41,17,Tuesday,0,1,34.5,68.3,25.3,97.35413,0.0,82.666664,2.7381742
2026-06-23 17:20:41,17,Tuesday,0,1,34.5,68.3,25.307499,97.35428,0.0,83.1,2.7210279
2026-06-23 17:21:41,17,Tuesday,0,1,34.5,68.2,25.315,97.35442,0.0,83.53333,2.7038813
2026-06-23 17:22:41,17,Tuesday,0,1,34.5,68.2,25.3225,97.35457,0.0,83.96667,2.686735
2026-06-23 17:23:41,17,Tuesday,0,1,34.5,68.2,25.33,97.35471,0.0,84.4,2.6695883
2026-06-23 17:24:41,17,Tuesday,0,1,34.5,68.2,25.3375,97.35486,0.0,84.833336,2.652442
2026-06-23 17:25:41,17,Tuesday,0,1,34.5,68.2,25.345,97.355,0.0,85.26667,2.6352954
2026-06-23 17:26:42,17,Tuesday,0,1,34.5,68.1,25.3525,97.35515,0.0,85.7,2.618149
2026-06-23 17:27:42,17,Tuesday,0,1,34.4,68.1,25.36,97.35529,0.0,86.13333,2.6010025
2026-06-23 17:28:42,17,Tuesday,0,1,34.5,68.1,25.3675,97.35544,0.0,86.566666,2.583856
2026-06-23 17:29:42,17,Tuesday,0,1,34.5,68.2,25.375,97.35559,0.0,87.0,2.5667095
2026-06-23 17:30:42,17,Tuesday,0,1,34.4,68.2,25.3825,97.355736,0.0,87.433334,2.5495632
2026-06-23 17:31:42,17,Tuesday,0,1,34.4,68.1,25.39,97.35588,0.0,87.86667,2.5324168
2026-06-23 17:32:42,17,Tuesday,0,1,34.4,68.2,25.3975,97.356026,0.0,88.3,2.5152702
2026-06-23 17:33:42,17,Tuesday,0,1,34.4,68.1,25.405,97.35617,0.0,88.73333,2.498124
2026-06-23 17:34:42,17,Tuesday,0,1,34.4,68.1,25.4125,97.356316,0.0,89.166664,2.4809773
2026-06-23 17:35:42,17,Tuesday,0,1,34.4,68.1,25.42,97.35646,0.0,89.6,2.463831
2026-06-23 17:36:42,17,Tuesday,0,1,34.4,68.1,25.4275,97.356606,0.0,90.03333,2.4466844
2026-06-23 17:37:42,17,Tuesday,0,1,34.4,68.0,25.435,97.35675,0.0,90.46667,2.429538
2026-06-23 17:38:42,17,Tuesday,0,1,34.4,68.0,25.442501,97.356895,0.0,90.9,2.4123914
2026-06-23 17:39:42,17,Tuesday,0,1,34.4,68.0,25.45,97.35704,0.0,91.333336,2.395245
2026-06-23 17:40:42,17,Tuesday,0,1,34.4,67.9,25.4575,97.357185,0.0,91.76667,2.3780985
2026-06-23 17:41:42,17,Tuesday,0,1,34.4,68.0,25.465,97.35733,0.0,92.2,2.3609521
2026-06-23 17:42:42,17,Tuesday,0,1,34.4,67.9,25.4725,97.357475,0.0,92.63333,2.3438056
2026-06-23 17:43:42,17,Tuesday,0,1,34.4,67.9,25.48,97.35762,0.0,93.066666,2.3266592
2026-06-23 17:44:42,17,Tuesday,0,1,34.4,67.9,25.4875,97.357765,0.0,93.5,2.3095126
2026-06-23 17:45:42,17,Tuesday,0,1,34.4,67.9,25.495,97.35791,0.0,93.933334,2.2923663
2026-06-23 17:46:42,17,Tuesday,0,1,34.4,67.8,25.5025,97.358055,0.0,94.36667,2.2752197
2026-06-23 17:47:42,17,Tuesday,0,1,34.4,67.9,25.51,97.3582,0.0,94.8,2.2580733
2026-06-23 17:48:42,17,Tuesday,0,1,34.4,67.9,25.5175,97.358345,0.0,95.23333,2.2409267
2026-06-23 17:49:42,17,Tuesday,0,1,34.4,67.8,25.525,97.35849,0.0,95.666664,2.2237804
2026-06-23 17:50:42,17,Tuesday,0,1,34.3,67.9,25.532501,97.35864,0.0,96.1,2.2066338
2026-06-23 17:51:42,17,Tuesday,0,1,34.3,67.9,25.54,97.35879,0.0,96.53333,2.1894875
2026-06-23 17:52:42,17,Tuesday,0,1,34.3,67.9,25.5475,97.35893,0.0,96.96667,2.1723409
2026-06-23 17:53:42,17,Tuesday,0,1,34.3,68.0,25.555,97.35908,0.0,97.4,2.1551945
2026-06-23 17:54:42,17,Tuesday,0,1,34.3,68.0,25.5625,97.35922,0.0,97.833336,2.138048
2026-06-23 17:55:42,17,Tuesday,0,1,34.3,67.9,25.57,97.35937,0.0,98.26667,2.1209016
2026-06-23 17:56:42,17,Tuesday,0,1,34.3,67.9,25.5775,97.35951,0.0,98.7,2.103755
2026-06-23 17:57:42,17,Tuesday,0,1,34.3,67.8,25.585001,97.35966,0.0,99.13333,2.0866086
2026-06-23 17:58:42,17,Tuesday,0,1,34.3,67.8,25.5925,97.3598,0.0,99.566666,2.069462
2026-06-23 17:59:42,17,Tuesday,0,1,34.3,67.9,25.6,97.35995,0.0,100.0,2.0523157
2026-06-23 18:00:42,18,Tuesday,0,1,34.3,68.0,25.595001,97.35501,0.0,99.933334,2.03732
2026-06-23 18:01:42,18,Tuesday,0,1,34.2,67.9,25.59,97.35008,0.0,99.86667,2.0223238
2026-06-23 18:02:42,18,Tuesday,0,1,34.2,68.0,25.585001,97.345146,0.0,99.8,2.007328
2026-06-23 18:03:42,18,Tuesday,0,1,34.2,68.2,25.58,97.34022,0.0,99.73333,1.9923321
2026-06-23 18:04:42,18,Tuesday,0,1,34.2,68.1,25.575,97.33528,0.0,99.666664,1.9773363
2026-06-23 18:05:42,18,Tuesday,0,1,34.2,68.1,25.57,97.33035,0.0,99.6,1.9623404
2026-06-23 18:06:42,18,Tuesday,0,1,34.2,68.1,25.565,97.32542,0.0,99.53333,1.9473445
2026-06-23 18:07:42,18,Tuesday,0,1,34.2,68.1,25.56,97.32048,0.0,99.46667,1.9323486
2026-06-23 18:08:43,18,Tuesday,0,1,34.2,68.3,25.555,97.31555,0.0,99.4,1.9173527
2026-06-23 18:09:43,18,Tuesday,0,1,34.2,68.3,25.55,97.310616,0.0,99.333336,1.9023569
2026-06-23 18:10:43,18,Tuesday,0,1,34.1,68.3,25.545,97.30569,0.0,99.26667,1.8873609
2026-06-23 18:11:43,18,Tuesday,0,1,34.1,68.3,25.54,97.30075,0.0,99.2,1.872365
2026-06-23 18:12:43,18,Tuesday,0,1,34.1,68.4,25.535,97.29582,0.0,99.13333,1.8573692
2026-06-23 18:13:43,18,Tuesday,0,1,34.1,68.4,25.53,97.290886,0.0,99.066666,1.8423733
2026-06-23 18:14:43,18,Tuesday,0,1,34.1,68.4,25.525,97.28595,0.0,99.0,1.8273773
2026-06-23 18:15:43,18,Tuesday,0,1,34.1,68.4,25.52,97.28102,0.0,98.933334,1.8123815
2026-06-23 18:16:43,18,Tuesday,0,1,34.1,68.4,25.515,97.276085,0.0,98.86667,1.7973856
2026-06-23 18:17:43,18,Tuesday,0,1,34.1,68.4,25.51,97.27116,0.0,98.8,1.7823898
2026-06-23 18:18:43,18,Tuesday,0,1,34.0,68.5,25.505,97.26622,0.0,98.73333,1.7673938
2026-06-23 18:19:43,18,Tuesday,0,1,34.0,68.5,25.5,97.26129,0.0,98.666664,1.7523979
2026-06-23 18:20:43,18,Tuesday,0,1,34.0,68.6,25.495,97.256355,0.0,98.6,1.7374021
2026-06-23 18:21:43,18,Tuesday,0,1,34.0,68.6,25.49,97.25143,0.0,98.53333,1.7224061
2026-06-23 18:22:43,18,Tuesday,0,1,34.0,68.6,25.485,97.24649,0.0,98.46667,1.7074102
2026-06-23 18:23:43,18,Tuesday,0,1,34.0,68.7,25.48,97.241554,0.0,98.4,1.6924144
2026-06-23 18:24:43,18,Tuesday,0,1,33.9,68.7,25.475,97.236626,0.0,98.333336,1.6774185
2026-06-23 18:25:43,18,Tuesday,0,1,33.9,68.8,25.47,97.23169,0.0,98.26667,1.6624227
2026-06-23 18:26:43,18,Tuesday,0,1,33.9,68.7,25.465,97.22676,0.0,98.2,1.6474267
2026-06-23 18:27:43,18,Tuesday,0,1,33.9,68.8,25.46,97.221825,0.0,98.13333,1.6324308
2026-06-23 18:28:43,18,Tuesday,0,1,33.9,68.8,25.455,97.216896,0.0,98.066666,1.617435
2026-06-23 18:29:43,18,Tuesday,0,1,33.9,68.6,25.45,97.21196,0.0,98.0,1.602439
2026-06-23 18:30:43,18,Tuesday,0,1,33.9,68.8,25.445,97.20702,0.0,97.933334,1.5874431
2026-06-23 18:31:43,18,Tuesday,0,1,33.9,68.8,25.44,97.202095,0.0,97.86667,1.5724473
2026-06-23 18:32:43,18,Tuesday,0,1,33.9,68.8,25.435,97.19716,0.0,97.8,1.5574514
2026-06-23 18:33:43,18,Tuesday,0,1,33.8,68.8,25.43,97.19223,0.0,97.73333,1.5424554
2026-06-23 18:34:43,18,Tuesday,0,1,33.8,68.7,25.425,97.187294,0.0,97.666664,1.5274596
2026-06-23 18:35:43,18,Tuesday,0,1,33.8,68.7,25.42,97.182365,0.0,97.6,1.5124637
2026-06-23 18:36:43,18,Tuesday,0,1,33.8,68.9,25.414999,97.17743,0.0,97.53333,1.4974679
2026-06-23 18:37:43,18,Tuesday,0,1,33.8,68.8,25.41,97.17249,0.0,97.46667,1.482472
2026-06-23 18:38:43,18,Tuesday,0,1,33.8,68.8,25.404999,97.167564,0.0,97.4,1.467476
2026-06-23 18:39:43,18,Tuesday,0,1,33.8,68.8,25.4,97.16263,0.0,97.333336,1.4524802
2026-06-23 18:40:43,18,Tuesday,0,1,33.8,68.8,25.395,97.1577,0.0,97.26667,1.4374843
2026-06-23 18:41:43,18,Tuesday,0,1,33.8,68.9,25.39,97.15276,0.0,97.2,1.4224883
2026-06-23 18:42:43,18,Tuesday,0,1,33.7,69.0,25.385,97.147835,0.0,97.13333,1.4074925
2026-06-23 18:43:43,18,Tuesday,0,1,33.7,68.9,25.38,97.1429,0.0,97.066666,1.3924966
2026-06-23 18:44:43,18,Tuesday,0,1,33.7,69.0,25.375,97.13797,0.0,97.0,1.3775008
2026-06-23 18:45:43,18,Tuesday,0,1,33.7,68.9,25.369999,97.13303,0.0,96.933334,1.3625048
2026-06-23 18:46:43,18,Tuesday,0,1,33.7,68.9,25.365,97.1281,0.0,96.86667,1.3475089
2026-06-23 18:47:43,18,Tuesday,0,1,33.7,68.8,25.359999,97.12317,0.0,96.8,1.3325131
2026-06-23 18:48:43,18,Tuesday,0,1,33.7,68.9,25.355,97.11823,0.0,96.73333,1.3175172
2026-06-23 18:49:43,18,Tuesday,0,1,33.7,69.0,25.349998,97.113304,0.0,96.666664,1.3025212
2026-06-23 18:50:44,18,Tuesday,0,1,33.7,69.0,25.345,97.10837,0.0,96.6,1.2875254
2026-06-23 18:51:44,18,Tuesday,0,1,33.7,69.0,25.34,97.10344,0.0,96.53333,1.2725295
2026-06-23 18:52:44,18,Tuesday,0,1,33.7,68.9,25.335,97.0985,0.0,96.46667,1.2575336
2026-06-23 18:53:44,18,Tuesday,0,1,33.7,68.9,25.33,97.09357,0.0,96.4,1.2425377
2026-06-23 18:54:44,18,Tuesday,0,1,33.7,69.0,25.324999,97.08864,0.0,96.333336,1.2275418
2026-06-23 18:55:44,18,Tuesday,0,1,33.7,69.0,25.32,97.0837,0.0,96.26667,1.212546
2026-06-23 18:56:44,18,Tuesday,0,1,33.7,69.0,25.314999,97.07877,0.0,96.2,1.19755
2026-06-23 18:57:44,18,Tuesday,0,1,33.6,69.0,25.31,97.07384,0.0,96.13333,1.1825541
2026-06-23 18:58:44,18,Tuesday,0,1,33.6,69.1,25.304998,97.06891,0.0,96.066666,1.1675583
2026-06-23 18:59:44,18,Tuesday,0,1,33.6,69.2,25.3,97.06397,0.0,96.0,1.1525624
2026-06-23 19:00:44,19,Tuesday,0,1,33.6,69.2,25.300833,97.04478,0.0,95.5,1.146081
2026-06-23 19:01:44,19,Tuesday,0,1,33.6,69.2,25.301666,97.02558,0.0,95.0,1.1395994
2026-06-23 19:02:44,19,Tuesday,0,1,33.6,69.1,25.3025,97.00639,0.0,94.5,1.133118
2026-06-23 19:03:44,19,Tuesday,0,1,33.6,69.2,25.303333,96.9872,0.0,94.0,1.1266366
2026-06-23 19:04:44,19,Tuesday,0,1,33.6,69.2,25.304167,96.968,0.0,93.5,1.1201551
2026-06-23 19:05:44,19,Tuesday,0,1,33.6,69.3,25.305,96.94881,0.0,93.0,1.1136737
2026-06-23 19:06:44,19,Tuesday,0,1,33.6,69.3,25.305832,96.92961,0.0,92.5,1.1071923
2026-06-23 19:07:44,19,Tuesday,0,1,33.6,69.4,25.306665,96.910416,0.0,92.0,1.1007107
2026-06-23 19:08:44,19,Tuesday,0,1,33.6,69.4,25.307499,96.89123,0.0,91.5,1.0942293
2026-06-23 19:09:44,19,Tuesday,0,1,33.6,69.5,25.308332,96.87203,0.0,91.0,1.0877478
2026-06-23 19:10:44,19,Tuesday,0,1,33.6,69.5,25.309166,96.85284,0.0,90.5,1.0812664
2026-06-23 19:11:44,19,Tuesday,0,1,33.6,69.6,25.31,96.83364,0.0,90.0,1.074785
2026-06-23 19:12:44,19,Tuesday,0,1,33.5,69.7,25.310833,96.814445,0.0,89.5,1.0683035
2026-06-23 19:13:44,19,Tuesday,0,1,33.5,69.7,25.311666,96.79526,0.0,89.0,1.061822
2026-06-23 19:14:44,19,Tuesday,0,1,33.5,69.7,25.3125,96.77606,0.0,88.5,1.0553406
2026-06-23 19:15:44,19,Tuesday,0,1,33.5,69.7,25.313334,96.75687,0.0,88.0,1.0488591
2026-06-23 19:16:44,19,Tuesday,0,1,33.5,69.7,25.314167,96.73767,0.0,87.5,1.0423777
2026-06-23 19:17:44,19,Tuesday,0,1,33.5,69.8,25.314999,96.718475,0.0,87.0,1.0358963
2026-06-23 19:18:44,19,Tuesday,0,1,33.5,69.8,25.315832,96.69928,0.0,86.5,1.0294148
2026-06-23 19:19:44,19,Tuesday,0,1,33.5,69.9,25.316666,96.68009,0.0,86.0,1.0229334
2026-06-23 19:20:44,19,Tuesday,0,1,33.5,69.8,25.3175,96.6609,0.0,85.5,1.016452
2026-06-23 19:21:44,19,Tuesday,0,1,33.5,69.9,25.318333,96.6417,0.0,85.0,1.0099704
2026-06-23 19:22:44,19,Tuesday,0,1,33.5,70.0,25.319166,96.622505,0.0,84.5,1.003489
2026-06-23 19:23:44,19,Tuesday,0,1,33.5,70.0,25.32,96.60331,0.0,84.0,0.99700755
2026-06-23 19:24:44,19,Tuesday,0,1,33.5,70.1,25.320833,96.58412,0.0,83.5,0.9905261
2026-06-23 19:25:44,19,Tuesday,0,1,33.5,70.0,25.321667,96.564926,0.0,83.0,0.9840447
2026-06-23 19:26:44,19,Tuesday,0,1,33.4,70.1,25.3225,96.54573,0.0,82.5,0.9775632
2026-06-23 19:27:44,19,Tuesday,0,1,33.5,70.1,25.323334,96.526535,0.0,82.0,0.97108173
2026-06-23 19:28:44,19,Tuesday,0,1,33.4,70.1,25.324167,96.50734,0.0,81.5,0.9646003
2026-06-23 19:29:44,19,Tuesday,0,1,33.4,70.0,25.325,96.488144,0.0,81.0,0.95811886
2026-06-23 19:30:44,19,Tuesday,0,1,33.4,70.2,25.325832,96.468956,0.0,80.5,0.9516374
2026-06-23 19:31:44,19,Tuesday,0,1,33.5,70.2,25.326666,96.44976,0.0,80.0,0.945156
2026-06-23 19:32:44,19,Tuesday,0,1,33.4,70.4,25.3275,96.430565,0.0,79.5,0.9386745
2026-06-23 19:33:45,19,Tuesday,0,1,33.4,70.3,25.328333,96.41137,0.0,79.0,0.93219304
2026-06-23 19:34:45,19,Tuesday,0,1,33.4,70.2,25.329166,96.39217,0.0,78.5,0.92571163
2026-06-23 19:35:45,19,Tuesday,0,1,33.4,70.1,25.33,96.372986,0.0,78.0,0.91923016
2026-06-23 19:36:45,19,Tuesday,0,1,33.4,70.3,25.330833,96.35379,0.0,77.5,0.9127487
2026-06-23 19:37:45,19,Tuesday,0,1,33.4,70.3,25.331667,96.334595,0.0,77.0,0.9062672
2026-06-23 19:38:45,19,Tuesday,0,1,33.4,70.3,25.3325,96.3154,0.0,76.5,0.8997858
2026-06-23 19:39:45,19,Tuesday,0,1,33.4,70.3,25.333334,96.2962,0.0,76.0,0.89330435
2026-06-23 19:40:45,19,Tuesday,0,1,33.4,70.3,25.334167,96.277016,0.0,75.5,0.8868229
2026-06-23 19:41:45,19,Tuesday,0,1,33.4,70.4,25.335,96.25782,0.0,75.0,0.8803415
2026-06-23 19:42:45,19,Tuesday,0,1,33.4,70.5,25.335833,96.238625,0.0,74.5,0.87386
2026-06-23 19:43:45,19,Tuesday,0,1,33.4,70.5,25.336666,96.21943,0.0,74.0,0.86737853
2026-06-23 19:44:45,19,Tuesday,0,1,33.4,70.6,25.3375,96.20023,0.0,73.5,0.86089706
2026-06-23 19:45:45,19,Tuesday,0,1,33.4,70.7,25.338333,96.18104,0.0,73.0,0.85441566
2026-06-23 19:46:45,19,Tuesday,0,1,33.4,70.6,25.339167,96.16185,0.0,72.5,0.8479342
2026-06-23 19:47:45,19,Tuesday,0,1,33.4,70.7,25.34,96.142654,0.0,72.0,0.8414527
2026-06-23 19:48:45,19,Tuesday,0,1,33.4,70.7,25.340834,96.12346,0.0,71.5,0.8349713
2026-06-23 19:49:45,19,Tuesday,0,1,33.4,70.7,25.341667,96.10426,0.0,71.0,0.82848984
2026-06-23 19:50:45,19,Tuesday,0,1,33.3,70.7,25.3425,96.08507,0.0,70.5,0.8220084
2026-06-23 19:51:45,19,Tuesday,0,1,33.3,70.8,25.343334,96.06588,0.0,70.0,0.81552696
2026-06-23 19:52:45,19,Tuesday,0,1,33.3,70.8,25.344168,96.046684,0.0,69.5,0.8090455
2026-06-23 19:53:45,19,Tuesday,0,1,33.3,70.7,25.345001,96.02749,0.0,69.0,0.802564
2026-06-23 19:54:45,19,Tuesday,0,1,33.3,70.8,25.345833,96.00829,0.0,68.5,0.7960826
2026-06-23 19:55:45,19,Tuesday,0,1,33.3,70.8,25.346666,95.9891,0.0,68.0,0.78960115
2026-06-23 19:56:45,19,Tuesday,0,1,33.3,70.9,25.3475,95.9699,0.0,67.5,0.7831197
2026-06-23 19:57:45,19,Tuesday,0,1,33.3,70.9,25.348333,95.950714,0.0,67.0,0.7766382
2026-06-23 19:58:45,19,Tuesday,0,1,33.3,71.0,25.349167,95.93152,0.0,66.5,0.7701568
2026-06-23 19:59:45,19,Tuesday,0,1,33.3,71.1,25.35,95.91232,0.0,66.0,0.76367533
2026-06-23 20:00:45,20,Tuesday,0,1,33.3,71.2,25.351667,95.87457,0.0,66.416664,0.76367533
2026-06-23 20:01:45,20,Tuesday,0,1,33.3,71.3,25.353334,95.83682,0.0,66.833336,0.76367533
2026-06-23 20:02:45,20,Tuesday,0,1,33.3,71.2,25.355,95.79908,0.0,67.25,0.76367533
2026-06-23 20:03:45,20,Tuesday,0,1,33.3,71.5,25.356667,95.76133,0.0,67.666664,0.76367533
2026-06-23 20:04:45,20,Tuesday,0,1,33.2,71.3,25.358334,95.72358,0.0,68.083336,0.76367533
2026-06-23 20:05:45,20,Tuesday,0,1,33.2,71.5,25.36,95.68583,0.0,68.5,0.76367533
2026-06-23 20:06:45,20,Tuesday,0,1,33.2,71.4,25.361668,95.64808,0.0,68.916664,0.76367533
2026-06-23 20:07:45,20,Tuesday,0,1,33.2,71.3,25.363335,95.61034,0.0,69.333336,0.76367533
2026-06-23 20:08:45,20,Tuesday,0,1,33.2,71.5,25.365,95.572586,0.0,69.75,0.76367533
2026-06-23 20:09:45,20,Tuesday,0,1,33.2,71.6,25.366667,95.534836,0.0,70.166664,0.76367533
2026-06-23 20:10:45,20,Tuesday,0,1,33.2,71.7,25.368334,95.497086,0.0,70.583336,0.76367533
2026-06-23 20:11:45,20,Tuesday,0,1,33.2,71.5,25.37,95.459335,0.0,71.0,0.76367533
2026-06-23 20:12:45,20,Tuesday,0,1,33.2,71.4,25.371668,95.42159,0.0,71.416664,0.76367533
2026-06-23 20:13:45,20,Tuesday,0,1,33.1,71.6,25.373333,95.38384,0.0,71.833336,0.76367533
2026-06-23 20:14:45,20,Tuesday,0,1,33.1,71.7,25.375,95.34609,0.0,72.25,0.76367533
2026-06-23 20:15:45,20,Tuesday,0,1,33.1,71.7,25.376667,95.30834,0.0,72.666664,0.76367533
2026-06-23 20:16:46,20,Tuesday,0,1,33.1,71.7,25.378334,95.27059,0.0,73.083336,0.76367533
2026-06-23 20:17:46,20,Tuesday,0,1,33.1,71.6,25.380001,95.23285,0.0,73.5,0.76367533
2026-06-23 20:18:46,20,Tuesday,0,1,33.1,71.7,25.381668,95.1951,0.0,73.916664,0.76367533
2026-06-23 20:19:46,20,Tuesday,0,1,33.1,71.7,25.383333,95.15735,0.0,74.333336,0.76367533
2026-06-23 20:20:46,20,Tuesday,0,1,33.1,71.7,25.385,95.1196,0.0,74.75,0.76367533
2026-06-23 20:21:46,20,Tuesday,0,1,33.1,71.7,25.386667,95.08185,0.0,75.166664,0.76367533
2026-06-23 20:22:46,20,Tuesday,0,1,33.1,71.8,25.388334,95.044106,0.0,75.583336,0.76367533
2026-06-23 20:23:46,20,Tuesday,0,1,33.0,71.9,25.390001,95.006355,0.0,76.0,0.76367533
2026-06-23 20:24:46,20,Tuesday,0,1,33.0,72.0,25.391666,94.968605,0.0,76.416664,0.76367533
2026-06-23 20:25:46,20,Tuesday,0,1,33.0,72.3,25.393333,94.930855,0.0,76.833336,0.76367533
2026-06-23 20:26:46,20,Tuesday,0,1,33.0,72.3,25.395,94.893105,0.0,77.25,0.76367533
2026-06-23 20:27:46,20,Tuesday,0,1,33.0,72.4,25.396667,94.85536,0.0,77.666664,0.76367533
2026-06-23 20:28:46,20,Tuesday,0,1,33.0,72.4,25.398335,94.81761,0.0,78.083336,0.76367533
2026-06-23 20:29:46,20,Tuesday,0,1,32.9,72.3,25.400002,94.77986,0.0,78.5,0.76367533
2026-06-23 20:30:46,20,Tuesday,0,1,32.9,72.4,25.401667,94.74211,0.0,78.916664,0.76367533
2026-06-23 20:31:46,20,Tuesday,0,1,32.9,72.4,25.403334,94.70436,0.0,79.333336,0.76367533
2026-06-23 20:32:46,20,Tuesday,0,1,32.9,72.3,25.405,94.66662,0.0,79.75,0.76367533
2026-06-23 20:33:46,20,Tuesday,0,1,32.9,72.5,25.406668,94.62887,0.0,80.166664,0.76367533
2026-06-23 20:34:46,20,Tuesday,0,1,32.9,72.4,25.408335,94.59112,0.0,80.583336,0.76367533
2026-06-23 20:35:46,20,Tuesday,0,1,32.9,72.5,25.41,94.55337,0.0,81.0,0.76367533
2026-06-23 20:36:46,20,Tuesday,0,1,32.9,72.3,25.411667,94.51562,0.0,81.416664,0.76367533
2026-06-23 20:37:46,20,Tuesday,0,1,32.9,72.4,25.413334,94.477875,0.0,81.833336,0.76367533
2026-06-23 20:38:46,20,Tuesday,0,1,32.8,72.4,25.415,94.440125,0.0,82.25,0.76367533
2026-06-23 20:39:46,20,Tuesday,0,1,32.8,72.4,25.416668,94.402374,0.0,82.666664,0.76367533
2026-06-23 20:40:46,20,Tuesday,0,1,32.8,72.4,25.418333,94.364624,0.0,83.083336,0.76367533
2026-06-23 20:41:46,20,Tuesday,0,1,32.8,72.4,25.42,94.32687,0.0,83.5,0.76367533
2026-06-23 20:42:46,20,Tuesday,0,1,32.8,72.4,25.421667,94.28913,0.0,83.916664,0.76367533
2026-06-23 20:43:46,20,Tuesday,0,1,32.8,72.4,25.423334,94.25138,0.0,84.333336,0.76367533
2026-06-23 20:44:46,20,Tuesday,0,1,32.8,72.4,25.425001,94.21363,0.0,84.75,0.76367533
2026-06-23 20:45:46,20,Tuesday,0,1,32.8,72.6,25.426668,94.17588,0.0,85.166664,0.76367533
2026-06-23 20:46:46,20,Tuesday,0,1,32.7,72.5,25.428333,94.13813,0.0,85.583336,0.76367533
2026-06-23 20:47:46,20,Tuesday,0,1,32.7,72.3,25.43,94.10039,0.0,86.0,0.76367533
2026-06-23 20:48:46,20,Tuesday,0,1,32.7,72.3,25.431667,94.06264,0.0,86.416664,0.76367533
2026-06-23 20:49:46,20,Tuesday,0,1,32.7,72.3,25.433334,94.02489,0.0,86.833336,0.76367533
2026-06-23 20:50:46,20,Tuesday,0,1,32.7,72.3,25.435001,93.98714,0.0,87.25,0.76367533
2026-06-23 20:51:46,20,Tuesday,0,1,32.7,72.3,25.436666,93.94939,0.0,87.666664,0.76367533
2026-06-23 20:52:46,20,Tuesday,0,1,32.7,72.3,25.438334,93.911644,0.0,88.083336,0.76367533
2026-06-23 20:53:46,20,Tuesday,0,1,32.7,72.2,25.44,93.87389,0.0,88.5,0.76367533
2026-06-23 20:54:46,20,Tuesday,0,1,32.6,72.2,25.441668,93.83614,0.0,88.916664,0.76367533
2026-06-23 20:55:46,20,Tuesday,0,1,32.6,72.2,25.443335,93.79839,0.0,89.333336,0.76367533
2026-06-23 20:56:46,20,Tuesday,0,1,32.6,72.2,25.445002,93.76064,0.0,89.75,0.76367533
2026-06-23 20:57:46,20,Tuesday,0,1,32.6,72.3,25.446667,93.7229,0.0,90.166664,0.76367533
2026-06-23 20:58:46,20,Tuesday,0,1,32.6,72.3,25.448334,93.68515,0.0,90.583336,0.76367533
2026-06-23 20:59:47,20,Tuesday,0,1,32.6,72.2,25.45,93.6474,0.0,91.0,0.76367533
2026-06-23 21:00:47,21,Tuesday,0,1,32.6,72.1,25.445833,93.661316,0.0,91.066666,0.7691957
2026-06-23 21:01:47,21,Tuesday,0,1,32.5,72.3,25.441668,93.67523,0.0,91.13333,0.7747161
2026-06-23 21:02:47,21,Tuesday,0,1,32.5,72.3,25.4375,93.68915,0.0,91.2,0.7802364
2026-06-23 21:03:47,21,Tuesday,0,1,32.6,72.3,25.433334,93.703064,0.0,91.26667,0.78575677
2026-06-23 21:04:47,21,Tuesday,0,1,32.5,72.2,25.429167,93.71697,0.0,91.333336,0.79127717
2026-06-23 21:05:47,21,Tuesday,0,1,32.5,72.4,25.425001,93.73089,0.0,91.4,0.7967975
2026-06-23 21:06:47,21,Tuesday,0,1,32.5,72.3,25.420834,93.744804,0.0,91.46667,0.8023179
2026-06-23 21:07:47,21,Tuesday,0,1,32.5,72.3,25.416668,93.75872,0.0,91.53333,0.80783826
2026-06-23 21:08:47,21,Tuesday,0,1,32.5,72.3,25.4125,93.77264,0.0,91.6,0.8133586
2026-06-23 21:09:47,21,Tuesday,0,1,32.5,72.3,25.408335,93.78655,0.0,91.666664,0.818879
2026-06-23 21:10:47,21,Tuesday,0,1,32.5,72.2,25.404167,93.80047,0.0,91.73333,0.82439935
2026-06-23 21:11:47,21,Tuesday,0,1,32.5,72.3,25.400002,93.814384,0.0,91.8,0.8299197
2026-06-23 21:12:47,21,Tuesday,0,1,32.6,72.2,25.395834,93.82829,0.0,91.86667,0.8354401
2026-06-23 21:13:47,21,Tuesday,0,1,32.5,72.3,25.391668,93.84221,0.0,91.933334,0.84096044
2026-06-23 21:14:47,21,Tuesday,0,1,32.5,72.4,25.3875,93.856125,0.0,92.0,0.84648085
2026-06-23 21:15:47,21,Tuesday,0,1,32.5,72.4,25.383333,93.87004,0.0,92.066666,0.8520012
2026-06-23 21:16:47,21,Tuesday,0,1,32.5,72.5,25.379168,93.88396,0.0,92.13333,0.85752153
2026-06-23 21:17:47,21,Tuesday,0,1,32.5,72.6,25.375,93.89787,0.0,92.2,0.86304194
2026-06-23 21:18:47,21,Tuesday,0,1,32.5,72.6,25.370834,93.91179,0.0,92.26667,0.8685623
2026-06-23 21:19:47,21,Tuesday,0,1,32.5,72.6,25.366667,93.925705,0.0,92.333336,0.8740826
2026-06-23 21:20:47,21,Tuesday,0,1,32.5,72.5,25.362501,93.93962,0.0,92.4,0.879603
2026-06-23 21:21:47,21,Tuesday,0,1,32.4,72.5,25.358334,93.95353,0.0,92.46667,0.8851234
2026-06-23 21:22:47,21,Tuesday,0,1,32.4,72.6,25.354168,93.967445,0.0,92.53333,0.8906437
2026-06-23 21:23:47,21,Tuesday,0,1,32.4,72.6,25.35,93.98136,0.0,92.6,0.8961641
2026-06-23 21:24:47,21,Tuesday,0,1,32.4,72.6,25.345835,93.99528,0.0,92.666664,0.90168446
2026-06-23 21:25:47,21,Tuesday,0,1,32.4,72.6,25.341667,94.00919,0.0,92.73333,0.90720487
2026-06-23 21:26:47,21,Tuesday,0,1,32.4,72.7,25.337502,94.02311,0.0,92.8,0.9127252
2026-06-23 21:27:47,21,Tuesday,0,1,32.4,72.7,25.333334,94.037025,0.0,92.86667,0.91824555
2026-06-23 21:28:47,21,Tuesday,0,1,32.4,72.8,25.329168,94.05094,0.0,92.933334,0.92376596
2026-06-23 21:29:47,21,Tuesday,0,1,32.4,72.8,25.325,94.06485,0.0,93.0,0.9292863
2026-06-23 21:30:47,21,Tuesday,0,1,32.4,72.8,25.320833,94.078766,0.0,93.066666,0.93480664
2026-06-23 21:31:47,21,Tuesday,0,1,32.4,72.8,25.316668,94.09268,0.0,93.13333,0.94032705
2026-06-23 21:32:47,21,Tuesday,0,1,32.4,72.9,25.3125,94.1066,0.0,93.2,0.9458474
2026-06-23 21:33:47,21,Tuesday,0,1,32.4,72.9,25.308334,94.120514,0.0,93.26667,0.95136774
2026-06-23 21:34:47,21,Tuesday,0,1,32.4,73.0,25.304167,94.13443,0.0,93.333336,0.95688814
2026-06-23 21:35:47,21,Tuesday,0,1,32.4,72.9,25.300001,94.148346,0.0,93.4,0.9624085
2026-06-23 21:36:47,21,Tuesday,0,1,32.4,73.0,25.295834,94.16226,0.0,93.46667,0.9679289
2026-06-23 21:37:47,21,Tuesday,0,1,32.4,72.9,25.291668,94.17618,0.0,93.53333,0.97344923
2026-06-23 21:38:47,21,Tuesday,0,1,32.4,73.1,25.2875,94.19009,0.0,93.6,0.9789696
2026-06-23 21:39:47,21,Tuesday,0,1,32.4,73.1,25.283335,94.204,0.0,93.666664,0.98449
2026-06-23 21:40:47,21,Tuesday,0,1,32.4,73.1,25.279167,94.21792,0.0,93.73333,0.9900103
2026-06-23 21:41:47,21,Tuesday,0,1,32.4,73.3,25.275002,94.231834,0.0,93.8,0.99553066
2026-06-23 21:42:47,21,Tuesday,0,1,32.4,73.4,25.270834,94.24575,0.0,93.86667,1.0010511
2026-06-23 21:43:48,21,Tuesday,0,1,32.3,73.4,25.266668,94.25967,0.0,93.933334,1.0065714
2026-06-23 21:44:48,21,Tuesday,0,1,32.3,73.7,25.2625,94.27358,0.0,94.0,1.0120918
2026-06-23 21:45:48,21,Tuesday,0,1,32.3,73.9,25.258333,94.2875,0.0,94.066666,1.0176121
2026-06-23 21:46:48,21,Tuesday,0,1,32.3,73.8,25.254168,94.301414,0.0,94.13333,1.0231326
2026-06-23 21:47:48,21,Tuesday,0,1,32.3,73.9,25.25,94.31532,0.0,94.2,1.0286529
2026-06-23 21:48:48,21,Tuesday,0,1,32.3,73.9,25.245834,94.32924,0.0,94.26667,1.0341733
2026-06-23 21:49:48,21,Tuesday,0,1,32.3,73.9,25.241667,94.343155,0.0,94.333336,1.0396936
2026-06-23 21:50:48,21,Tuesday,0,1,32.3,73.8,25.237501,94.35707,0.0,94.4,1.0452139
2026-06-23 21:51:48,21,Tuesday,0,1,32.3,73.8,25.233334,94.37099,0.0,94.46667,1.0507344
2026-06-23 21:52:48,21,Tuesday,0,1,32.3,73.8,25.229168,94.3849,0.0,94.53333,1.0562547
2026-06-23 21:53:48,21,Tuesday,0,1,32.3,73.8,25.225,94.39882,0.0,94.6,1.0617751
2026-06-23 21:54:48,21,Tuesday,0,1,32.3,73.8,25.220835,94.412735,0.0,94.666664,1.0672954
2026-06-23 21:55:48,21,Tuesday,0,1,32.3,73.8,25.216667,94.42664,0.0,94.73333,1.0728158
2026-06-23 21:56:48,21,Tuesday,0,1,32.3,73.8,25.212502,94.44056,0.0,94.8,1.0783361
2026-06-23 21:57:48,21,Tuesday,0,1,32.3,73.7,25.208334,94.454475,0.0,94.86667,1.0838566
2026-06-23 21:58:48,21,Tuesday,0,1,32.3,73.7,25.204168,94.46839,0.0,94.933334,1.0893769
2026-06-23 21:59:48,21,Tuesday,0,1,32.3,73.8,25.2,94.48231,0.0,95.0,1.0948973
2026-06-23 22:00:48,22,Tuesday,0,1,32.2,73.9,25.193335,94.54955,0.0,94.833336,1.1131456
2026-06-23 22:01:48,22,Tuesday,0,1,32.2,73.8,25.186666,94.61679,0.0,94.666664,1.1313938
2026-06-23 22:02:48,22,Tuesday,0,1,32.2,73.8,25.18,94.68404,0.0,94.5,1.1496421
2026-06-23 22:03:48,22,Tuesday,0,1,32.2,73.9,25.173334,94.75128,0.0,94.333336,1.1678904
2026-06-23 22:04:48,22,Tuesday,0,1,32.2,74.0,25.166668,94.81853,0.0,94.166664,1.1861387
2026-06-23 22:05:48,22,Tuesday,0,1,32.2,74.1,25.16,94.885765,0.0,94.0,1.204387
2026-06-23 22:06:48,22,Tuesday,0,1,32.2,74.1,25.153334,94.95301,0.0,93.833336,1.2226353
2026-06-23 22:07:48,22,Tuesday,0,1,32.2,74.0,25.146667,95.020256,0.0,93.666664,1.2408836
2026-06-23 22:08:48,22,Tuesday,0,1,32.2,74.1,25.140001,95.0875,0.0,93.5,1.2591319
2026-06-23 22:09:48,22,Tuesday,0,1,32.2,74.1,25.133333,95.15474,0.0,93.333336,1.2773801
2026-06-23 22:10:48,22,Tuesday,0,1,32.2,74.1,25.126667,95.221985,0.0,93.166664,1.2956284
2026-06-23 22:11:48,22,Tuesday,0,1,32.2,74.2,25.12,95.28923,0.0,93.0,1.3138767
2026-06-23 22:12:48,22,Tuesday,0,1,32.2,74.1,25.113335,95.356476,0.0,92.833336,1.3321251
2026-06-23 22:13:48,22,Tuesday,0,1,32.2,74.3,25.106667,95.42371,0.0,92.666664,1.3503733
2026-06-23 22:14:48,22,Tuesday,0,1,32.2,74.3,25.1,95.49096,0.0,92.5,1.3686216
2026-06-23 22:15:48,22,Tuesday,0,1,32.1,74.4,25.093334,95.558205,0.0,92.333336,1.3868699
2026-06-23 22:16:48,22,Tuesday,0,1,32.2,74.4,25.086666,95.62544,0.0,92.166664,1.4051181
2026-06-23 22:17:48,22,Tuesday,0,1,32.1,74.5,25.08,95.69269,0.0,92.0,1.4233664
2026-06-23 22:18:48,22,Tuesday,0,1,32.1,74.5,25.073334,95.75993,0.0,91.833336,1.4416147
2026-06-23 22:19:48,22,Tuesday,0,1,32.1,74.5,25.066668,95.82718,0.0,91.666664,1.4598631
2026-06-23 22:20:48,22,Tuesday,0,1,32.1,74.5,25.06,95.89442,0.0,91.5,1.4781113
2026-06-23 22:21:48,22,Tuesday,0,1,32.1,74.5,25.053333,95.96166,0.0,91.333336,1.4963596
2026-06-23 22:22:48,22,Tuesday,0,1,32.1,74.6,25.046667,96.02891,0.0,91.166664,1.5146079
2026-06-23 22:23:48,22,Tuesday,0,1,32.1,74.6,25.04,96.09615,0.0,91.0,1.5328562
2026-06-23 22:24:48,22,Tuesday,0,1,32.1,74.5,25.033333,96.16339,0.0,90.833336,1.5511044
2026-06-23 22:25:48,22,Tuesday,0,1,32.1,74.5,25.026667,96.23064,0.0,90.666664,1.5693527
2026-06-23 22:26:48,22,Tuesday,0,1,32.2,74.5,25.02,96.29788,0.0,90.5,1.5876011
2026-06-23 22:27:49,22,Tuesday,0,1,32.2,74.6,25.013334,96.36513,0.0,90.333336,1.6058494
2026-06-23 22:28:49,22,Tuesday,0,1,32.1,74.6,25.006666,96.432365,0.0,90.166664,1.6240976
2026-06-23 22:29:49,22,Tuesday,0,1,32.1,74.6,25.0,96.49961,0.0,90.0,1.6423459
2026-06-23 22:30:49,22,Tuesday,0,1,32.1,74.6,24.993334,96.56686,0.0,89.833336,1.6605942
2026-06-23 22:31:49,22,Tuesday,0,1,32.1,74.9,24.986666,96.634094,0.0,89.666664,1.6788424
2026-06-23 22:32:49,22,Tuesday,0,1,32.1,74.8,24.98,96.70134,0.0,89.5,1.6970907
2026-06-23 22:33:49,22,Tuesday,0,1,32.1,74.9,24.973333,96.768585,0.0,89.333336,1.7153391
2026-06-23 22:34:49,22,Tuesday,0,1,32.1,74.9,24.966667,96.83583,0.0,89.166664,1.7335874
2026-06-23 22:35:49,22,Tuesday,0,1,32.1,75.0,24.96,96.90307,0.0,89.0,1.7518356
2026-06-23 22:36:49,22,Tuesday,0,1,32.1,74.9,24.953333,96.970314,0.0,88.833336,1.7700839
2026-06-23 22:37:49,22,Tuesday,0,1,32.1,74.9,24.946667,97.03756,0.0,88.666664,1.7883322
2026-06-23 22:38:49,22,Tuesday,0,1,32.1,74.9,24.94,97.104805,0.0,88.5,1.8065805
2026-06-23 22:39:49,22,Tuesday,0,1,32.1,74.8,24.933332,97.17204,0.0,88.333336,1.8248287
2026-06-23 22:40:49,22,Tuesday,0,1,32.1,74.7,24.926666,97.23929,0.0,88.166664,1.8430771
2026-06-23 22:41:49,22,Tuesday,0,1,32.1,74.7,24.92,97.30653,0.0,88.0,1.8613254
2026-06-23 22:42:49,22,Tuesday,0,1,32.1,74.8,24.913334,97.37378,0.0,87.833336,1.8795737
2026-06-23 22:43:49,22,Tuesday,0,1,32.1,74.8,24.906666,97.44102,0.0,87.666664,1.8978219
2026-06-23 22:44:49,22,Tuesday,0,1,32.1,74.8,24.9,97.50826,0.0,87.5,1.9160702
2026-06-23 22:45:49,22,Tuesday,0,1,32.1,74.8,24.893333,97.57551,0.0,87.333336,1.9343185
2026-06-23 22:46:49,22,Tuesday,0,1,32.1,74.7,24.886665,97.642746,0.0,87.166664,1.9525667
2026-06-23 22:47:49,22,Tuesday,0,1,32.1,74.7,24.88,97.70999,0.0,87.0,1.9708151
2026-06-23 22:48:49,22,Tuesday,0,1,32.1,74.8,24.873333,97.77724,0.0,86.833336,1.9890634
2026-06-23 22:49:49,22,Tuesday,0,1,32.1,74.6,24.866667,97.84448,0.0,86.666664,2.0073116
2026-06-23 22:50:49,22,Tuesday,0,1,32.1,74.5,24.859999,97.91172,0.0,86.5,2.02556
2026-06-23 22:51:49,22,Tuesday,0,1,32.1,74.4,24.853333,97.978966,0.0,86.333336,2.0438082
2026-06-23 22:52:49,22,Tuesday,0,1,32.1,74.4,24.846666,98.04621,0.0,86.166664,2.0620565
2026-06-23 22:53:49,22,Tuesday,0,1,32.1,74.4,24.84,98.11346,0.0,86.0,2.0803049
2026-06-23 22:54:49,22,Tuesday,0,1,32.1,74.4,24.833332,98.180695,0.0,85.833336,2.0985532
2026-06-23 22:55:49,22,Tuesday,0,1,32.1,74.3,24.826666,98.24794,0.0,85.666664,2.1168015
2026-06-23 22:56:49,22,Tuesday,0,1,32.1,74.3,24.82,98.315186,0.0,85.5,2.1350496
2026-06-23 22:57:49,22,Tuesday,0,1,32.1,74.5,24.813334,98.38243,0.0,85.333336,2.153298
2026-06-23 22:58:49,22,Tuesday,0,1,32.1,74.7,24.806665,98.44967,0.0,85.166664,2.1715462
2026-06-23 22:59:49,22,Tuesday,0,1,32.1,74.7,24.8,98.516914,0.0,85.0,2.1897945
2026-06-23 23:00:49,23,Tuesday,0,1,32.1,74.7,24.8175,98.42213,0.0050000004,85.21667,2.190888
2026-06-23 23:01:49,23,Tuesday,0,1,32.1,74.8,24.835,98.32734,0.010000001,85.433334,2.191981
2026-06-23 23:02:49,23,Tuesday,0,1,32.1,74.7,24.852499,98.23256,0.015000001,85.65,2.1930745
2026-06-23 23:03:49,23,Tuesday,0,1,32.0,74.9,24.869999,98.13777,0.020000001,85.86667,2.1941679
2026-06-23 23:04:49,23,Tuesday,0,1,32.0,74.9,24.887499,98.042984,0.025,86.083336,2.195261
2026-06-23 23:05:49,23,Tuesday,0,1,32.0,74.9,24.904999,97.9482,0.030000001,86.3,2.1963544
2026-06-23 23:06:49,23,Tuesday,0,1,32.0,74.9,24.922499,97.85341,0.035,86.51667,2.1974478
2026-06-23 23:07:49,23,Tuesday,0,1,32.0,75.0,24.939999,97.75863,0.040000003,86.73333,2.1985412
2026-06-23 23:08:49,23,Tuesday,0,1,32.0,74.9,24.957499,97.66384,0.045,86.95,2.1996343
2026-06-23 23:09:49,23,Tuesday,0,1,32.0,74.9,24.974998,97.56905,0.05,87.166664,2.2007277
2026-06-23 23:10:49,23,Tuesday,0,1,32.0,74.9,24.9925,97.474266,0.055000003,87.38333,2.201821
2026-06-23 23:11:49,23,Tuesday,0,1,32.0,75.0,25.01,97.37948,0.060000002,87.6,2.2029142
2026-06-23 23:12:50,23,Tuesday,0,1,32.0,75.1,25.0275,97.2847,0.065000005,87.816666,2.2040076
2026-06-23 23:13:50,23,Tuesday,0,1,32.0,75.1,25.045,97.18991,0.07,88.03333,2.205101
2026-06-23 23:14:50,23,Tuesday,0,1,32.0,75.1,25.0625,97.09512,0.075,88.25,2.2061944
2026-06-23 23:15:50,23,Tuesday,0,1,32.0,75.2,25.08,97.000336,0.080000006,88.46667,2.2072875
2026-06-23 23:16:50,23,Tuesday,0,1,32.0,75.3,25.0975,96.90555,0.085,88.683334,2.208381
2026-06-23 23:17:50,23,Tuesday,0,1,32.0,75.3,25.115,96.81077,0.09,88.9,2.2094743
2026-06-23 23:18:50,23,Tuesday,0,1,32.0,75.5,25.1325,96.71598,0.095000006,89.11667,2.2105675
2026-06-23 23:19:50,23,Tuesday,0,1,32.0,75.5,25.15,96.62119,0.1,89.333336,2.2116609
2026-06-23 23:20:50,23,Tuesday,0,1,32.0,75.4,25.1675,96.526405,0.105000004,89.55,2.2127542
2026-06-23 23:21:50,23,Tuesday,0,1,31.9,75.3,25.185,96.43162,0.11000001,89.76667,2.2138474
2026-06-23 23:22:50,23,Tuesday,0,1,31.9,75.2,25.2025,96.33684,0.115,89.98333,2.2149408
2026-06-23 23:23:50,23,Tuesday,0,1,31.9,75.3,25.22,96.24205,0.120000005,90.2,2.2160342
2026-06-23 23:24:50,23,Tuesday,0,1,31.9,75.3,25.2375,96.14726,0.125,90.416664,2.2171273
2026-06-23 23:25:50,23,Tuesday,0,1,32.0,75.2,25.255,96.052475,0.13000001,90.63333,2.2182207
2026-06-23 23:26:50,23,Tuesday,0,1,32.0,75.2,25.2725,95.95769,0.135,90.85,2.219314
2026-06-23 23:27:50,23,Tuesday,0,1,32.0,75.0,25.289999,95.86291,0.14,91.066666,2.2204075
2026-06-23 23:28:50,23,Tuesday,0,1,32.0,75.2,25.307499,95.76812,0.14500001,91.28333,2.2215006
2026-06-23 23:29:50,23,Tuesday,0,1,31.9,75.1,25.325,95.67333,0.15,91.5,2.222594
2026-06-23 23:30:50,23,Tuesday,0,1,31.9,75.1,25.3425,95.578545,0.155,91.71667,2.2236874
2026-06-23 23:31:50,23,Tuesday,0,1,31.9,75.2,25.36,95.48376,0.16000001,91.933334,2.2247806
2026-06-23 23:32:50,23,Tuesday,0,1,31.9,75.1,25.3775,95.38898,0.165,92.15,2.225874
2026-06-23 23:33:50,23,Tuesday,0,1,31.9,75.2,25.395,95.29419,0.17,92.36667,2.2269673
2026-06-23 23:34:50,23,Tuesday,0,1,31.9,75.2,25.4125,95.1994,0.17500001,92.583336,2.2280607
2026-06-23 23:35:50,23,Tuesday,0,1,31.9,75.2,25.43,95.104614,0.18,92.8,2.2291539
2026-06-23 23:36:50,23,Tuesday,0,1,31.9,75.2,25.4475,95.00983,0.185,93.01667,2.2302473
2026-06-23 23:37:50,23,Tuesday,0,1,31.9,75.1,25.465,94.91505,0.19000001,93.23333,2.2313406
2026-06-23 23:38:50,23,Tuesday,0,1,31.9,75.0,25.4825,94.82026,0.19500001,93.45,2.2324338
2026-06-23 23:39:50,23,Tuesday,0,1,31.9,75.0,25.5,94.72547,0.2,93.666664,2.2335272
2026-06-23 23:40:50,23,Tuesday,0,1,31.9,75.0,25.5175,94.630684,0.20500001,93.88333,2.2346206
2026-06-23 23:41:50,23,Tuesday,0,1,31.9,75.1,25.535,94.5359,0.21000001,94.1,2.2357137
2026-06-23 23:42:50,23,Tuesday,0,1,31.9,74.9,25.5525,94.44112,0.215,94.316666,2.236807
2026-06-23 23:43:50,23,Tuesday,0,1,31.9,75.0,25.57,94.34633,0.22000001,94.53333,2.2379005
2026-06-23 23:44:50,23,Tuesday,0,1,31.9,74.9,25.5875,94.25154,0.22500001,94.75,2.2389936
2026-06-23 23:45:50,23,Tuesday,0,1,32.0,74.9,25.605,94.15675,0.23,94.96667,2.240087
2026-06-23 23:46:50,23,Tuesday,0,1,31.9,74.9,25.6225,94.061966,0.23500001,95.183334,2.2411804
2026-06-23 23:47:50,23,Tuesday,0,1,32.0,74.7,25.64,93.967186,0.24000001,95.4,2.2422738
2026-06-23 23:48:50,23,Tuesday,0,1,31.9,74.9,25.6575,93.8724,0.245,95.61667,2.243367
2026-06-23 23:49:50,23,Tuesday,0,1,31.9,74.7,25.675,93.77761,0.25,95.833336,2.2444603
2026-06-23 23:50:50,23,Tuesday,0,1,31.9,74.7,25.692501,93.68282,0.255,96.05,2.2455537
2026-06-23 23:51:50,23,Tuesday,0,1,31.9,74.6,25.710001,93.588036,0.26000002,96.26667,2.246647
2026-06-23 23:52:50,23,Tuesday,0,1,31.9,74.7,25.7275,93.493256,0.26500002,96.48333,2.2477403
2026-06-23 23:53:50,23,Tuesday,0,1,31.9,74.6,25.745,93.39847,0.27,96.7,2.2488337
2026-06-23 23:54:50,23,Tuesday,0,1,32.0,74.6,25.7625,93.30368,0.275,96.916664,2.249927
2026-06-23 23:55:51,23,Tuesday,0,1,31.9,74.7,25.78,93.20889,0.28,97.13333,2.2510202
2026-06-23 23:56:51,23,Tuesday,0,1,31.9,74.6,25.7975,93.114105,0.28500003,97.35,2.2521136
2026-06-23 23:57:51,23,Tuesday,0,1,31.9,74.6,25.815,93.019325,0.29000002,97.566666,2.253207
2026-06-23 23:58:51,23,Tuesday,0,1,31.9,74.6,25.8325,92.92454,0.29500002,97.78333,2.2543
2026-06-23 23:59:51,23,Tuesday,0,1,31.9,74.6,25.85,92.82975,0.3,98.0,2.2553935
2026-06-24 00:00:51,0,Wednesday,0,2,31.9,74.7,25.870834,92.73275,0.29500002,98.0,2.2952244
2026-06-24 00:01:51,0,Wednesday,0,2,31.9,74.6,25.891666,92.63574,0.29000002,98.0,2.3350556
2026-06-24 00:02:51,0,Wednesday,0,2,31.9,74.6,25.9125,92.53874,0.28500003,98.0,2.3748865
2026-06-24 00:03:51,0,Wednesday,0,2,31.9,74.6,25.933334,92.441734,0.28,98.0,2.4147177
2026-06-24 00:04:51,0,Wednesday,0,2,31.9,74.5,25.954166,92.344734,0.275,98.0,2.4545486
2026-06-24 00:05:51,0,Wednesday,0,2,31.9,74.6,25.975,92.24773,0.27,98.0,2.4943798
2026-06-24 00:06:51,0,Wednesday,0,2,31.9,74.5,25.995834,92.15073,0.26500002,98.0,2.5342107
2026-06-24 00:07:51,0,Wednesday,0,2,31.9,74.4,26.016666,92.05372,0.26000002,98.0,2.5740418
2026-06-24 00:08:51,0,Wednesday,0,2,31.9,74.5,26.0375,91.95672,0.255,98.0,2.6138728
2026-06-24 00:09:51,0,Wednesday,0,2,31.9,74.6,26.058334,91.85971,0.25,98.0,2.653704
2026-06-24 00:10:51,0,Wednesday,0,2,31.9,74.5,26.079166,91.76271,0.245,98.0,2.6935349
2026-06-24 00:11:51,0,Wednesday,0,2,31.9,74.6,26.1,91.6657,0.24000001,98.0,2.733366
2026-06-24 00:12:51,0,Wednesday,0,2,31.9,74.7,26.120834,91.5687,0.23500001,98.0,2.773197
2026-06-24 00:13:51,0,Wednesday,0,2,31.9,74.6,26.141666,91.471695,0.23,98.0,2.813028
2026-06-24 00:14:51,0,Wednesday,0,2,31.9,74.5,26.1625,91.374695,0.22500001,98.0,2.852859
2026-06-24 00:15:51,0,Wednesday,0,2,31.8,74.7,26.183334,91.27769,0.22000001,98.0,2.89269
2026-06-24 00:16:51,0,Wednesday,0,2,31.9,74.7,26.204166,91.18069,0.215,98.0,2.932521
2026-06-24 00:17:51,0,Wednesday,0,2,31.9,74.6,26.225,91.08368,0.21000001,98.0,2.972352
2026-06-24 00:18:51,0,Wednesday,0,2,31.9,74.7,26.245834,90.98668,0.20500001,98.0,3.0121832
2026-06-24 00:19:51,0,Wednesday,0,2,31.8,74.6,26.266666,90.88967,0.2,98.0,3.052014
2026-06-24 00:20:51,0,Wednesday,0,2,31.8,74.7,26.2875,90.79267,0.19500001,98.0,3.0918453
2026-06-24 00:21:51,0,Wednesday,0,2,31.8,74.7,26.308334,90.69566,0.19000001,98.0,3.1316762
2026-06-24 00:22:51,0,Wednesday,0,2,31.8,74.8,26.329166,90.59866,0.185,98.0,3.1715074
2026-06-24 00:23:51,0,Wednesday,0,2,31.9,74.7,26.35,90.501656,0.18,98.0,3.2113383
2026-06-24 00:24:51,0,Wednesday,0,2,31.8,74.8,26.370834,90.404655,0.17500001,98.0,3.2511694
2026-06-24 00:25:51,0,Wednesday,0,2,31.8,74.8,26.391666,90.30765,0.17,98.0,3.2910004
2026-06-24 00:26:51,0,Wednesday,0,2,31.8,74.9,26.4125,90.21065,0.165,98.0,3.3308315
2026-06-24 00:27:51,0,Wednesday,0,2,31.8,74.9,26.433334,90.11364,0.16000001,98.0,3.3706625
2026-06-24 00:28:51,0,Wednesday,0,2,31.8,75.1,26.454166,90.01664,0.155,98.0,3.4104936
2026-06-24 00:29:51,0,Wednesday,0,2,31.8,75.0,26.475,89.91963,0.15,98.0,3.4503245
2026-06-24 00:30:51,0,Wednesday,0,2,31.8,75.1,26.495834,89.82263,0.14500001,98.0,3.4901555
2026-06-24 00:31:51,0,Wednesday,0,2,31.8,75.1,26.516666,89.72563,0.14,98.0,3.5299866
2026-06-24 00:32:51,0,Wednesday,0,2,31.8,75.2,26.5375,89.628624,0.135,98.0,3.5698175
2026-06-24 00:33:51,0,Wednesday,0,2,31.8,75.3,26.558334,89.531624,0.13000001,98.0,3.6096487
2026-06-24 00:34:51,0,Wednesday,0,2,31.8,75.2,26.579166,89.434616,0.125,98.0,3.6494796
2026-06-24 00:35:51,0,Wednesday,0,2,31.8,75.4,26.6,89.337616,0.120000005,98.0,3.6893108
2026-06-24 00:36:51,0,Wednesday,0,2,31.7,75.4,26.620834,89.24061,0.115,98.0,3.7291417
2026-06-24 00:37:51,0,Wednesday,0,2,31.7,75.3,26.641666,89.14361,0.11000001,98.0,3.7689729
2026-06-24 00:38:51,0,Wednesday,0,2,31.8,75.5,26.6625,89.0466,0.105000004,98.0,3.8088038
2026-06-24 00:39:52,0,Wednesday,0,2,31.7,75.4,26.683334,88.9496,0.1,98.0,3.848635
2026-06-24 00:40:52,0,Wednesday,0,2,31.7,75.5,26.704166,88.85259,0.095000006,98.0,3.888466
2026-06-24 00:41:52,0,Wednesday,0,2,31.7,75.4,26.725,88.75559,0.09,98.0,3.928297
2026-06-24 00:42:52,0,Wednesday,0,2,31.7,75.4,26.745834,88.658585,0.085,98.0,3.968128
2026-06-24 00:43:52,0,Wednesday,0,2,31.8,75.5,26.766666,88.561584,0.080000006,98.0,4.007959
2026-06-24 00:44:52,0,Wednesday,0,2,31.8,75.4,26.7875,88.46458,0.075,98.0,4.04779
2026-06-24 00:45:52,0,Wednesday,0,2,31.7,75.4,26.808334,88.36758,0.07,98.0,4.087621
2026-06-24 00:46:52,0,Wednesday,0,2,31.7,75.4,26.829166,88.27057,0.065000005,98.0,4.127452
2026-06-24 00:47:52,0,Wednesday,0,2,31.7,75.3,26.85,88.17357,0.060000002,98.0,4.167283
2026-06-24 00:48:52,0,Wednesday,0,2,31.7,75.5,26.870834,88.07656,0.055000003,98.0,4.207114
2026-06-24 00:49:52,0,Wednesday,0,2,31.7,75.3,26.891666,87.97956,0.05,98.0,4.2469454
2026-06-24 00:50:52,0,Wednesday,0,2,31.7,75.3,26.9125,87.88255,0.045,98.0,4.286776
2026-06-24 00:51:52,0,Wednesday,0,2,31.7,75.3,26.933334,87.78555,0.040000003,98.0,4.326607
2026-06-24 00:52:52,0,Wednesday,0,2,31.7,75.1,26.954166,87.688545,0.035,98.0,4.3664384
2026-06-24 00:53:52,0,Wednesday,0,2,31.7,75.2,26.975,87.591545,0.030000001,98.0,4.4062696
2026-06-24 00:54:52,0,Wednesday,0,2,31.7,75.4,26.995834,87.49454,0.025,98.0,4.4461
2026-06-24 00:55:52,0,Wednesday,0,2,31.7,75.3,27.016666,87.39754,0.020000001,98.0,4.4859314
2026-06-24 00:56:52,0,Wednesday,0,2,31.7,75.2,27.0375,87.30053,0.015000001,98.0,4.5257626
2026-06-24 00:57:52,0,Wednesday,0,2,31.7,75.2,27.058334,87.20353,0.010000001,98.0,4.5655937
2026-06-24 00:58:52,0,Wednesday,0,2,31.7,75.1,27.079166,87.10652,0.0050000004,98.0,4.6054244
2026-06-24 00:59:52,0,Wednesday,0,2,31.7,75.2,27.1,87.00952,0.0,98.0,4.6452556
2026-06-24 01:00:52,1,Wednesday,0,2,31.7,75.1,27.119167,86.895134,0.0,97.95,4.646581
2026-06-24 01:01:52,1,Wednesday,0,2,31.7,75.2,27.138334,86.78075,0.0,97.9,4.647907
2026-06-24 01:02:52,1,Wednesday,0,2,31.7,75.3,27.157501,86.66636,0.0,97.85,4.649232
2026-06-24 01:03:52,1,Wednesday,0,2,31.7,75.3,27.176666,86.55197,0.0,97.8,4.6505575
2026-06-24 01:04:52,1,Wednesday,0,2,31.7,75.3,27.195833,86.43758,0.0,97.75,4.651883
2026-06-24 01:05:52,1,Wednesday,0,2,31.7,75.2,27.215,86.32319,0.0,97.7,4.6532087
2026-06-24 01:06:52,1,Wednesday,0,2,31.7,75.2,27.234167,86.2088,0.0,97.65,4.654534
2026-06-24 01:07:52,1,Wednesday,0,2,31.7,75.0,27.253334,86.09441,0.0,97.6,4.6558595
2026-06-24 01:08:52,1,Wednesday,0,2,31.7,75.1,27.272501,85.98003,0.0,97.55,4.657185
2026-06-24 01:09:52,1,Wednesday,0,2,31.7,75.1,27.291668,85.86564,0.0,97.5,4.6585107
2026-06-24 01:10:52,1,Wednesday,0,2,31.7,75.2,27.310833,85.75125,0.0,97.45,4.6598363
2026-06-24 01:11:52,1,Wednesday,0,2,31.7,75.1,27.33,85.63686,0.0,97.4,4.6611614
2026-06-24 01:12:52,1,Wednesday,0,2,31.7,75.1,27.349167,85.52248,0.0,97.35,4.662487
2026-06-24 01:13:52,1,Wednesday,0,2,31.7,75.1,27.368334,85.40809,0.0,97.3,4.6638126
2026-06-24 01:14:52,1,Wednesday,0,2,31.7,75.2,27.3875,85.2937,0.0,97.25,4.6651382
2026-06-24 01:15:52,1,Wednesday,0,2,31.7,75.0,27.406668,85.179306,0.0,97.2,4.666464
2026-06-24 01:16:52,1,Wednesday,0,2,31.7,75.0,27.425833,85.06492,0.0,97.15,4.667789
2026-06-24 01:17:52,1,Wednesday,0,2,31.7,75.1,27.445,84.95053,0.0,97.1,4.6691146
2026-06-24 01:18:52,1,Wednesday,0,2,31.7,75.1,27.464167,84.83614,0.0,97.05,4.67044
2026-06-24 01:19:52,1,Wednesday,0,2,31.7,75.0,27.483334,84.721756,0.0,97.0,4.671766
2026-06-24 01:20:52,1,Wednesday,0,2,31.7,75.0,27.5025,84.60737,0.0,96.95,4.673091
2026-06-24 01:21:52,1,Wednesday,0,2,31.7,75.0,27.521667,84.49298,0.0,96.9,4.6744165
2026-06-24 01:22:52,1,Wednesday,0,2,31.7,74.9,27.540834,84.37859,0.0,96.85,4.675742
2026-06-24 01:23:53,1,Wednesday,0,2,31.7,75.0,27.56,84.264206,0.0,96.8,4.6770678
2026-06-24 01:24:53,1,Wednesday,0,2,31.7,75.0,27.579166,84.14981,0.0,96.75,4.6783934
2026-06-24 01:25:53,1,Wednesday,0,2,31.6,74.9,27.598333,84.03542,0.0,96.7,4.6797185
2026-06-24 01:26:53,1,Wednesday,0,2,31.6,75.0,27.6175,83.921036,0.0,96.65,4.681044
2026-06-24 01:27:53,1,Wednesday,0,2,31.6,75.0,27.636667,83.80665,0.0,96.6,4.6823697
2026-06-24 01:28:53,1,Wednesday,0,2,31.6,75.0,27.655834,83.69226,0.0,96.55,4.6836953
2026-06-24 01:29:53,1,Wednesday,0,2,31.6,74.9,27.675,83.57787,0.0,96.5,4.6850204
2026-06-24 01:30:53,1,Wednesday,0,2,31.6,75.0,27.694166,83.463486,0.0,96.45,4.686346
2026-06-24 01:31:53,1,Wednesday,0,2,31.6,75.1,27.713333,83.3491,0.0,96.4,4.6876717
2026-06-24 01:32:53,1,Wednesday,0,2,31.6,75.1,27.7325,83.23471,0.0,96.35,4.6889973
2026-06-24 01:33:53,1,Wednesday,0,2,31.6,75.1,27.751667,83.12032,0.0,96.3,4.690323
2026-06-24 01:34:53,1,Wednesday,0,2,31.6,75.2,27.770834,83.005936,0.0,96.25,4.691648
2026-06-24 01:35:53,1,Wednesday,0,2,31.6,75.1,27.79,82.89154,0.0,96.2,4.6929736
2026-06-24 01:36:53,1,Wednesday,0,2,31.6,75.1,27.809166,82.77715,0.0,96.15,4.694299
2026-06-24 01:37:53,1,Wednesday,0,2,31.6,75.2,27.828333,82.662766,0.0,96.1,4.695625
2026-06-24 01:38:53,1,Wednesday,0,2,31.6,75.2,27.8475,82.54838,0.0,96.05,4.6969504
2026-06-24 01:39:53,1,Wednesday,0,2,31.6,75.3,27.866667,82.43399,0.0,96.0,4.6982756
2026-06-24 01:40:53,1,Wednesday,0,2,31.6,75.2,27.885834,82.3196,0.0,95.95,4.699601
2026-06-24 01:41:53,1,Wednesday,0,2,31.6,75.3,27.905,82.205215,0.0,95.9,4.700927
2026-06-24 01:42:53,1,Wednesday,0,2,31.6,75.5,27.924168,82.09083,0.0,95.85,4.7022524
2026-06-24 01:43:53,1,Wednesday,0,2,31.6,75.3,27.943333,81.97644,0.0,95.8,4.7035775
2026-06-24 01:44:53,1,Wednesday,0,2,31.6,75.5,27.9625,81.862045,0.0,95.75,4.704903
2026-06-24 01:45:53,1,Wednesday,0,2,31.6,75.5,27.981667,81.74766,0.0,95.7,4.7062287
2026-06-24 01:46:53,1,Wednesday,0,2,31.5,75.6,28.000834,81.63327,0.0,95.65,4.7075543
2026-06-24 01:47:53,1,Wednesday,0,2,31.5,75.6,28.02,81.51888,0.0,95.6,4.70888
2026-06-24 01:48:53,1,Wednesday,0,2,31.5,75.4,28.039167,81.404495,0.0,95.55,4.710205
2026-06-24 01:49:53,1,Wednesday,0,2,31.5,75.6,28.058334,81.29011,0.0,95.5,4.7115307
2026-06-24 01:50:53,1,Wednesday,0,2,31.5,75.7,28.0775,81.17572,0.0,95.45,4.7128563
2026-06-24 01:51:53,1,Wednesday,0,2,31.5,75.8,28.096666,81.06133,0.0,95.4,4.714182
2026-06-24 01:52:53,1,Wednesday,0,2,31.5,75.8,28.115833,80.946945,0.0,95.35,4.7155075
2026-06-24 01:53:53,1,Wednesday,0,2,31.5,75.7,28.135,80.83256,0.0,95.3,4.7168326
2026-06-24 01:54:53,1,Wednesday,0,2,31.5,75.6,28.154167,80.71817,0.0,95.25,4.7181582
2026-06-24 01:55:53,1,Wednesday,0,2,31.5,75.6,28.173334,80.603775,0.0,95.2,4.719484
2026-06-24 01:56:53,1,Wednesday,0,2,31.5,75.9,28.1925,80.48939,0.0,95.15,4.7208095
2026-06-24 01:57:53,1,Wednesday,0,2,31.5,75.8,28.211666,80.375,0.0,95.1,4.7221346
2026-06-24 01:58:53,1,Wednesday,0,2,31.5,75.8,28.230833,80.26061,0.0,95.05,4.72346
2026-06-24 01:59:53,1,Wednesday,0,2,31.5,75.8,28.25,80.146225,0.0,95.0,4.724786
2026-06-24 02:00:53,2,Wednesday,0,2,31.5,75.7,28.2525,80.11494,0.0050000004,95.0,4.7758393
2026-06-24 02:01:53,2,Wednesday,0,2,31.5,75.7,28.255,80.08365,0.010000001,95.0,4.826893
2026-06-24 02:02:53,2,Wednesday,0,2,31.5,75.8,28.2575,80.05237,0.015000001,95.0,4.877946
2026-06-24 02:03:53,2,Wednesday,0,2,31.5,75.7,28.26,80.02108,0.020000001,95.0,4.9289994
2026-06-24 02:04:53,2,Wednesday,0,2,31.5,75.8,28.2625,79.98979,0.025,95.0,4.980053
2026-06-24 02:05:53,2,Wednesday,0,2,31.5,75.8,28.265,79.9585,0.030000001,95.0,5.0311065
2026-06-24 02:06:53,2,Wednesday,0,2,31.5,75.8,28.2675,79.92722,0.035,95.0,5.0821595
2026-06-24 02:07:54,2,Wednesday,0,2,31.5,75.9,28.27,79.895935,0.040000003,95.0,5.133213
2026-06-24 02:08:54,2,Wednesday,0,2,31.5,75.9,28.2725,79.86465,0.045,95.0,5.1842666
2026-06-24 02:09:54,2,Wednesday,0,2,31.5,75.9,28.275,79.83336,0.05,95.0,5.23532
2026-06-24 02:10:54,2,Wednesday,0,2,31.5,76.0,28.2775,79.80208,0.055000003,95.0,5.286373
2026-06-24 02:11:54,2,Wednesday,0,2,31.4,76.1,28.28,79.77079,0.060000002,95.0,5.3374267
2026-06-24 02:12:54,2,Wednesday,0,2,31.4,76.1,28.2825,79.7395,0.065000005,95.0,5.38848
2026-06-24 02:13:54,2,Wednesday,0,2,31.4,75.9,28.285,79.70821,0.07,95.0,5.4395337
2026-06-24 02:14:54,2,Wednesday,0,2,31.4,76.2,28.2875,79.676926,0.075,95.0,5.490587
2026-06-24 02:15:54,2,Wednesday,0,2,31.4,76.0,28.289999,79.645645,0.080000006,95.0,5.5416403
2026-06-24 02:16:54,2,Wednesday,0,2,31.4,76.1,28.2925,79.61436,0.085,95.0,5.592694
2026-06-24 02:17:54,2,Wednesday,0,2,31.4,76.2,28.295,79.58307,0.09,95.0,5.6437473
2026-06-24 02:18:54,2,Wednesday,0,2,31.4,76.2,28.2975,79.55178,0.095000006,95.0,5.694801
2026-06-24 02:19:54,2,Wednesday,0,2,31.4,76.1,28.3,79.5205,0.1,95.0,5.745854
2026-06-24 02:20:54,2,Wednesday,0,2,31.4,76.2,28.3025,79.48921,0.105000004,95.0,5.7969074
2026-06-24 02:21:54,2,Wednesday,0,2,31.4,76.1,28.305,79.457924,0.11000001,95.0,5.847961
2026-06-24 02:22:54,2,Wednesday,0,2,31.4,76.2,28.307499,79.426636,0.115,95.0,5.8990145
2026-06-24 02:23:54,2,Wednesday,0,2,31.4,76.0,28.31,79.395355,0.120000005,95.0,5.9500675
2026-06-24 02:24:54,2,Wednesday,0,2,31.4,76.2,28.3125,79.36407,0.125,95.0,6.001121
2026-06-24 02:25:54,2,Wednesday,0,2,31.4,76.2,28.315,79.33278,0.13000001,95.0,6.0521746
2026-06-24 02:26:54,2,Wednesday,0,2,31.4,76.2,28.3175,79.30149,0.135,95.0,6.103228
2026-06-24 02:27:54,2,Wednesday,0,2,31.4,76.2,28.32,79.27021,0.14,95.0,6.154281
2026-06-24 02:28:54,2,Wednesday,0,2,31.4,76.2,28.3225,79.23892,0.14500001,95.0,6.2053347
2026-06-24 02:29:54,2,Wednesday,0,2,31.4,76.3,28.325,79.207634,0.15,95.0,6.256388
2026-06-24 02:30:54,2,Wednesday,0,2,31.4,76.2,28.3275,79.176346,0.155,95.0,6.3074417
2026-06-24 02:31:54,2,Wednesday,0,2,31.4,76.0,28.33,79.14506,0.16000001,95.0,6.358495
2026-06-24 02:32:54,2,Wednesday,0,2,31.4,76.1,28.3325,79.11378,0.165,95.0,6.4095483
2026-06-24 02:33:54,2,Wednesday,0,2,31.4,76.0,28.335,79.08249,0.17,95.0,6.460602
2026-06-24 02:34:54,2,Wednesday,0,2,31.4,76.1,28.3375,79.0512,0.17500001,95.0,6.5116553
2026-06-24 02:35:54,2,Wednesday,0,2,31.4,76.0,28.34,79.01991,0.18,95.0,6.562709
2026-06-24 02:36:54,2,Wednesday,0,2,31.4,76.2,28.3425,78.98863,0.185,95.0,6.613762
2026-06-24 02:37:54,2,Wednesday,0,2,31.4,76.2,28.345,78.957344,0.19000001,95.0,6.6648154
2026-06-24 02:38:54,2,Wednesday,0,2,31.4,76.0,28.3475,78.926056,0.19500001,95.0,6.715869
2026-06-24 02:39:54,2,Wednesday,0,2,31.3,76.0,28.35,78.89477,0.2,95.0,6.7669225
2026-06-24 02:40:54,2,Wednesday,0,2,31.3,76.1,28.352499,78.86349,0.20500001,95.0,6.8179755
2026-06-24 02:41:54,2,Wednesday,0,2,31.3,76.1,28.355,78.8322,0.21000001,95.0,6.869029
2026-06-24 02:42:54,2,Wednesday,0,2,31.3,76.2,28.3575,78.80091,0.215,95.0,6.9200826
2026-06-24 02:43:54,2,Wednesday,0,2,31.3,76.1,28.36,78.76962,0.22000001,95.0,6.971136
2026-06-24 02:44:54,2,Wednesday,0,2,31.4,76.1,28.3625,78.73834,0.22500001,95.0,7.022189
2026-06-24 02:45:54,2,Wednesday,0,2,31.3,76.2,28.365,78.707054,0.23,95.0,7.0732427
2026-06-24 02:46:54,2,Wednesday,0,2,31.3,76.2,28.3675,78.675766,0.23500001,95.0,7.124296
2026-06-24 02:47:54,2,Wednesday,0,2,31.3,76.3,28.369999,78.64448,0.24000001,95.0,7.1753497
2026-06-24 02:48:54,2,Wednesday,0,2,31.3,76.2,28.3725,78.61319,0.245,95.0,7.226403
2026-06-24 02:49:54,2,Wednesday,0,2,31.3,76.2,28.375,78.58191,0.25,95.0,7.2774563
2026-06-24 02:50:54,2,Wednesday,0,2,31.3,76.2,28.3775,78.55062,0.255,95.0,7.32851
2026-06-24 02:51:54,2,Wednesday,0,2,31.3,76.1,28.38,78.51933,0.26000002,95.0,7.3795633
2026-06-24 02:52:55,2,Wednesday,0,2,31.3,76.2,28.3825,78.488045,0.26500002,95.0,7.430617
2026-06-24 02:53:55,2,Wednesday,0,2,31.3,76.3,28.385,78.456764,0.27,95.0,7.48167
2026-06-24 02:54:55,2,Wednesday,0,2,31.3,76.2,28.387499,78.425476,0.275,95.0,7.5327234
2026-06-24 02:55:55,2,Wednesday,0,2,31.3,76.4,28.39,78.39419,0.28,95.0,7.583777
2026-06-24 02:56:55,2,Wednesday,0,2,31.3,76.5,28.3925,78.3629,0.28500003,95.0,7.6348305
2026-06-24 02:57:55,2,Wednesday,0,2,31.3,76.5,28.395,78.33162,0.29000002,95.0,7.6858835
2026-06-24 02:58:55,2,Wednesday,0,2,31.3,76.5,28.3975,78.30033,0.29500002,95.0,7.736937
2026-06-24 02:59:55,2,Wednesday,0,2,31.3,76.5,28.4,78.26904,0.3,95.0,7.7879906
2026-06-24 03:00:55,3,Wednesday,0,2,31.3,76.6,28.4175,78.20688,0.29833335,95.0,7.7289934
2026-06-24 03:01:55,3,Wednesday,0,2,31.2,76.5,28.435,78.144714,0.29666668,95.0,7.669996
2026-06-24 03:02:55,3,Wednesday,0,2,31.2,76.6,28.4525,78.08255,0.29500002,95.0,7.6109986
2026-06-24 03:03:55,3,Wednesday,0,2,31.2,76.7,28.47,78.020386,0.29333335,95.0,7.5520015
2026-06-24 03:04:55,3,Wednesday,0,2,31.2,76.6,28.4875,77.95822,0.2916667,95.0,7.493004
2026-06-24 03:05:55,3,Wednesday,0,2,31.2,76.7,28.505,77.89606,0.29000002,95.0,7.4340067
2026-06-24 03:06:55,3,Wednesday,0,2,31.2,76.6,28.5225,77.83389,0.28833336,95.0,7.3750095
2026-06-24 03:07:55,3,Wednesday,0,2,31.2,76.7,28.539999,77.77173,0.2866667,95.0,7.316012
2026-06-24 03:08:55,3,Wednesday,0,2,31.2,76.6,28.557499,77.709564,0.285,95.0,7.2570148
2026-06-24 03:09:55,3,Wednesday,0,2,31.2,76.7,28.575,77.6474,0.28333333,95.0,7.1980176
2026-06-24 03:10:55,3,Wednesday,0,2,31.2,76.9,28.5925,77.585236,0.28166667,95.0,7.1390204
2026-06-24 03:11:55,3,Wednesday,0,2,31.2,76.7,28.61,77.52307,0.28,95.0,7.080023
2026-06-24 03:12:55,3,Wednesday,0,2,31.2,76.8,28.6275,77.46091,0.27833334,95.0,7.0210257
2026-06-24 03:13:55,3,Wednesday,0,2,31.2,77.0,28.645,77.39874,0.27666667,95.0,6.9620285
2026-06-24 03:14:55,3,Wednesday,0,2,31.2,76.8,28.6625,77.33658,0.275,95.0,6.903031
2026-06-24 03:15:55,3,Wednesday,0,2,31.2,76.9,28.68,77.274414,0.27333334,95.0,6.8440337
2026-06-24 03:16:55,3,Wednesday,0,2,31.2,76.9,28.6975,77.21225,0.27166668,95.0,6.7850366
2026-06-24 03:17:55,3,Wednesday,0,2,31.2,76.9,28.715,77.150085,0.27,95.0,6.726039
2026-06-24 03:18:55,3,Wednesday,0,2,31.2,76.8,28.7325,77.08792,0.26833335,95.0,6.667042
2026-06-24 03:19:55,3,Wednesday,0,2,31.2,76.7,28.75,77.02576,0.26666668,95.0,6.6080446
2026-06-24 03:20:55,3,Wednesday,0,2,31.2,76.6,28.7675,76.96359,0.26500002,95.0,6.549047
2026-06-24 03:21:55,3,Wednesday,0,2,31.2,76.8,28.785,76.90143,0.26333335,95.0,6.49005
2026-06-24 03:22:55,3,Wednesday,0,2,31.2,76.7,28.8025,76.839264,0.2616667,95.0,6.4310527
2026-06-24 03:23:55,3,Wednesday,0,2,31.2,76.7,28.82,76.7771,0.26000002,95.0,6.372055
2026-06-24 03:24:55,3,Wednesday,0,2,31.2,76.7,28.8375,76.714935,0.25833336,95.0,6.313058
2026-06-24 03:25:55,3,Wednesday,0,2,31.2,76.7,28.855,76.65277,0.25666666,95.0,6.2540607
2026-06-24 03:26:55,3,Wednesday,0,2,31.2,76.7,28.8725,76.59061,0.255,95.0,6.195063
2026-06-24 03:27:55,3,Wednesday,0,2,31.2,76.8,28.89,76.52844,0.25333333,95.0,6.136066
2026-06-24 03:28:55,3,Wednesday,0,2,31.2,76.8,28.9075,76.46628,0.25166667,95.0,6.077069
2026-06-24 03:29:55,3,Wednesday,0,2,31.2,76.8,28.925,76.40411,0.25,95.0,6.018071
2026-06-24 03:30:55,3,Wednesday,0,2,31.2,76.8,28.942501,76.34195,0.24833333,95.0,5.959074
2026-06-24 03:31:55,3,Wednesday,0,2,31.2,77.0,28.960001,76.279785,0.24666667,95.0,5.900077
2026-06-24 03:32:55,3,Wednesday,0,2,31.2,76.9,28.9775,76.21762,0.245,95.0,5.8410797
2026-06-24 03:33:55,3,Wednesday,0,2,31.2,77.0,28.995,76.15546,0.24333334,95.0,5.782082
2026-06-24 03:34:55,3,Wednesday,0,2,31.2,76.9,29.0125,76.09329,0.24166667,95.0,5.723085
2026-06-24 03:35:55,3,Wednesday,0,2,31.2,77.0,29.03,76.03113,0.24000001,95.0,5.664088
2026-06-24 03:36:56,3,Wednesday,0,2,31.2,77.0,29.0475,75.96896,0.23833334,95.0,5.60509
2026-06-24 03:37:56,3,Wednesday,0,2,31.2,77.0,29.065,75.9068,0.23666668,95.0,5.546093
2026-06-24 03:38:56,3,Wednesday,0,2,31.2,77.0,29.0825,75.844635,0.235,95.0,5.487096
2026-06-24 03:39:56,3,Wednesday,0,2,31.2,77.0,29.1,75.78247,0.23333333,95.0,5.428098
2026-06-24 03:40:56,3,Wednesday,0,2,31.2,77.1,29.1175,75.72031,0.23166667,95.0,5.369101
2026-06-24 03:41:56,3,Wednesday,0,2,31.2,77.0,29.135,75.65814,0.23,95.0,5.310104
2026-06-24 03:42:56,3,Wednesday,0,2,31.2,76.9,29.1525,75.59598,0.22833334,95.0,5.2511063
2026-06-24 03:43:56,3,Wednesday,0,2,31.2,76.7,29.17,75.53381,0.22666667,95.0,5.192109
2026-06-24 03:44:56,3,Wednesday,0,2,31.2,76.8,29.1875,75.47165,0.22500001,95.0,5.133112
2026-06-24 03:45:56,3,Wednesday,0,2,31.2,76.6,29.205,75.409485,0.22333334,95.0,5.0741143
2026-06-24 03:46:56,3,Wednesday,0,2,31.2,76.5,29.2225,75.34732,0.22166668,95.0,5.015117
2026-06-24 03:47:56,3,Wednesday,0,2,31.2,76.6,29.24,75.28516,0.22,95.0,4.95612
2026-06-24 03:48:56,3,Wednesday,0,2,31.2,76.7,29.2575,75.22299,0.21833333,95.0,4.8971224
2026-06-24 03:49:56,3,Wednesday,0,2,31.2,76.7,29.275002,75.16083,0.21666667,95.0,4.838125
2026-06-24 03:50:56,3,Wednesday,0,2,31.2,76.7,29.292501,75.09866,0.215,95.0,4.779128
2026-06-24 03:51:56,3,Wednesday,0,2,31.2,76.8,29.310001,75.0365,0.21333334,95.0,4.720131
2026-06-24 03:52:56,3,Wednesday,0,2,31.1,76.6,29.327501,74.974335,0.21166667,95.0,4.6611333
2026-06-24 03:53:56,3,Wednesday,0,2,31.1,76.7,29.345001,74.91217,0.21000001,95.0,4.602136
2026-06-24 03:54:56,3,Wednesday,0,2,31.2,76.9,29.362501,74.850006,0.20833334,95.0,4.543139
2026-06-24 03:55:56,3,Wednesday,0,2,31.1,76.8,29.380001,74.78784,0.20666666,95.0,4.4841413
2026-06-24 03:56:56,3,Wednesday,0,2,31.2,76.8,29.397501,74.72568,0.205,95.0,4.425144
2026-06-24 03:57:56,3,Wednesday,0,2,31.1,76.7,29.415,74.66351,0.20333333,95.0,4.366147
2026-06-24 03:58:56,3,Wednesday,0,2,31.1,76.8,29.4325,74.60135,0.20166667,95.0,4.3071494
2026-06-24 03:59:56,3,Wednesday,0,2,31.1,76.8,29.45,74.539185,0.2,95.0,4.2481523
2026-06-24 04:00:56,4,Wednesday,0,2,31.1,76.7,29.464167,74.47991,0.20166667,95.05,4.2562675
2026-06-24 04:01:56,4,Wednesday,0,2,31.1,76.7,29.478334,74.42065,0.20333333,95.1,4.2643824
2026-06-24 04:02:56,4,Wednesday,0,2,31.1,76.8,29.4925,74.361374,0.205,95.15,4.2724977
2026-06-24 04:03:56,4,Wednesday,0,2,31.1,76.8,29.506668,74.30211,0.20666666,95.2,4.280613
2026-06-24 04:04:56,4,Wednesday,0,2,31.1,76.9,29.520834,74.242836,0.20833334,95.25,4.2887278
2026-06-24 04:05:56,4,Wednesday,0,2,31.1,76.9,29.535,74.18356,0.21000001,95.3,4.296843
2026-06-24 04:06:56,4,Wednesday,0,2,31.1,76.9,29.549168,74.1243,0.21166667,95.35,4.3049583
2026-06-24 04:07:56,4,Wednesday,0,2,31.1,76.8,29.563334,74.065025,0.21333334,95.4,4.313073
2026-06-24 04:08:56,4,Wednesday,0,2,31.1,76.7,29.577501,74.00576,0.215,95.45,4.3211884
2026-06-24 04:09:56,4,Wednesday,0,2,31.1,76.6,29.591667,73.94649,0.21666667,95.5,4.3293037
2026-06-24 04:10:56,4,Wednesday,0,2,31.1,76.6,29.605833,73.88722,0.21833333,95.55,4.3374186
2026-06-24 04:11:56,4,Wednesday,0,2,31.1,76.5,29.62,73.82795,0.22,95.6,4.345534
2026-06-24 04:12:56,4,Wednesday,0,2,31.1,76.5,29.634167,73.76868,0.22166668,95.65,4.353649
2026-06-24 04:13:56,4,Wednesday,0,2,31.1,76.5,29.648335,73.70941,0.22333334,95.7,4.361764
2026-06-24 04:14:56,4,Wednesday,0,2,31.1,76.6,29.6625,73.65014,0.22500001,95.75,4.3698792
2026-06-24 04:15:56,4,Wednesday,0,2,31.1,76.5,29.676666,73.59087,0.22666667,95.8,4.3779945
2026-06-24 04:16:56,4,Wednesday,0,2,31.1,76.4,29.690834,73.5316,0.22833334,95.85,4.3861094
2026-06-24 04:17:56,4,Wednesday,0,2,31.1,76.3,29.705,73.472336,0.23,95.9,4.3942246
2026-06-24 04:18:56,4,Wednesday,0,2,31.1,76.3,29.719168,73.41306,0.23166667,95.95,4.40234
2026-06-24 04:19:56,4,Wednesday,0,2,31.1,76.4,29.733334,73.35379,0.23333333,96.0,4.4104548
2026-06-24 04:20:56,4,Wednesday,0,2,31.1,76.6,29.7475,73.294525,0.235,96.05,4.41857
2026-06-24 04:21:57,4,Wednesday,0,2,31.1,76.5,29.761667,73.23525,0.23666668,96.1,4.4266853
2026-06-24 04:22:57,4,Wednesday,0,2,31.1,76.5,29.775833,73.17599,0.23833334,96.15,4.4348
2026-06-24 04:23:57,4,Wednesday,0,2,31.1,76.5,29.79,73.116714,0.24000001,96.2,4.4429154
2026-06-24 04:24:57,4,Wednesday,0,2,31.1,76.6,29.804167,73.05744,0.24166667,96.25,4.4510307
2026-06-24 04:25:57,4,Wednesday,0,2,31.1,76.5,29.818333,72.99818,0.24333334,96.3,4.4591455
2026-06-24 04:26:57,4,Wednesday,0,2,31.1,76.5,29.8325,72.9389,0.245,96.35,4.467261
2026-06-24 04:27:57,4,Wednesday,0,2,31.1,76.5,29.846666,72.87964,0.24666667,96.4,4.475376
2026-06-24 04:28:57,4,Wednesday,0,2,31.1,76.5,29.860834,72.820366,0.24833333,96.45,4.483491
2026-06-24 04:29:57,4,Wednesday,0,2,31.1,76.5,29.875,72.76109,0.25,96.5,4.491606
2026-06-24 04:30:57,4,Wednesday,0,2,31.1,76.6,29.889166,72.70183,0.25166667,96.55,4.4997215
2026-06-24 04:31:57,4,Wednesday,0,2,31.1,76.4,29.903334,72.642555,0.25333333,96.6,4.5078363
2026-06-24 04:32:57,4,Wednesday,0,2,31.1,76.5,29.9175,72.58329,0.255,96.65,4.5159516
2026-06-24 04:33:57,4,Wednesday,0,2,31.1,76.6,29.931667,72.52402,0.25666666,96.7,4.524067
2026-06-24 04:34:57,4,Wednesday,0,2,31.1,76.5,29.945833,72.46475,0.25833336,96.75,4.5321817
2026-06-24 04:35:57,4,Wednesday,0,2,31.1,76.7,29.96,72.40548,0.26000002,96.8,4.540297
2026-06-24 04:36:57,4,Wednesday,0,2,31.1,76.8,29.974167,72.34621,0.2616667,96.85,4.5484123
2026-06-24 04:37:57,4,Wednesday,0,2,31.0,76.9,29.988333,72.28694,0.26333335,96.9,4.556527
2026-06-24 04:38:57,4,Wednesday,0,2,31.0,77.0,30.0025,72.22767,0.26500002,96.95,4.5646424
2026-06-24 04:39:57,4,Wednesday,0,2,31.0,76.8,30.016666,72.1684,0.26666668,97.0,4.5727577
2026-06-24 04:40:57,4,Wednesday,0,2,31.0,76.9,30.030832,72.10913,0.26833335,97.05,4.5808725
2026-06-24 04:41:57,4,Wednesday,0,2,31.0,76.9,30.045,72.049866,0.27,97.1,4.588988
2026-06-24 04:42:57,4,Wednesday,0,2,31.0,76.9,30.059166,71.99059,0.27166668,97.15,4.597103
2026-06-24 04:43:57,4,Wednesday,0,2,31.0,77.0,30.073334,71.93132,0.27333334,97.2,4.605218
2026-06-24 04:44:57,4,Wednesday,0,2,31.0,76.9,30.0875,71.872055,0.275,97.25,4.613333
2026-06-24 04:45:57,4,Wednesday,0,2,31.0,77.0,30.101665,71.81278,0.27666667,97.3,4.6214485
2026-06-24 04:46:57,4,Wednesday,0,2,31.0,77.0,30.115833,71.75352,0.27833334,97.35,4.6295633
2026-06-24 04:47:57,4,Wednesday,0,2,31.0,77.0,30.13,71.694244,0.28,97.4,4.6376786
2026-06-24 04:48:57,4,Wednesday,0,2,31.0,77.0,30.144167,71.63497,0.28166667,97.45,4.645794
2026-06-24 04:49:57,4,Wednesday,0,2,31.0,77.0,30.158333,71.57571,0.28333333,97.5,4.6539087
2026-06-24 04:50:57,4,Wednesday,0,2,31.0,77.1,30.172499,71.51643,0.285,97.55,4.662024
2026-06-24 04:51:57,4,Wednesday,0,2,31.0,77.0,30.186666,71.45717,0.2866667,97.6,4.6701393
2026-06-24 04:52:57,4,Wednesday,0,2,31.0,77.0,30.200832,71.397896,0.28833336,97.65,4.678254
2026-06-24 04:53:57,4,Wednesday,0,2,31.0,76.9,30.215,71.33862,0.29000002,97.7,4.6863694
2026-06-24 04:54:57,4,Wednesday,0,2,31.0,77.0,30.229166,71.27936,0.2916667,97.75,4.6944847
2026-06-24 04:55:57,4,Wednesday,0,2,31.0,76.7,30.243332,71.220085,0.29333335,97.8,4.7025995
2026-06-24 04:56:57,4,Wednesday,0,2,31.0,76.8,30.2575,71.16082,0.29500002,97.85,4.710715
2026-06-24 04:57:57,4,Wednesday,0,2,31.0,76.9,30.271666,71.10155,0.29666668,97.9,4.71883
2026-06-24 04:58:57,4,Wednesday,0,2,31.0,76.8,30.285833,71.04228,0.29833335,97.95,4.726945
2026-06-24 04:59:57,4,Wednesday,0,2,31.0,76.8,30.3,70.98301,0.3,98.0,4.73506
2026-06-24 05:00:57,5,Wednesday,0,2,31.0,76.8,30.240833,71.194115,0.41333336,97.96667,4.8575006
2026-06-24 05:01:57,5,Wednesday,0,2,31.0,76.7,30.181665,71.40521,0.5266667,97.933334,4.9799404
2026-06-24 05:02:57,5,Wednesday,0,2,31.0,76.5,30.1225,71.61632,0.64,97.9,5.1023808
2026-06-24 05:03:57,5,Wednesday,0,2,31.0,76.5,30.063334,71.82742,0.75333333,97.86667,5.224821
2026-06-24 05:04:57,5,Wednesday,0,2,31.0,76.4,30.004166,72.03852,0.8666667,97.833336,5.3472614
2026-06-24 05:05:57,5,Wednesday,0,2,31.0,76.4,29.945,72.249626,0.98,97.8,5.469702
2026-06-24 05:06:58,5,Wednesday,0,2,31.0,76.4,29.885832,72.460724,1.0933334,97.76667,5.5921416
2026-06-24 05:07:58,5,Wednesday,0,2,31.0,76.4,29.826666,72.67183,1.2066667,97.73333,5.714582
2026-06-24 05:08:58,5,Wednesday,0,2,31.0,76.5,29.7675,72.882935,1.32,97.7,5.8370223
2026-06-24 05:09:58,5,Wednesday,0,2,31.0,76.4,29.708332,73.09403,1.4333333,97.666664,5.959462
2026-06-24 05:10:58,5,Wednesday,0,2,31.0,76.4,29.649166,73.30514,1.5466666,97.63333,6.0819025
2026-06-24 05:11:58,5,Wednesday,0,2,31.0,76.5,29.59,73.51624,1.66,97.6,6.204343
2026-06-24 05:12:58,5,Wednesday,0,2,31.0,76.4,29.530832,73.72734,1.7733333,97.566666,6.326783
2026-06-24 05:13:58,5,Wednesday,0,2,31.0,76.4,29.471666,73.938446,1.8866667,97.53333,6.4492235
2026-06-24 05:14:58,5,Wednesday,0,2,31.0,76.4,29.412498,74.14955,2.0,97.5,6.5716634
2026-06-24 05:15:58,5,Wednesday,0,2,31.0,76.4,29.353333,74.36065,2.1133332,97.46667,6.6941037
2026-06-24 05:16:58,5,Wednesday,0,2,31.0,76.4,29.294167,74.571754,2.2266667,97.433334,6.816544
2026-06-24 05:17:58,5,Wednesday,0,2,31.0,76.4,29.234999,74.78285,2.34,97.4,6.938984
2026-06-24 05:18:58,5,Wednesday,0,2,31.0,76.4,29.175833,74.99396,2.4533334,97.36667,7.0614243
2026-06-24 05:19:58,5,Wednesday,0,2,31.0,76.5,29.116667,75.20506,2.5666666,97.333336,7.1838646
2026-06-24 05:20:58,5,Wednesday,0,2,30.9,76.3,29.057499,75.41616,2.68,97.3,7.306305
2026-06-24 05:21:58,5,Wednesday,0,2,30.9,76.4,28.998333,75.627266,2.7933333,97.26667,7.4287453
2026-06-24 05:22:58,5,Wednesday,0,2,31.0,76.5,28.939167,75.83837,2.9066668,97.23333,7.551185
2026-06-24 05:23:58,5,Wednesday,0,2,31.0,76.4,28.88,76.04947,3.02,97.2,7.6736255
2026-06-24 05:24:58,5,Wednesday,0,2,31.0,76.4,28.820833,76.260574,3.1333332,97.166664,7.796066
2026-06-24 05:25:58,5,Wednesday,0,2,30.9,76.5,28.761665,76.47167,3.2466667,97.13333,7.9185057
2026-06-24 05:26:58,5,Wednesday,0,2,30.9,76.4,28.7025,76.68278,3.36,97.1,8.040946
2026-06-24 05:27:58,5,Wednesday,0,2,30.9,76.5,28.643333,76.89388,3.4733334,97.066666,8.163386
2026-06-24 05:28:58,5,Wednesday,0,2,31.0,76.4,28.584166,77.10498,3.5866666,97.03333,8.285827
2026-06-24 05:29:58,5,Wednesday,0,2,30.9,76.3,28.525,77.316086,3.7,97.0,8.408267
2026-06-24 05:30:58,5,Wednesday,0,2,30.9,76.2,28.465834,77.52719,3.8133333,96.96667,8.530707
2026-06-24 05:31:58,5,Wednesday,0,2,30.9,76.2,28.406666,77.73829,3.9266667,96.933334,8.653147
2026-06-24 05:32:58,5,Wednesday,0,2,30.9,76.2,28.3475,77.949394,4.04,96.9,8.775587
2026-06-24 05:33:58,5,Wednesday,0,2,31.0,76.2,28.288334,78.1605,4.153333,96.86667,8.898027
2026-06-24 05:34:58,5,Wednesday,0,2,30.9,76.2,28.229166,78.3716,4.2666664,96.833336,9.020468
2026-06-24 05:35:58,5,Wednesday,0,2,30.9,76.2,28.17,78.5827,4.38,96.8,9.142908
2026-06-24 05:36:58,5,Wednesday,0,2,30.9,76.2,28.110832,78.7938,4.4933333,96.76667,9.265348
2026-06-24 05:37:58,5,Wednesday,0,2,30.9,76.2,28.051666,79.004906,4.6066666,96.73333,9.387789
2026-06-24 05:38:58,5,Wednesday,0,2,30.9,76.3,27.9925,79.21601,4.72,96.7,9.510229
2026-06-24 05:39:58,5,Wednesday,0,2,30.9,76.2,27.933332,79.42711,4.8333335,96.666664,9.632669
2026-06-24 05:40:58,5,Wednesday,0,2,30.9,76.2,27.874166,79.638214,4.9466667,96.63333,9.755109
2026-06-24 05:41:58,5,Wednesday,0,2,30.9,76.2,27.815,79.84932,5.06,96.6,9.877549
2026-06-24 05:42:58,5,Wednesday,0,2,30.9,76.2,27.755833,80.06042,5.173333,96.566666,9.9999895
2026-06-24 05:43:58,5,Wednesday,0,2,30.9,76.1,27.696667,80.27152,5.2866664,96.53333,10.12243
2026-06-24 05:44:58,5,Wednesday,0,2,30.9,76.1,27.6375,80.48262,5.4,96.5,10.24487
2026-06-24 05:45:58,5,Wednesday,0,2,30.9,76.2,27.578333,80.693726,5.5133333,96.46667,10.367311
2026-06-24 05:46:58,5,Wednesday,0,2,30.9,76.1,27.519167,80.90483,5.6266665,96.433334,10.489751
2026-06-24 05:47:58,5,Wednesday,0,2,30.9,76.2,27.46,81.11593,5.74,96.4,10.61219
2026-06-24 05:48:58,5,Wednesday,0,2,30.9,76.2,27.400833,81.327034,5.8533335,96.36667,10.734631
2026-06-24 05:49:58,5,Wednesday,0,2,30.9,76.2,27.341667,81.53814,5.9666667,96.333336,10.857071
2026-06-24 05:50:58,5,Wednesday,0,2,30.9,76.2,27.2825,81.74924,6.08,96.3,10.979511
2026-06-24 05:51:59,5,Wednesday,0,2,30.9,76.2,27.223333,81.96034,6.193333,96.26667,11.101952
2026-06-24 05:52:59,5,Wednesday,0,2,30.9,76.1,27.164167,82.17145,6.3066664,96.23333,11.224392
2026-06-24 05:53:59,5,Wednesday,0,2,30.9,76.0,27.105,82.382545,6.42,96.2,11.346832
2026-06-24 05:54:59,5,Wednesday,0,2,30.9,76.1,27.045834,82.59365,6.5333333,96.166664,11.469273
2026-06-24 05:55:59,5,Wednesday,0,2,30.9,76.0,26.986666,82.80475,6.6466665,96.13333,11.591713
2026-06-24 05:56:59,5,Wednesday,0,2,30.9,76.1,26.9275,83.015854,6.7599998,96.1,11.714152
2026-06-24 05:57:59,5,Wednesday,0,2,30.9,76.0,26.868334,83.22696,6.8733335,96.066666,11.836593
2026-06-24 05:58:59,5,Wednesday,0,2,30.9,76.1,26.809166,83.43806,6.9866667,96.03333,11.959033
2026-06-24 05:59:59,5,Wednesday,0,2,30.9,76.1,26.75,83.64916,7.1,96.0,12.081473
2026-06-24 06:00:59,6,Wednesday,0,2,30.9,76.1,26.730833,83.801956,7.0933332,96.066666,12.039878
2026-06-24 06:01:59,6,Wednesday,0,2,30.9,76.0,26.711666,83.95475,7.0866666,96.13333,11.998282
2026-06-24 06:02:59,6,Wednesday,0,2,30.9,75.9,26.6925,84.107544,7.08,96.2,11.956687
2026-06-24 06:03:59,6,Wednesday,0,2,30.9,76.2,26.673334,84.260345,7.0733333,96.26667,11.9150915
2026-06-24 06:04:59,6,Wednesday,0,2,30.9,76.1,26.654167,84.41314,7.0666666,96.333336,11.873495
2026-06-24 06:05:59,6,Wednesday,0,2,30.9,76.1,26.635,84.56593,7.06,96.4,11.8319
2026-06-24 06:06:59,6,Wednesday,0,2,30.9,76.0,26.615833,84.71873,7.0533333,96.46667,11.790304
2026-06-24 06:07:59,6,Wednesday,0,2,30.9,76.0,26.596666,84.87152,7.0466666,96.53333,11.748709
2026-06-24 06:08:59,6,Wednesday,0,2,30.9,76.0,26.5775,85.024315,7.04,96.6,11.707113
2026-06-24 06:09:59,6,Wednesday,0,2,30.9,76.0,26.558334,85.17711,7.0333333,96.666664,11.665518
2026-06-24 06:10:59,6,Wednesday,0,2,30.9,76.0,26.539167,85.32991,7.0266666,96.73333,11.623922
2026-06-24 06:11:59,6,Wednesday,0,2,30.9,76.0,26.52,85.482704,7.02,96.8,11.582327
2026-06-24 06:12:59,6,Wednesday,0,2,30.9,75.9,26.500834,85.6355,7.0133333,96.86667,11.54073
2026-06-24 06:13:59,6,Wednesday,0,2,30.9,75.9,26.481667,85.78829,7.0066667,96.933334,11.499135
2026-06-24 06:14:59,6,Wednesday,0,2,30.9,76.0,26.4625,85.941086,7.0,97.0,11.45754
2026-06-24 06:15:59,6,Wednesday,0,2,30.9,76.0,26.443333,86.09388,6.9933333,97.066666,11.415944
2026-06-24 06:16:59,6,Wednesday,0,2,30.9,76.1,26.424168,86.24668,6.9866667,97.13333,11.374349
2026-06-24 06:17:59,6,Wednesday,0,2,30.9,76.0,26.405,86.399475,6.98,97.2,11.332753
2026-06-24 06:18:59,6,Wednesday,0,2,30.9,76.0,26.385834,86.55227,6.9733334,97.26667,11.291158
2026-06-24 06:19:59,6,Wednesday,0,2,30.9,76.0,26.366667,86.70506,6.9666667,97.333336,11.249562
2026-06-24 06:20:59,6,Wednesday,0,2,30.9,75.9,26.3475,86.85786,6.96,97.4,11.207967
2026-06-24 06:21:59,6,Wednesday,0,2,30.9,76.0,26.328333,87.01065,6.9533334,97.46667,11.16637
2026-06-24 06:22:59,6,Wednesday,0,2,30.9,76.0,26.309166,87.163445,6.9466667,97.53333,11.124775
2026-06-24 06:23:59,6,Wednesday,0,2,30.8,76.0,26.29,87.316246,6.94,97.6,11.083179
2026-06-24 06:24:59,6,Wednesday,0,2,30.9,76.3,26.270834,87.46904,6.9333334,97.666664,11.041584
2026-06-24 06:25:59,6,Wednesday,0,2,30.8,76.2,26.251667,87.62183,6.9266667,97.73333,10.999989
2026-06-24 06:26:59,6,Wednesday,0,2,30.9,76.1,26.2325,87.77463,6.92,97.8,10.958393
2026-06-24 06:27:59,6,Wednesday,0,2,30.9,76.2,26.213333,87.92742,6.9133334,97.86667,10.916798
2026-06-24 06:28:59,6,Wednesday,0,2,30.8,76.2,26.194166,88.080215,6.9066668,97.933334,10.875202
2026-06-24 06:29:59,6,Wednesday,0,2,30.8,76.4,26.175,88.23302,6.8999996,98.0,10.833607
2026-06-24 06:30:59,6,Wednesday,0,2,30.8,76.5,26.155834,88.38581,6.893333,98.066666,10.79201
2026-06-24 06:31:59,6,Wednesday,0,2,30.8,76.4,26.136667,88.538605,6.8866663,98.13333,10.750415
2026-06-24 06:32:59,6,Wednesday,0,2,30.8,76.2,26.1175,88.6914,6.8799996,98.2,10.708819
2026-06-24 06:33:59,6,Wednesday,0,2,30.8,76.4,26.098333,88.84419,6.873333,98.26667,10.667224
2026-06-24 06:34:59,6,Wednesday,0,2,30.8,76.4,26.079166,88.99699,6.8666663,98.333336,10.625628
2026-06-24 06:35:59,6,Wednesday,0,2,30.8,76.4,26.06,89.14978,6.8599997,98.4,10.584033
2026-06-24 06:36:59,6,Wednesday,0,2,30.8,76.4,26.040834,89.30258,6.853333,98.46667,10.542438
2026-06-24 06:38:00,6,Wednesday,0,2,30.8,76.3,26.021667,89.455376,6.8466663,98.53333,10.500842
2026-06-24 06:39:00,6,Wednesday,0,2,30.8,76.4,26.0025,89.60817,6.8399997,98.6,10.459246
2026-06-24 06:40:00,6,Wednesday,0,2,30.8,76.4,25.983334,89.76096,6.833333,98.666664,10.41765
2026-06-24 06:41:00,6,Wednesday,0,2,30.8,76.4,25.964167,89.91376,6.8266664,98.73333,10.376055
2026-06-24 06:42:00,6,Wednesday,0,2,30.8,76.3,25.945,90.06655,6.8199997,98.8,10.334459
2026-06-24 06:43:00,6,Wednesday,0,2,30.8,76.1,25.925833,90.219345,6.813333,98.86667,10.292864
2026-06-24 06:44:00,6,Wednesday,0,2,30.8,76.1,25.906668,90.37215,6.8066664,98.933334,10.251268
2026-06-24 06:45:00,6,Wednesday,0,2,30.8,76.1,25.8875,90.52494,6.7999997,99.0,10.209673
2026-06-24 06:46:00,6,Wednesday,0,2,30.8,76.1,25.868334,90.677734,6.793333,99.066666,10.168077
2026-06-24 06:47:00,6,Wednesday,0,2,30.8,76.3,25.849167,90.83053,6.7866664,99.13333,10.126482
2026-06-24 06:48:00,6,Wednesday,0,2,30.8,76.2,25.83,90.98332,6.7799997,99.2,10.084886
2026-06-24 06:49:00,6,Wednesday,0,2,30.8,76.1,25.810833,91.136116,6.773333,99.26667,10.04329
2026-06-24 06:50:00,6,Wednesday,0,2,30.8,76.2,25.791668,91.28891,6.7666664,99.333336,10.001695
2026-06-24 06:51:00,6,Wednesday,0,2,30.8,76.0,25.772501,91.44171,6.7599998,99.4,9.960099
2026-06-24 06:52:00,6,Wednesday,0,2,30.8,76.0,25.753334,91.594505,6.753333,99.46667,9.918504
2026-06-24 06:53:00,6,Wednesday,0,2,30.8,76.2,25.734167,91.7473,6.7466664,99.53333,9.876908
2026-06-24 06:54:00,6,Wednesday,0,2,30.8,76.2,25.715,91.90009,6.74,99.6,9.835313
2026-06-24 06:55:00,6,Wednesday,0,2,30.8,76.1,25.695833,92.05289,6.733333,99.666664,9.793717
2026-06-24 06:56:00,6,Wednesday,0,2,30.8,76.2,25.676666,92.20568,6.7266665,99.73333,9.752121
2026-06-24 06:57:00,6,Wednesday,0,2,30.7,76.2,25.657501,92.35848,6.72,99.8,9.7105255
2026-06-24 06:58:00,6,Wednesday,0,2,30.8,76.2,25.638334,92.51128,6.713333,99.86667,9.66893
2026-06-24 06:59:00,6,Wednesday,0,2,30.8,76.2,25.619167,92.66407,6.7066665,99.933334,9.627335
2026-06-24 07:00:00,7,Wednesday,0,2,30.8,76.3,25.6,92.816864,6.7,100.0,9.585739
2026-06-24 07:01:00,7,Wednesday,0,2,30.8,76.6,25.590834,92.79328,6.6216664,99.96667,9.527491
2026-06-24 07:02:00,7,Wednesday,0,2,30.7,76.5,25.581667,92.7697,6.543333,99.933334,9.469241
2026-06-24 07:03:00,7,Wednesday,0,2,30.7,76.7,25.5725,92.746124,6.4649997,99.9,9.410993
2026-06-24 07:04:00,7,Wednesday,0,2,30.7,76.5,25.563334,92.72254,6.3866663,99.86667,9.352744
2026-06-24 07:05:00,7,Wednesday,0,2,30.7,76.5,25.554167,92.69896,6.3083334,99.833336,9.294496
2026-06-24 07:06:00,7,Wednesday,0,2,30.7,76.4,25.545,92.67538,6.23,99.8,9.236246
2026-06-24 07:07:00,7,Wednesday,0,2,30.7,76.5,25.535833,92.651794,6.1516666,99.76667,9.177998
2026-06-24 07:08:00,7,Wednesday,0,2,30.7,76.4,25.526667,92.62821,6.0733333,99.73333,9.119749
2026-06-24 07:09:00,7,Wednesday,0,2,30.7,76.4,25.5175,92.60464,5.995,99.7,9.061501
2026-06-24 07:10:00,7,Wednesday,0,2,30.7,76.4,25.508333,92.581055,5.9166665,99.666664,9.003251
2026-06-24 07:11:00,7,Wednesday,0,2,30.7,76.4,25.499166,92.55747,5.838333,99.63333,8.945003
2026-06-24 07:12:00,7,Wednesday,0,2,30.7,76.2,25.49,92.53389,5.7599998,99.6,8.886754
2026-06-24 07:13:00,7,Wednesday,0,2,30.7,76.3,25.480833,92.51031,5.6816664,99.566666,8.828505
2026-06-24 07:14:00,7,Wednesday,0,2,30.7,76.3,25.471666,92.48673,5.603333,99.53333,8.770256
2026-06-24 07:15:00,7,Wednesday,0,2,30.7,76.4,25.4625,92.46315,5.5249996,99.5,8.7120075
2026-06-24 07:16:00,7,Wednesday,0,2,30.7,76.4,25.453333,92.43957,5.4466667,99.46667,8.653759
2026-06-24 07:17:00,7,Wednesday,0,2,30.7,76.3,25.444166,92.415985,5.3683333,99.433334,8.59551
2026-06-24 07:18:00,7,Wednesday,0,2,30.7,76.3,25.435,92.3924,5.29,99.4,8.537261
2026-06-24 07:19:00,7,Wednesday,0,2,30.7,76.3,25.425833,92.36882,5.2116666,99.36667,8.4790125
2026-06-24 07:20:00,7,Wednesday,0,2,30.7,76.4,25.416666,92.345245,5.133333,99.333336,8.420763
2026-06-24 07:21:00,7,Wednesday,0,2,30.7,76.4,25.4075,92.32166,5.055,99.3,8.3625145
2026-06-24 07:22:00,7,Wednesday,0,2,30.7,76.4,25.398333,92.29808,4.9766665,99.26667,8.304266
2026-06-24 07:23:01,7,Wednesday,0,2,30.7,76.5,25.389166,92.2745,4.898333,99.23333,8.246017
2026-06-24 07:24:01,7,Wednesday,0,2,30.7,76.4,25.38,92.250916,4.8199997,99.2,8.187768
2026-06-24 07:25:01,7,Wednesday,0,2,30.7,76.3,25.370832,92.22734,4.741667,99.166664,8.129519
2026-06-24 07:26:01,7,Wednesday,0,2,30.7,76.4,25.361666,92.20376,4.6633334,99.13333,8.071271
2026-06-24 07:27:01,7,Wednesday,0,2,30.7,76.3,25.352499,92.180176,4.585,99.1,8.013022
2026-06-24 07:28:01,7,Wednesday,0,2,30.7,76.3,25.343332,92.15659,4.5066667,99.066666,7.9547734
2026-06-24 07:29:01,7,Wednesday,0,2,30.7,76.3,25.334166,92.13301,4.4283333,99.03333,7.8965244
2026-06-24 07:30:01,7,Wednesday,0,2,30.7,76.3,25.325,92.109436,4.35,99.0,7.838276
2026-06-24 07:31:01,7,Wednesday,0,2,30.7,76.2,25.315834,92.08585,4.2716665,98.96667,7.780027
2026-06-24 07:32:01,7,Wednesday,0,2,30.7,76.2,25.306667,92.06227,4.193333,98.933334,7.721778
2026-06-24 07:33:01,7,Wednesday,0,2,30.7,76.2,25.2975,92.03869,4.115,98.9,7.6635294
2026-06-24 07:34:01,7,Wednesday,0,2,30.7,76.0,25.288334,92.01511,4.0366664,98.86667,7.6052804
2026-06-24 07:35:01,7,Wednesday,0,2,30.7,76.2,25.279167,91.99152,3.9583333,98.833336,7.547032
2026-06-24 07:36:01,7,Wednesday,0,2,30.7,76.1,25.27,91.96795,3.8799999,98.8,7.488783
2026-06-24 07:37:01,7,Wednesday,0,2,30.7,76.0,25.260834,91.94437,3.8016665,98.76667,7.4305344
2026-06-24 07:38:01,7,Wednesday,0,2,30.7,76.0,25.251667,91.920784,3.7233334,98.73333,7.3722854
2026-06-24 07:39:01,7,Wednesday,0,2,30.7,76.1,25.2425,91.8972,3.645,98.7,7.314037
2026-06-24 07:40:01,7,Wednesday,0,2,30.7,76.0,25.233334,91.87362,3.5666666,98.666664,7.255788
2026-06-24 07:41:01,7,Wednesday,0,2,30.7,75.9,25.224167,91.850044,3.4883332,98.63333,7.197539
2026-06-24 07:42:01,7,Wednesday,0,2,30.7,75.9,25.215,91.82646,3.4099998,98.6,7.1392903
2026-06-24 07:43:01,7,Wednesday,0,2,30.7,75.9,25.205833,91.80288,3.3316667,98.566666,7.0810413
2026-06-24 07:44:01,7,Wednesday,0,2,30.7,76.0,25.196667,91.7793,3.2533333,98.53333,7.022793
2026-06-24 07:45:01,7,Wednesday,0,2,30.7,75.9,25.1875,91.755714,3.175,98.5,6.964544
2026-06-24 07:46:01,7,Wednesday,0,2,30.7,76.1,25.178333,91.73213,3.0966666,98.46667,6.9062953
2026-06-24 07:47:01,7,Wednesday,0,2,30.7,75.9,25.169167,91.70856,3.0183332,98.433334,6.8480463
2026-06-24 07:48:01,7,Wednesday,0,2,30.7,75.8,25.16,91.684975,2.94,98.4,6.789798
2026-06-24 07:49:01,7,Wednesday,0,2,30.7,75.8,25.150833,91.66139,2.8616667,98.36667,6.731549
2026-06-24 07:50:01,7,Wednesday,0,2,30.7,75.8,25.141666,91.63781,2.7833333,98.333336,6.6733
2026-06-24 07:51:01,7,Wednesday,0,2,30.7,76.1,25.1325,91.61423,2.705,98.3,6.6150513
2026-06-24 07:52:01,7,Wednesday,0,2,30.7,76.1,25.123333,91.59065,2.6266665,98.26667,6.5568023
2026-06-24 07:53:01,7,Wednesday,0,2,30.7,76.2,25.114166,91.56707,2.5483334,98.23333,6.4985538
2026-06-24 07:54:01,7,Wednesday,0,2,30.6,76.3,25.105,91.54349,2.47,98.2,6.4403048
2026-06-24 07:55:01,7,Wednesday,0,2,30.7,76.6,25.095833,91.519905,2.3916667,98.166664,6.382056
2026-06-24 07:56:01,7,Wednesday,0,2,30.6,76.5,25.086666,91.49632,2.3133333,98.13333,6.3238072
2026-06-24 07:57:01,7,Wednesday,0,2,30.7,76.6,25.0775,91.47274,2.235,98.1,6.2655587
2026-06-24 07:58:01,7,Wednesday,0,2,30.7,76.4,25.068333,91.449165,2.1566668,98.066666,6.2073097
2026-06-24 07:59:01,7,Wednesday,0,2,30.7,76.4,25.059166,91.42558,2.0783334,98.03333,6.149061
2026-06-24 08:00:01,8,Wednesday,0,2,30.7,76.4,25.05,91.402,2.0,98.0,6.090812
2026-06-24 08:01:01,8,Wednesday,0,2,30.6,76.5,25.07,91.323166,1.9783334,98.0,6.0954494
2026-06-24 08:02:01,8,Wednesday,0,2,30.7,76.6,25.09,91.24432,1.9566667,98.0,6.1000867
2026-06-24 08:03:01,8,Wednesday,0,2,30.7,76.6,25.109999,91.16548,1.935,98.0,6.104724
2026-06-24 08:04:01,8,Wednesday,0,2,30.7,76.5,25.13,91.08665,1.9133333,98.0,6.109361
2026-06-24 08:05:01,8,Wednesday,0,2,30.7,76.6,25.15,91.00781,1.8916667,98.0,6.1139984
2026-06-24 08:06:01,8,Wednesday,0,2,30.7,76.7,25.17,90.92897,1.87,98.0,6.118636
2026-06-24 08:07:01,8,Wednesday,0,2,30.7,76.5,25.189999,90.85013,1.8483334,98.0,6.1232734
2026-06-24 08:08:02,8,Wednesday,0,2,30.7,76.5,25.21,90.77129,1.8266667,98.0,6.1279106
2026-06-24 08:09:02,8,Wednesday,0,2,30.6,76.6,25.23,90.69246,1.805,98.0,6.132548
2026-06-24 08:10:02,8,Wednesday,0,2,30.7,76.8,25.25,90.61362,1.7833333,98.0,6.137185
2026-06-24 08:11:02,8,Wednesday,0,2,30.7,77.0,25.269999,90.534775,1.7616667,98.0,6.1418223
2026-06-24 08:12:02,8,Wednesday,0,2,30.6,76.6,25.289999,90.45594,1.74,98.0,6.1464596
2026-06-24 08:13:02,8,Wednesday,0,2,30.7,76.8,25.31,90.377106,1.7183334,98.0,6.151097
2026-06-24 08:14:02,8,Wednesday,0,2,30.7,76.8,25.33,90.29826,1.6966667,98.0,6.155734
2026-06-24 08:15:02,8,Wednesday,0,2,30.6,76.7,25.349998,90.21942,1.675,98.0,6.160372
2026-06-24 08:16:02,8,Wednesday,0,2,30.6,76.7,25.369999,90.14059,1.6533333,98.0,6.165009
2026-06-24 08:17:02,8,Wednesday,0,2,30.7,76.7,25.39,90.06175,1.6316667,98.0,6.1696463
2026-06-24 08:18:02,8,Wednesday,0,2,30.7,76.7,25.41,89.98291,1.61,98.0,6.1742835
2026-06-24 08:19:02,8,Wednesday,0,2,30.7,76.7,25.43,89.90407,1.5883334,98.0,6.1789207
2026-06-24 08:20:02,8,Wednesday,0,2,30.7,76.7,25.449999,89.82523,1.5666666,98.0,6.183558
2026-06-24 08:21:02,8,Wednesday,0,2,30.7,76.7,25.47,89.7464,1.545,98.0,6.188195
2026-06-24 08:22:02,8,Wednesday,0,2,30.7,76.8,25.49,89.66756,1.5233333,98.0,6.1928325
2026-06-24 08:23:02,8,Wednesday,0,2,30.6,76.8,25.51,89.588715,1.5016667,98.0,6.1974697
2026-06-24 08:24:02,8,Wednesday,0,2,30.7,76.8,25.529999,89.50988,1.48,98.0,6.202107
2026-06-24 08:25:02,8,Wednesday,0,2,30.7,76.5,25.55,89.431046,1.4583334,98.0,6.206744
2026-06-24 08:26:02,8,Wednesday,0,2,30.7,76.6,25.57,89.3522,1.4366666,98.0,6.211382
2026-06-24 08:27:02,8,Wednesday,0,2,30.7,76.6,25.59,89.27336,1.415,98.0,6.216019
2026-06-24 08:28:02,8,Wednesday,0,2,30.7,76.5,25.609999,89.19453,1.3933333,98.0,6.2206564
2026-06-24 08:29:02,8,Wednesday,0,2,30.7,76.6,25.63,89.11569,1.3716667,98.0,6.2252936
2026-06-24 08:30:02,8,Wednesday,0,2,30.7,76.6,25.65,89.03685,1.35,98.0,6.229931
2026-06-24 08:31:02,8,Wednesday,0,2,30.7,76.6,25.67,88.95801,1.3283334,98.0,6.234568
2026-06-24 08:32:02,8,Wednesday,0,2,30.7,76.6,25.69,88.87917,1.3066666,98.0,6.2392054
2026-06-24 08:33:02,8,Wednesday,0,2,30.7,76.6,25.71,88.80034,1.285,98.0,6.2438426
2026-06-24 08:34:02,8,Wednesday,0,2,30.7,76.6,25.73,88.7215,1.2633333,98.0,6.24848
2026-06-24 08:35:02,8,Wednesday,0,2,30.7,76.6,25.75,88.642654,1.2416667,98.0,6.2531176
2026-06-24 08:36:02,8,Wednesday,0,2,30.7,76.7,25.77,88.56382,1.22,98.0,6.257755
2026-06-24 08:37:02,8,Wednesday,0,2,30.7,76.7,25.789999,88.484985,1.1983334,98.0,6.262392
2026-06-24 08:38:02,8,Wednesday,0,2,30.7,76.6,25.81,88.40614,1.1766666,98.0,6.2670293
2026-06-24 08:39:02,8,Wednesday,0,2,30.7,76.7,25.83,88.3273,1.155,98.0,6.2716665
2026-06-24 08:40:02,8,Wednesday,0,2,30.7,76.7,25.85,88.24847,1.1333333,98.0,6.276304
2026-06-24 08:41:02,8,Wednesday,0,2,30.7,76.6,25.869999,88.16963,1.1116667,98.0,6.280941
2026-06-24 08:42:02,8,Wednesday,0,2,30.7,76.6,25.89,88.09079,1.09,98.0,6.2855783
2026-06-24 08:43:02,8,Wednesday,0,2,30.7,76.5,25.91,88.01195,1.0683333,98.0,6.2902155
2026-06-24 08:44:02,8,Wednesday,0,2,30.7,76.6,25.93,87.93311,1.0466666,98.0,6.2948527
2026-06-24 08:45:02,8,Wednesday,0,2,30.7,76.6,25.95,87.85428,1.025,98.0,6.29949
2026-06-24 08:46:02,8,Wednesday,0,2,30.7,76.6,25.97,87.77544,1.0033333,98.0,6.3041277
2026-06-24 08:47:02,8,Wednesday,0,2,30.7,76.5,25.99,87.696594,0.9816667,98.0,6.308765
2026-06-24 08:48:02,8,Wednesday,0,2,30.7,76.6,26.01,87.61776,0.96,98.0,6.313402
2026-06-24 08:49:02,8,Wednesday,0,2,30.7,76.6,26.03,87.538925,0.93833333,98.0,6.3180394
2026-06-24 08:50:02,8,Wednesday,0,2,30.7,76.5,26.05,87.46008,0.9166666,98.0,6.3226767
2026-06-24 08:51:02,8,Wednesday,0,2,30.8,76.3,26.07,87.38124,0.895,98.0,6.327314
2026-06-24 08:52:02,8,Wednesday,0,2,30.8,76.5,26.09,87.30241,0.87333333,98.0,6.331951
2026-06-24 08:53:03,8,Wednesday,0,2,30.8,76.5,26.11,87.22357,0.8516666,98.0,6.3365884
2026-06-24 08:54:03,8,Wednesday,0,2,30.8,76.4,26.13,87.14473,0.83,98.0,6.3412256
2026-06-24 08:55:03,8,Wednesday,0,2,30.8,76.3,26.15,87.06589,0.80833334,98.0,6.3458633
2026-06-24 08:56:03,8,Wednesday,0,2,30.8,76.3,26.17,86.98705,0.78666663,98.0,6.3505006
2026-06-24 08:57:03,8,Wednesday,0,2,30.8,76.5,26.19,86.90822,0.765,98.0,6.355138
2026-06-24 08:58:03,8,Wednesday,0,2,30.8,76.3,26.21,86.82938,0.74333334,98.0,6.359775
2026-06-24 08:59:03,8,Wednesday,0,2,30.8,76.5,26.23,86.750534,0.72166663,98.0,6.3644123
2026-06-24 09:00:03,9,Wednesday,0,2,30.8,76.5,26.25,86.6717,0.7,98.0,6.3690495
2026-06-24 09:01:03,9,Wednesday,0,2,30.8,76.6,26.248333,86.6414,0.69166666,97.95,6.339736
2026-06-24 09:02:03,9,Wednesday,0,2,30.8,76.7,26.246666,86.6111,0.68333334,97.9,6.310423
2026-06-24 09:03:03,9,Wednesday,0,2,30.8,76.4,26.245,86.5808,0.675,97.85,6.2811093
2026-06-24 09:04:03,9,Wednesday,0,2,30.8,76.4,26.243334,86.55051,0.6666666,97.8,6.2517962
2026-06-24 09:05:03,9,Wednesday,0,2,30.8,76.6,26.241667,86.5202,0.6583333,97.75,6.2224827
2026-06-24 09:06:03,9,Wednesday,0,2,30.8,76.4,26.24,86.48991,0.65,97.7,6.1931696
2026-06-24 09:07:03,9,Wednesday,0,2,30.8,76.3,26.238333,86.4596,0.64166665,97.65,6.163856
2026-06-24 09:08:03,9,Wednesday,0,2,30.8,76.2,26.236666,86.429306,0.6333333,97.6,6.134543
2026-06-24 09:09:03,9,Wednesday,0,2,30.9,76.2,26.235,86.39901,0.625,97.55,6.1052294
2026-06-24 09:10:03,9,Wednesday,0,2,30.8,76.3,26.233334,86.368706,0.6166667,97.5,6.0759163
2026-06-24 09:11:03,9,Wednesday,0,2,30.8,76.2,26.231667,86.33841,0.60833335,97.45,6.0466027
2026-06-24 09:12:03,9,Wednesday,0,2,30.9,76.2,26.23,86.30811,0.59999996,97.4,6.0172896
2026-06-24 09:13:03,9,Wednesday,0,2,30.9,76.3,26.228333,86.27781,0.59166664,97.35,5.987976
2026-06-24 09:14:03,9,Wednesday,0,2,30.9,76.2,26.226667,86.24751,0.5833333,97.3,5.958663
2026-06-24 09:15:03,9,Wednesday,0,2,30.9,76.1,26.225,86.21721,0.575,97.25,5.9293494
2026-06-24 09:16:03,9,Wednesday,0,2,30.9,76.3,26.223333,86.18691,0.56666666,97.2,5.9000363
2026-06-24 09:17:03,9,Wednesday,0,2,30.9,76.4,26.221666,86.15662,0.55833334,97.15,5.870723
2026-06-24 09:18:03,9,Wednesday,0,2,30.9,76.2,26.22,86.12631,0.55,97.1,5.8414097
2026-06-24 09:19:03,9,Wednesday,0,2,30.9,76.3,26.218332,86.096016,0.5416667,97.05,5.812096
2026-06-24 09:20:03,9,Wednesday,0,2,30.9,76.3,26.216667,86.06572,0.5333333,97.0,5.782783
2026-06-24 09:21:03,9,Wednesday,0,2,31.0,76.2,26.215,86.035416,0.525,96.95,5.7534695
2026-06-24 09:22:03,9,Wednesday,0,2,31.0,76.2,26.213333,86.00512,0.51666665,96.9,5.7241564
2026-06-24 09:23:03,9,Wednesday,0,2,31.0,76.4,26.211666,85.97482,0.5083333,96.85,5.694843
2026-06-24 09:24:03,9,Wednesday,0,2,31.0,76.1,26.21,85.94452,0.5,96.8,5.6655297
2026-06-24 09:25:03,9,Wednesday,0,2,31.0,76.3,26.208334,85.91422,0.49166667,96.75,5.636216
2026-06-24 09:26:03,9,Wednesday,0,2,31.0,76.1,26.206667,85.88392,0.48333332,96.7,5.606903
2026-06-24 09:27:03,9,Wednesday,0,2,31.0,76.0,26.205,85.85362,0.475,96.65,5.5775895
2026-06-24 09:28:03,9,Wednesday,0,2,31.0,76.0,26.203333,85.823326,0.46666667,96.6,5.5482764
2026-06-24 09:29:03,9,Wednesday,0,2,31.0,76.0,26.201666,85.79302,0.45833334,96.55,5.518963
2026-06-24 09:30:03,9,Wednesday,0,2,31.0,76.0,26.2,85.762726,0.45,96.5,5.48965
2026-06-24 09:31:03,9,Wednesday,0,2,31.0,76.0,26.198334,85.73243,0.44166666,96.45,5.460336
2026-06-24 09:32:03,9,Wednesday,0,2,31.1,76.0,26.196667,85.702126,0.43333334,96.4,5.4310226
2026-06-24 09:33:03,9,Wednesday,0,2,31.1,75.9,26.195,85.67183,0.42499998,96.35,5.4017096
2026-06-24 09:34:03,9,Wednesday,0,2,31.1,75.8,26.193333,85.64153,0.41666666,96.3,5.372396
2026-06-24 09:35:03,9,Wednesday,0,2,31.1,75.9,26.191666,85.61123,0.40833333,96.25,5.343083
2026-06-24 09:36:03,9,Wednesday,0,2,31.1,75.9,26.19,85.58093,0.4,96.2,5.3137693
2026-06-24 09:37:03,9,Wednesday,0,2,31.1,75.7,26.188334,85.55063,0.39166665,96.15,5.2844563
2026-06-24 09:38:03,9,Wednesday,0,2,31.1,75.8,26.186666,85.52033,0.38333333,96.1,5.2551427
2026-06-24 09:39:04,9,Wednesday,0,2,31.1,76.0,26.185,85.490036,0.375,96.05,5.2258296
2026-06-24 09:40:04,9,Wednesday,0,2,31.1,76.4,26.183332,85.45973,0.36666667,96.0,5.196516
2026-06-24 09:41:04,9,Wednesday,0,2,31.1,76.6,26.181667,85.429436,0.35833332,95.95,5.167203
2026-06-24 09:42:04,9,Wednesday,0,2,31.1,76.7,26.18,85.39914,0.35,95.9,5.1378894
2026-06-24 09:43:04,9,Wednesday,0,2,31.0,75.7,26.178333,85.368835,0.34166667,95.85,5.1085763
2026-06-24 09:44:04,9,Wednesday,0,2,30.8,74.6,26.176666,85.33854,0.33333334,95.8,5.0792627
2026-06-24 09:45:04,9,Wednesday,0,2,30.6,73.4,26.175,85.30824,0.325,95.75,5.0499496
2026-06-24 09:46:04,9,Wednesday,0,2,30.4,72.2,26.173332,85.27794,0.31666666,95.7,5.020636
2026-06-24 09:47:04,9,Wednesday,0,2,30.2,71.6,26.171667,85.24764,0.30833334,95.65,4.991323
2026-06-24 09:48:04,9,Wednesday,0,2,30.0,70.7,26.17,85.21734,0.3,95.6,4.9620094
2026-06-24 09:49:04,9,Wednesday,0,2,29.8,70.1,26.168333,85.18704,0.29166666,95.55,4.9326963
2026-06-24 09:50:04,9,Wednesday,0,2,29.6,69.4,26.166666,85.156746,0.28333333,95.5,4.903383
2026-06-24 09:51:04,9,Wednesday,0,2,29.4,68.8,26.164999,85.12644,0.275,95.45,4.8740697
2026-06-24 09:52:04,9,Wednesday,0,2,29.2,68.0,26.163334,85.096146,0.26666668,95.4,4.844756
2026-06-24 09:53:04,9,Wednesday,0,2,29.0,67.4,26.161667,85.06585,0.25833333,95.35,4.815443
2026-06-24 09:54:04,9,Wednesday,0,2,28.9,66.9,26.16,85.035545,0.25,95.3,4.7861295
2026-06-24 09:55:04,9,Wednesday,0,2,28.7,66.4,26.158333,85.00525,0.24166667,95.25,4.7568164
2026-06-24 09:56:04,9,Wednesday,0,2,28.6,66.0,26.156666,84.974945,0.23333333,95.2,4.727503
2026-06-24 09:57:04,9,Wednesday,0,2,28.4,65.6,26.154999,84.94465,0.22500001,95.15,4.6981897
2026-06-24 09:58:04,9,Wednesday,0,2,28.3,65.3,26.153334,84.91435,0.21666667,95.1,4.668876
2026-06-24 09:59:04,9,Wednesday,0,2,28.1,64.8,26.151667,84.88405,0.20833334,95.05,4.639563
2026-06-24 10:00:04,10,Wednesday,0,2,28.0,64.4,26.15,84.85375,0.2,95.0,4.6102495
2026-06-24 10:01:04,10,Wednesday,0,2,27.9,64.3,26.144167,84.86603,0.19833334,95.05,4.6008286
2026-06-24 10:02:04,10,Wednesday,0,2,27.7,63.9,26.138332,84.878296,0.19666667,95.1,4.591408
2026-06-24 10:03:04,10,Wednesday,0,2,27.6,63.7,26.1325,84.890564,0.19500001,95.15,4.581987
2026-06-24 10:04:04,10,Wednesday,0,2,27.5,63.6,26.126667,84.90284,0.19333334,95.2,4.572566
2026-06-24 10:05:04,10,Wednesday,0,2,27.5,63.2,26.120832,84.915115,0.19166666,95.25,4.563145
2026-06-24 10:06:04,10,Wednesday,0,2,27.4,62.9,26.115,84.92738,0.19,95.3,4.5537243
2026-06-24 10:07:04,10,Wednesday,0,2,27.3,62.8,26.109167,84.93965,0.18833333,95.35,4.5443034
2026-06-24 10:08:04,10,Wednesday,0,2,27.2,62.4,26.103333,84.95193,0.18666667,95.4,4.5348825
2026-06-24 10:09:04,10,Wednesday,0,2,27.2,62.1,26.0975,84.9642,0.185,95.45,4.5254617
2026-06-24 10:10:04,10,Wednesday,0,2,27.1,62.1,26.091667,84.97647,0.18333334,95.5,4.516041
2026-06-24 10:11:04,10,Wednesday,0,2,27.0,61.9,26.085833,84.98874,0.18166667,95.55,4.50662
2026-06-24 10:12:04,10,Wednesday,0,2,26.9,61.7,26.08,85.001015,0.18,95.6,4.497199
2026-06-24 10:13:04,10,Wednesday,0,2,26.8,61.7,26.074165,85.01329,0.17833334,95.65,4.487778
2026-06-24 10:14:04,10,Wednesday,0,2,26.8,61.5,26.068333,85.02556,0.17666666,95.7,4.4783573
2026-06-24 10:15:04,10,Wednesday,0,2,26.7,61.3,26.0625,85.03783,0.175,95.75,4.4689364
2026-06-24 10:16:04,10,Wednesday,0,2,26.7,61.1,26.056665,85.0501,0.17333333,95.8,4.4595156
2026-06-24 10:17:04,10,Wednesday,0,2,26.6,61.1,26.050833,85.06238,0.17166667,95.85,4.4500947
2026-06-24 10:18:04,10,Wednesday,0,2,26.6,61.6,26.045,85.074646,0.17,95.9,4.440674
2026-06-24 10:19:04,10,Wednesday,0,2,26.6,62.7,26.039165,85.086914,0.16833334,95.95,4.431253
2026-06-24 10:20:04,10,Wednesday,0,2,26.6,63.6,26.033333,85.09919,0.16666667,96.0,4.421832
2026-06-24 10:21:04,10,Wednesday,0,2,26.6,64.4,26.0275,85.111465,0.165,96.05,4.412411
2026-06-24 10:22:04,10,Wednesday,0,2,26.7,63.8,26.021666,85.12373,0.16333334,96.1,4.4029903
2026-06-24 10:23:04,10,Wednesday,0,2,26.6,63.2,26.015833,85.136,0.16166668,96.15,4.3935695
2026-06-24 10:24:04,10,Wednesday,0,2,26.6,62.3,26.01,85.14828,0.16,96.2,4.3841486
2026-06-24 10:25:04,10,Wednesday,0,2,26.5,62.2,26.004166,85.16055,0.15833333,96.25,4.3747277
2026-06-24 10:26:04,10,Wednesday,0,2,26.5,62.1,25.998333,85.17282,0.15666667,96.3,4.365307
2026-06-24 10:27:05,10,Wednesday,0,2,26.4,62.2,25.9925,85.18509,0.155,96.35,4.355886
2026-06-24 10:28:05,10,Wednesday,0,2,26.4,62.0,25.986666,85.197365,0.15333334,96.4,4.346465
2026-06-24 10:29:05,10,Wednesday,0,2,26.3,62.0,25.980833,85.20964,0.15166667,96.45,4.3370442
2026-06-24 10:30:05,10,Wednesday,0,2,26.3,61.8,25.974998,85.22191,0.15,96.5,4.3276234
2026-06-24 10:31:05,10,Wednesday,0,2,26.3,61.6,25.969166,85.23418,0.14833334,96.55,4.318202
2026-06-24 10:32:05,10,Wednesday,0,2,26.3,61.4,25.963333,85.24645,0.14666668,96.6,4.308781
2026-06-24 10:33:05,10,Wednesday,0,2,26.2,61.1,25.957499,85.25873,0.145,96.65,4.2993603
2026-06-24 10:34:05,10,Wednesday,0,2,26.2,61.0,25.951666,85.270996,0.14333333,96.7,4.2899394
2026-06-24 10:35:05,10,Wednesday,0,2,26.2,60.9,25.945833,85.283264,0.14166667,96.75,4.2805185
2026-06-24 10:36:05,10,Wednesday,0,2,26.2,61.2,25.939999,85.29554,0.14,96.8,4.2710977
2026-06-24 10:37:05,10,Wednesday,0,2,26.2,62.3,25.934166,85.307816,0.13833334,96.85,4.261677
2026-06-24 10:38:05,10,Wednesday,0,2,26.3,63.2,25.928333,85.32008,0.13666667,96.9,4.252256
2026-06-24 10:39:05,10,Wednesday,0,2,26.3,63.9,25.922499,85.33235,0.135,96.95,4.242835
2026-06-24 10:40:05,10,Wednesday,0,2,26.3,63.8,25.916666,85.34463,0.13333334,97.0,4.233414
2026-06-24 10:41:05,10,Wednesday,0,2,26.3,63.1,25.910833,85.3569,0.13166668,97.05,4.2239933
2026-06-24 10:42:05,10,Wednesday,0,2,26.3,62.7,25.904999,85.36917,0.13,97.1,4.2145724
2026-06-24 10:43:05,10,Wednesday,0,2,26.2,62.1,25.899166,85.38144,0.12833333,97.15,4.2051516
2026-06-24 10:44:05,10,Wednesday,0,2,26.2,61.8,25.893333,85.393715,0.12666667,97.2,4.1957307
2026-06-24 10:45:05,10,Wednesday,0,2,26.1,61.6,25.887499,85.40599,0.125,97.25,4.18631
2026-06-24 10:46:05,10,Wednesday,0,2,26.1,61.3,25.881666,85.41826,0.123333335,97.3,4.176889
2026-06-24 10:47:05,10,Wednesday,0,2,26.0,61.2,25.875834,85.43053,0.12166667,97.35,4.167468
2026-06-24 10:48:05,10,Wednesday,0,2,25.9,61.2,25.869999,85.4428,0.120000005,97.4,4.158047
2026-06-24 10:49:05,10,Wednesday,0,2,25.9,61.4,25.864166,85.45508,0.11833333,97.45,4.1486263
2026-06-24 10:50:05,10,Wednesday,0,2,25.9,61.3,25.858334,85.46735,0.11666667,97.5,4.1392055
2026-06-24 10:51:05,10,Wednesday,0,2,25.9,61.1,25.852499,85.479614,0.115,97.55,4.1297846
2026-06-24 10:52:05,10,Wednesday,0,2,25.9,62.2,25.846666,85.49189,0.11333334,97.6,4.1203637
2026-06-24 10:53:05,10,Wednesday,0,2,26.0,63.4,25.840832,85.504166,0.11166667,97.65,4.110943
2026-06-24 10:54:05,10,Wednesday,0,2,26.0,64.3,25.835,85.51643,0.11,97.7,4.101522
2026-06-24 10:55:05,10,Wednesday,0,2,26.1,63.9,25.829166,85.5287,0.108333334,97.75,4.092101
2026-06-24 10:56:05,10,Wednesday,0,2,26.1,63.3,25.823332,85.54098,0.10666667,97.8,4.08268
2026-06-24 10:57:05,10,Wednesday,0,2,26.1,63.0,25.8175,85.55325,0.105000004,97.85,4.0732594
2026-06-24 10:58:05,10,Wednesday,0,2,26.0,62.7,25.811666,85.56552,0.10333333,97.9,4.0638385
2026-06-24 10:59:05,10,Wednesday,0,2,26.0,62.4,25.805832,85.57779,0.10166667,97.95,4.0544176
2026-06-24 11:00:05,11,Wednesday,0,2,26.0,62.3,25.8,85.590065,0.1,98.0,4.0449967
2026-06-24 11:01:05,11,Wednesday,0,2,26.0,62.1,25.8,85.71532,0.09833334,98.03333,4.008467
2026-06-24 11:02:05,11,Wednesday,0,2,26.0,62.1,25.8,85.84057,0.09666667,98.066666,3.9719372
2026-06-24 11:03:05,11,Wednesday,0,2,25.9,62.2,25.8,85.96582,0.095,98.1,3.9354076
2026-06-24 11:04:05,11,Wednesday,0,2,25.9,62.1,25.8,86.09107,0.093333334,98.13333,3.8988779
2026-06-24 11:05:05,11,Wednesday,0,2,25.9,62.0,25.8,86.216324,0.09166667,98.166664,3.862348
2026-06-24 11:06:05,11,Wednesday,0,2,25.8,61.7,25.8,86.34158,0.09,98.2,3.8258183
2026-06-24 11:07:05,11,Wednesday,0,2,25.8,61.5,25.8,86.466835,0.08833333,98.23333,3.7892888
2026-06-24 11:08:05,11,Wednesday,0,2,25.8,61.5,25.8,86.59209,0.086666666,98.26667,3.752759
2026-06-24 11:09:05,11,Wednesday,0,2,25.8,60.9,25.8,86.71734,0.085,98.3,3.7162292
2026-06-24 11:10:05,11,Wednesday,0,2,25.8,60.7,25.8,86.84259,0.083333336,98.333336,3.6796994
2026-06-24 11:11:05,11,Wednesday,0,2,25.8,60.9,25.8,86.96784,0.08166667,98.36667,3.6431699
2026-06-24 11:12:05,11,Wednesday,0,2,25.8,60.8,25.8,87.093094,0.08,98.4,3.60664
2026-06-24 11:13:05,11,Wednesday,0,2,25.7,60.9,25.8,87.218346,0.07833333,98.433334,3.5701103
2026-06-24 11:14:05,11,Wednesday,0,2,25.8,61.8,25.8,87.3436,0.07666667,98.46667,3.5335805
2026-06-24 11:15:05,11,Wednesday,0,2,25.8,62.7,25.8,87.46885,0.075,98.5,3.4970508
2026-06-24 11:16:05,11,Wednesday,0,2,25.9,63.6,25.8,87.5941,0.07333334,98.53333,3.4605212
2026-06-24 11:17:05,11,Wednesday,0,2,26.0,63.6,25.8,87.71935,0.071666665,98.566666,3.4239914
2026-06-24 11:18:06,11,Wednesday,0,2,26.0,63.1,25.8,87.844604,0.07,98.6,3.3874617
2026-06-24 11:19:06,11,Wednesday,0,2,26.0,63.0,25.8,87.969864,0.068333335,98.63333,3.350932
2026-06-24 11:20:06,11,Wednesday,0,2,25.9,62.7,25.8,88.095116,0.06666667,98.666664,3.3144023
2026-06-24 11:21:06,11,Wednesday,0,2,25.9,62.5,25.8,88.22037,0.065,98.7,3.2778726
2026-06-24 11:22:06,11,Wednesday,0,2,25.9,62.3,25.8,88.34562,0.06333333,98.73333,3.2413428
2026-06-24 11:23:06,11,Wednesday,0,2,25.9,62.0,25.8,88.47087,0.061666667,98.76667,3.204813
2026-06-24 11:24:06,11,Wednesday,0,2,25.9,61.6,25.8,88.59612,0.060000002,98.8,3.1682835
2026-06-24 11:25:06,11,Wednesday,0,2,25.8,61.3,25.8,88.721375,0.058333334,98.833336,3.1317537
2026-06-24 11:26:06,11,Wednesday,0,2,25.8,61.2,25.8,88.84663,0.05666667,98.86667,3.095224
2026-06-24 11:27:06,11,Wednesday,0,2,25.8,60.9,25.8,88.97188,0.055,98.9,3.0586941
2026-06-24 11:28:06,11,Wednesday,0,2,25.8,60.9,25.8,89.09713,0.053333335,98.933334,3.0221646
2026-06-24 11:29:06,11,Wednesday,0,2,25.8,60.9,25.8,89.22238,0.051666666,98.96667,2.9856348
2026-06-24 11:30:06,11,Wednesday,0,2,25.7,61.4,25.8,89.34764,0.05,99.0,2.949105
2026-06-24 11:31:06,11,Wednesday,0,2,25.7,61.1,25.8,89.47289,0.048333336,99.03333,2.9125752
2026-06-24 11:32:06,11,Wednesday,0,2,25.8,61.0,25.8,89.598145,0.046666667,99.066666,2.8760455
2026-06-24 11:33:06,11,Wednesday,0,2,25.7,61.0,25.8,89.7234,0.045,99.1,2.839516
2026-06-24 11:34:06,11,Wednesday,0,2,25.7,61.2,25.8,89.84865,0.043333333,99.13333,2.8029861
2026-06-24 11:35:06,11,Wednesday,0,2,25.7,61.4,25.8,89.9739,0.041666668,99.166664,2.7664564
2026-06-24 11:36:06,11,Wednesday,0,2,25.7,61.5,25.8,90.09915,0.04,99.2,2.7299266
2026-06-24 11:37:06,11,Wednesday,0,2,25.8,61.3,25.8,90.2244,0.038333334,99.23333,2.693397
2026-06-24 11:38:06,11,Wednesday,0,2,25.8,61.1,25.8,90.349655,0.03666667,99.26667,2.6568673
2026-06-24 11:39:06,11,Wednesday,0,2,25.8,61.2,25.8,90.47491,0.035,99.3,2.6203375
2026-06-24 11:40:06,11,Wednesday,0,2,25.8,60.9,25.8,90.60016,0.033333335,99.333336,2.5838077
2026-06-24 11:41:06,11,Wednesday,0,2,25.8,60.5,25.8,90.72541,0.031666666,99.36667,2.5472782
2026-06-24 11:42:06,11,Wednesday,0,2,25.8,60.5,25.8,90.85066,0.030000001,99.4,2.5107484
2026-06-24 11:43:06,11,Wednesday,0,2,25.7,60.4,25.8,90.97592,0.028333334,99.433334,2.4742186
2026-06-24 11:44:06,11,Wednesday,0,2,25.7,60.3,25.8,91.10117,0.026666667,99.46667,2.4376888
2026-06-24 11:45:06,11,Wednesday,0,2,25.7,60.0,25.8,91.226425,0.025,99.5,2.4011593
2026-06-24 11:46:06,11,Wednesday,0,2,25.7,60.2,25.8,91.35168,0.023333333,99.53333,2.3646295
2026-06-24 11:47:06,11,Wednesday,0,2,25.7,60.1,25.8,91.47693,0.021666666,99.566666,2.3280997
2026-06-24 11:48:06,11,Wednesday,0,2,25.7,60.0,25.8,91.60218,0.02,99.6,2.29157
2026-06-24 11:49:06,11,Wednesday,0,2,25.7,59.9,25.8,91.72743,0.018333334,99.63333,2.2550402
2026-06-24 11:50:06,11,Wednesday,0,2,25.6,59.9,25.8,91.852684,0.016666668,99.666664,2.2185106
2026-06-24 11:51:06,11,Wednesday,0,2,25.6,59.6,25.8,91.977936,0.015000001,99.7,2.1819808
2026-06-24 11:52:06,11,Wednesday,0,2,25.6,59.6,25.8,92.10319,0.013333334,99.73333,2.145451
2026-06-24 11:53:06,11,Wednesday,0,2,25.5,59.6,25.8,92.22844,0.011666667,99.76667,2.1089213
2026-06-24 11:54:06,11,Wednesday,0,2,25.6,59.6,25.8,92.3537,0.01,99.8,2.0723917
2026-06-24 11:55:06,11,Wednesday,0,2,25.5,59.6,25.8,92.47895,0.008333334,99.833336,2.035862
2026-06-24 11:56:06,11,Wednesday,0,2,25.5,59.6,25.8,92.6042,0.006666667,99.86667,1.9993322
2026-06-24 11:57:06,11,Wednesday,0,2,25.5,59.5,25.8,92.729454,0.005,99.9,1.9628025
2026-06-24 11:58:06,11,Wednesday,0,2,25.4,59.3,25.8,92.854706,0.0033333334,99.933334,1.9262727
2026-06-24 11:59:06,11,Wednesday,0,2,25.4,59.3,25.8,92.97996,0.0016666667,99.96667,1.8897431
2026-06-24 12:00:06,12,Wednesday,0,2,25.3,59.3,25.8,93.10521,0.0,100.0,1.8532133
2026-06-24 12:01:06,12,Wednesday,0,2,25.3,59.4,25.797499,93.10509,0.0016666667,100.0,1.8652799
2026-06-24 12:02:06,12,Wednesday,0,2,25.3,60.5,25.795,93.10496,0.0033333334,100.0,1.8773465
2026-06-24 12:03:06,12,Wednesday,0,2,25.3,61.4,25.7925,93.104836,0.005,100.0,1.889413
2026-06-24 12:04:06,12,Wednesday,0,2,25.4,61.9,25.789999,93.10471,0.006666667,100.0,1.9014796
2026-06-24 12:05:06,12,Wednesday,0,2,25.4,61.7,25.787498,93.10459,0.008333334,100.0,1.9135462
2026-06-24 12:06:06,12,Wednesday,0,2,25.4,61.3,25.785,93.10446,0.01,100.0,1.9256128
2026-06-24 12:07:06,12,Wednesday,0,2,25.4,60.8,25.7825,93.10434,0.011666667,100.0,1.9376793
2026-06-24 12:08:06,12,Wednesday,0,2,25.4,61.0,25.779999,93.10422,0.013333334,100.0,1.9497459
2026-06-24 12:09:06,12,Wednesday,0,2,25.3,61.3,25.7775,93.10409,0.015000001,100.0,1.9618125
2026-06-24 12:10:07,12,Wednesday,0,2,25.3,60.9,25.775,93.103966,0.016666668,100.0,1.9738791
2026-06-24 12:11:07,12,Wednesday,0,2,25.3,60.6,25.7725,93.10384,0.018333334,100.0,1.9859456
2026-06-24 12:12:07,12,Wednesday,0,2,25.3,60.5,25.769999,93.10372,0.02,100.0,1.9980122
2026-06-24 12:13:07,12,Wednesday,0,2,25.3,60.7,25.7675,93.10359,0.021666666,100.0,2.0100787
2026-06-24 12:14:07,12,Wednesday,0,2,25.3,60.8,25.765,93.10347,0.023333333,100.0,2.0221453
2026-06-24 12:15:07,12,Wednesday,0,2,25.4,60.6,25.762499,93.10335,0.025,100.0,2.0342119
2026-06-24 12:16:07,12,Wednesday,0,2,25.4,60.3,25.76,93.10322,0.026666667,100.0,2.0462785
2026-06-24 12:17:07,12,Wednesday,0,2,25.4,60.3,25.7575,93.103096,0.028333334,100.0,2.058345
2026-06-24 12:18:07,12,Wednesday,0,2,25.4,60.4,25.755,93.102974,0.030000001,100.0,2.0704117
2026-06-24 12:19:07,12,Wednesday,0,2,25.4,60.5,25.752499,93.10285,0.031666666,100.0,2.0824783
2026-06-24 12:20:07,12,Wednesday,0,2,25.3,60.6,25.75,93.10272,0.033333335,100.0,2.094545
2026-06-24 12:21:07,12,Wednesday,0,2,25.4,60.5,25.7475,93.1026,0.035,100.0,2.1066115
2026-06-24 12:22:07,12,Wednesday,0,2,25.4,60.5,25.744999,93.10248,0.03666667,100.0,2.1186779
2026-06-24 12:23:07,12,Wednesday,0,2,25.4,61.1,25.7425,93.10235,0.038333334,100.0,2.1307445
2026-06-24 12:24:07,12,Wednesday,0,2,25.4,62.2,25.74,93.10223,0.04,100.0,2.142811
2026-06-24 12:25:07,12,Wednesday,0,2,25.5,63.0,25.7375,93.102104,0.041666668,100.0,2.1548777
2026-06-24 12:26:07,12,Wednesday,0,2,25.6,63.4,25.734999,93.10198,0.043333333,100.0,2.1669443
2026-06-24 12:27:07,12,Wednesday,0,2,25.7,63.6,25.7325,93.10185,0.045,100.0,2.1790109
2026-06-24 12:28:07,12,Wednesday,0,2,25.8,63.3,25.73,93.10173,0.046666667,100.0,2.1910775
2026-06-24 12:29:07,12,Wednesday,0,2,25.8,62.8,25.727499,93.10161,0.048333336,100.0,2.203144
2026-06-24 12:30:07,12,Wednesday,0,2,25.8,62.4,25.724998,93.10149,0.05,100.0,2.2152104
2026-06-24 12:31:07,12,Wednesday,0,2,25.8,62.1,25.7225,93.10136,0.051666666,100.0,2.227277
2026-06-24 12:32:07,12,Wednesday,0,2,25.8,61.7,25.72,93.101234,0.053333335,100.0,2.2393436
2026-06-24 12:33:07,12,Wednesday,0,2,25.8,61.8,25.717499,93.10111,0.055,100.0,2.2514102
2026-06-24 12:34:07,12,Wednesday,0,2,25.8,61.6,25.715,93.10098,0.05666667,100.0,2.2634768
2026-06-24 12:35:07,12,Wednesday,0,2,25.8,61.6,25.7125,93.10086,0.058333334,100.0,2.2755435
2026-06-24 12:36:07,12,Wednesday,0,2,25.8,61.5,25.71,93.10074,0.060000002,100.0,2.28761
2026-06-24 12:37:07,12,Wednesday,0,2,25.8,61.5,25.707499,93.10062,0.061666667,100.0,2.2996767
2026-06-24 12:38:07,12,Wednesday,0,2,25.8,61.6,25.705,93.10049,0.06333333,100.0,2.3117433
2026-06-24 12:39:07,12,Wednesday,0,2,25.8,61.5,25.7025,93.100365,0.065,100.0,2.3238096
2026-06-24 12:40:07,12,Wednesday,0,2,25.8,61.8,25.699999,93.10024,0.06666667,100.0,2.3358762
2026-06-24 12:41:07,12,Wednesday,0,2,25.8,61.8,25.6975,93.10011,0.068333335,100.0,2.3479428
2026-06-24 12:42:07,12,Wednesday,0,2,25.8,61.6,25.695,93.09999,0.07,100.0,2.3600094
2026-06-24 12:43:07,12,Wednesday,0,2,25.8,61.5,25.6925,93.09987,0.071666665,100.0,2.372076
2026-06-24 12:44:07,12,Wednesday,0,2,25.8,61.4,25.689999,93.09975,0.07333334,100.0,2.3841426
2026-06-24 12:45:07,12,Wednesday,0,2,25.8,61.7,25.6875,93.09962,0.075,100.0,2.3962092
2026-06-24 12:46:07,12,Wednesday,0,2,25.8,61.7,25.685,93.099495,0.07666667,100.0,2.4082758
2026-06-24 12:47:07,12,Wednesday,0,2,25.8,62.0,25.682499,93.09937,0.07833333,100.0,2.4203424
2026-06-24 12:48:07,12,Wednesday,0,2,25.8,62.2,25.68,93.09924,0.08,100.0,2.4324088
2026-06-24 12:49:07,12,Wednesday,0,2,25.8,62.3,25.6775,93.09912,0.08166667,100.0,2.4444754
2026-06-24 12:50:07,12,Wednesday,0,2,25.9,62.3,25.675,93.099,0.083333336,100.0,2.456542
2026-06-24 12:51:07,12,Wednesday,0,2,25.9,62.1,25.672499,93.09888,0.085,100.0,2.4686086
2026-06-24 12:52:07,12,Wednesday,0,2,25.9,61.7,25.67,93.09875,0.086666666,100.0,2.4806752
2026-06-24 12:53:07,12,Wednesday,0,2,25.9,61.5,25.6675,93.098625,0.08833333,100.0,2.4927418
2026-06-24 12:54:07,12,Wednesday,0,2,25.9,61.4,25.664999,93.0985,0.09,100.0,2.5048084
2026-06-24 12:55:07,12,Wednesday,0,2,25.9,61.1,25.6625,93.09837,0.09166667,100.0,2.516875
2026-06-24 12:56:07,12,Wednesday,0,2,25.9,61.0,25.66,93.09825,0.093333334,100.0,2.5289414
2026-06-24 12:57:07,12,Wednesday,0,2,25.8,61.0,25.6575,93.09813,0.095,100.0,2.541008
2026-06-24 12:58:07,12,Wednesday,0,2,25.8,60.9,25.654999,93.09801,0.09666667,100.0,2.5530746
2026-06-24 12:59:07,12,Wednesday,0,2,25.8,60.9,25.6525,93.09788,0.09833334,100.0,2.5651412
2026-06-24 13:00:07,13,Wednesday,0,2,25.8,60.6,25.65,93.097755,0.1,100.0,2.5772078
2026-06-24 13:01:08,13,Wednesday,0,2,25.8,60.3,25.6425,93.149376,0.1,100.0,2.589327
2026-06-24 13:02:08,13,Wednesday,0,2,25.8,60.2,25.635,93.201004,0.1,100.0,2.6014462
2026-06-24 13:03:08,13,Wednesday,0,2,25.7,59.9,25.6275,93.252625,0.1,100.0,2.6135654
2026-06-24 13:04:08,13,Wednesday,0,2,25.7,59.9,25.619999,93.30425,0.1,100.0,2.6256847
2026-06-24 13:05:08,13,Wednesday,0,2,25.6,59.9,25.6125,93.35587,0.1,100.0,2.6378038
2026-06-24 13:06:08,13,Wednesday,0,2,25.6,60.2,25.605,93.4075,0.1,100.0,2.649923
2026-06-24 13:07:08,13,Wednesday,0,2,25.5,60.1,25.5975,93.45912,0.1,100.0,2.6620424
2026-06-24 13:08:08,13,Wednesday,0,2,25.5,60.1,25.59,93.51074,0.1,100.0,2.6741614
2026-06-24 13:09:08,13,Wednesday,0,2,25.4,59.8,25.5825,93.56237,0.1,100.0,2.6862807
2026-06-24 13:10:08,13,Wednesday,0,2,25.4,60.6,25.575,93.61399,0.1,100.0,2.6984
2026-06-24 13:11:08,13,Wednesday,0,2,25.4,61.7,25.5675,93.66562,0.1,100.0,2.7105193
2026-06-24 13:12:08,13,Wednesday,0,2,25.5,63.1,25.56,93.71724,0.1,100.0,2.7226384
2026-06-24 13:13:08,13,Wednesday,0,2,25.6,63.6,25.5525,93.76887,0.1,100.0,2.7347577
2026-06-24 13:14:08,13,Wednesday,0,2,25.6,63.2,25.545,93.82049,0.1,100.0,2.746877
2026-06-24 13:15:08,13,Wednesday,0,2,25.6,62.6,25.5375,93.872116,0.1,100.0,2.758996
2026-06-24 13:16:08,13,Wednesday,0,2,25.6,62.0,25.53,93.92374,0.1,100.0,2.7711153
2026-06-24 13:17:08,13,Wednesday,0,2,25.6,61.9,25.5225,93.97536,0.1,100.0,2.7832346
2026-06-24 13:18:08,13,Wednesday,0,2,25.5,61.6,25.515,94.026985,0.1,100.0,2.7953537
2026-06-24 13:19:08,13,Wednesday,0,2,25.5,61.4,25.5075,94.078606,0.1,100.0,2.807473
2026-06-24 13:20:08,13,Wednesday,0,2,25.5,61.5,25.5,94.13023,0.1,100.0,2.8195922
2026-06-24 13:21:08,13,Wednesday,0,2,25.5,61.5,25.4925,94.181854,0.1,100.0,2.8317113
2026-06-24 13:22:08,13,Wednesday,0,2,25.4,61.5,25.485,94.23348,0.1,100.0,2.8438306
2026-06-24 13:23:08,13,Wednesday,0,2,25.5,62.2,25.4775,94.2851,0.1,100.0,2.8559499
2026-06-24 13:24:08,13,Wednesday,0,2,25.5,63.3,25.47,94.33672,0.1,100.0,2.868069
2026-06-24 13:25:08,13,Wednesday,0,2,25.6,64.3,25.4625,94.38835,0.1,100.0,2.8801882
2026-06-24 13:26:08,13,Wednesday,0,2,25.6,65.0,25.455,94.43997,0.1,100.0,2.8923075
2026-06-24 13:27:08,13,Wednesday,0,2,25.7,64.5,25.4475,94.4916,0.1,100.0,2.9044266
2026-06-24 13:28:08,13,Wednesday,0,2,25.7,63.8,25.44,94.54322,0.1,100.0,2.9165459
2026-06-24 13:29:08,13,Wednesday,0,2,25.7,63.3,25.4325,94.59485,0.1,100.0,2.9286652
2026-06-24 13:30:08,13,Wednesday,0,2,25.6,62.7,25.425,94.64647,0.1,100.0,2.9407845
2026-06-24 13:31:08,13,Wednesday,0,2,25.6,62.5,25.4175,94.69809,0.1,100.0,2.9529035
2026-06-24 13:32:08,13,Wednesday,0,2,25.5,62.2,25.41,94.74972,0.1,100.0,2.9650228
2026-06-24 13:33:08,13,Wednesday,0,2,25.5,62.0,25.4025,94.80134,0.1,100.0,2.977142
2026-06-24 13:34:08,13,Wednesday,0,2,25.5,61.8,25.395,94.85297,0.1,100.0,2.9892612
2026-06-24 13:35:08,13,Wednesday,0,2,25.4,61.8,25.3875,94.90459,0.1,100.0,3.0013804
2026-06-24 13:36:08,13,Wednesday,0,2,25.4,61.7,25.380001,94.956215,0.1,100.0,3.0134997
2026-06-24 13:37:08,13,Wednesday,0,2,25.4,62.4,25.3725,95.007835,0.1,100.0,3.0256188
2026-06-24 13:38:08,13,Wednesday,0,2,25.5,66.2,25.365,95.059456,0.1,100.0,3.037738
2026-06-24 13:39:08,13,Wednesday,0,2,25.7,68.2,25.3575,95.111084,0.1,100.0,3.0498574
2026-06-24 13:40:08,13,Wednesday,0,2,26.0,69.2,25.35,95.162704,0.1,100.0,3.0619764
2026-06-24 13:41:08,13,Wednesday,0,2,26.2,70.1,25.3425,95.21433,0.1,100.0,3.0740957
2026-06-24 13:42:08,13,Wednesday,0,2,26.4,69.3,25.335001,95.26595,0.1,100.0,3.086215
2026-06-24 13:43:08,13,Wednesday,0,2,26.4,68.4,25.327501,95.31758,0.1,100.0,3.098334
2026-06-24 13:44:08,13,Wednesday,0,2,26.4,68.0,25.32,95.3692,0.1,100.0,3.1104534
2026-06-24 13:45:08,13,Wednesday,0,2,26.5,67.7,25.3125,95.42082,0.1,100.0,3.1225727
2026-06-24 13:46:08,13,Wednesday,0,2,26.5,67.5,25.305,95.47245,0.1,100.0,3.1346917
2026-06-24 13:47:08,13,Wednesday,0,2,26.5,67.2,25.2975,95.52407,0.1,100.0,3.146811
2026-06-24 13:48:08,13,Wednesday,0,2,26.5,67.4,25.29,95.5757,0.1,100.0,3.1589303
2026-06-24 13:49:08,13,Wednesday,0,2,26.5,67.3,25.282501,95.62732,0.1,100.0,3.1710494
2026-06-24 13:50:08,13,Wednesday,0,2,26.6,67.4,25.275002,95.67895,0.1,100.0,3.1831686
2026-06-24 13:51:08,13,Wednesday,0,2,26.6,67.2,25.2675,95.73057,0.1,100.0,3.195288
2026-06-24 13:52:09,13,Wednesday,0,2,26.6,67.2,25.26,95.782196,0.1,100.0,3.2074072
2026-06-24 13:53:09,13,Wednesday,0,2,26.6,67.2,25.2525,95.83382,0.1,100.0,3.2195263
2026-06-24 13:54:09,13,Wednesday,0,2,26.5,67.1,25.245,95.88544,0.1,100.0,3.2316456
2026-06-24 13:55:09,13,Wednesday,0,2,26.5,67.1,25.237501,95.937065,0.1,100.0,3.2437649
2026-06-24 13:56:09,13,Wednesday,0,2,26.6,67.1,25.230001,95.988686,0.1,100.0,3.255884
2026-06-24 13:57:09,13,Wednesday,0,2,26.6,66.9,25.2225,96.04031,0.1,100.0,3.2680032
2026-06-24 13:58:09,13,Wednesday,0,2,26.6,66.8,25.215,96.091934,0.1,100.0,3.2801225
2026-06-24 13:59:09,13,Wednesday,0,2,26.6,66.7,25.2075,96.14356,0.1,100.0,3.2922416
2026-06-24 14:00:09,14,Wednesday,0,2,26.6,66.7,25.2,96.19518,0.1,100.0,3.3043609
2026-06-24 14:01:09,14,Wednesday,0,2,26.6,66.7,25.1975,96.22903,0.1,100.0,3.2764544
2026-06-24 14:02:09,14,Wednesday,0,2,26.7,66.7,25.195002,96.26288,0.1,100.0,3.2485478
2026-06-24 14:03:09,14,Wednesday,0,2,26.7,66.6,25.192501,96.29672,0.1,100.0,3.2206414
2026-06-24 14:04:09,14,Wednesday,0,2,26.6,66.5,25.19,96.33057,0.1,100.0,3.1927347
2026-06-24 14:05:09,14,Wednesday,0,2,26.7,66.6,25.1875,96.36441,0.1,100.0,3.1648283
2026-06-24 14:06:09,14,Wednesday,0,2,26.6,66.5,25.185001,96.39826,0.1,100.0,3.1369216
2026-06-24 14:07:09,14,Wednesday,0,2,26.7,66.8,25.1825,96.432106,0.1,100.0,3.1090152
2026-06-24 14:08:09,14,Wednesday,0,2,26.7,66.9,25.18,96.46595,0.1,100.0,3.0811086
2026-06-24 14:09:09,14,Wednesday,0,2,26.7,66.7,25.1775,96.4998,0.1,100.0,3.0532022
2026-06-24 14:10:09,14,Wednesday,0,2,26.7,66.8,25.175001,96.533646,0.1,100.0,3.0252955
2026-06-24 14:11:09,14,Wednesday,0,2,26.7,67.0,25.1725,96.56749,0.1,100.0,2.997389
2026-06-24 14:12:09,14,Wednesday,0,2,26.7,67.4,25.17,96.60133,0.1,100.0,2.9694824
2026-06-24 14:13:09,14,Wednesday,0,2,26.7,67.5,25.1675,96.635185,0.1,100.0,2.941576
2026-06-24 14:14:09,14,Wednesday,0,2,26.7,67.5,25.165,96.66903,0.1,100.0,2.9136696
2026-06-24 14:15:09,14,Wednesday,0,2,26.7,67.9,25.1625,96.70287,0.1,100.0,2.885763
2026-06-24 14:16:09,14,Wednesday,0,2,26.7,68.2,25.16,96.736725,0.1,100.0,2.8578565
2026-06-24 14:17:09,14,Wednesday,0,2,26.8,68.0,25.157501,96.77057,0.1,100.0,2.8299499
2026-06-24 14:18:09,14,Wednesday,0,2,26.8,67.9,25.155,96.80441,0.1,100.0,2.8020434
2026-06-24 14:19:09,14,Wednesday,0,2,26.8,68.0,25.1525,96.83826,0.1,100.0,2.7741368
2026-06-24 14:20:09,14,Wednesday,0,2,26.8,68.0,25.15,96.87211,0.1,100.0,2.7462304
2026-06-24 14:21:09,14,Wednesday,0,2,26.8,68.2,25.147501,96.90595,0.1,100.0,2.7183237
2026-06-24 14:22:09,14,Wednesday,0,2,26.8,68.1,25.145,96.9398,0.1,100.0,2.6904173
2026-06-24 14:23:09,14,Wednesday,0,2,26.8,68.1,25.1425,96.97365,0.1,100.0,2.6625106
2026-06-24 14:24:09,14,Wednesday,0,2,26.8,68.1,25.14,97.00749,0.1,100.0,2.6346042
2026-06-24 14:25:09,14,Wednesday,0,2,26.8,67.7,25.1375,97.041336,0.1,100.0,2.6066978
2026-06-24 14:26:09,14,Wednesday,0,2,26.8,68.1,25.135,97.07518,0.1,100.0,2.5787911
2026-06-24 14:27:09,14,Wednesday,0,2,26.8,68.6,25.1325,97.10903,0.1,100.0,2.5508847
2026-06-24 14:28:09,14,Wednesday,0,2,26.8,68.5,25.13,97.142876,0.1,100.0,2.522978
2026-06-24 14:29:09,14,Wednesday,0,2,26.8,68.6,25.1275,97.17672,0.1,100.0,2.4950716
2026-06-24 14:30:09,14,Wednesday,0,2,26.8,68.7,25.125,97.21057,0.1,100.0,2.467165
2026-06-24 14:31:09,14,Wednesday,0,2,26.9,68.9,25.1225,97.244415,0.1,100.0,2.4392586
2026-06-24 14:32:09,14,Wednesday,0,2,26.9,68.8,25.12,97.27826,0.1,100.0,2.411352
2026-06-24 14:33:09,14,Wednesday,0,2,26.9,69.3,25.1175,97.3121,0.1,100.0,2.3834455
2026-06-24 14:34:09,14,Wednesday,0,2,26.9,69.5,25.115,97.345955,0.1,100.0,2.3555388
2026-06-24 14:35:09,14,Wednesday,0,2,26.9,69.7,25.1125,97.3798,0.1,100.0,2.3276324
2026-06-24 14:36:09,14,Wednesday,0,2,26.9,69.9,25.11,97.41364,0.1,100.0,2.299726
2026-06-24 14:37:09,14,Wednesday,0,2,26.9,70.1,25.1075,97.44749,0.1,100.0,2.2718194
2026-06-24 14:38:09,14,Wednesday,0,2,26.9,70.2,25.105,97.48134,0.1,100.0,2.243913
2026-06-24 14:39:09,14,Wednesday,0,2,26.9,70.4,25.102499,97.51518,0.1,100.0,2.2160063
2026-06-24 14:40:09,14,Wednesday,0,2,26.9,70.4,25.1,97.54903,0.1,100.0,2.1880999
2026-06-24 14:41:09,14,Wednesday,0,2,26.9,70.2,25.0975,97.58288,0.1,100.0,2.1601932
2026-06-24 14:42:09,14,Wednesday,0,2,27.0,70.0,25.095,97.61672,0.1,100.0,2.1322868
2026-06-24 14:43:10,14,Wednesday,0,2,26.9,69.9,25.092499,97.650566,0.1,100.0,2.1043801
2026-06-24 14:44:10,14,Wednesday,0,2,26.9,69.7,25.09,97.68441,0.1,100.0,2.0764737
2026-06-24 14:45:10,14,Wednesday,0,2,26.9,69.5,25.0875,97.71826,0.1,100.0,2.048567
2026-06-24 14:46:10,14,Wednesday,0,2,26.9,69.3,25.085,97.752106,0.1,100.0,2.0206606
2026-06-24 14:47:10,14,Wednesday,0,2,26.9,69.1,25.0825,97.78595,0.1,100.0,1.9927541
2026-06-24 14:48:10,14,Wednesday,0,2,26.9,69.0,25.08,97.8198,0.1,100.0,1.9648476
2026-06-24 14:49:10,14,Wednesday,0,2,26.9,68.8,25.0775,97.853645,0.1,100.0,1.936941
2026-06-24 14:50:10,14,Wednesday,0,2,26.9,68.9,25.074999,97.88749,0.1,100.0,1.9090345
2026-06-24 14:51:10,14,Wednesday,0,2,26.9,69.0,25.0725,97.92133,0.1,100.0,1.881128
2026-06-24 14:52:10,14,Wednesday,0,2,26.9,68.8,25.07,97.955185,0.1,100.0,1.8532214
2026-06-24 14:53:10,14,Wednesday,0,2,26.9,68.6,25.0675,97.98903,0.1,100.0,1.8253149
2026-06-24 14:54:10,14,Wednesday,0,2,26.9,68.5,25.064999,98.02287,0.1,100.0,1.7974083
2026-06-24 14:55:10,14,Wednesday,0,2,26.9,68.3,25.0625,98.056725,0.1,100.0,1.7695019
2026-06-24 14:56:10,14,Wednesday,0,2,26.9,68.2,25.06,98.09057,0.1,100.0,1.7415954
2026-06-24 14:57:10,14,Wednesday,0,2,26.9,68.2,25.057499,98.12441,0.1,100.0,1.7136889
2026-06-24 14:58:10,14,Wednesday,0,2,26.9,68.0,25.054998,98.15826,0.1,100.0,1.6857823
2026-06-24 14:59:10,14,Wednesday,0,2,26.8,67.5,25.0525,98.19211,0.1,100.0,1.6578758
2026-06-24 15:00:10,15,Wednesday,0,2,26.8,67.6,25.05,98.22595,0.1,100.0,1.6299692
2026-06-24 15:01:10,15,Wednesday,0,2,26.8,67.3,25.050833,98.172966,0.1,100.0,1.6431639
2026-06-24 15:02:10,15,Wednesday,0,2,26.8,67.1,25.051666,98.11998,0.1,100.0,1.6563587
2026-06-24 15:03:10,15,Wednesday,0,2,26.7,66.5,25.0525,98.066986,0.1,100.0,1.6695534
2026-06-24 15:04:10,15,Wednesday,0,2,26.6,66.2,25.053333,98.014,0.1,100.0,1.6827481
2026-06-24 15:05:10,15,Wednesday,0,2,26.6,65.8,25.054167,97.96101,0.1,100.0,1.6959429
2026-06-24 15:06:10,15,Wednesday,0,2,26.5,65.4,25.055,97.90803,0.1,100.0,1.7091376
2026-06-24 15:07:10,15,Wednesday,0,2,26.4,65.3,25.055832,97.855034,0.1,100.0,1.7223322
2026-06-24 15:08:10,15,Wednesday,0,2,26.3,65.0,25.056665,97.80205,0.1,100.0,1.735527
2026-06-24 15:09:10,15,Wednesday,0,2,26.3,64.9,25.057499,97.74906,0.1,100.0,1.7487217
2026-06-24 15:10:10,15,Wednesday,0,2,26.2,64.8,25.058332,97.696075,0.1,100.0,1.7619164
2026-06-24 15:11:10,15,Wednesday,0,2,26.2,64.7,25.059166,97.64308,0.1,100.0,1.7751111
2026-06-24 15:12:10,15,Wednesday,0,2,26.1,64.4,25.06,97.590096,0.1,100.0,1.7883059
2026-06-24 15:13:10,15,Wednesday,0,2,26.1,64.5,25.060833,97.53711,0.1,100.0,1.8015006
2026-06-24 15:14:10,15,Wednesday,0,2,26.0,64.6,25.061666,97.48412,0.1,100.0,1.8146952
2026-06-24 15:15:10,15,Wednesday,0,2,26.0,64.6,25.0625,97.43114,0.1,100.0,1.82789
2026-06-24 15:16:10,15,Wednesday,0,2,26.0,64.5,25.063334,97.37814,0.1,100.0,1.8410847
2026-06-24 15:17:10,15,Wednesday,0,2,26.0,64.2,25.064167,97.32516,0.1,100.0,1.8542794
2026-06-24 15:18:10,15,Wednesday,0,2,26.0,63.8,25.064999,97.27217,0.1,100.0,1.8674742
2026-06-24 15:19:10,15,Wednesday,0,2,25.9,63.9,25.065832,97.219185,0.1,100.0,1.8806689
2026-06-24 15:20:10,15,Wednesday,0,2,25.9,63.8,25.066666,97.16619,0.1,100.0,1.8938636
2026-06-24 15:21:10,15,Wednesday,0,2,25.9,63.6,25.0675,97.113205,0.1,100.0,1.9070584
2026-06-24 15:22:10,15,Wednesday,0,2,25.8,63.6,25.068333,97.06022,0.1,100.0,1.920253
2026-06-24 15:23:10,15,Wednesday,0,2,25.8,63.3,25.069166,97.00723,0.1,100.0,1.9334477
2026-06-24 15:24:10,15,Wednesday,0,2,25.7,63.4,25.07,96.95424,0.1,100.0,1.9466425
2026-06-24 15:25:10,15,Wednesday,0,2,25.7,63.3,25.070833,96.90125,0.1,100.0,1.9598372
2026-06-24 15:26:10,15,Wednesday,0,2,25.7,63.2,25.071667,96.84827,0.1,100.0,1.9730319
2026-06-24 15:27:10,15,Wednesday,0,2,25.7,63.1,25.0725,96.79528,0.1,100.0,1.9862267
2026-06-24 15:28:10,15,Wednesday,0,2,25.6,63.0,25.073334,96.74229,0.1,100.0,1.9994214
2026-06-24 15:29:10,15,Wednesday,0,2,25.6,63.2,25.074167,96.6893,0.1,100.0,2.0126162
2026-06-24 15:30:10,15,Wednesday,0,2,25.6,63.0,25.075,96.636314,0.1,100.0,2.0258107
2026-06-24 15:31:10,15,Wednesday,0,2,25.6,63.0,25.075832,96.58333,0.1,100.0,2.0390055
2026-06-24 15:32:10,15,Wednesday,0,2,25.6,63.0,25.076666,96.53034,0.1,100.0,2.0522003
2026-06-24 15:33:10,15,Wednesday,0,2,25.5,62.9,25.0775,96.47735,0.1,100.0,2.0653949
2026-06-24 15:34:11,15,Wednesday,0,2,25.5,62.9,25.078333,96.42436,0.1,100.0,2.0785897
2026-06-24 15:35:11,15,Wednesday,0,2,25.5,62.7,25.079166,96.371376,0.1,100.0,2.0917845
2026-06-24 15:36:11,15,Wednesday,0,2,25.5,62.6,25.08,96.31839,0.1,100.0,2.104979
2026-06-24 15:37:11,15,Wednesday,0,2,25.5,62.7,25.080833,96.265396,0.1,100.0,2.1181738
2026-06-24 15:38:11,15,Wednesday,0,2,25.4,62.6,25.081667,96.21241,0.1,100.0,2.1313686
2026-06-24 15:39:11,15,Wednesday,0,2,25.5,62.7,25.0825,96.159424,0.1,100.0,2.1445632
2026-06-24 15:40:11,15,Wednesday,0,2,25.4,62.7,25.083334,96.10644,0.1,100.0,2.157758
2026-06-24 15:41:11,15,Wednesday,0,2,25.4,62.6,25.084167,96.053444,0.1,100.0,2.1709526
2026-06-24 15:42:11,15,Wednesday,0,2,25.4,62.8,25.085,96.00046,0.1,100.0,2.1841474
2026-06-24 15:43:11,15,Wednesday,0,2,25.4,62.9,25.085833,95.94747,0.1,100.0,2.1973422
2026-06-24 15:44:11,15,Wednesday,0,2,25.4,63.1,25.086666,95.894485,0.1,100.0,2.2105367
2026-06-24 15:45:11,15,Wednesday,0,2,25.4,63.2,25.0875,95.84149,0.1,100.0,2.2237315
2026-06-24 15:46:11,15,Wednesday,0,2,25.4,63.1,25.088333,95.788506,0.1,100.0,2.2369263
2026-06-24 15:47:11,15,Wednesday,0,2,25.4,63.2,25.089167,95.73552,0.1,100.0,2.2501209
2026-06-24 15:48:11,15,Wednesday,0,2,25.4,63.7,25.09,95.68253,0.1,100.0,2.2633157
2026-06-24 15:49:11,15,Wednesday,0,2,25.4,63.8,25.090834,95.62955,0.1,100.0,2.2765105
2026-06-24 15:50:11,15,Wednesday,0,2,25.4,63.6,25.091667,95.57655,0.1,100.0,2.289705
2026-06-24 15:51:11,15,Wednesday,0,2,25.3,63.7,25.0925,95.52357,0.1,100.0,2.3028998
2026-06-24 15:52:11,15,Wednesday,0,2,25.3,63.7,25.093334,95.47058,0.1,100.0,2.3160946
2026-06-24 15:53:11,15,Wednesday,0,2,25.3,63.9,25.094168,95.417595,0.1,100.0,2.3292892
2026-06-24 15:54:11,15,Wednesday,0,2,25.3,63.9,25.095001,95.3646,0.1,100.0,2.342484
2026-06-24 15:55:11,15,Wednesday,0,2,25.3,64.1,25.095833,95.311615,0.1,100.0,2.3556788
2026-06-24 15:56:11,15,Wednesday,0,2,25.3,64.3,25.096666,95.25863,0.1,100.0,2.3688734
2026-06-24 15:57:11,15,Wednesday,0,2,25.3,64.3,25.0975,95.20564,0.1,100.0,2.3820682
2026-06-24 15:58:11,15,Wednesday,0,2,25.3,64.4,25.098333,95.15265,0.1,100.0,2.395263
2026-06-24 15:59:11,15,Wednesday,0,2,25.3,64.5,25.099167,95.09966,0.1,100.0,2.4084575
2026-06-24 16:00:11,16,Wednesday,0,2,25.3,64.5,25.1,95.04668,0.1,100.0,2.4216523
2026-06-24 16:01:11,16,Wednesday,0,2,25.3,64.5,25.095833,95.01353,0.105000004,100.0,2.4148324
2026-06-24 16:02:11,16,Wednesday,0,2,25.3,64.6,25.091667,94.980385,0.11,100.0,2.4080126
2026-06-24 16:03:11,16,Wednesday,0,2,25.3,64.5,25.0875,94.947235,0.115,100.0,2.4011927
2026-06-24 16:04:11,16,Wednesday,0,2,25.3,64.6,25.083334,94.914085,0.120000005,100.0,2.394373
2026-06-24 16:05:11,16,Wednesday,0,2,25.2,64.7,25.079166,94.880936,0.125,100.0,2.387553
2026-06-24 16:06:11,16,Wednesday,0,2,25.2,64.7,25.075,94.84779,0.13,100.0,2.3807333
2026-06-24 16:07:11,16,Wednesday,0,2,25.2,64.5,25.070833,94.814644,0.135,100.0,2.3739133
2026-06-24 16:08:11,16,Wednesday,0,2,25.2,64.4,25.066668,94.781494,0.14,100.0,2.3670936
2026-06-24 16:09:11,16,Wednesday,0,2,25.2,64.2,25.0625,94.74835,0.145,100.0,2.3602736
2026-06-24 16:10:11,16,Wednesday,0,2,25.2,64.1,25.058334,94.7152,0.15,100.0,2.3534539
2026-06-24 16:11:11,16,Wednesday,0,2,25.2,65.3,25.054167,94.68205,0.155,100.0,2.346634
2026-06-24 16:12:11,16,Wednesday,0,2,25.3,66.3,25.050001,94.6489,0.16,100.0,2.3398142
2026-06-24 16:13:11,16,Wednesday,0,2,25.4,66.6,25.045834,94.61576,0.165,100.0,2.3329942
2026-06-24 16:14:11,16,Wednesday,0,2,25.6,66.8,25.041668,94.58261,0.17,100.0,2.3261745
2026-06-24 16:15:11,16,Wednesday,0,2,25.7,66.9,25.0375,94.54946,0.175,100.0,2.3193545
2026-06-24 16:16:11,16,Wednesday,0,2,25.8,67.0,25.033333,94.51632,0.18,100.0,2.3125346
2026-06-24 16:17:11,16,Wednesday,0,2,25.8,67.3,25.029167,94.48317,0.185,100.0,2.3057148
2026-06-24 16:18:11,16,Wednesday,0,2,25.8,67.3,25.025,94.45002,0.19,100.0,2.298895
2026-06-24 16:19:11,16,Wednesday,0,2,25.9,67.5,25.020834,94.41687,0.19500001,100.0,2.2920752
2026-06-24 16:20:11,16,Wednesday,0,2,25.9,67.5,25.016666,94.38373,0.2,100.0,2.2852552
2026-06-24 16:21:11,16,Wednesday,0,2,25.9,67.6,25.0125,94.35058,0.205,100.0,2.2784355
2026-06-24 16:22:11,16,Wednesday,0,2,25.9,67.7,25.008333,94.31743,0.21000001,100.0,2.2716155
2026-06-24 16:23:11,16,Wednesday,0,2,26.0,67.9,25.004168,94.28429,0.215,100.0,2.2647958
2026-06-24 16:24:11,16,Wednesday,0,2,26.0,67.9,25.0,94.25114,0.22,100.0,2.2579758
2026-06-24 16:25:11,16,Wednesday,0,2,26.0,67.7,24.995834,94.21799,0.22500001,100.0,2.251156
2026-06-24 16:26:12,16,Wednesday,0,2,26.0,67.5,24.991667,94.18484,0.23,100.0,2.2443361
2026-06-24 16:27:12,16,Wednesday,0,2,26.1,67.5,24.987501,94.151695,0.235,100.0,2.2375164
2026-06-24 16:28:12,16,Wednesday,0,2,26.1,67.3,24.983334,94.118546,0.24000001,100.0,2.2306964
2026-06-24 16:29:12,16,Wednesday,0,2,26.0,67.2,24.979168,94.085396,0.245,100.0,2.2238767
2026-06-24 16:30:12,16,Wednesday,0,2,26.1,67.0,24.975,94.052246,0.25,100.0,2.2170568
2026-06-24 16:31:12,16,Wednesday,0,2,26.1,67.1,24.970833,94.019104,0.255,100.0,2.2102368
2026-06-24 16:32:12,16,Wednesday,0,2,26.1,67.1,24.966667,93.985954,0.26,100.0,2.203417
2026-06-24 16:33:12,16,Wednesday,0,2,26.1,67.0,24.9625,93.952805,0.26500002,100.0,2.196597
2026-06-24 16:34:12,16,Wednesday,0,2,26.1,67.2,24.958334,93.91966,0.27,100.0,2.1897774
2026-06-24 16:35:12,16,Wednesday,0,2,26.1,66.9,24.954166,93.88651,0.275,100.0,2.1829574
2026-06-24 16:36:12,16,Wednesday,0,2,26.1,66.8,24.95,93.85336,0.28,100.0,2.1761377
2026-06-24 16:37:12,16,Wednesday,0,2,26.1,66.8,24.945833,93.82021,0.285,100.0,2.1693177
2026-06-24 16:38:12,16,Wednesday,0,2,26.1,66.6,24.941668,93.78707,0.29,100.0,2.162498
2026-06-24 16:39:12,16,Wednesday,0,2,26.1,66.5,24.9375,93.75392,0.29500002,100.0,2.155678
2026-06-24 16:40:12,16,Wednesday,0,2,26.1,66.4,24.933334,93.72077,0.3,100.0,2.1488583
2026-06-24 16:41:12,16,Wednesday,0,2,26.1,66.4,24.929167,93.68763,0.305,100.0,2.1420383
2026-06-24 16:42:12,16,Wednesday,0,2,26.1,66.6,24.925001,93.65448,0.31,100.0,2.1352186
2026-06-24 16:43:12,16,Wednesday,0,2,26.1,66.4,24.920834,93.62133,0.315,100.0,2.1283987
2026-06-24 16:44:12,16,Wednesday,0,2,26.1,66.6,24.916668,93.58818,0.32,100.0,2.121579
2026-06-24 16:45:12,16,Wednesday,0,2,26.1,67.1,24.9125,93.55504,0.32500002,100.0,2.114759
2026-06-24 16:46:12,16,Wednesday,0,2,26.2,67.9,24.908333,93.52189,0.33,100.0,2.107939
2026-06-24 16:47:12,16,Wednesday,0,2,26.2,68.7,24.904167,93.48874,0.335,100.0,2.1011193
2026-06-24 16:48:12,16,Wednesday,0,2,26.2,69.5,24.9,93.4556,0.34,100.0,2.0942993
2026-06-24 16:49:12,16,Wednesday,0,2,26.2,70.0,24.895834,93.42245,0.345,100.0,2.0874796
2026-06-24 16:50:12,16,Wednesday,0,2,26.3,71.0,24.891666,93.3893,0.35,100.0,2.0806596
2026-06-24 16:51:12,16,Wednesday,0,2,26.3,71.4,24.8875,93.35615,0.35500002,100.0,2.07384
2026-06-24 16:52:12,16,Wednesday,0,2,26.3,71.3,24.883333,93.323006,0.36,100.0,2.06702
2026-06-24 16:53:12,16,Wednesday,0,2,26.4,71.6,24.879168,93.289856,0.365,100.0,2.0602002
2026-06-24 16:54:12,16,Wednesday,0,2,26.4,72.4,24.875,93.25671,0.37,100.0,2.0533803
2026-06-24 16:55:12,16,Wednesday,0,2,26.4,72.5,24.870834,93.223564,0.375,100.0,2.0465605
2026-06-24 16:56:12,16,Wednesday,0,2,26.4,73.5,24.866667,93.190414,0.38,100.0,2.0397406
2026-06-24 16:57:12,16,Wednesday,0,2,26.4,73.3,24.862501,93.157265,0.38500002,100.0,2.0329208
2026-06-24 16:58:12,16,Wednesday,0,2,26.4,73.5,24.858334,93.124115,0.39000002,100.0,2.0261009
2026-06-24 16:59:12,16,Wednesday,0,2,26.5,74.2,24.854168,93.09097,0.395,100.0,2.0192811
2026-06-24 17:00:12,17,Wednesday,0,2,26.5,74.0,24.85,93.05782,0.4,100.0,2.0124612
2026-06-24 17:01:12,17,Wednesday,0,2,26.5,73.8,24.8475,93.08123,0.39833334,100.0,2.0519133
2026-06-24 17:02:12,17,Wednesday,0,2,26.5,73.7,24.845001,93.10464,0.39666668,100.0,2.0913653
2026-06-24 17:03:12,17,Wednesday,0,2,26.4,73.0,24.8425,93.128044,0.395,100.0,2.1308177
2026-06-24 17:04:12,17,Wednesday,0,2,26.4,72.3,24.84,93.15145,0.39333335,100.0,2.1702697
2026-06-24 17:05:12,17,Wednesday,0,2,26.3,71.7,24.8375,93.17486,0.39166668,100.0,2.2097218
2026-06-24 17:06:12,17,Wednesday,0,2,26.2,71.3,24.835001,93.198265,0.39000002,100.0,2.2491739
2026-06-24 17:07:12,17,Wednesday,0,2,26.2,70.8,24.8325,93.22167,0.38833335,100.0,2.2886262
2026-06-24 17:08:12,17,Wednesday,0,2,26.1,70.4,24.83,93.24508,0.3866667,100.0,2.3280783
2026-06-24 17:09:12,17,Wednesday,0,2,26.0,70.2,24.827501,93.268486,0.38500002,100.0,2.3675303
2026-06-24 17:10:12,17,Wednesday,0,2,26.0,70.0,24.825,93.29189,0.38333333,100.0,2.4069824
2026-06-24 17:11:12,17,Wednesday,0,2,26.0,69.8,24.8225,93.3153,0.38166666,100.0,2.4464347
2026-06-24 17:12:12,17,Wednesday,0,2,25.9,69.2,24.82,93.33871,0.38,100.0,2.4858868
2026-06-24 17:13:12,17,Wednesday,0,2,25.9,69.0,24.817501,93.362114,0.37833333,100.0,2.525339
2026-06-24 17:14:12,17,Wednesday,0,2,25.8,68.2,24.815,93.38552,0.37666667,100.0,2.564791
2026-06-24 17:15:12,17,Wednesday,0,2,25.8,68.1,24.8125,93.40893,0.375,100.0,2.6042433
2026-06-24 17:16:12,17,Wednesday,0,2,25.7,67.5,24.810001,93.432335,0.37333333,100.0,2.6436954
2026-06-24 17:17:13,17,Wednesday,0,2,25.7,67.5,24.8075,93.45574,0.37166667,100.0,2.6831474
2026-06-24 17:18:13,17,Wednesday,0,2,25.6,67.2,24.805,93.47915,0.37,100.0,2.7225995
2026-06-24 17:19:13,17,Wednesday,0,2,25.5,66.9,24.8025,93.502556,0.36833334,100.0,2.7620516
2026-06-24 17:20:13,17,Wednesday,0,2,25.5,66.7,24.800001,93.52596,0.36666667,100.0,2.801504
2026-06-24 17:21:13,17,Wednesday,0,2,25.5,66.2,24.7975,93.54937,0.365,100.0,2.840956
2026-06-24 17:22:13,17,Wednesday,0,2,25.4,65.8,24.795,93.57278,0.36333334,100.0,2.880408
2026-06-24 17:23:13,17,Wednesday,0,2,25.4,65.7,24.792501,93.59618,0.36166668,100.0,2.9198601
2026-06-24 17:24:13,17,Wednesday,0,2,25.3,65.6,24.79,93.61959,0.36,100.0,2.9593124
2026-06-24 17:25:13,17,Wednesday,0,2,25.2,65.3,24.7875,93.643,0.35833335,100.0,2.9987645
2026-06-24 17:26:13,17,Wednesday,0,2,25.2,65.3,24.785,93.666405,0.35666668,100.0,3.0382166
2026-06-24 17:27:13,17,Wednesday,0,2,25.2,65.2,24.782501,93.68981,0.35500002,100.0,3.0776687
2026-06-24 17:28:13,17,Wednesday,0,2,25.1,65.1,24.78,93.71322,0.35333335,100.0,3.117121
2026-06-24 17:29:13,17,Wednesday,0,2,25.1,65.0,24.7775,93.736626,0.3516667,100.0,3.156573
2026-06-24 17:30:13,17,Wednesday,0,2,25.1,64.9,24.775002,93.760025,0.35000002,100.0,3.1960251
2026-06-24 17:31:13,17,Wednesday,0,2,25.0,64.7,24.772501,93.78343,0.34833333,100.0,3.2354772
2026-06-24 17:32:13,17,Wednesday,0,2,25.0,64.8,24.77,93.80684,0.34666666,100.0,3.2749293
2026-06-24 17:33:13,17,Wednesday,0,2,24.9,64.8,24.7675,93.830246,0.345,100.0,3.3143816
2026-06-24 17:34:13,17,Wednesday,0,2,24.9,64.9,24.765001,93.85365,0.34333333,100.0,3.3538337
2026-06-24 17:35:13,17,Wednesday,0,2,24.9,65.0,24.7625,93.87706,0.34166667,100.0,3.3932858
2026-06-24 17:36:13,17,Wednesday,0,2,24.9,64.7,24.76,93.90047,0.34,100.0,3.4327378
2026-06-24 17:37:13,17,Wednesday,0,2,24.8,64.7,24.7575,93.923874,0.33833334,100.0,3.4721901
2026-06-24 17:38:13,17,Wednesday,0,2,24.8,64.5,24.755001,93.94728,0.33666667,100.0,3.5116422
2026-06-24 17:39:13,17,Wednesday,0,2,24.7,64.3,24.7525,93.97069,0.335,100.0,3.5510943
2026-06-24 17:40:13,17,Wednesday,0,2,24.7,64.3,24.75,93.994095,0.33333334,100.0,3.5905464
2026-06-24 17:41:13,17,Wednesday,0,2,24.6,64.2,24.747501,94.0175,0.33166668,100.0,3.6299987
2026-06-24 17:42:13,17,Wednesday,0,2,24.6,64.1,24.745,94.04091,0.33,100.0,3.6694508
2026-06-24 17:43:13,17,Wednesday,0,2,24.6,64.2,24.7425,94.064316,0.32833335,100.0,3.7089028
2026-06-24 17:44:13,17,Wednesday,0,2,24.6,64.2,24.74,94.08772,0.32666668,100.0,3.748355
2026-06-24 17:45:13,17,Wednesday,0,2,24.5,64.2,24.737501,94.11113,0.32500002,100.0,3.787807
2026-06-24 17:46:13,17,Wednesday,0,2,24.5,64.1,24.735,94.13454,0.32333335,100.0,3.8272593
2026-06-24 17:47:13,17,Wednesday,0,2,24.5,64.0,24.7325,94.15794,0.3216667,100.0,3.8667114
2026-06-24 17:48:13,17,Wednesday,0,2,24.5,63.9,24.730001,94.18135,0.32000002,100.0,3.9061635
2026-06-24 17:49:13,17,Wednesday,0,2,24.5,63.9,24.7275,94.20476,0.31833336,100.0,3.9456155
2026-06-24 17:50:13,17,Wednesday,0,2,24.5,63.8,24.725,94.228165,0.31666666,100.0,3.9850678
2026-06-24 17:51:13,17,Wednesday,0,2,24.5,63.8,24.7225,94.25157,0.315,100.0,4.02452
2026-06-24 17:52:13,17,Wednesday,0,2,24.4,63.8,24.720001,94.27498,0.31333333,100.0,4.063972
2026-06-24 17:53:13,17,Wednesday,0,2,24.4,63.8,24.7175,94.298386,0.31166667,100.0,4.103424
2026-06-24 17:54:13,17,Wednesday,0,2,24.4,63.8,24.715,94.32179,0.31,100.0,4.142876
2026-06-24 17:55:13,17,Wednesday,0,2,24.4,63.7,24.712502,94.3452,0.30833334,100.0,4.182328
2026-06-24 17:56:13,17,Wednesday,0,2,24.3,63.6,24.710001,94.36861,0.30666667,100.0,4.221781
2026-06-24 17:57:13,17,Wednesday,0,2,24.2,63.6,24.7075,94.39201,0.305,100.0,4.261233
2026-06-24 17:58:13,17,Wednesday,0,2,24.2,63.7,24.705,94.41542,0.30333334,100.0,4.300685
2026-06-24 17:59:13,17,Wednesday,0,2,24.2,63.5,24.702501,94.43883,0.30166668,100.0,4.340137
2026-06-24 18:00:13,18,Wednesday,0,2,24.2,63.4,24.7,94.462234,0.3,100.0,4.379589
2026-06-24 18:01:13,18,Wednesday,0,2,24.1,63.4,24.691668,94.452415,0.29500002,100.0,4.381596
2026-06-24 18:02:13,18,Wednesday,0,2,24.1,63.2,24.683334,94.4426,0.29000002,100.0,4.3836026
2026-06-24 18:03:13,18,Wednesday,0,2,24.1,63.2,24.675001,94.43277,0.28500003,100.0,4.3856096
2026-06-24 18:04:13,18,Wednesday,0,2,24.0,63.0,24.666668,94.42295,0.28,100.0,4.3876166
2026-06-24 18:05:13,18,Wednesday,0,2,24.0,63.1,24.658335,94.41313,0.275,100.0,4.389623
2026-06-24 18:06:13,18,Wednesday,0,2,24.0,63.0,24.650002,94.40331,0.27,100.0,4.39163
2026-06-24 18:07:13,18,Wednesday,0,2,24.0,63.0,24.641668,94.39349,0.26500002,100.0,4.393637
2026-06-24 18:08:13,18,Wednesday,0,2,24.0,63.0,24.633333,94.383675,0.26000002,100.0,4.3956437
2026-06-24 18:09:14,18,Wednesday,0,2,23.9,62.8,24.625,94.37385,0.255,100.0,4.3976507
2026-06-24 18:10:14,18,Wednesday,0,2,23.9,62.8,24.616667,94.36403,0.25,100.0,4.3996577
2026-06-24 18:11:14,18,Wednesday,0,2,24.0,62.6,24.608334,94.35421,0.245,100.0,4.4016643
2026-06-24 18:12:14,18,Wednesday,0,2,24.0,62.4,24.6,94.34439,0.24000001,100.0,4.4036713
2026-06-24 18:13:14,18,Wednesday,0,2,23.9,62.2,24.591667,94.33457,0.23500001,100.0,4.4056783
2026-06-24 18:14:14,18,Wednesday,0,2,23.9,62.3,24.583334,94.324745,0.23,100.0,4.407685
2026-06-24 18:15:14,18,Wednesday,0,2,23.9,62.4,24.575,94.314926,0.22500001,100.0,4.409692
2026-06-24 18:16:14,18,Wednesday,0,2,23.8,62.3,24.566668,94.30511,0.22000001,100.0,4.411699
2026-06-24 18:17:14,18,Wednesday,0,2,23.8,62.3,24.558334,94.29529,0.215,100.0,4.4137053
2026-06-24 18:18:14,18,Wednesday,0,2,23.8,62.1,24.550001,94.28547,0.21000001,100.0,4.4157124
2026-06-24 18:19:14,18,Wednesday,0,2,23.8,62.2,24.541668,94.27565,0.20500001,100.0,4.4177194
2026-06-24 18:20:14,18,Wednesday,0,2,23.7,62.2,24.533335,94.26582,0.2,100.0,4.419726
2026-06-24 18:21:14,18,Wednesday,0,2,23.7,62.1,24.525002,94.256004,0.19500001,100.0,4.421733
2026-06-24 18:22:14,18,Wednesday,0,2,23.7,62.1,24.516668,94.246185,0.19000001,100.0,4.42374
2026-06-24 18:23:14,18,Wednesday,0,2,23.7,61.8,24.508333,94.23637,0.185,100.0,4.4257464
2026-06-24 18:24:14,18,Wednesday,0,2,23.6,61.8,24.5,94.22655,0.18,100.0,4.4277534
2026-06-24 18:25:14,18,Wednesday,0,2,23.6,61.8,24.491667,94.21672,0.17500001,100.0,4.4297605
2026-06-24 18:26:14,18,Wednesday,0,2,23.6,61.7,24.483334,94.2069,0.17,100.0,4.431767
2026-06-24 18:27:14,18,Wednesday,0,2,23.6,61.6,24.475,94.19708,0.165,100.0,4.433774
2026-06-24 18:28:14,18,Wednesday,0,2,23.6,61.7,24.466667,94.18726,0.16000001,100.0,4.435781
2026-06-24 18:29:14,18,Wednesday,0,2,23.6,61.7,24.458334,94.177444,0.155,100.0,4.4377875
2026-06-24 18:30:14,18,Wednesday,0,2,23.6,61.9,24.45,94.16762,0.15,100.0,4.4397945
2026-06-24 18:31:14,18,Wednesday,0,2,23.6,61.8,24.441668,94.1578,0.14500001,100.0,4.4418015
2026-06-24 18:32:14,18,Wednesday,0,2,23.5,61.7,24.433334,94.14798,0.14,100.0,4.443808
2026-06-24 18:33:14,18,Wednesday,0,2,23.5,61.8,24.425001,94.13816,0.135,100.0,4.445815
2026-06-24 18:34:14,18,Wednesday,0,2,23.5,61.8,24.416668,94.12834,0.13000001,100.0,4.447822
2026-06-24 18:35:14,18,Wednesday,0,2,23.5,61.7,24.408335,94.11852,0.125,100.0,4.4498286
2026-06-24 18:36:14,18,Wednesday,0,2,23.4,61.9,24.400002,94.108696,0.120000005,100.0,4.4518356
2026-06-24 18:37:14,18,Wednesday,0,2,23.5,61.9,24.391668,94.09888,0.115,100.0,4.4538426
2026-06-24 18:38:14,18,Wednesday,0,2,23.4,61.9,24.383333,94.08906,0.11000001,100.0,4.455849
2026-06-24 18:39:14,18,Wednesday,0,2,23.4,61.9,24.375,94.07924,0.105000004,100.0,4.457856
2026-06-24 18:40:14,18,Wednesday,0,2,23.4,61.9,24.366667,94.06942,0.1,100.0,4.459863
2026-06-24 18:41:14,18,Wednesday,0,2,23.4,61.8,24.358334,94.05959,0.095000006,100.0,4.4618697
2026-06-24 18:42:14,18,Wednesday,0,2,23.4,61.8,24.35,94.049774,0.09,100.0,4.4638767
2026-06-24 18:43:14,18,Wednesday,0,2,23.4,61.9,24.341667,94.039955,0.085,100.0,4.4658837
2026-06-24 18:44:14,18,Wednesday,0,2,23.3,62.0,24.333334,94.030136,0.080000006,100.0,4.4678903
2026-06-24 18:45:14,18,Wednesday,0,2,23.4,62.0,24.325,94.02032,0.075,100.0,4.4698973
2026-06-24 18:46:14,18,Wednesday,0,2,23.4,62.1,24.316668,94.0105,0.07,100.0,4.4719043
2026-06-24 18:47:14,18,Wednesday,0,2,23.4,62.0,24.308334,94.00067,0.065000005,100.0,4.473911
2026-06-24 18:48:14,18,Wednesday,0,2,23.3,62.0,24.300001,93.99085,0.060000002,100.0,4.475918
2026-06-24 18:49:14,18,Wednesday,0,2,23.3,62.0,24.291668,93.98103,0.055000003,100.0,4.477925
2026-06-24 18:50:14,18,Wednesday,0,2,23.3,62.2,24.283335,93.971214,0.05,100.0,4.4799314
2026-06-24 18:51:14,18,Wednesday,0,2,23.3,62.2,24.275002,93.961395,0.045,100.0,4.4819384
2026-06-24 18:52:14,18,Wednesday,0,2,23.3,62.1,24.266668,93.95157,0.040000003,100.0,4.4839454
2026-06-24 18:53:14,18,Wednesday,0,2,23.2,62.2,24.258333,93.94175,0.035,100.0,4.485952
2026-06-24 18:54:14,18,Wednesday,0,2,23.2,62.2,24.25,93.93193,0.030000001,100.0,4.487959
2026-06-24 18:55:14,18,Wednesday,0,2,23.2,62.2,24.241667,93.92211,0.025,100.0,4.489966
2026-06-24 18:56:14,18,Wednesday,0,2,23.2,62.4,24.233334,93.91229,0.020000001,100.0,4.4919724
2026-06-24 18:57:14,18,Wednesday,0,2,23.2,62.3,24.225,93.90247,0.015000001,100.0,4.4939795
2026-06-24 18:58:14,18,Wednesday,0,2,23.2,62.3,24.216667,93.89265,0.010000001,100.0,4.4959865
2026-06-24 18:59:14,18,Wednesday,0,2,23.2,62.2,24.208334,93.88283,0.0050000004,100.0,4.497993
2026-06-24 19:00:14,19,Wednesday,0,2,23.2,62.1,24.2,93.87301,0.0,100.0,4.5
2026-06-24 19:01:14,19,Wednesday,0,2,23.2,62.0,24.1975,93.89673,0.0,100.0,4.459205
2026-06-24 19:02:14,19,Wednesday,0,2,23.2,62.1,24.195002,93.92044,0.0,100.0,4.4184103
2026-06-24 19:03:15,19,Wednesday,0,2,23.2,62.1,24.192501,93.94416,0.0,100.0,4.377616
2026-06-24 19:04:15,19,Wednesday,0,2,23.2,62.1,24.19,93.96788,0.0,100.0,4.336821
2026-06-24 19:05:15,19,Wednesday,0,2,23.2,61.8,24.1875,93.99159,0.0,100.0,4.296026
2026-06-24 19:06:15,19,Wednesday,0,2,23.2,62.0,24.185001,94.01531,0.0,100.0,4.2552314
2026-06-24 19:07:15,19,Wednesday,0,2,23.1,62.0,24.1825,94.03903,0.0,100.0,4.214437
2026-06-24 19:08:15,19,Wednesday,0,2,23.1,62.1,24.18,94.06275,0.0,100.0,4.173642
2026-06-24 19:09:15,19,Wednesday,0,2,23.1,62.0,24.1775,94.086464,0.0,100.0,4.1328473
2026-06-24 19:10:15,19,Wednesday,0,2,23.1,62.1,24.175001,94.11018,0.0,100.0,4.0920525
2026-06-24 19:11:15,19,Wednesday,0,2,23.1,62.1,24.1725,94.1339,0.0,100.0,4.051258
2026-06-24 19:12:15,19,Wednesday,0,2,23.1,62.1,24.17,94.157616,0.0,100.0,4.010463
2026-06-24 19:13:15,19,Wednesday,0,2,23.1,62.0,24.1675,94.181335,0.0,100.0,3.9696684
2026-06-24 19:14:15,19,Wednesday,0,2,23.1,62.1,24.165,94.205055,0.0,100.0,3.9288738
2026-06-24 19:15:15,19,Wednesday,0,2,23.0,62.2,24.1625,94.228775,0.0,100.0,3.888079
2026-06-24 19:16:15,19,Wednesday,0,2,23.1,62.2,24.16,94.25249,0.0,100.0,3.847284
2026-06-24 19:17:15,19,Wednesday,0,2,23.1,62.1,24.157501,94.27621,0.0,100.0,3.8064895
2026-06-24 19:18:15,19,Wednesday,0,2,23.1,62.4,24.155,94.29993,0.0,100.0,3.7656946
2026-06-24 19:19:15,19,Wednesday,0,2,23.1,62.4,24.1525,94.32364,0.0,100.0,3.7249
2026-06-24 19:20:15,19,Wednesday,0,2,23.1,62.6,24.15,94.34736,0.0,100.0,3.6841052
2026-06-24 19:21:15,19,Wednesday,0,2,23.1,62.8,24.147501,94.37108,0.0,100.0,3.6433105
2026-06-24 19:22:15,19,Wednesday,0,2,23.1,62.7,24.145,94.39479,0.0,100.0,3.6025157
2026-06-24 19:23:15,19,Wednesday,0,2,23.1,62.8,24.1425,94.41851,0.0,100.0,3.561721
2026-06-24 19:24:15,19,Wednesday,0,2,23.1,62.9,24.14,94.44223,0.0,100.0,3.5209262
2026-06-24 19:25:15,19,Wednesday,0,2,23.1,63.1,24.1375,94.46594,0.0,100.0,3.4801316
2026-06-24 19:26:15,19,Wednesday,0,2,23.1,63.1,24.135,94.48966,0.0,100.0,3.4393368
2026-06-24 19:27:15,19,Wednesday,0,2,23.1,63.0,24.1325,94.51338,0.0,100.0,3.3985422
2026-06-24 19:28:15,19,Wednesday,0,2,23.1,63.2,24.13,94.5371,0.0,100.0,3.3577473
2026-06-24 19:29:15,19,Wednesday,0,2,23.1,63.1,24.1275,94.560814,0.0,100.0,3.3169527
2026-06-24 19:30:15,19,Wednesday,0,2,23.1,63.3,24.125,94.58453,0.0,100.0,3.2761579
2026-06-24 19:31:15,19,Wednesday,0,2,23.1,63.4,24.1225,94.60825,0.0,100.0,3.235363
2026-06-24 19:32:15,19,Wednesday,0,2,23.1,63.2,24.12,94.631966,0.0,100.0,3.1945684
2026-06-24 19:33:15,19,Wednesday,0,2,23.1,63.2,24.1175,94.655685,0.0,100.0,3.1537735
2026-06-24 19:34:15,19,Wednesday,0,2,23.1,63.2,24.115,94.679405,0.0,100.0,3.112979
2026-06-24 19:35:15,19,Wednesday,0,2,23.0,63.2,24.1125,94.703125,0.0,100.0,3.072184
2026-06-24 19:36:15,19,Wednesday,0,2,23.0,63.2,24.11,94.72684,0.0,100.0,3.0313895
2026-06-24 19:37:15,19,Wednesday,0,2,23.0,63.3,24.1075,94.75056,0.0,100.0,2.9905946
2026-06-24 19:38:15,19,Wednesday,0,2,23.1,63.1,24.105,94.77428,0.0,100.0,2.9498
2026-06-24 19:39:15,19,Wednesday,0,2,23.0,63.0,24.102499,94.79799,0.0,100.0,2.9090052
2026-06-24 19:40:15,19,Wednesday,0,2,23.0,63.2,24.1,94.82171,0.0,100.0,2.8682106
2026-06-24 19:41:15,19,Wednesday,0,2,23.0,63.1,24.0975,94.84543,0.0,100.0,2.8274157
2026-06-24 19:42:15,19,Wednesday,0,2,22.9,63.2,24.095,94.86914,0.0,100.0,2.786621
2026-06-24 19:43:15,19,Wednesday,0,2,23.0,63.2,24.092499,94.89286,0.0,100.0,2.7458262
2026-06-24 19:44:15,19,Wednesday,0,2,22.9,63.2,24.09,94.91658,0.0,100.0,2.7050316
2026-06-24 19:45:15,19,Wednesday,0,2,23.0,63.3,24.0875,94.94029,0.0,100.0,2.6642368
2026-06-24 19:46:15,19,Wednesday,0,2,22.9,63.3,24.085,94.96401,0.0,100.0,2.623442
2026-06-24 19:47:15,19,Wednesday,0,2,22.9,63.3,24.0825,94.98773,0.0,100.0,2.5826473
2026-06-24 19:48:15,19,Wednesday,0,2,22.9,63.3,24.08,95.01145,0.0,100.0,2.5418525
2026-06-24 19:49:15,19,Wednesday,0,2,22.9,63.4,24.0775,95.035164,0.0,100.0,2.5010579
2026-06-24 19:50:15,19,Wednesday,0,2,22.9,63.4,24.074999,95.05888,0.0,100.0,2.460263
2026-06-24 19:51:15,19,Wednesday,0,2,22.9,63.4,24.0725,95.0826,0.0,100.0,2.4194684
2026-06-24 19:52:15,19,Wednesday,0,2,22.9,63.2,24.07,95.106316,0.0,100.0,2.3786736
2026-06-24 19:53:15,19,Wednesday,0,2,22.9,63.3,24.0675,95.130035,0.0,100.0,2.337879
2026-06-24 19:54:15,19,Wednesday,0,2,22.9,63.4,24.064999,95.153755,0.0,100.0,2.297084
2026-06-24 19:55:15,19,Wednesday,0,2,22.9,63.5,24.0625,95.177475,0.0,100.0,2.2562895
2026-06-24 19:56:16,19,Wednesday,0,2,22.9,63.4,24.06,95.20119,0.0,100.0,2.2154946
2026-06-24 19:57:16,19,Wednesday,0,2,22.8,63.4,24.057499,95.22491,0.0,100.0,2.1747
2026-06-24 19:58:16,19,Wednesday,0,2,22.8,63.4,24.054998,95.24863,0.0,100.0,2.1339052
2026-06-24 19:59:16,19,Wednesday,0,2,22.9,63.3,24.0525,95.27234,0.0,100.0,2.0931106
2026-06-24 20:00:16,20,Wednesday,0,2,22.8,63.4,24.05,95.29606,0.0,100.0,2.0523157
2026-06-24 20:01:16,20,Wednesday,0,2,22.8,63.3,24.053333,95.29617,0.0,100.0,2.0248187
2026-06-24 20:02:16,20,Wednesday,0,2,22.9,63.3,24.056665,95.29629,0.0,100.0,1.9973216
2026-06-24 20:03:16,20,Wednesday,0,2,22.8,63.3,24.06,95.2964,0.0,100.0,1.9698246
2026-06-24 20:04:16,20,Wednesday,0,2,22.8,63.5,24.063334,95.29652,0.0,100.0,1.9423275
2026-06-24 20:05:16,20,Wednesday,0,2,22.8,63.5,24.066666,95.29663,0.0,100.0,1.9148304
2026-06-24 20:06:16,20,Wednesday,0,2,22.7,63.4,24.07,95.296745,0.0,100.0,1.8873334
2026-06-24 20:07:16,20,Wednesday,0,2,22.8,63.3,24.073332,95.29686,0.0,100.0,1.8598363
2026-06-24 20:08:16,20,Wednesday,0,2,22.8,63.4,24.076666,95.296974,0.0,100.0,1.8323393
2026-06-24 20:09:16,20,Wednesday,0,2,22.8,63.3,24.08,95.29709,0.0,100.0,1.8048422
2026-06-24 20:10:16,20,Wednesday,0,2,22.8,63.4,24.083332,95.2972,0.0,100.0,1.7773452
2026-06-24 20:11:16,20,Wednesday,0,2,22.7,63.4,24.086666,95.29732,0.0,100.0,1.7498481
2026-06-24 20:12:16,20,Wednesday,0,2,22.8,63.5,24.09,95.29743,0.0,100.0,1.7223511
2026-06-24 20:13:16,20,Wednesday,0,2,22.8,63.3,24.093332,95.29755,0.0,100.0,1.694854
2026-06-24 20:14:16,20,Wednesday,0,2,22.7,63.4,24.096666,95.29766,0.0,100.0,1.6673568
2026-06-24 20:15:16,20,Wednesday,0,2,22.8,63.5,24.099998,95.297775,0.0,100.0,1.6398598
2026-06-24 20:16:16,20,Wednesday,0,2,22.8,63.4,24.103333,95.29789,0.0,100.0,1.6123627
2026-06-24 20:17:16,20,Wednesday,0,2,22.8,63.5,24.106667,95.298004,0.0,100.0,1.5848657
2026-06-24 20:18:16,20,Wednesday,0,2,22.8,63.6,24.109999,95.29812,0.0,100.0,1.5573686
2026-06-24 20:19:16,20,Wednesday,0,2,22.7,63.6,24.113333,95.29823,0.0,100.0,1.5298716
2026-06-24 20:20:16,20,Wednesday,0,2,22.8,63.6,24.116667,95.29835,0.0,100.0,1.5023745
2026-06-24 20:21:16,20,Wednesday,0,2,22.7,63.6,24.119999,95.29846,0.0,100.0,1.4748775
2026-06-24 20:22:16,20,Wednesday,0,2,22.7,63.5,24.123333,95.29858,0.0,100.0,1.4473804
2026-06-24 20:23:16,20,Wednesday,0,2,22.7,63.7,24.126667,95.29869,0.0,100.0,1.4198834
2026-06-24 20:24:16,20,Wednesday,0,2,22.7,63.7,24.13,95.298805,0.0,100.0,1.3923863
2026-06-24 20:25:16,20,Wednesday,0,2,22.7,63.9,24.133333,95.29892,0.0,100.0,1.3648893
2026-06-24 20:26:16,20,Wednesday,0,2,22.7,63.9,24.136665,95.299034,0.0,100.0,1.3373922
2026-06-24 20:27:16,20,Wednesday,0,2,22.7,63.9,24.14,95.29915,0.0,100.0,1.3098952
2026-06-24 20:28:16,20,Wednesday,0,2,22.7,64.1,24.143333,95.29926,0.0,100.0,1.2823981
2026-06-24 20:29:16,20,Wednesday,0,2,22.8,64.1,24.146666,95.29938,0.0,100.0,1.254901
2026-06-24 20:30:16,20,Wednesday,0,2,22.8,64.2,24.15,95.299484,0.0,100.0,1.227404
2026-06-24 20:31:16,20,Wednesday,0,2,22.8,64.2,24.153334,95.2996,0.0,100.0,1.199907
2026-06-24 20:32:16,20,Wednesday,0,2,22.8,64.3,24.156666,95.29971,0.0,100.0,1.1724099
2026-06-24 20:33:16,20,Wednesday,0,2,22.8,64.2,24.16,95.29983,0.0,100.0,1.1449128
2026-06-24 20:34:16,20,Wednesday,0,2,22.8,64.3,24.163334,95.29994,0.0,100.0,1.1174158
2026-06-24 20:35:16,20,Wednesday,0,2,22.8,64.5,24.166666,95.30006,0.0,100.0,1.0899187
2026-06-24 20:36:16,20,Wednesday,0,2,22.8,64.5,24.17,95.30017,0.0,100.0,1.0624217
2026-06-24 20:37:16,20,Wednesday,0,2,22.8,64.6,24.173332,95.300285,0.0,100.0,1.0349246
2026-06-24 20:38:16,20,Wednesday,0,2,22.8,64.7,24.176666,95.3004,0.0,100.0,1.0074276
2026-06-24 20:39:16,20,Wednesday,0,2,22.7,64.7,24.18,95.300514,0.0,100.0,0.97993046
2026-06-24 20:40:16,20,Wednesday,0,2,22.7,64.8,24.183332,95.30063,0.0,100.0,0.9524334
2026-06-24 20:41:16,20,Wednesday,0,2,22.7,64.8,24.186666,95.30074,0.0,100.0,0.92493635
2026-06-24 20:42:16,20,Wednesday,0,2,22.8,64.9,24.19,95.30086,0.0,100.0,0.8974393
2026-06-24 20:43:16,20,Wednesday,0,2,22.7,65.1,24.193333,95.30097,0.0,100.0,0.86994225
2026-06-24 20:44:16,20,Wednesday,0,2,22.8,65.1,24.196667,95.30109,0.0,100.0,0.8424452
2026-06-24 20:45:16,20,Wednesday,0,2,22.8,65.0,24.2,95.3012,0.0,100.0,0.81494814
2026-06-24 20:46:16,20,Wednesday,0,2,22.7,65.0,24.203333,95.301315,0.0,100.0,0.7874511
2026-06-24 20:47:16,20,Wednesday,0,2,22.8,65.1,24.206667,95.30143,0.0,100.0,0.759954
2026-06-24 20:48:16,20,Wednesday,0,2,22.8,65.0,24.21,95.301544,0.0,100.0,0.7324569
2026-06-24 20:49:16,20,Wednesday,0,2,22.8,65.2,24.213333,95.30166,0.0,100.0,0.70495987
2026-06-24 20:50:16,20,Wednesday,0,2,22.7,65.1,24.216667,95.30177,0.0,100.0,0.6774628
2026-06-24 20:51:17,20,Wednesday,0,2,22.8,65.1,24.22,95.30189,0.0,100.0,0.64996576
2026-06-24 20:52:17,20,Wednesday,0,2,22.8,65.1,24.223333,95.302,0.0,100.0,0.6224687
2026-06-24 20:53:17,20,Wednesday,0,2,22.8,65.1,24.226667,95.30212,0.0,100.0,0.59497166
2026-06-24 20:54:17,20,Wednesday,0,2,22.8,65.1,24.23,95.30223,0.0,100.0,0.5674746
2026-06-24 20:55:17,20,Wednesday,0,2,22.8,65.1,24.233334,95.302345,0.0,100.0,0.53997755
2026-06-24 20:56:17,20,Wednesday,0,2,22.8,65.0,24.236666,95.30246,0.0,100.0,0.5124805
2026-06-24 20:57:17,20,Wednesday,0,2,22.7,65.1,24.24,95.302574,0.0,100.0,0.4849834
2026-06-24 20:58:17,20,Wednesday,0,2,22.8,65.1,24.243334,95.30269,0.0,100.0,0.45748636
2026-06-24 20:59:17,20,Wednesday,0,2,22.8,65.1,24.246666,95.3028,0.0,100.0,0.4299893
2026-06-24 21:00:17,21,Wednesday,0,2,22.7,65.1,24.25,95.30292,0.0,100.0,0.40249225
2026-06-24 21:01:17,21,Wednesday,0,2,22.7,65.2,24.249166,95.246284,0.0,100.0,0.42710498
2026-06-24 21:02:17,21,Wednesday,0,2,22.7,65.0,24.248333,95.18966,0.0,100.0,0.45171767
2026-06-24 21:03:17,21,Wednesday,0,2,22.7,65.0,24.2475,95.133026,0.0,100.0,0.4763304
2026-06-24 21:04:17,21,Wednesday,0,2,22.7,65.2,24.246666,95.07639,0.0,100.0,0.5009431
2026-06-24 21:05:17,21,Wednesday,0,2,22.7,65.0,24.245834,95.01976,0.0,100.0,0.52555585
2026-06-24 21:06:17,21,Wednesday,0,2,22.7,65.1,24.245,94.963135,0.0,100.0,0.5501686
2026-06-24 21:07:17,21,Wednesday,0,2,22.7,64.9,24.244167,94.9065,0.0,100.0,0.57478124
2026-06-24 21:08:17,21,Wednesday,0,2,22.7,64.8,24.243334,94.84987,0.0,100.0,0.59939396
2026-06-24 21:09:17,21,Wednesday,0,2,22.6,65.0,24.2425,94.79324,0.0,100.0,0.6240067
2026-06-24 21:10:17,21,Wednesday,0,2,22.6,64.9,24.241667,94.73661,0.0,100.0,0.6486194
2026-06-24 21:11:17,21,Wednesday,0,2,22.7,64.8,24.240833,94.67998,0.0,100.0,0.67323214
2026-06-24 21:12:17,21,Wednesday,0,2,22.7,64.8,24.24,94.62335,0.0,100.0,0.69784486
2026-06-24 21:13:17,21,Wednesday,0,2,22.6,64.6,24.239166,94.56672,0.0,100.0,0.7224575
2026-06-24 21:14:17,21,Wednesday,0,2,22.6,64.5,24.238333,94.510086,0.0,100.0,0.74707025
2026-06-24 21:15:17,21,Wednesday,0,2,22.6,64.5,24.2375,94.45346,0.0,100.0,0.771683
2026-06-24 21:16:17,21,Wednesday,0,2,22.6,64.5,24.236668,94.39683,0.0,100.0,0.7962957
2026-06-24 21:17:17,21,Wednesday,0,2,22.5,64.4,24.235834,94.340195,0.0,100.0,0.8209084
2026-06-24 21:18:17,21,Wednesday,0,2,22.5,64.4,24.235,94.28356,0.0,100.0,0.84552115
2026-06-24 21:19:17,21,Wednesday,0,2,22.6,64.3,24.234167,94.22694,0.0,100.0,0.8701338
2026-06-24 21:20:17,21,Wednesday,0,2,22.5,64.3,24.233334,94.1703,0.0,100.0,0.89474654
2026-06-24 21:21:17,21,Wednesday,0,2,22.5,64.3,24.2325,94.11367,0.0,100.0,0.91935927
2026-06-24 21:22:17,21,Wednesday,0,2,22.5,64.1,24.231667,94.057045,0.0,100.0,0.943972
2026-06-24 21:23:17,21,Wednesday,0,2,22.5,64.1,24.230833,94.00041,0.0,100.0,0.9685847
2026-06-24 21:24:17,21,Wednesday,0,2,22.5,64.1,24.23,93.94378,0.0,100.0,0.99319744
2026-06-24 21:25:17,21,Wednesday,0,2,22.5,64.0,24.229168,93.887146,0.0,100.0,1.0178101
2026-06-24 21:26:17,21,Wednesday,0,2,22.5,63.8,24.228334,93.83052,0.0,100.0,1.0424229
2026-06-24 21:27:17,21,Wednesday,0,2,22.5,63.9,24.2275,93.77389,0.0,100.0,1.0670356
2026-06-24 21:28:17,21,Wednesday,0,2,22.5,63.8,24.226667,93.717255,0.0,100.0,1.0916483
2026-06-24 21:29:17,21,Wednesday,0,2,22.5,63.9,24.225834,93.66063,0.0,100.0,1.116261
2026-06-24 21:30:17,21,Wednesday,0,2,22.5,63.8,24.225,93.604,0.0,100.0,1.1408737
2026-06-24 21:31:17,21,Wednesday,0,2,22.5,63.7,24.224167,93.54736,0.0,100.0,1.1654865
2026-06-24 21:32:17,21,Wednesday,0,2,22.5,63.7,24.223333,93.49074,0.0,100.0,1.1900991
2026-06-24 21:33:17,21,Wednesday,0,2,22.4,63.7,24.2225,93.434105,0.0,100.0,1.2147119
2026-06-24 21:34:17,21,Wednesday,0,2,22.4,63.7,24.221666,93.37747,0.0,100.0,1.2393246
2026-06-24 21:35:17,21,Wednesday,0,2,22.4,63.7,24.220833,93.32085,0.0,100.0,1.2639372
2026-06-24 21:36:17,21,Wednesday,0,2,22.4,63.6,24.220001,93.26421,0.0,100.0,1.28855
2026-06-24 21:37:17,21,Wednesday,0,2,22.3,63.7,24.219168,93.20758,0.0,100.0,1.3131627
2026-06-24 21:38:17,21,Wednesday,0,2,22.3,63.7,24.218334,93.15095,0.0,100.0,1.3377755
2026-06-24 21:39:17,21,Wednesday,0,2,22.3,63.6,24.2175,93.09432,0.0,100.0,1.3623881
2026-06-24 21:40:17,21,Wednesday,0,2,22.3,63.6,24.216667,93.03769,0.0,100.0,1.3870009
2026-06-24 21:41:17,21,Wednesday,0,2,22.3,63.7,24.215834,92.98106,0.0,100.0,1.4116136
2026-06-24 21:42:17,21,Wednesday,0,2,22.3,63.5,24.215,92.92443,0.0,100.0,1.4362262
2026-06-24 21:43:17,21,Wednesday,0,2,22.3,63.5,24.214167,92.8678,0.0,100.0,1.460839
2026-06-24 21:44:17,21,Wednesday,0,2,22.3,63.3,24.213333,92.811165,0.0,100.0,1.4854517
2026-06-24 21:45:18,21,Wednesday,0,2,22.3,63.4,24.212502,92.75453,0.0,100.0,1.5100645
2026-06-24 21:46:18,21,Wednesday,0,2,22.3,63.2,24.211668,92.69791,0.0,100.0,1.5346771
2026-06-24 21:47:18,21,Wednesday,0,2,22.3,63.3,24.210835,92.64127,0.0,100.0,1.5592899
2026-06-24 21:48:18,21,Wednesday,0,2,22.3,63.3,24.210001,92.58464,0.0,100.0,1.5839026
2026-06-24 21:49:18,21,Wednesday,0,2,22.3,63.3,24.209167,92.528015,0.0,100.0,1.6085153
2026-06-24 21:50:18,21,Wednesday,0,2,22.3,63.5,24.208334,92.47138,0.0,100.0,1.633128
2026-06-24 21:51:18,21,Wednesday,0,2,22.3,63.4,24.2075,92.41475,0.0,100.0,1.6577407
2026-06-24 21:52:18,21,Wednesday,0,2,22.3,63.4,24.206667,92.35812,0.0,100.0,1.6823535
2026-06-24 21:53:18,21,Wednesday,0,2,22.2,63.5,24.205833,92.30149,0.0,100.0,1.7069662
2026-06-24 21:54:18,21,Wednesday,0,2,22.2,63.6,24.205,92.24486,0.0,100.0,1.7315788
2026-06-24 21:55:18,21,Wednesday,0,2,22.2,63.6,24.204166,92.18823,0.0,100.0,1.7561916
2026-06-24 21:56:18,21,Wednesday,0,2,22.2,63.7,24.203335,92.1316,0.0,100.0,1.7808043
2026-06-24 21:57:18,21,Wednesday,0,2,22.2,63.5,24.202501,92.07497,0.0,100.0,1.8054171
2026-06-24 21:58:18,21,Wednesday,0,2,22.2,63.3,24.201668,92.01833,0.0,100.0,1.8300297
2026-06-24 21:59:18,21,Wednesday,0,2,22.2,63.4,24.200834,91.96171,0.0,100.0,1.8546425
2026-06-24 22:00:18,22,Wednesday,0,2,22.2,63.3,24.2,91.905075,0.0,100.0,1.8792552
2026-06-24 22:01:18,22,Wednesday,0,2,22.2,63.3,24.206667,91.82851,0.0,100.0,1.8845539
2026-06-24 22:02:18,22,Wednesday,0,2,22.2,63.3,24.213333,91.751945,0.0,100.0,1.8898526
2026-06-24 22:03:18,22,Wednesday,0,2,22.2,63.2,24.220001,91.67538,0.0,100.0,1.8951514
2026-06-24 22:04:18,22,Wednesday,0,2,22.2,63.3,24.226667,91.598816,0.0,100.0,1.9004501
2026-06-24 22:05:18,22,Wednesday,0,2,22.2,63.2,24.233334,91.52225,0.0,100.0,1.905749
2026-06-24 22:06:18,22,Wednesday,0,2,22.2,63.4,24.240002,91.44569,0.0,100.0,1.9110477
2026-06-24 22:07:18,22,Wednesday,0,2,22.2,63.2,24.246668,91.36912,0.0,100.0,1.9163464
2026-06-24 22:08:18,22,Wednesday,0,2,22.1,63.3,24.253334,91.29256,0.0,100.0,1.9216452
2026-06-24 22:09:18,22,Wednesday,0,2,22.1,63.4,24.26,91.21599,0.0,100.0,1.9269439
2026-06-24 22:10:18,22,Wednesday,0,2,22.1,63.3,24.266666,91.13942,0.0,100.0,1.9322426
2026-06-24 22:11:18,22,Wednesday,0,2,22.1,63.3,24.273335,91.06286,0.0,100.0,1.9375414
2026-06-24 22:12:18,22,Wednesday,0,2,22.1,63.3,24.28,90.98629,0.0,100.0,1.9428401
2026-06-24 22:13:18,22,Wednesday,0,2,22.1,63.3,24.286667,90.90973,0.0,100.0,1.948139
2026-06-24 22:14:18,22,Wednesday,0,2,22.1,63.5,24.293335,90.83316,0.0,100.0,1.9534377
2026-06-24 22:15:18,22,Wednesday,0,2,22.1,63.5,24.300001,90.7566,0.0,100.0,1.9587364
2026-06-24 22:16:18,22,Wednesday,0,2,22.2,63.5,24.306667,90.68003,0.0,100.0,1.9640352
2026-06-24 22:17:18,22,Wednesday,0,2,22.2,63.7,24.313334,90.60347,0.0,100.0,1.9693339
2026-06-24 22:18:18,22,Wednesday,0,2,22.2,63.8,24.32,90.5269,0.0,100.0,1.9746326
2026-06-24 22:19:18,22,Wednesday,0,2,22.2,63.8,24.326668,90.45034,0.0,100.0,1.9799314
2026-06-24 22:20:18,22,Wednesday,0,2,22.2,63.9,24.333334,90.37377,0.0,100.0,1.9852301
2026-06-24 22:21:18,22,Wednesday,0,2,22.2,64.1,24.34,90.2972,0.0,100.0,1.9905288
2026-06-24 22:22:18,22,Wednesday,0,2,22.2,64.0,24.346668,90.22064,0.0,100.0,1.9958277
2026-06-24 22:23:18,22,Wednesday,0,2,22.2,64.2,24.353334,90.14407,0.0,100.0,2.0011263
2026-06-24 22:24:18,22,Wednesday,0,2,22.2,64.4,24.36,90.06751,0.0,100.0,2.0064251
2026-06-24 22:25:18,22,Wednesday,0,2,22.2,64.5,24.366667,89.990944,0.0,100.0,2.0117238
2026-06-24 22:26:18,22,Wednesday,0,2,22.2,64.4,24.373333,89.91438,0.0,100.0,2.0170226
2026-06-24 22:27:18,22,Wednesday,0,2,22.2,64.4,24.380001,89.837814,0.0,100.0,2.0223215
2026-06-24 22:28:18,22,Wednesday,0,2,22.2,64.6,24.386667,89.76125,0.0,100.0,2.02762
2026-06-24 22:29:18,22,Wednesday,0,2,22.2,64.7,24.393333,89.684685,0.0,100.0,2.032919
2026-06-24 22:30:18,22,Wednesday,0,2,22.2,64.7,24.400002,89.60812,0.0,100.0,2.0382175
2026-06-24 22:31:18,22,Wednesday,0,2,22.2,64.7,24.406668,89.531555,0.0,100.0,2.0435164
2026-06-24 22:32:18,22,Wednesday,0,2,22.2,64.7,24.413334,89.45499,0.0,100.0,2.048815
2026-06-24 22:33:18,22,Wednesday,0,2,22.2,64.7,24.42,89.378426,0.0,100.0,2.0541139
2026-06-24 22:34:18,22,Wednesday,0,2,22.2,64.7,24.426666,89.30186,0.0,100.0,2.0594125
2026-06-24 22:35:18,22,Wednesday,0,2,22.2,64.6,24.433334,89.225296,0.0,100.0,2.0647113
2026-06-24 22:36:18,22,Wednesday,0,2,22.2,64.7,24.44,89.14873,0.0,100.0,2.0700102
2026-06-24 22:37:18,22,Wednesday,0,2,22.1,64.8,24.446667,89.07217,0.0,100.0,2.0753088
2026-06-24 22:38:18,22,Wednesday,0,2,22.2,64.7,24.453335,88.9956,0.0,100.0,2.0806077
2026-06-24 22:39:19,22,Wednesday,0,2,22.2,64.8,24.460001,88.91904,0.0,100.0,2.0859063
2026-06-24 22:40:19,22,Wednesday,0,2,22.2,64.7,24.466667,88.84247,0.0,100.0,2.0912051
2026-06-24 22:41:19,22,Wednesday,0,2,22.2,64.5,24.473333,88.7659,0.0,100.0,2.0965037
2026-06-24 22:42:19,22,Wednesday,0,2,22.2,64.7,24.48,88.68934,0.0,100.0,2.1018026
2026-06-24 22:43:19,22,Wednesday,0,2,22.2,64.8,24.486668,88.61277,0.0,100.0,2.1071014
2026-06-24 22:44:19,22,Wednesday,0,2,22.2,64.6,24.493334,88.53621,0.0,100.0,2.1124
2026-06-24 22:45:19,22,Wednesday,0,2,22.2,64.8,24.5,88.45964,0.0,100.0,2.117699
2026-06-24 22:46:19,22,Wednesday,0,2,22.2,64.8,24.506668,88.38308,0.0,100.0,2.1229975
2026-06-24 22:47:19,22,Wednesday,0,2,22.2,64.8,24.513334,88.30651,0.0,100.0,2.1282964
2026-06-24 22:48:19,22,Wednesday,0,2,22.2,64.9,24.52,88.22995,0.0,100.0,2.133595
2026-06-24 22:49:19,22,Wednesday,0,2,22.2,64.9,24.526667,88.15338,0.0,100.0,2.1388938
2026-06-24 22:50:19,22,Wednesday,0,2,22.2,65.0,24.533333,88.07681,0.0,100.0,2.1441925
2026-06-24 22:51:19,22,Wednesday,0,2,22.2,65.1,24.54,88.00025,0.0,100.0,2.1494913
2026-06-24 22:52:19,22,Wednesday,0,2,22.2,64.9,24.546667,87.92368,0.0,100.0,2.1547902
2026-06-24 22:53:19,22,Wednesday,0,2,22.1,64.9,24.553333,87.84712,0.0,100.0,2.1600888
2026-06-24 22:54:19,22,Wednesday,0,2,22.1,65.0,24.560001,87.77055,0.0,100.0,2.1653876
2026-06-24 22:55:19,22,Wednesday,0,2,22.1,65.0,24.566668,87.69399,0.0,100.0,2.1706862
2026-06-24 22:56:19,22,Wednesday,0,2,22.1,64.9,24.573334,87.617424,0.0,100.0,2.175985
2026-06-24 22:57:19,22,Wednesday,0,2,22.1,64.9,24.58,87.54086,0.0,100.0,2.1812837
2026-06-24 22:58:19,22,Wednesday,0,2,22.1,65.0,24.586666,87.464294,0.0,100.0,2.1865826
2026-06-24 22:59:19,22,Wednesday,0,2,22.1,64.9,24.593334,87.38773,0.0,100.0,2.1918812
2026-06-24 23:00:19,23,Wednesday,0,2,22.1,64.9,24.6,87.311165,0.0,100.0,2.19718
2026-06-24 23:01:19,23,Wednesday,0,2,22.1,65.0,24.615,87.330185,0.0,100.0,2.1930103
2026-06-24 23:02:19,23,Wednesday,0,2,22.1,65.0,24.630001,87.3492,0.0,100.0,2.1888406
2026-06-24 23:03:19,23,Wednesday,0,2,22.1,65.0,24.645,87.36822,0.0,100.0,2.184671
2026-06-24 23:04:19,23,Wednesday,0,2,22.1,65.1,24.66,87.38724,0.0,100.0,2.1805012
2026-06-24 23:05:19,23,Wednesday,0,2,22.1,65.0,24.675001,87.40626,0.0,100.0,2.1763315
2026-06-24 23:06:19,23,Wednesday,0,2,22.1,65.0,24.69,87.42527,0.0,100.0,2.1721618
2026-06-24 23:07:19,23,Wednesday,0,2,22.1,64.9,24.705,87.44429,0.0,100.0,2.167992
2026-06-24 23:08:19,23,Wednesday,0,2,22.1,65.2,24.720001,87.46331,0.0,100.0,2.1638224
2026-06-24 23:09:19,23,Wednesday,0,2,22.1,65.2,24.735,87.48233,0.0,100.0,2.1596527
2026-06-24 23:10:19,23,Wednesday,0,2,22.1,65.3,24.75,87.50134,0.0,100.0,2.155483
2026-06-24 23:11:19,23,Wednesday,0,2,22.1,65.3,24.765,87.52036,0.0,100.0,2.1513133
2026-06-24 23:12:19,23,Wednesday,0,2,22.1,65.3,24.78,87.53938,0.0,100.0,2.1471436
2026-06-24 23:13:19,23,Wednesday,0,2,22.1,65.1,24.795,87.5584,0.0,100.0,2.142974
2026-06-24 23:14:19,23,Wednesday,0,2,22.1,65.1,24.81,87.577415,0.0,100.0,2.1388042
2026-06-24 23:15:19,23,Wednesday,0,2,22.1,65.1,24.825,87.596436,0.0,100.0,2.1346345
2026-06-24 23:16:19,23,Wednesday,0,2,22.1,65.1,24.84,87.615456,0.0,100.0,2.1304648
2026-06-24 23:17:19,23,Wednesday,0,2,22.1,65.0,24.855,87.63447,0.0,100.0,2.126295
2026-06-24 23:18:19,23,Wednesday,0,2,22.1,65.0,24.87,87.65349,0.0,100.0,2.1221254
2026-06-24 23:19:19,23,Wednesday,0,2,22.1,64.9,24.885,87.67251,0.0,100.0,2.1179557
2026-06-24 23:20:19,23,Wednesday,0,2,22.0,64.8,24.9,87.69153,0.0,100.0,2.113786
2026-06-24 23:21:19,23,Wednesday,0,2,22.0,64.8,24.915,87.71054,0.0,100.0,2.1096163
2026-06-24 23:22:19,23,Wednesday,0,2,22.0,64.9,24.93,87.72956,0.0,100.0,2.1054466
2026-06-24 23:23:19,23,Wednesday,0,2,22.0,65.0,24.945,87.74858,0.0,100.0,2.1012769
2026-06-24 23:24:19,23,Wednesday,0,2,22.0,64.9,24.960001,87.7676,0.0,100.0,2.0971072
2026-06-24 23:25:19,23,Wednesday,0,2,22.0,64.9,24.975,87.78661,0.0,100.0,2.0929375
2026-06-24 23:26:19,23,Wednesday,0,2,22.0,64.8,24.99,87.80563,0.0,100.0,2.0887678
2026-06-24 23:27:19,23,Wednesday,0,2,22.0,64.8,25.005001,87.82465,0.0,100.0,2.084598
2026-06-24 23:28:19,23,Wednesday,0,2,22.0,64.9,25.02,87.84367,0.0,100.0,2.0804284
2026-06-24 23:29:19,23,Wednesday,0,2,22.0,64.8,25.035,87.862686,0.0,100.0,2.0762587
2026-06-24 23:30:19,23,Wednesday,0,2,22.0,64.7,25.05,87.88171,0.0,100.0,2.0720887
2026-06-24 23:31:19,23,Wednesday,0,2,22.0,64.7,25.065,87.90073,0.0,100.0,2.067919
2026-06-24 23:32:19,23,Wednesday,0,2,22.0,64.7,25.08,87.91974,0.0,100.0,2.0637493
2026-06-24 23:33:19,23,Wednesday,0,2,22.0,64.6,25.095,87.93876,0.0,100.0,2.0595796
2026-06-24 23:34:20,23,Wednesday,0,2,22.0,64.7,25.11,87.95778,0.0,100.0,2.05541
2026-06-24 23:35:20,23,Wednesday,0,2,21.9,64.6,25.125,87.9768,0.0,100.0,2.0512402
2026-06-24 23:36:20,23,Wednesday,0,2,21.9,64.7,25.14,87.99581,0.0,100.0,2.0470705
2026-06-24 23:37:20,23,Wednesday,0,2,21.9,64.5,25.155,88.01483,0.0,100.0,2.0429008
2026-06-24 23:38:20,23,Wednesday,0,2,21.9,64.5,25.17,88.03385,0.0,100.0,2.038731
2026-06-24 23:39:20,23,Wednesday,0,2,21.9,64.7,25.185,88.05287,0.0,100.0,2.0345614
2026-06-24 23:40:20,23,Wednesday,0,2,21.9,64.6,25.2,88.071884,0.0,100.0,2.0303917
2026-06-24 23:41:20,23,Wednesday,0,2,21.9,64.6,25.215,88.090904,0.0,100.0,2.026222
2026-06-24 23:42:20,23,Wednesday,0,2,21.8,64.7,25.23,88.109924,0.0,100.0,2.0220523
2026-06-24 23:43:20,23,Wednesday,0,2,21.8,64.8,25.245,88.128944,0.0,100.0,2.0178826
2026-06-24 23:44:20,23,Wednesday,0,2,21.9,64.7,25.26,88.14796,0.0,100.0,2.013713
2026-06-24 23:45:20,23,Wednesday,0,2,21.9,64.6,25.275,88.16698,0.0,100.0,2.0095432
2026-06-24 23:46:20,23,Wednesday,0,2,21.8,64.4,25.29,88.186,0.0,100.0,2.0053735
2026-06-24 23:47:20,23,Wednesday,0,2,21.8,64.4,25.305,88.20501,0.0,100.0,2.0012038
2026-06-24 23:48:20,23,Wednesday,0,2,21.9,64.5,25.32,88.22403,0.0,100.0,1.9970341
2026-06-24 23:49:20,23,Wednesday,0,2,21.8,64.5,25.335001,88.24305,0.0,100.0,1.9928644
2026-06-24 23:50:20,23,Wednesday,0,2,21.8,64.4,25.35,88.26207,0.0,100.0,1.9886947
2026-06-24 23:51:20,23,Wednesday,0,2,21.8,64.4,25.365,88.28108,0.0,100.0,1.984525
2026-06-24 23:52:20,23,Wednesday,0,2,21.8,64.4,25.38,88.3001,0.0,100.0,1.9803553
2026-06-24 23:53:20,23,Wednesday,0,2,21.8,64.4,25.395,88.31912,0.0,100.0,1.9761856
2026-06-24 23:54:20,23,Wednesday,0,2,21.8,64.5,25.41,88.33814,0.0,100.0,1.9720159
2026-06-24 23:55:20,23,Wednesday,0,2,21.8,64.7,25.425,88.357155,0.0,100.0,1.9678462
2026-06-24 23:56:20,23,Wednesday,0,2,21.8,64.6,25.44,88.376175,0.0,100.0,1.9636765
2026-06-24 23:57:20,23,Wednesday,0,2,21.8,64.5,25.455,88.395195,0.0,100.0,1.9595068
2026-06-24 23:58:20,23,Wednesday,0,2,21.7,64.5,25.47,88.414215,0.0,100.0,1.955337
2026-06-24 23:59:20,23,Wednesday,0,2,21.7,64.4,25.485,88.43323,0.0,100.0,1.9511673
2026-06-25 00:00:20,0,Thursday,0,3,21.7,64.4,25.5,88.45225,0.0,100.0,1.9469976
2026-06-25 00:01:20,0,Thursday,0,3,21.7,64.5,25.5,88.47913,0.0016666667,99.61667,1.9640249
2026-06-25 00:02:20,0,Thursday,0,3,21.7,64.5,25.5,88.50603,0.0033333334,99.23333,1.9810523
2026-06-25 00:03:20,0,Thursday,0,3,21.8,64.4,25.5,88.53291,0.005,98.85,1.9980795
2026-06-25 00:04:20,0,Thursday,0,3,21.7,64.3,25.5,88.5598,0.006666667,98.46667,2.015107
2026-06-25 00:05:20,0,Thursday,0,3,21.7,64.3,25.5,88.58669,0.008333334,98.083336,2.032134
2026-06-25 00:06:20,0,Thursday,0,3,21.7,64.3,25.5,88.61358,0.01,97.7,2.0491614
2026-06-25 00:07:20,0,Thursday,0,3,21.7,64.3,25.5,88.640465,0.011666667,97.316666,2.0661888
2026-06-25 00:08:20,0,Thursday,0,3,21.7,64.2,25.5,88.66736,0.013333334,96.933334,2.0832162
2026-06-25 00:09:20,0,Thursday,0,3,21.7,64.1,25.5,88.694244,0.015000001,96.55,2.1002433
2026-06-25 00:10:20,0,Thursday,0,3,21.7,64.3,25.5,88.72113,0.016666668,96.166664,2.1172707
2026-06-25 00:11:20,0,Thursday,0,3,21.7,64.3,25.5,88.748024,0.018333334,95.78333,2.134298
2026-06-25 00:12:20,0,Thursday,0,3,21.7,64.2,25.5,88.77491,0.02,95.4,2.1513252
2026-06-25 00:13:20,0,Thursday,0,3,21.7,64.2,25.5,88.801796,0.021666666,95.01667,2.1683526
2026-06-25 00:14:20,0,Thursday,0,3,21.7,64.1,25.5,88.82869,0.023333333,94.63333,2.18538
2026-06-25 00:15:20,0,Thursday,0,3,21.7,64.0,25.5,88.855576,0.025,94.25,2.2024074
2026-06-25 00:16:20,0,Thursday,0,3,21.7,64.0,25.5,88.88246,0.026666667,93.86667,2.2194345
2026-06-25 00:17:20,0,Thursday,0,3,21.7,64.0,25.5,88.909355,0.028333334,93.48333,2.2364619
2026-06-25 00:18:20,0,Thursday,0,3,21.6,64.1,25.5,88.93624,0.030000001,93.1,2.2534893
2026-06-25 00:19:20,0,Thursday,0,3,21.6,64.0,25.5,88.96313,0.031666666,92.71667,2.2705164
2026-06-25 00:20:20,0,Thursday,0,3,21.6,64.0,25.5,88.99002,0.033333335,92.333336,2.2875438
2026-06-25 00:21:20,0,Thursday,0,3,21.6,64.0,25.5,89.01691,0.035,91.95,2.3045712
2026-06-25 00:22:20,0,Thursday,0,3,21.6,64.0,25.5,89.04379,0.03666667,91.566666,2.3215983
2026-06-25 00:23:20,0,Thursday,0,3,21.6,64.1,25.5,89.07069,0.038333334,91.183334,2.3386257
2026-06-25 00:24:20,0,Thursday,0,3,21.6,64.1,25.5,89.09757,0.04,90.8,2.355653
2026-06-25 00:25:20,0,Thursday,0,3,21.6,63.9,25.5,89.12446,0.041666668,90.416664,2.3726802
2026-06-25 00:26:20,0,Thursday,0,3,21.6,64.1,25.5,89.15135,0.043333333,90.03333,2.3897076
2026-06-25 00:27:20,0,Thursday,0,3,21.6,64.2,25.5,89.17824,0.045,89.65,2.406735
2026-06-25 00:28:20,0,Thursday,0,3,21.6,64.2,25.5,89.205124,0.046666667,89.26667,2.4237623
2026-06-25 00:29:20,0,Thursday,0,3,21.6,64.2,25.5,89.23202,0.048333336,88.88333,2.4407895
2026-06-25 00:30:21,0,Thursday,0,3,21.6,64.3,25.5,89.2589,0.05,88.5,2.4578168
2026-06-25 00:31:21,0,Thursday,0,3,21.6,64.3,25.5,89.28579,0.051666666,88.11667,2.4748442
2026-06-25 00:32:21,0,Thursday,0,3,21.6,64.1,25.5,89.31268,0.053333335,87.73333,2.4918714
2026-06-25 00:33:21,0,Thursday,0,3,21.6,64.3,25.5,89.33957,0.055,87.35,2.5088987
2026-06-25 00:34:21,0,Thursday,0,3,21.6,64.4,25.5,89.366455,0.05666667,86.96667,2.525926
2026-06-25 00:35:21,0,Thursday,0,3,21.6,64.2,25.5,89.39335,0.058333334,86.583336,2.5429535
2026-06-25 00:36:21,0,Thursday,0,3,21.6,64.6,25.5,89.420235,0.060000002,86.2,2.5599806
2026-06-25 00:37:21,0,Thursday,0,3,21.6,64.6,25.5,89.44712,0.061666667,85.816666,2.577008
2026-06-25 00:38:21,0,Thursday,0,3,21.6,64.8,25.5,89.474014,0.06333333,85.433334,2.5940354
2026-06-25 00:39:21,0,Thursday,0,3,21.6,64.6,25.5,89.5009,0.065,85.05,2.6110625
2026-06-25 00:40:21,0,Thursday,0,3,21.6,64.6,25.5,89.52779,0.06666667,84.666664,2.62809
2026-06-25 00:41:21,0,Thursday,0,3,21.6,64.6,25.5,89.55468,0.068333335,84.28333,2.6451173
2026-06-25 00:42:21,0,Thursday,0,3,21.6,64.7,25.5,89.581566,0.07,83.9,2.6621444
2026-06-25 00:43:21,0,Thursday,0,3,21.6,64.6,25.5,89.60845,0.071666665,83.51667,2.6791718
2026-06-25 00:44:21,0,Thursday,0,3,21.6,64.5,25.5,89.635345,0.07333334,83.13333,2.6961992
2026-06-25 00:45:21,0,Thursday,0,3,21.6,64.4,25.5,89.66223,0.075,82.75,2.7132263
2026-06-25 00:46:21,0,Thursday,0,3,21.6,64.9,25.5,89.68912,0.07666667,82.36667,2.7302537
2026-06-25 00:47:21,0,Thursday,0,3,21.6,64.8,25.5,89.71601,0.07833333,81.98333,2.747281
2026-06-25 00:48:21,0,Thursday,0,3,21.5,64.7,25.5,89.7429,0.08,81.6,2.7643085
2026-06-25 00:49:21,0,Thursday,0,3,21.5,64.7,25.5,89.76978,0.08166667,81.21667,2.7813356
2026-06-25 00:50:21,0,Thursday,0,3,21.5,64.7,25.5,89.79668,0.083333336,80.833336,2.798363
2026-06-25 00:51:21,0,Thursday,0,3,21.5,64.7,25.5,89.82356,0.085,80.45,2.8153903
2026-06-25 00:52:21,0,Thursday,0,3,21.5,64.7,25.5,89.85045,0.086666666,80.066666,2.8324175
2026-06-25 00:53:21,0,Thursday,0,3,21.5,64.7,25.5,89.87734,0.08833333,79.683334,2.8494449
2026-06-25 00:54:21,0,Thursday,0,3,21.5,64.7,25.5,89.90423,0.09,79.3,2.8664722
2026-06-25 00:55:21,0,Thursday,0,3,21.5,64.7,25.5,89.931114,0.09166667,78.916664,2.8834996
2026-06-25 00:56:21,0,Thursday,0,3,21.5,64.9,25.5,89.95801,0.093333334,78.53333,2.9005268
2026-06-25 00:57:21,0,Thursday,0,3,21.5,64.7,25.5,89.98489,0.095,78.15,2.9175541
2026-06-25 00:58:21,0,Thursday,0,3,21.5,64.6,25.5,90.01178,0.09666667,77.76667,2.9345815
2026-06-25 00:59:21,0,Thursday,0,3,21.5,64.6,25.5,90.03867,0.09833334,77.38333,2.9516087
2026-06-25 01:00:21,1,Thursday,0,3,21.4,64.6,25.5,90.06556,0.1,77.0,2.968636
2026-06-25 01:01:21,1,Thursday,0,3,21.4,64.7,25.523333,89.881226,0.09833334,76.88333,2.9799042
2026-06-25 01:02:21,1,Thursday,0,3,21.4,64.7,25.546667,89.69689,0.09666667,76.76667,2.9911723
2026-06-25 01:03:21,1,Thursday,0,3,21.4,64.6,25.57,89.51256,0.095,76.65,3.0024405
2026-06-25 01:04:21,1,Thursday,0,3,21.4,64.7,25.593334,89.328224,0.093333334,76.53333,3.0137084
2026-06-25 01:05:21,1,Thursday,0,3,21.5,64.7,25.616667,89.14389,0.09166667,76.416664,3.0249765
2026-06-25 01:06:21,1,Thursday,0,3,21.5,64.7,25.64,88.95956,0.09,76.3,3.0362446
2026-06-25 01:07:21,1,Thursday,0,3,21.4,64.7,25.663334,88.77522,0.08833333,76.183334,3.0475128
2026-06-25 01:08:21,1,Thursday,0,3,21.4,64.7,25.686666,88.5909,0.086666666,76.066666,3.058781
2026-06-25 01:09:21,1,Thursday,0,3,21.5,64.6,25.71,88.40656,0.085,75.95,3.070049
2026-06-25 01:10:21,1,Thursday,0,3,21.5,64.7,25.733334,88.22223,0.083333336,75.833336,3.0813172
2026-06-25 01:11:21,1,Thursday,0,3,21.5,64.6,25.756666,88.037895,0.08166667,75.71667,3.0925853
2026-06-25 01:12:21,1,Thursday,0,3,21.5,64.5,25.78,87.85356,0.08,75.6,3.1038532
2026-06-25 01:13:21,1,Thursday,0,3,21.5,64.5,25.803333,87.66923,0.07833333,75.48333,3.1151214
2026-06-25 01:14:21,1,Thursday,0,3,21.4,64.5,25.826666,87.48489,0.07666667,75.36667,3.1263895
2026-06-25 01:15:21,1,Thursday,0,3,21.4,64.7,25.85,87.30056,0.075,75.25,3.1376576
2026-06-25 01:16:21,1,Thursday,0,3,21.4,64.7,25.873333,87.11623,0.07333334,75.13333,3.1489258
2026-06-25 01:17:21,1,Thursday,0,3,21.4,64.7,25.896667,86.93189,0.071666665,75.01667,3.160194
2026-06-25 01:18:21,1,Thursday,0,3,21.3,64.8,25.92,86.74756,0.07,74.9,3.171462
2026-06-25 01:19:21,1,Thursday,0,3,21.3,64.7,25.943333,86.563225,0.068333335,74.78333,3.18273
2026-06-25 01:20:21,1,Thursday,0,3,21.4,64.7,25.966667,86.37889,0.06666667,74.666664,3.193998
2026-06-25 01:21:21,1,Thursday,0,3,21.4,64.7,25.99,86.19456,0.065,74.55,3.2052662
2026-06-25 01:22:21,1,Thursday,0,3,21.4,64.6,26.013332,86.01022,0.06333333,74.433334,3.2165344
2026-06-25 01:23:21,1,Thursday,0,3,21.4,64.5,26.036667,85.8259,0.061666667,74.316666,3.2278025
2026-06-25 01:24:21,1,Thursday,0,3,21.4,64.5,26.06,85.64156,0.060000002,74.2,3.2390707
2026-06-25 01:25:21,1,Thursday,0,3,21.4,64.4,26.083334,85.45723,0.058333334,74.083336,3.2503388
2026-06-25 01:26:22,1,Thursday,0,3,21.4,64.5,26.106667,85.272896,0.05666667,73.96667,3.261607
2026-06-25 01:27:22,1,Thursday,0,3,21.3,64.6,26.13,85.08856,0.055,73.85,3.2728748
2026-06-25 01:28:22,1,Thursday,0,3,21.3,64.7,26.153334,84.90423,0.053333335,73.73333,3.284143
2026-06-25 01:29:22,1,Thursday,0,3,21.3,64.5,26.176666,84.719894,0.051666666,73.61667,3.295411
2026-06-25 01:30:22,1,Thursday,0,3,21.3,64.4,26.2,84.53556,0.05,73.5,3.3066792
2026-06-25 01:31:22,1,Thursday,0,3,21.3,64.6,26.223333,84.35123,0.048333336,73.38333,3.3179474
2026-06-25 01:32:22,1,Thursday,0,3,21.3,64.5,26.246666,84.16689,0.046666667,73.26667,3.3292155
2026-06-25 01:33:22,1,Thursday,0,3,21.3,64.5,26.27,83.98256,0.045,73.15,3.3404837
2026-06-25 01:34:22,1,Thursday,0,3,21.3,64.5,26.293333,83.798225,0.043333333,73.03333,3.3517516
2026-06-25 01:35:22,1,Thursday,0,3,21.3,64.3,26.316666,83.61389,0.041666668,72.916664,3.3630197
2026-06-25 01:36:22,1,Thursday,0,3,21.3,64.5,26.34,83.42956,0.04,72.8,3.3742878
2026-06-25 01:37:22,1,Thursday,0,3,21.3,64.5,26.363333,83.245224,0.038333334,72.683334,3.385556
2026-06-25 01:38:22,1,Thursday,0,3,21.3,64.6,26.386667,83.0609,0.03666667,72.566666,3.3968241
2026-06-25 01:39:22,1,Thursday,0,3,21.3,64.7,26.41,82.876564,0.035,72.45,3.4080923
2026-06-25 01:40:22,1,Thursday,0,3,21.3,64.7,26.433332,82.69223,0.033333335,72.333336,3.4193604
2026-06-25 01:41:22,1,Thursday,0,3,21.3,64.6,26.456667,82.5079,0.031666666,72.21667,3.4306285
2026-06-25 01:42:22,1,Thursday,0,3,21.3,64.6,26.48,82.32356,0.030000001,72.1,3.4418964
2026-06-25 01:43:22,1,Thursday,0,3,21.3,64.6,26.503332,82.13923,0.028333334,71.98333,3.4531646
2026-06-25 01:44:22,1,Thursday,0,3,21.3,64.6,26.526667,81.954895,0.026666667,71.86667,3.4644327
2026-06-25 01:45:22,1,Thursday,0,3,21.3,64.5,26.55,81.77056,0.025,71.75,3.4757009
2026-06-25 01:46:22,1,Thursday,0,3,21.3,64.6,26.573334,81.58623,0.023333333,71.63333,3.486969
2026-06-25 01:47:22,1,Thursday,0,3,21.3,64.6,26.596666,81.40189,0.021666666,71.51667,3.4982371
2026-06-25 01:48:22,1,Thursday,0,3,21.3,64.5,26.619999,81.21756,0.02,71.4,3.5095053
2026-06-25 01:49:22,1,Thursday,0,3,21.3,64.4,26.643333,81.033226,0.018333334,71.28333,3.5207732
2026-06-25 01:50:22,1,Thursday,0,3,21.3,64.3,26.666666,80.84889,0.016666668,71.166664,3.5320413
2026-06-25 01:51:22,1,Thursday,0,3,21.3,64.2,26.69,80.66456,0.015000001,71.05,3.5433095
2026-06-25 01:52:22,1,Thursday,0,3,21.3,64.3,26.713333,80.480225,0.013333334,70.933334,3.5545776
2026-06-25 01:53:22,1,Thursday,0,3,21.3,64.3,26.736666,80.2959,0.011666667,70.816666,3.5658457
2026-06-25 01:54:22,1,Thursday,0,3,21.3,64.2,26.76,80.111565,0.01,70.7,3.5771139
2026-06-25 01:55:22,1,Thursday,0,3,21.2,64.1,26.783333,79.92723,0.008333334,70.583336,3.588382
2026-06-25 01:56:22,1,Thursday,0,3,21.2,64.2,26.806665,79.7429,0.006666667,70.46667,3.5996501
2026-06-25 01:57:22,1,Thursday,0,3,21.2,64.3,26.83,79.55856,0.005,70.35,3.610918
2026-06-25 01:58:22,1,Thursday,0,3,21.2,64.4,26.853333,79.37423,0.0033333334,70.23333,3.6221862
2026-06-25 01:59:22,1,Thursday,0,3,21.2,64.4,26.876667,79.189896,0.0016666667,70.11667,3.6334543
2026-06-25 02:00:22,2,Thursday,0,3,21.2,64.4,26.9,79.00556,0.0,70.0,3.6447225
2026-06-25 02:01:22,2,Thursday,0,3,21.2,64.4,26.940832,78.786255,0.0,70.416664,3.5973935
2026-06-25 02:02:22,2,Thursday,0,3,21.2,64.5,26.981667,78.56695,0.0,70.833336,3.5500646
2026-06-25 02:03:22,2,Thursday,0,3,21.2,64.5,27.0225,78.34765,0.0,71.25,3.5027356
2026-06-25 02:04:22,2,Thursday,0,3,21.2,64.4,27.063334,78.12834,0.0,71.666664,3.4554067
2026-06-25 02:05:22,2,Thursday,0,3,21.2,64.4,27.104166,77.909035,0.0,72.083336,3.4080777
2026-06-25 02:06:22,2,Thursday,0,3,21.2,64.5,27.145,77.68973,0.0,72.5,3.3607488
2026-06-25 02:07:22,2,Thursday,0,3,21.2,64.3,27.185833,77.47043,0.0,72.916664,3.3134198
2026-06-25 02:08:22,2,Thursday,0,3,21.2,64.2,27.226665,77.25112,0.0,73.333336,3.2660906
2026-06-25 02:09:22,2,Thursday,0,3,21.1,64.4,27.2675,77.031815,0.0,73.75,3.2187617
2026-06-25 02:10:22,2,Thursday,0,3,21.1,64.4,27.308332,76.81251,0.0,74.166664,3.1714327
2026-06-25 02:11:22,2,Thursday,0,3,21.2,64.5,27.349167,76.5932,0.0,74.583336,3.1241038
2026-06-25 02:12:22,2,Thursday,0,3,21.2,64.4,27.39,76.3739,0.0,75.0,3.0767748
2026-06-25 02:13:22,2,Thursday,0,3,21.1,64.5,27.430834,76.154594,0.0,75.416664,3.029446
2026-06-25 02:14:22,2,Thursday,0,3,21.1,64.4,27.471666,75.93529,0.0,75.833336,2.982117
2026-06-25 02:15:22,2,Thursday,0,3,21.1,64.4,27.5125,75.71598,0.0,76.25,2.934788
2026-06-25 02:16:22,2,Thursday,0,3,21.1,64.2,27.553333,75.49667,0.0,76.666664,2.887459
2026-06-25 02:17:22,2,Thursday,0,3,21.1,64.4,27.594166,75.277374,0.0,77.083336,2.84013
2026-06-25 02:18:22,2,Thursday,0,3,21.1,64.4,27.635,75.05807,0.0,77.5,2.7928011
2026-06-25 02:19:22,2,Thursday,0,3,21.1,64.4,27.675833,74.83876,0.0,77.916664,2.7454722
2026-06-25 02:20:22,2,Thursday,0,3,21.1,64.3,27.716667,74.61945,0.0,78.333336,2.6981432
2026-06-25 02:21:22,2,Thursday,0,3,21.1,64.4,27.7575,74.400154,0.0,78.75,2.6508143
2026-06-25 02:22:23,2,Thursday,0,3,21.1,64.4,27.798334,74.18085,0.0,79.166664,2.603485
2026-06-25 02:23:23,2,Thursday,0,3,21.1,64.4,27.839167,73.96154,0.0,79.583336,2.5561562
2026-06-25 02:24:23,2,Thursday,0,3,21.0,64.4,27.88,73.74223,0.0,80.0,2.5088272
2026-06-25 02:25:23,2,Thursday,0,3,21.0,64.4,27.920834,73.52293,0.0,80.416664,2.4614983
2026-06-25 02:26:23,2,Thursday,0,3,21.0,64.4,27.961666,73.30363,0.0,80.833336,2.4141693
2026-06-25 02:27:23,2,Thursday,0,3,21.0,64.3,28.0025,73.08432,0.0,81.25,2.3668404
2026-06-25 02:28:23,2,Thursday,0,3,21.0,64.3,28.043333,72.86501,0.0,81.666664,2.3195114
2026-06-25 02:29:23,2,Thursday,0,3,21.0,64.3,28.084167,72.645706,0.0,82.083336,2.2721825
2026-06-25 02:30:23,2,Thursday,0,3,21.0,64.4,28.125,72.42641,0.0,82.5,2.2248535
2026-06-25 02:31:23,2,Thursday,0,3,21.0,64.3,28.165833,72.2071,0.0,82.916664,2.1775246
2026-06-25 02:32:23,2,Thursday,0,3,21.0,64.4,28.206667,71.98779,0.0,83.333336,2.1301956
2026-06-25 02:33:23,2,Thursday,0,3,21.0,64.3,28.2475,71.768486,0.0,83.75,2.0828667
2026-06-25 02:34:23,2,Thursday,0,3,21.0,64.2,28.288334,71.54918,0.0,84.166664,2.0355377
2026-06-25 02:35:23,2,Thursday,0,3,21.0,64.1,28.329166,71.32988,0.0,84.583336,1.9882087
2026-06-25 02:36:23,2,Thursday,0,3,20.9,64.1,28.37,71.11057,0.0,85.0,1.9408797
2026-06-25 02:37:23,2,Thursday,0,3,21.0,64.2,28.410833,70.891266,0.0,85.416664,1.8935508
2026-06-25 02:38:23,2,Thursday,0,3,20.9,64.2,28.451666,70.67196,0.0,85.833336,1.8462218
2026-06-25 02:39:23,2,Thursday,0,3,20.9,64.3,28.4925,70.45265,0.0,86.25,1.7988927
2026-06-25 02:40:23,2,Thursday,0,3,21.0,64.1,28.533333,70.23335,0.0,86.666664,1.7515638
2026-06-25 02:41:23,2,Thursday,0,3,21.0,64.1,28.574167,70.014046,0.0,87.083336,1.7042348
2026-06-25 02:42:23,2,Thursday,0,3,21.0,64.1,28.615,69.79474,0.0,87.5,1.6569059
2026-06-25 02:43:23,2,Thursday,0,3,21.0,64.1,28.655834,69.57543,0.0,87.916664,1.609577
2026-06-25 02:44:23,2,Thursday,0,3,20.9,64.2,28.696667,69.35613,0.0,88.333336,1.562248
2026-06-25 02:45:23,2,Thursday,0,3,20.9,64.1,28.7375,69.136826,0.0,88.75,1.514919
2026-06-25 02:46:23,2,Thursday,0,3,20.9,64.0,28.778334,68.91752,0.0,89.166664,1.46759
2026-06-25 02:47:23,2,Thursday,0,3,20.9,64.0,28.819166,68.69821,0.0,89.583336,1.420261
2026-06-25 02:48:23,2,Thursday,0,3,20.9,64.1,28.86,68.478905,0.0,90.0,1.3729321
2026-06-25 02:49:23,2,Thursday,0,3,20.9,64.0,28.900833,68.259605,0.0,90.416664,1.3256031
2026-06-25 02:50:23,2,Thursday,0,3,20.9,64.0,28.941668,68.0403,0.0,90.833336,1.2782742
2026-06-25 02:51:23,2,Thursday,0,3,20.9,64.0,28.9825,67.82099,0.0,91.25,1.2309452
2026-06-25 02:52:23,2,Thursday,0,3,20.9,64.0,29.023335,67.601685,0.0,91.666664,1.1836163
2026-06-25 02:53:23,2,Thursday,0,3,20.9,64.0,29.064167,67.38238,0.0,92.083336,1.1362872
2026-06-25 02:54:23,2,Thursday,0,3,20.9,63.9,29.105,67.16308,0.0,92.5,1.0889583
2026-06-25 02:55:23,2,Thursday,0,3,20.9,64.1,29.145834,66.94377,0.0,92.916664,1.0416293
2026-06-25 02:56:23,2,Thursday,0,3,20.9,64.0,29.186666,66.724464,0.0,93.333336,0.99430037
2026-06-25 02:57:23,2,Thursday,0,3,20.9,64.0,29.2275,66.50516,0.0,93.75,0.9469714
2026-06-25 02:58:23,2,Thursday,0,3,20.9,64.0,29.268333,66.28586,0.0,94.166664,0.89964247
2026-06-25 02:59:23,2,Thursday,0,3,20.8,63.9,29.309168,66.06655,0.0,94.583336,0.85231346
2026-06-25 03:00:23,3,Thursday,0,3,20.9,64.0,29.35,65.847244,0.0,95.0,0.8049845
2026-06-25 03:01:23,3,Thursday,0,3,20.9,63.9,29.3675,65.79875,0.0,94.88333,0.7982763
2026-06-25 03:02:23,3,Thursday,0,3,20.9,64.1,29.385,65.75026,0.0,94.76667,0.7915681
2026-06-25 03:03:23,3,Thursday,0,3,20.8,64.1,29.4025,65.701775,0.0,94.65,0.7848599
2026-06-25 03:04:23,3,Thursday,0,3,20.8,64.1,29.42,65.65328,0.0,94.53333,0.7781517
2026-06-25 03:05:23,3,Thursday,0,3,20.8,64.1,29.4375,65.60479,0.0,94.416664,0.7714435
2026-06-25 03:06:23,3,Thursday,0,3,20.8,64.1,29.455,65.5563,0.0,94.3,0.7647353
2026-06-25 03:07:23,3,Thursday,0,3,20.8,64.0,29.4725,65.50781,0.0,94.183334,0.7580271
2026-06-25 03:08:23,3,Thursday,0,3,20.8,64.1,29.49,65.45932,0.0,94.066666,0.7513189
2026-06-25 03:09:23,3,Thursday,0,3,20.8,64.0,29.5075,65.41083,0.0,93.95,0.74461067
2026-06-25 03:10:23,3,Thursday,0,3,20.8,64.0,29.525,65.362335,0.0,93.833336,0.73790246
2026-06-25 03:11:23,3,Thursday,0,3,20.8,64.1,29.5425,65.31384,0.0,93.71667,0.73119426
2026-06-25 03:12:23,3,Thursday,0,3,20.9,64.1,29.56,65.26536,0.0,93.6,0.72448605
2026-06-25 03:13:23,3,Thursday,0,3,20.9,64.0,29.5775,65.216866,0.0,93.48333,0.71777785
2026-06-25 03:14:23,3,Thursday,0,3,20.9,64.1,29.595,65.16837,0.0,93.36667,0.71106964
2026-06-25 03:15:23,3,Thursday,0,3,20.9,64.1,29.6125,65.11988,0.0,93.25,0.70436144
2026-06-25 03:16:23,3,Thursday,0,3,20.9,64.1,29.630001,65.07139,0.0,93.13333,0.69765323
2026-06-25 03:17:23,3,Thursday,0,3,20.8,64.1,29.647501,65.0229,0.0,93.01667,0.690945
2026-06-25 03:18:23,3,Thursday,0,3,20.8,64.2,29.665,64.97441,0.0,92.9,0.6842368
2026-06-25 03:19:24,3,Thursday,0,3,20.8,64.2,29.6825,64.92592,0.0,92.78333,0.6775286
2026-06-25 03:20:24,3,Thursday,0,3,20.8,64.3,29.7,64.877426,0.0,92.666664,0.6708204
2026-06-25 03:21:24,3,Thursday,0,3,20.8,64.3,29.7175,64.82894,0.0,92.55,0.6641122
2026-06-25 03:22:24,3,Thursday,0,3,20.8,64.3,29.735,64.78045,0.0,92.433334,0.657404
2026-06-25 03:23:24,3,Thursday,0,3,20.7,64.3,29.7525,64.73196,0.0,92.316666,0.6506958
2026-06-25 03:24:24,3,Thursday,0,3,20.8,64.3,29.77,64.683464,0.0,92.2,0.6439876
2026-06-25 03:25:24,3,Thursday,0,3,20.8,64.2,29.7875,64.63497,0.0,92.083336,0.6372794
2026-06-25 03:26:24,3,Thursday,0,3,20.7,64.2,29.805,64.58649,0.0,91.96667,0.6305712
2026-06-25 03:27:24,3,Thursday,0,3,20.8,64.2,29.8225,64.537994,0.0,91.85,0.623863
2026-06-25 03:28:24,3,Thursday,0,3,20.7,64.3,29.84,64.4895,0.0,91.73333,0.6171548
2026-06-25 03:29:24,3,Thursday,0,3,20.8,64.1,29.8575,64.44101,0.0,91.61667,0.6104466
2026-06-25 03:30:24,3,Thursday,0,3,20.7,64.1,29.875,64.39252,0.0,91.5,0.60373837
2026-06-25 03:31:24,3,Thursday,0,3,20.7,64.3,29.8925,64.34403,0.0,91.38333,0.59703016
2026-06-25 03:32:24,3,Thursday,0,3,20.7,64.2,29.91,64.29554,0.0,91.26667,0.59032196
2026-06-25 03:33:24,3,Thursday,0,3,20.7,64.1,29.9275,64.24705,0.0,91.15,0.58361375
2026-06-25 03:34:24,3,Thursday,0,3,20.7,64.1,29.945,64.198555,0.0,91.03333,0.57690555
2026-06-25 03:35:24,3,Thursday,0,3,20.7,63.9,29.9625,64.15007,0.0,90.916664,0.57019734
2026-06-25 03:36:24,3,Thursday,0,3,20.7,64.0,29.98,64.10158,0.0,90.8,0.56348914
2026-06-25 03:37:24,3,Thursday,0,3,20.7,64.1,29.9975,64.053085,0.0,90.683334,0.55678093
2026-06-25 03:38:24,3,Thursday,0,3,20.7,64.1,30.015,64.00459,0.0,90.566666,0.5500727
2026-06-25 03:39:24,3,Thursday,0,3,20.7,64.1,30.0325,63.956104,0.0,90.45,0.5433645
2026-06-25 03:40:24,3,Thursday,0,3,20.7,64.2,30.05,63.90761,0.0,90.333336,0.5366563
2026-06-25 03:41:24,3,Thursday,0,3,20.7,64.3,30.0675,63.859123,0.0,90.21667,0.5299481
2026-06-25 03:42:24,3,Thursday,0,3,20.7,64.3,30.085,63.81063,0.0,90.1,0.5232399
2026-06-25 03:43:24,3,Thursday,0,3,20.7,64.3,30.102499,63.762142,0.0,89.98333,0.5165317
2026-06-25 03:44:24,3,Thursday,0,3,20.7,64.4,30.119999,63.71365,0.0,89.86667,0.5098235
2026-06-25 03:45:24,3,Thursday,0,3,20.7,64.4,30.1375,63.66516,0.0,89.75,0.5031153
2026-06-25 03:46:24,3,Thursday,0,3,20.7,64.5,30.155,63.61667,0.0,89.63333,0.49640712
2026-06-25 03:47:24,3,Thursday,0,3,20.7,64.4,30.1725,63.568176,0.0,89.51667,0.48969892
2026-06-25 03:48:24,3,Thursday,0,3,20.7,64.5,30.19,63.519688,0.0,89.4,0.4829907
2026-06-25 03:49:24,3,Thursday,0,3,20.7,64.6,30.2075,63.471195,0.0,89.28333,0.4762825
2026-06-25 03:50:24,3,Thursday,0,3,20.7,64.4,30.225,63.422707,0.0,89.166664,0.4695743
2026-06-25 03:51:24,3,Thursday,0,3,20.7,64.6,30.2425,63.374214,0.0,89.05,0.4628661
2026-06-25 03:52:24,3,Thursday,0,3,20.7,64.6,30.26,63.325726,0.0,88.933334,0.4561579
2026-06-25 03:53:24,3,Thursday,0,3,20.7,64.6,30.2775,63.277233,0.0,88.816666,0.4494497
2026-06-25 03:54:24,3,Thursday,0,3,20.7,64.6,30.295,63.22874,0.0,88.7,0.44274148
2026-06-25 03:55:24,3,Thursday,0,3,20.7,64.6,30.3125,63.180252,0.0,88.583336,0.43603328
2026-06-25 03:56:24,3,Thursday,0,3,20.7,64.5,30.33,63.13176,0.0,88.46667,0.42932507
2026-06-25 03:57:24,3,Thursday,0,3,20.7,64.6,30.3475,63.08327,0.0,88.35,0.42261687
2026-06-25 03:58:24,3,Thursday,0,3,20.6,64.7,30.365,63.03478,0.0,88.23333,0.41590866
2026-06-25 03:59:24,3,Thursday,0,3,20.7,64.5,30.3825,62.98629,0.0,88.11667,0.40920046
2026-06-25 04:00:24,4,Thursday,0,3,20.7,64.6,30.4,62.937798,0.0,88.0,0.40249225
2026-06-25 04:01:24,4,Thursday,0,3,20.7,64.5,30.4,62.894028,0.0050000004,87.8,0.5126301
2026-06-25 04:02:24,4,Thursday,0,3,20.7,64.4,30.4,62.85026,0.010000001,87.6,0.6227679
2026-06-25 04:03:24,4,Thursday,0,3,20.7,64.4,30.4,62.80649,0.015000001,87.4,0.7329058
2026-06-25 04:04:24,4,Thursday,0,3,20.7,64.4,30.4,62.762722,0.020000001,87.2,0.8430436
2026-06-25 04:05:24,4,Thursday,0,3,20.7,64.4,30.4,62.718956,0.025,87.0,0.95318145
2026-06-25 04:06:24,4,Thursday,0,3,20.7,64.3,30.4,62.675186,0.030000001,86.8,1.0633193
2026-06-25 04:07:24,4,Thursday,0,3,20.6,64.3,30.4,62.631416,0.035,86.6,1.1734571
2026-06-25 04:08:24,4,Thursday,0,3,20.7,64.5,30.4,62.587646,0.040000003,86.4,1.283595
2026-06-25 04:09:24,4,Thursday,0,3,20.6,64.5,30.4,62.54388,0.045,86.2,1.3937328
2026-06-25 04:10:24,4,Thursday,0,3,20.6,64.5,30.4,62.50011,0.05,86.0,1.5038706
2026-06-25 04:11:24,4,Thursday,0,3,20.6,64.5,30.4,62.45634,0.055000003,85.8,1.6140085
2026-06-25 04:12:24,4,Thursday,0,3,20.7,64.5,30.4,62.412575,0.060000002,85.6,1.7241464
2026-06-25 04:13:24,4,Thursday,0,3,20.6,64.5,30.4,62.368805,0.065000005,85.4,1.8342842
2026-06-25 04:14:24,4,Thursday,0,3,20.6,64.6,30.4,62.325035,0.07,85.2,1.944422
2026-06-25 04:15:24,4,Thursday,0,3,20.6,64.6,30.4,62.281265,0.075,85.0,2.05456
2026-06-25 04:16:25,4,Thursday,0,3,20.6,64.6,30.4,62.2375,0.080000006,84.8,2.1646976
2026-06-25 04:17:25,4,Thursday,0,3,20.6,64.4,30.4,62.19373,0.085,84.6,2.2748356
2026-06-25 04:18:25,4,Thursday,0,3,20.6,64.5,30.4,62.14996,0.09,84.4,2.3849733
2026-06-25 04:19:25,4,Thursday,0,3,20.6,64.5,30.4,62.106194,0.095000006,84.2,2.4951112
2026-06-25 04:20:25,4,Thursday,0,3,20.6,64.5,30.4,62.062424,0.1,84.0,2.6052492
2026-06-25 04:21:25,4,Thursday,0,3,20.6,64.5,30.4,62.018654,0.105000004,83.8,2.7153869
2026-06-25 04:22:25,4,Thursday,0,3,20.6,64.6,30.4,61.974888,0.11000001,83.6,2.8255248
2026-06-25 04:23:25,4,Thursday,0,3,20.6,64.5,30.4,61.931118,0.115,83.4,2.9356625
2026-06-25 04:24:25,4,Thursday,0,3,20.6,64.6,30.4,61.88735,0.120000005,83.2,3.0458004
2026-06-25 04:25:25,4,Thursday,0,3,20.6,64.6,30.4,61.843582,0.125,83.0,3.1559384
2026-06-25 04:26:25,4,Thursday,0,3,20.6,64.5,30.4,61.799812,0.13000001,82.8,3.266076
2026-06-25 04:27:25,4,Thursday,0,3,20.6,64.6,30.4,61.756042,0.135,82.6,3.376214
2026-06-25 04:28:25,4,Thursday,0,3,20.6,64.5,30.4,61.712273,0.14,82.4,3.4863517
2026-06-25 04:29:25,4,Thursday,0,3,20.6,64.6,30.4,61.668507,0.14500001,82.2,3.5964897
2026-06-25 04:30:25,4,Thursday,0,3,20.6,64.6,30.4,61.624737,0.15,82.0,3.7066274
2026-06-25 04:31:25,4,Thursday,0,3,20.6,64.7,30.4,61.580967,0.155,81.8,3.8167653
2026-06-25 04:32:25,4,Thursday,0,3,20.6,64.6,30.4,61.5372,0.16000001,81.6,3.9269032
2026-06-25 04:33:25,4,Thursday,0,3,20.6,64.5,30.4,61.49343,0.165,81.4,4.037041
2026-06-25 04:34:25,4,Thursday,0,3,20.6,64.5,30.4,61.44966,0.17,81.2,4.1471786
2026-06-25 04:35:25,4,Thursday,0,3,20.6,64.4,30.4,61.40589,0.17500001,81.0,4.2573166
2026-06-25 04:36:25,4,Thursday,0,3,20.6,64.4,30.4,61.362125,0.18,80.8,4.3674545
2026-06-25 04:37:25,4,Thursday,0,3,20.6,64.5,30.4,61.318356,0.185,80.6,4.4775925
2026-06-25 04:38:25,4,Thursday,0,3,20.6,64.6,30.4,61.274586,0.19000001,80.4,4.5877304
2026-06-25 04:39:25,4,Thursday,0,3,20.6,64.6,30.4,61.23082,0.19500001,80.2,4.697868
2026-06-25 04:40:25,4,Thursday,0,3,20.6,64.6,30.4,61.18705,0.2,80.0,4.808006
2026-06-25 04:41:25,4,Thursday,0,3,20.6,64.6,30.4,61.14328,0.20500001,79.8,4.9181437
2026-06-25 04:42:25,4,Thursday,0,3,20.6,64.7,30.4,61.099514,0.21000001,79.6,5.0282817
2026-06-25 04:43:25,4,Thursday,0,3,20.6,64.8,30.4,61.055744,0.215,79.4,5.1384196
2026-06-25 04:44:25,4,Thursday,0,3,20.6,64.8,30.4,61.011974,0.22000001,79.2,5.248557
2026-06-25 04:45:25,4,Thursday,0,3,20.6,64.8,30.4,60.96821,0.22500001,79.0,5.358695
2026-06-25 04:46:25,4,Thursday,0,3,20.6,64.7,30.4,60.92444,0.23,78.8,5.468833
2026-06-25 04:47:25,4,Thursday,0,3,20.6,64.8,30.4,60.88067,0.23500001,78.6,5.578971
2026-06-25 04:48:25,4,Thursday,0,3,20.5,64.7,30.4,60.8369,0.24000001,78.4,5.6891084
2026-06-25 04:49:25,4,Thursday,0,3,20.5,64.7,30.4,60.793133,0.245,78.2,5.7992463
2026-06-25 04:50:25,4,Thursday,0,3,20.5,64.7,30.4,60.749363,0.25,78.0,5.9093843
2026-06-25 04:51:25,4,Thursday,0,3,20.5,64.6,30.4,60.705593,0.255,77.8,6.019522
2026-06-25 04:52:25,4,Thursday,0,3,20.5,64.6,30.4,60.661827,0.26000002,77.6,6.12966
2026-06-25 04:53:25,4,Thursday,0,3,20.5,64.6,30.4,60.618057,0.26500002,77.4,6.2397976
2026-06-25 04:54:25,4,Thursday,0,3,20.5,64.6,30.4,60.574287,0.27,77.2,6.3499355
2026-06-25 04:55:25,4,Thursday,0,3,20.5,64.7,30.4,60.530518,0.275,77.0,6.4600735
2026-06-25 04:56:25,4,Thursday,0,3,20.5,64.9,30.4,60.48675,0.28,76.8,6.5702114
2026-06-25 04:57:25,4,Thursday,0,3,20.5,64.7,30.4,60.44298,0.28500003,76.6,6.6803493
2026-06-25 04:58:25,4,Thursday,0,3,20.5,64.8,30.4,60.39921,0.29000002,76.4,6.790487
2026-06-25 04:59:25,4,Thursday,0,3,20.5,64.8,30.4,60.355446,0.29500002,76.2,6.9006248
2026-06-25 05:00:25,5,Thursday,0,3,20.5,64.8,30.4,60.311676,0.3,76.0,7.0107627
2026-06-25 05:01:25,5,Thursday,0,3,20.5,64.8,30.366667,60.560986,0.31333333,76.316666,7.0439467
2026-06-25 05:02:25,5,Thursday,0,3,20.5,64.8,30.333332,60.810295,0.32666668,76.63333,7.077131
2026-06-25 05:03:25,5,Thursday,0,3,20.5,64.9,30.3,61.059605,0.34,76.95,7.1103144
2026-06-25 05:04:25,5,Thursday,0,3,20.5,64.8,30.266666,61.308914,0.35333335,77.26667,7.1434984
2026-06-25 05:05:25,5,Thursday,0,3,20.5,64.9,30.233334,61.558224,0.36666667,77.583336,7.1766825
2026-06-25 05:06:25,5,Thursday,0,3,20.5,64.9,30.199999,61.807533,0.38000003,77.9,7.2098665
2026-06-25 05:07:25,5,Thursday,0,3,20.5,64.9,30.166666,62.056843,0.39333335,78.21667,7.24305
2026-06-25 05:08:25,5,Thursday,0,3,20.5,65.0,30.133333,62.306152,0.40666667,78.53333,7.276234
2026-06-25 05:09:25,5,Thursday,0,3,20.5,64.8,30.1,62.55546,0.42000002,78.85,7.309418
2026-06-25 05:10:25,5,Thursday,0,3,20.5,65.0,30.066666,62.80477,0.43333334,79.166664,7.3426023
2026-06-25 05:11:25,5,Thursday,0,3,20.5,65.1,30.033333,63.05408,0.4466667,79.48333,7.3757863
2026-06-25 05:12:25,5,Thursday,0,3,20.5,65.0,30.0,63.30339,0.46,79.8,7.40897
2026-06-25 05:13:25,5,Thursday,0,3,20.5,64.9,29.966667,63.5527,0.47333336,80.11667,7.442154
2026-06-25 05:14:26,5,Thursday,0,3,20.5,64.8,29.933332,63.80201,0.48666668,80.433334,7.475338
2026-06-25 05:15:26,5,Thursday,0,3,20.5,65.1,29.9,64.051315,0.5,80.75,7.508522
2026-06-25 05:16:26,5,Thursday,0,3,20.5,65.2,29.866667,64.30063,0.5133333,81.066666,7.541706
2026-06-25 05:17:26,5,Thursday,0,3,20.5,65.0,29.833332,64.54994,0.5266667,81.38333,7.5748897
2026-06-25 05:18:26,5,Thursday,0,3,20.5,65.0,29.8,64.79925,0.54,81.7,7.6080737
2026-06-25 05:19:26,5,Thursday,0,3,20.5,65.0,29.766666,65.04855,0.55333334,82.01667,7.641258
2026-06-25 05:20:26,5,Thursday,0,3,20.5,65.1,29.733334,65.29787,0.56666666,82.333336,7.674442
2026-06-25 05:21:26,5,Thursday,0,3,20.5,65.1,29.699999,65.54718,0.58000004,82.65,7.7076254
2026-06-25 05:22:26,5,Thursday,0,3,20.5,65.2,29.666666,65.796486,0.59333336,82.96667,7.7408094
2026-06-25 05:23:26,5,Thursday,0,3,20.5,65.3,29.633333,66.04579,0.6066667,83.28333,7.7739935
2026-06-25 05:24:26,5,Thursday,0,3,20.5,65.3,29.6,66.295105,0.62,83.6,7.8071775
2026-06-25 05:25:26,5,Thursday,0,3,20.5,65.1,29.566666,66.54442,0.6333333,83.916664,7.8403616
2026-06-25 05:26:26,5,Thursday,0,3,20.5,65.1,29.533333,66.793724,0.6466667,84.23333,7.873545
2026-06-25 05:27:26,5,Thursday,0,3,20.5,65.2,29.5,67.04303,0.66,84.55,7.906729
2026-06-25 05:28:26,5,Thursday,0,3,20.5,65.2,29.466667,67.29234,0.67333335,84.86667,7.9399133
2026-06-25 05:29:26,5,Thursday,0,3,20.5,65.1,29.433332,67.54166,0.68666667,85.183334,7.9730973
2026-06-25 05:30:26,5,Thursday,0,3,20.5,65.2,29.4,67.79096,0.70000005,85.5,8.006281
2026-06-25 05:31:26,5,Thursday,0,3,20.5,65.3,29.366667,68.04027,0.71333337,85.816666,8.039465
2026-06-25 05:32:26,5,Thursday,0,3,20.5,65.2,29.333332,68.28958,0.7266667,86.13333,8.072649
2026-06-25 05:33:26,5,Thursday,0,3,20.5,65.2,29.3,68.538895,0.74,86.45,8.105833
2026-06-25 05:34:26,5,Thursday,0,3,20.5,65.3,29.266666,68.7882,0.75333333,86.76667,8.139017
2026-06-25 05:35:26,5,Thursday,0,3,20.4,65.2,29.233334,69.037506,0.7666667,87.083336,8.172201
2026-06-25 05:36:26,5,Thursday,0,3,20.4,65.2,29.199999,69.28682,0.78000003,87.4,8.205385
2026-06-25 05:37:26,5,Thursday,0,3,20.5,65.3,29.166666,69.53613,0.79333335,87.71667,8.238568
2026-06-25 05:38:26,5,Thursday,0,3,20.5,65.1,29.133333,69.78544,0.8066667,88.03333,8.271752
2026-06-25 05:39:26,5,Thursday,0,3,20.5,65.1,29.1,70.034744,0.82,88.35,8.304936
2026-06-25 05:40:26,5,Thursday,0,3,20.5,65.0,29.066666,70.28406,0.8333334,88.666664,8.33812
2026-06-25 05:41:26,5,Thursday,0,3,20.5,65.0,29.033333,70.53337,0.8466667,88.98333,8.3713045
2026-06-25 05:42:26,5,Thursday,0,3,20.5,65.0,29.0,70.78268,0.86,89.3,8.404489
2026-06-25 05:43:26,5,Thursday,0,3,20.4,65.0,28.966667,71.03198,0.87333333,89.61667,8.437673
2026-06-25 05:44:26,5,Thursday,0,3,20.4,65.0,28.933332,71.281296,0.8866667,89.933334,8.470857
2026-06-25 05:45:26,5,Thursday,0,3,20.4,64.9,28.9,71.53061,0.90000004,90.25,8.504041
2026-06-25 05:46:26,5,Thursday,0,3,20.4,64.9,28.866667,71.779915,0.91333336,90.566666,8.537225
2026-06-25 05:47:26,5,Thursday,0,3,20.4,65.0,28.833332,72.02922,0.9266667,90.88333,8.570408
2026-06-25 05:48:26,5,Thursday,0,3,20.4,65.0,28.8,72.278534,0.94,91.2,8.603592
2026-06-25 05:49:26,5,Thursday,0,3,20.4,64.9,28.766666,72.52785,0.9533334,91.51667,8.636776
2026-06-25 05:50:26,5,Thursday,0,3,20.4,65.0,28.733334,72.77715,0.9666667,91.833336,8.66996
2026-06-25 05:51:26,5,Thursday,0,3,20.4,64.7,28.699999,73.02646,0.98,92.15,8.703144
2026-06-25 05:52:26,5,Thursday,0,3,20.4,64.9,28.666666,73.27577,0.99333334,92.46667,8.736328
2026-06-25 05:53:26,5,Thursday,0,3,20.4,64.8,28.633333,73.525085,1.0066667,92.78333,8.769512
2026-06-25 05:54:26,5,Thursday,0,3,20.4,64.7,28.6,73.77439,1.02,93.1,8.802696
2026-06-25 05:55:26,5,Thursday,0,3,20.4,64.8,28.566666,74.0237,1.0333333,93.416664,8.83588
2026-06-25 05:56:26,5,Thursday,0,3,20.4,64.7,28.533333,74.27301,1.0466667,93.73333,8.869063
2026-06-25 05:57:26,5,Thursday,0,3,20.4,64.8,28.5,74.52232,1.0600001,94.05,8.902247
2026-06-25 05:58:26,5,Thursday,0,3,20.4,64.7,28.466667,74.77163,1.0733334,94.36667,8.9354315
2026-06-25 05:59:26,5,Thursday,0,3,20.3,64.7,28.433332,75.020935,1.0866667,94.683334,8.968616
2026-06-25 06:00:26,6,Thursday,0,3,20.3,64.8,28.4,75.27025,1.1,95.0,9.0018
2026-06-25 06:01:26,6,Thursday,0,3,20.3,64.8,28.3975,75.32379,1.1016667,94.45,8.91555
2026-06-25 06:02:26,6,Thursday,0,3,20.3,64.7,28.395,75.377335,1.1033334,93.9,8.829301
2026-06-25 06:03:26,6,Thursday,0,3,20.3,64.7,28.3925,75.43088,1.105,93.35,8.7430525
2026-06-25 06:04:26,6,Thursday,0,3,20.3,64.7,28.39,75.48442,1.1066667,92.8,8.656803
2026-06-25 06:05:26,6,Thursday,0,3,20.3,64.8,28.387499,75.537964,1.1083333,92.25,8.570554
2026-06-25 06:06:26,6,Thursday,0,3,20.3,64.9,28.385,75.5915,1.11,91.7,8.484304
2026-06-25 06:07:26,6,Thursday,0,3,20.3,64.8,28.3825,75.64504,1.1116667,91.15,8.398056
2026-06-25 06:08:26,6,Thursday,0,3,20.3,64.8,28.38,75.698586,1.1133333,90.6,8.311807
2026-06-25 06:09:26,6,Thursday,0,3,20.3,64.8,28.3775,75.75213,1.115,90.05,8.225557
2026-06-25 06:10:26,6,Thursday,0,3,20.2,64.8,28.375,75.80567,1.1166667,89.5,8.139308
2026-06-25 06:11:26,6,Thursday,0,3,20.3,64.9,28.3725,75.859215,1.1183333,88.95,8.05306
2026-06-25 06:12:27,6,Thursday,0,3,20.3,64.9,28.369999,75.91276,1.12,88.4,7.96681
2026-06-25 06:13:27,6,Thursday,0,3,20.3,64.8,28.3675,75.9663,1.1216667,87.85,7.880561
2026-06-25 06:14:27,6,Thursday,0,3,20.2,64.8,28.365,76.019844,1.1233333,87.3,7.794312
2026-06-25 06:15:27,6,Thursday,0,3,20.2,64.9,28.3625,76.07338,1.125,86.75,7.7080626
2026-06-25 06:16:27,6,Thursday,0,3,20.2,65.0,28.36,76.12692,1.1266667,86.2,7.621814
2026-06-25 06:17:27,6,Thursday,0,3,20.3,65.0,28.3575,76.180466,1.1283333,85.65,7.5355644
2026-06-25 06:18:27,6,Thursday,0,3,20.3,64.9,28.355,76.23401,1.13,85.1,7.4493155
2026-06-25 06:19:27,6,Thursday,0,3,20.3,64.8,28.352499,76.28755,1.1316667,84.55,7.363066
2026-06-25 06:20:27,6,Thursday,0,3,20.2,64.8,28.35,76.341095,1.1333333,84.0,7.2768173
2026-06-25 06:21:27,6,Thursday,0,3,20.2,64.9,28.3475,76.39464,1.135,83.45,7.190568
2026-06-25 06:22:27,6,Thursday,0,3,20.2,65.0,28.345,76.44818,1.1366667,82.9,7.104319
2026-06-25 06:23:27,6,Thursday,0,3,20.2,64.9,28.3425,76.501724,1.1383333,82.35,7.0180697
2026-06-25 06:24:27,6,Thursday,0,3,20.2,64.9,28.34,76.55527,1.14,81.8,6.931821
2026-06-25 06:25:27,6,Thursday,0,3,20.2,64.8,28.3375,76.60881,1.1416667,81.25,6.8455715
2026-06-25 06:26:27,6,Thursday,0,3,20.2,65.0,28.335,76.662346,1.1433333,80.7,6.7593226
2026-06-25 06:27:27,6,Thursday,0,3,20.2,65.0,28.3325,76.71589,1.145,80.15,6.6730733
2026-06-25 06:28:27,6,Thursday,0,3,20.2,65.1,28.33,76.76943,1.1466666,79.6,6.5868244
2026-06-25 06:29:27,6,Thursday,0,3,20.2,65.0,28.3275,76.822975,1.1483333,79.05,6.500575
2026-06-25 06:30:27,6,Thursday,0,3,20.2,64.9,28.325,76.87652,1.1500001,78.5,6.414326
2026-06-25 06:31:27,6,Thursday,0,3,20.2,64.9,28.3225,76.93006,1.1516668,77.95,6.328077
2026-06-25 06:32:27,6,Thursday,0,3,20.2,64.9,28.32,76.983604,1.1533334,77.4,6.241828
2026-06-25 06:33:27,6,Thursday,0,3,20.3,64.9,28.3175,77.03715,1.1550001,76.85,6.1555786
2026-06-25 06:34:27,6,Thursday,0,3,20.2,64.9,28.315,77.09069,1.1566668,76.3,6.0693297
2026-06-25 06:35:27,6,Thursday,0,3,20.2,64.8,28.3125,77.144226,1.1583334,75.75,5.9830804
2026-06-25 06:36:27,6,Thursday,0,3,20.2,64.9,28.31,77.19777,1.1600001,75.2,5.8968315
2026-06-25 06:37:27,6,Thursday,0,3,20.2,65.1,28.307499,77.25131,1.1616668,74.65,5.810582
2026-06-25 06:38:27,6,Thursday,0,3,20.2,65.0,28.305,77.304855,1.1633334,74.1,5.7243333
2026-06-25 06:39:27,6,Thursday,0,3,20.2,64.9,28.3025,77.3584,1.1650001,73.55,5.638084
2026-06-25 06:40:27,6,Thursday,0,3,20.2,65.0,28.3,77.41194,1.1666667,73.0,5.551835
2026-06-25 06:41:27,6,Thursday,0,3,20.2,65.1,28.2975,77.465485,1.1683334,72.45,5.4655857
2026-06-25 06:42:27,6,Thursday,0,3,20.2,65.1,28.295,77.51903,1.1700001,71.9,5.379337
2026-06-25 06:43:27,6,Thursday,0,3,20.2,65.1,28.2925,77.57257,1.1716667,71.35,5.2930875
2026-06-25 06:44:27,6,Thursday,0,3,20.2,65.0,28.289999,77.626114,1.1733334,70.8,5.2068386
2026-06-25 06:45:27,6,Thursday,0,3,20.2,65.1,28.2875,77.67966,1.1750001,70.25,5.1205893
2026-06-25 06:46:27,6,Thursday,0,3,20.2,64.8,28.285,77.73319,1.1766667,69.7,5.0343404
2026-06-25 06:47:27,6,Thursday,0,3,20.2,65.0,28.2825,77.786736,1.1783334,69.15,4.948091
2026-06-25 06:48:27,6,Thursday,0,3,20.2,65.1,28.28,77.84028,1.1800001,68.6,4.861842
2026-06-25 06:49:27,6,Thursday,0,3,20.2,65.2,28.2775,77.89382,1.1816667,68.05,4.775593
2026-06-25 06:50:27,6,Thursday,0,3,20.2,65.2,28.275,77.947365,1.1833334,67.5,4.689344
2026-06-25 06:51:27,6,Thursday,0,3,20.1,65.1,28.2725,78.00091,1.1850001,66.95,4.6030946
2026-06-25 06:52:27,6,Thursday,0,3,20.2,65.3,28.27,78.05445,1.1866667,66.4,4.5168457
2026-06-25 06:53:27,6,Thursday,0,3,20.2,65.3,28.2675,78.107994,1.1883334,65.85,4.4305964
2026-06-25 06:54:27,6,Thursday,0,3,20.2,65.3,28.265,78.16154,1.19,65.3,4.3443475
2026-06-25 06:55:27,6,Thursday,0,3,20.2,65.3,28.2625,78.21507,1.1916667,64.75,4.258098
2026-06-25 06:56:27,6,Thursday,0,3,20.2,65.3,28.26,78.268616,1.1933334,64.2,4.1718493
2026-06-25 06:57:27,6,Thursday,0,3,20.2,65.3,28.2575,78.32216,1.195,63.65,4.0856
2026-06-25 06:58:27,6,Thursday,0,3,20.2,65.2,28.255,78.3757,1.1966667,63.1,3.9993508
2026-06-25 06:59:27,6,Thursday,0,3,20.2,65.3,28.2525,78.429245,1.1983334,62.55,3.9131017
2026-06-25 07:00:27,7,Thursday,0,3,20.2,65.3,28.25,78.48279,1.2,62.0,3.8268526
2026-06-25 07:01:27,7,Thursday,0,3,20.2,65.3,28.2625,78.469,1.1883334,62.633335,3.8191164
2026-06-25 07:02:27,7,Thursday,0,3,20.2,65.4,28.275,78.45521,1.1766667,63.266666,3.8113801
2026-06-25 07:03:27,7,Thursday,0,3,20.2,65.3,28.2875,78.44142,1.1650001,63.9,3.8036437
2026-06-25 07:04:27,7,Thursday,0,3,20.2,65.4,28.3,78.42763,1.1533334,64.53333,3.7959075
2026-06-25 07:05:27,7,Thursday,0,3,20.2,65.5,28.3125,78.41384,1.1416667,65.166664,3.7881713
2026-06-25 07:06:27,7,Thursday,0,3,20.2,65.5,28.325,78.400055,1.13,65.8,3.780435
2026-06-25 07:07:27,7,Thursday,0,3,20.2,65.5,28.3375,78.38626,1.1183333,66.433334,3.7726986
2026-06-25 07:08:27,7,Thursday,0,3,20.2,65.5,28.35,78.372475,1.1066667,67.066666,3.7649624
2026-06-25 07:09:27,7,Thursday,0,3,20.2,65.6,28.3625,78.35869,1.095,67.7,3.7572262
2026-06-25 07:10:28,7,Thursday,0,3,20.2,65.5,28.375,78.344894,1.0833334,68.333336,3.74949
2026-06-25 07:11:28,7,Thursday,0,3,20.2,65.6,28.3875,78.33111,1.0716667,68.96667,3.7417538
2026-06-25 07:12:28,7,Thursday,0,3,20.2,65.6,28.4,78.317314,1.0600001,69.6,3.7340174
2026-06-25 07:13:28,7,Thursday,0,3,20.1,65.6,28.4125,78.30353,1.0483334,70.23333,3.7262812
2026-06-25 07:14:28,7,Thursday,0,3,20.1,65.7,28.425,78.28974,1.0366668,70.86667,3.718545
2026-06-25 07:15:28,7,Thursday,0,3,20.1,65.5,28.4375,78.27595,1.0250001,71.5,3.7108088
2026-06-25 07:16:28,7,Thursday,0,3,20.1,65.6,28.45,78.26216,1.0133333,72.13333,3.7030725
2026-06-25 07:17:28,7,Thursday,0,3,20.1,65.5,28.4625,78.24837,1.0016667,72.76667,3.695336
2026-06-25 07:18:28,7,Thursday,0,3,20.1,65.4,28.475,78.23458,0.99,73.4,3.6876
2026-06-25 07:19:28,7,Thursday,0,3,20.1,65.4,28.4875,78.220795,0.97833335,74.03333,3.6798637
2026-06-25 07:20:28,7,Thursday,0,3,20.2,65.5,28.5,78.207,0.9666667,74.666664,3.6721275
2026-06-25 07:21:28,7,Thursday,0,3,20.1,65.4,28.5125,78.193214,0.95500004,75.3,3.664391
2026-06-25 07:22:28,7,Thursday,0,3,20.1,65.4,28.525,78.17943,0.9433334,75.933334,3.6566548
2026-06-25 07:23:28,7,Thursday,0,3,20.1,65.2,28.5375,78.165634,0.9316667,76.566666,3.6489186
2026-06-25 07:24:28,7,Thursday,0,3,20.1,65.2,28.55,78.15185,0.92,77.2,3.6411824
2026-06-25 07:25:28,7,Thursday,0,3,20.1,65.2,28.5625,78.138054,0.90833336,77.833336,3.6334462
2026-06-25 07:26:28,7,Thursday,0,3,20.1,65.4,28.575,78.12427,0.8966667,78.46667,3.6257098
2026-06-25 07:27:28,7,Thursday,0,3,20.1,65.4,28.5875,78.11048,0.88500005,79.1,3.6179736
2026-06-25 07:28:28,7,Thursday,0,3,20.1,65.4,28.6,78.09669,0.87333333,79.73333,3.6102374
2026-06-25 07:29:28,7,Thursday,0,3,20.1,65.6,28.6125,78.0829,0.8616667,80.36667,3.6025012
2026-06-25 07:30:28,7,Thursday,0,3,20.1,65.5,28.625,78.06911,0.85,81.0,3.5947647
2026-06-25 07:31:28,7,Thursday,0,3,20.1,65.6,28.6375,78.05532,0.83833337,81.63333,3.5870285
2026-06-25 07:32:28,7,Thursday,0,3,20.1,65.5,28.65,78.041534,0.8266667,82.26667,3.5792923
2026-06-25 07:33:28,7,Thursday,0,3,20.1,65.4,28.6625,78.02774,0.815,82.9,3.571556
2026-06-25 07:34:28,7,Thursday,0,3,20.1,65.5,28.675,78.013954,0.80333334,83.53333,3.56382
2026-06-25 07:35:28,7,Thursday,0,3,20.1,65.5,28.6875,78.00017,0.7916667,84.166664,3.5560834
2026-06-25 07:36:28,7,Thursday,0,3,20.1,65.4,28.7,77.986374,0.78000003,84.8,3.5483472
2026-06-25 07:37:28,7,Thursday,0,3,20.1,65.2,28.7125,77.97259,0.7683334,85.433334,3.540611
2026-06-25 07:38:28,7,Thursday,0,3,20.1,65.2,28.725,77.95879,0.75666666,86.066666,3.5328748
2026-06-25 07:39:28,7,Thursday,0,3,20.0,65.3,28.7375,77.94501,0.745,86.7,3.5251386
2026-06-25 07:40:28,7,Thursday,0,3,20.1,65.3,28.75,77.93122,0.73333335,87.333336,3.5174022
2026-06-25 07:41:28,7,Thursday,0,3,20.0,65.2,28.7625,77.91743,0.7216667,87.96667,3.509666
2026-06-25 07:42:28,7,Thursday,0,3,20.0,65.2,28.775,77.90364,0.71000004,88.6,3.5019298
2026-06-25 07:43:28,7,Thursday,0,3,20.0,65.3,28.7875,77.889854,0.6983333,89.23333,3.4941936
2026-06-25 07:44:28,7,Thursday,0,3,20.0,65.4,28.8,77.87606,0.68666667,89.86667,3.486457
2026-06-25 07:45:28,7,Thursday,0,3,20.0,65.5,28.8125,77.862274,0.675,90.5,3.478721
2026-06-25 07:46:28,7,Thursday,0,3,20.0,65.4,28.825,77.84848,0.66333336,91.13333,3.4709847
2026-06-25 07:47:28,7,Thursday,0,3,20.0,65.4,28.8375,77.834694,0.6516667,91.76667,3.4632485
2026-06-25 07:48:28,7,Thursday,0,3,20.0,65.4,28.85,77.82091,0.64,92.4,3.4555123
2026-06-25 07:49:28,7,Thursday,0,3,20.0,65.5,28.8625,77.80711,0.62833333,93.03333,3.4477758
2026-06-25 07:50:28,7,Thursday,0,3,20.0,65.5,28.875,77.79333,0.6166667,93.666664,3.4400396
2026-06-25 07:51:28,7,Thursday,0,3,20.1,65.6,28.8875,77.77953,0.605,94.3,3.4323034
2026-06-25 07:52:28,7,Thursday,0,3,20.1,65.5,28.9,77.76575,0.59333336,94.933334,3.4245672
2026-06-25 07:53:28,7,Thursday,0,3,20.0,65.6,28.9125,77.75196,0.58166665,95.566666,3.416831
2026-06-25 07:54:28,7,Thursday,0,3,20.0,65.5,28.925,77.73817,0.57,96.2,3.4090946
2026-06-25 07:55:28,7,Thursday,0,3,20.1,65.5,28.9375,77.72438,0.55833334,96.833336,3.4013584
2026-06-25 07:56:28,7,Thursday,0,3,20.1,65.5,28.95,77.710594,0.5466667,97.46667,3.3936222
2026-06-25 07:57:28,7,Thursday,0,3,20.1,65.6,28.9625,77.6968,0.535,98.1,3.385886
2026-06-25 07:58:28,7,Thursday,0,3,20.1,65.4,28.975,77.683014,0.5233333,98.73333,3.3781495
2026-06-25 07:59:28,7,Thursday,0,3,20.1,65.4,28.9875,77.66922,0.51166666,99.36667,3.3704133
2026-06-25 08:00:28,8,Thursday,0,3,20.1,65.4,29.0,77.65543,0.5,100.0,3.362677
2026-06-25 08:01:28,8,Thursday,0,3,20.1,65.6,29.005,77.62938,0.495,98.71667,3.3431292
2026-06-25 08:02:28,8,Thursday,0,3,20.1,65.6,29.01,77.60333,0.49,97.433334,3.323581
2026-06-25 08:03:28,8,Thursday,0,3,20.1,65.6,29.015,77.57728,0.485,96.15,3.304033
2026-06-25 08:04:28,8,Thursday,0,3,20.1,65.6,29.02,77.55123,0.48,94.86667,3.2844849
2026-06-25 08:05:28,8,Thursday,0,3,20.1,65.5,29.025,77.52518,0.475,93.583336,3.264937
2026-06-25 08:06:28,8,Thursday,0,3,20.1,65.4,29.03,77.49912,0.47,92.3,3.2453887
2026-06-25 08:07:28,8,Thursday,0,3,20.1,65.6,29.035,77.473076,0.465,91.01667,3.2258408
2026-06-25 08:08:29,8,Thursday,0,3,20.1,65.5,29.039999,77.44702,0.46,89.73333,3.2062929
2026-06-25 08:09:29,8,Thursday,0,3,20.1,65.5,29.045,77.420975,0.455,88.45,3.1867447
2026-06-25 08:10:29,8,Thursday,0,3,20.1,65.6,29.05,77.39492,0.45,87.166664,3.1671968
2026-06-25 08:11:29,8,Thursday,0,3,20.1,65.6,29.055,77.368866,0.445,85.88333,3.1476486
2026-06-25 08:12:29,8,Thursday,0,3,20.1,65.5,29.06,77.34282,0.44,84.6,3.1281006
2026-06-25 08:13:29,8,Thursday,0,3,20.1,65.4,29.065,77.316765,0.435,83.316666,3.1085525
2026-06-25 08:14:29,8,Thursday,0,3,20.1,65.5,29.07,77.29072,0.43,82.03333,3.0890045
2026-06-25 08:15:29,8,Thursday,0,3,20.1,65.4,29.075,77.26466,0.425,80.75,3.0694566
2026-06-25 08:16:29,8,Thursday,0,3,20.1,65.5,29.08,77.23861,0.42,79.46667,3.0499084
2026-06-25 08:17:29,8,Thursday,0,3,20.1,65.6,29.085,77.21256,0.415,78.183334,3.0303605
2026-06-25 08:18:29,8,Thursday,0,3,20.1,65.7,29.09,77.18651,0.41,76.9,3.0108123
2026-06-25 08:19:29,8,Thursday,0,3,20.1,65.7,29.095,77.16046,0.405,75.61667,2.9912643
2026-06-25 08:20:29,8,Thursday,0,3,20.2,65.7,29.1,77.13441,0.4,74.333336,2.9717162
2026-06-25 08:21:29,8,Thursday,0,3,20.2,65.6,29.105,77.10835,0.395,73.05,2.9521682
2026-06-25 08:22:29,8,Thursday,0,3,20.2,65.4,29.11,77.082306,0.39000002,71.76667,2.93262
2026-06-25 08:23:29,8,Thursday,0,3,20.2,65.4,29.115,77.05625,0.385,70.48333,2.913072
2026-06-25 08:24:29,8,Thursday,0,3,20.2,65.6,29.119999,77.030205,0.38,69.2,2.8935242
2026-06-25 08:25:29,8,Thursday,0,3,20.2,65.6,29.125,77.00415,0.375,67.916664,2.873976
2026-06-25 08:26:29,8,Thursday,0,3,20.2,65.8,29.13,76.978096,0.37,66.63333,2.854428
2026-06-25 08:27:29,8,Thursday,0,3,20.2,65.7,29.135,76.95205,0.365,65.35,2.8348799
2026-06-25 08:28:29,8,Thursday,0,3,20.2,65.6,29.14,76.925995,0.36,64.066666,2.815332
2026-06-25 08:29:29,8,Thursday,0,3,20.2,65.5,29.145,76.89995,0.355,62.783333,2.7957838
2026-06-25 08:30:29,8,Thursday,0,3,20.2,65.6,29.15,76.87389,0.35,61.5,2.7762358
2026-06-25 08:31:29,8,Thursday,0,3,20.2,65.5,29.154999,76.84784,0.345,60.216667,2.7566879
2026-06-25 08:32:29,8,Thursday,0,3,20.3,65.5,29.16,76.82179,0.34,58.933334,2.7371397
2026-06-25 08:33:29,8,Thursday,0,3,20.2,65.5,29.164999,76.79574,0.335,57.65,2.7175918
2026-06-25 08:34:29,8,Thursday,0,3,20.3,65.5,29.17,76.76969,0.33,56.366665,2.6980436
2026-06-25 08:35:29,8,Thursday,0,3,20.3,65.5,29.175,76.74364,0.325,55.083332,2.6784956
2026-06-25 08:36:29,8,Thursday,0,3,20.2,65.6,29.18,76.71758,0.32,53.8,2.6589475
2026-06-25 08:37:29,8,Thursday,0,3,20.3,65.7,29.185,76.691536,0.315,52.516666,2.6393995
2026-06-25 08:38:29,8,Thursday,0,3,20.2,65.7,29.189999,76.66548,0.31,51.233334,2.6198516
2026-06-25 08:39:29,8,Thursday,0,3,20.2,65.7,29.195,76.639435,0.305,49.95,2.6003034
2026-06-25 08:40:29,8,Thursday,0,3,20.2,65.6,29.199999,76.61338,0.3,48.666668,2.5807555
2026-06-25 08:41:29,8,Thursday,0,3,20.2,65.8,29.205,76.587326,0.29500002,47.383335,2.5612073
2026-06-25 08:42:29,8,Thursday,0,3,20.2,65.9,29.21,76.56128,0.29,46.1,2.5416594
2026-06-25 08:43:29,8,Thursday,0,3,20.3,65.8,29.215,76.535225,0.285,44.816666,2.5221112
2026-06-25 08:44:29,8,Thursday,0,3,20.3,65.9,29.22,76.50918,0.28,43.533333,2.5025632
2026-06-25 08:45:29,8,Thursday,0,3,20.3,65.9,29.224998,76.48312,0.275,42.25,2.483015
2026-06-25 08:46:29,8,Thursday,0,3,20.3,66.1,29.23,76.45707,0.27,40.966667,2.4634671
2026-06-25 08:47:29,8,Thursday,0,3,20.3,66.1,29.234999,76.43102,0.26500002,39.683334,2.4439192
2026-06-25 08:48:29,8,Thursday,0,3,20.3,65.9,29.24,76.40497,0.26,38.4,2.424371
2026-06-25 08:49:29,8,Thursday,0,3,20.3,66.1,29.244999,76.37892,0.255,37.116665,2.404823
2026-06-25 08:50:29,8,Thursday,0,3,20.3,66.2,29.25,76.35287,0.25,35.833332,2.385275
2026-06-25 08:51:29,8,Thursday,0,3,20.3,66.2,29.255,76.32681,0.245,34.55,2.365727
2026-06-25 08:52:29,8,Thursday,0,3,20.4,66.2,29.26,76.300766,0.24000001,33.266666,2.3461788
2026-06-25 08:53:29,8,Thursday,0,3,20.4,66.3,29.265,76.27471,0.235,31.983334,2.3266308
2026-06-25 08:54:29,8,Thursday,0,3,20.4,66.3,29.269999,76.248665,0.23,30.7,2.307083
2026-06-25 08:55:29,8,Thursday,0,3,20.4,66.2,29.275,76.22261,0.22500001,29.416666,2.2875347
2026-06-25 08:56:29,8,Thursday,0,3,20.4,66.1,29.279999,76.196556,0.22,28.133333,2.2679868
2026-06-25 08:57:29,8,Thursday,0,3,20.4,66.2,29.285,76.17051,0.215,26.85,2.2484386
2026-06-25 08:58:29,8,Thursday,0,3,20.4,66.2,29.289999,76.144455,0.21000001,25.566668,2.2288907
2026-06-25 08:59:29,8,Thursday,0,3,20.4,66.2,29.295,76.11841,0.205,24.283333,2.2093425
2026-06-25 09:00:29,9,Thursday,0,3,20.4,66.2,29.3,76.092354,0.2,23.0,2.1897945
2026-06-25 09:01:29,9,Thursday,0,3,20.4,66.3,29.290833,76.13337,0.19833334,24.266666,2.1841848
2026-06-25 09:02:29,9,Thursday,0,3,20.4,66.0,29.281666,76.174385,0.19666667,25.533333,2.1785753
2026-06-25 09:03:29,9,Thursday,0,3,20.4,66.2,29.2725,76.2154,0.19500001,26.8,2.1729655
2026-06-25 09:04:29,9,Thursday,0,3,20.5,66.1,29.263332,76.25642,0.19333334,28.066668,2.1673558
2026-06-25 09:05:29,9,Thursday,0,3,20.5,65.9,29.254166,76.297424,0.19166666,29.333334,2.161746
2026-06-25 09:06:30,9,Thursday,0,3,20.5,66.3,29.244999,76.33844,0.19,30.6,2.1561365
2026-06-25 09:07:30,9,Thursday,0,3,20.5,66.3,29.235832,76.379456,0.18833333,31.866667,2.1505268
2026-06-25 09:08:30,9,Thursday,0,3,20.6,66.4,29.226665,76.42047,0.18666667,33.133335,2.144917
2026-06-25 09:09:30,9,Thursday,0,3,20.6,66.5,29.217499,76.46149,0.185,34.4,2.1393073
2026-06-25 09:10:30,9,Thursday,0,3,20.6,66.5,29.208332,76.5025,0.18333334,35.666668,2.1336977
2026-06-25 09:11:30,9,Thursday,0,3,20.6,66.6,29.199165,76.54352,0.18166667,36.933334,2.128088
2026-06-25 09:12:30,9,Thursday,0,3,20.6,66.7,29.189999,76.58453,0.18,38.2,2.1224782
2026-06-25 09:13:30,9,Thursday,0,3,20.6,66.8,29.180832,76.62555,0.17833334,39.466667,2.1168685
2026-06-25 09:14:30,9,Thursday,0,3,20.7,66.7,29.171665,76.666565,0.17666666,40.733334,2.111259
2026-06-25 09:15:30,9,Thursday,0,3,20.7,66.6,29.162498,76.70758,0.175,42.0,2.1056492
2026-06-25 09:16:30,9,Thursday,0,3,20.7,66.6,29.153334,76.74859,0.17333333,43.266666,2.1000395
2026-06-25 09:17:30,9,Thursday,0,3,20.7,66.5,29.144167,76.789604,0.17166667,44.533333,2.09443
2026-06-25 09:18:30,9,Thursday,0,3,20.7,66.6,29.135,76.83062,0.17,45.8,2.0888202
2026-06-25 09:19:30,9,Thursday,0,3,20.7,66.5,29.125834,76.871635,0.16833334,47.066666,2.0832105
2026-06-25 09:20:30,9,Thursday,0,3,20.8,66.5,29.116667,76.91265,0.16666667,48.333332,2.0776007
2026-06-25 09:21:30,9,Thursday,0,3,20.8,66.6,29.1075,76.95367,0.165,49.6,2.0719912
2026-06-25 09:22:30,9,Thursday,0,3,20.8,66.5,29.098333,76.99468,0.16333334,50.866665,2.0663815
2026-06-25 09:23:30,9,Thursday,0,3,20.8,66.5,29.089167,77.0357,0.16166668,52.133335,2.0607717
2026-06-25 09:24:30,9,Thursday,0,3,20.8,66.5,29.08,77.07671,0.16,53.4,2.055162
2026-06-25 09:25:30,9,Thursday,0,3,20.8,66.7,29.070833,77.11772,0.15833333,54.666668,2.0495524
2026-06-25 09:26:30,9,Thursday,0,3,20.8,66.7,29.061666,77.15874,0.15666667,55.933334,2.0439427
2026-06-25 09:27:30,9,Thursday,0,3,20.8,66.7,29.0525,77.19975,0.155,57.2,2.038333
2026-06-25 09:28:30,9,Thursday,0,3,20.8,66.8,29.043333,77.24077,0.15333334,58.466667,2.0327232
2026-06-25 09:29:30,9,Thursday,0,3,20.9,66.7,29.034166,77.281784,0.15166667,59.733334,2.0271137
2026-06-25 09:30:30,9,Thursday,0,3,20.9,66.7,29.025,77.3228,0.15,61.0,2.021504
2026-06-25 09:31:30,9,Thursday,0,3,20.9,66.6,29.015833,77.363815,0.14833334,62.266666,2.0158942
2026-06-25 09:32:30,9,Thursday,0,3,20.9,66.6,29.006666,77.40483,0.14666668,63.533333,2.0102847
2026-06-25 09:33:30,9,Thursday,0,3,20.9,66.6,28.9975,77.44585,0.145,64.8,2.004675
2026-06-25 09:34:30,9,Thursday,0,3,20.9,66.7,28.988333,77.48686,0.14333333,66.066666,1.9990652
2026-06-25 09:35:30,9,Thursday,0,3,20.9,66.6,28.979166,77.52788,0.14166667,67.333336,1.9934555
2026-06-25 09:36:30,9,Thursday,0,3,20.9,66.5,28.97,77.568886,0.14,68.6,1.9878458
2026-06-25 09:37:30,9,Thursday,0,3,20.9,66.7,28.960833,77.6099,0.13833334,69.86667,1.9822361
2026-06-25 09:38:30,9,Thursday,0,3,21.0,66.7,28.951666,77.65092,0.13666667,71.13333,1.9766264
2026-06-25 09:39:30,9,Thursday,0,3,21.0,66.7,28.9425,77.69193,0.135,72.4,1.9710168
2026-06-25 09:40:30,9,Thursday,0,3,21.0,66.8,28.933332,77.73295,0.13333334,73.666664,1.965407
2026-06-25 09:41:30,9,Thursday,0,3,21.0,66.7,28.924166,77.773964,0.13166668,74.933334,1.9597974
2026-06-25 09:42:30,9,Thursday,0,3,21.0,66.7,28.914999,77.81498,0.13,76.2,1.9541876
2026-06-25 09:43:30,9,Thursday,0,3,21.0,66.8,28.905832,77.855995,0.12833333,77.46667,1.948578
2026-06-25 09:44:30,9,Thursday,0,3,21.1,66.7,28.896666,77.89701,0.12666667,78.73333,1.9429682
2026-06-25 09:45:30,9,Thursday,0,3,21.1,66.7,28.8875,77.93802,0.125,80.0,1.9373586
2026-06-25 09:46:30,9,Thursday,0,3,21.1,66.5,28.878334,77.979034,0.123333335,81.26667,1.931749
2026-06-25 09:47:30,9,Thursday,0,3,21.1,66.5,28.869167,78.02005,0.12166667,82.53333,1.9261392
2026-06-25 09:48:30,9,Thursday,0,3,21.1,66.6,28.86,78.061066,0.120000005,83.8,1.9205296
2026-06-25 09:49:30,9,Thursday,0,3,21.1,66.7,28.850834,78.10208,0.11833333,85.066666,1.9149199
2026-06-25 09:50:30,9,Thursday,0,3,21.2,66.5,28.841667,78.1431,0.11666667,86.333336,1.9093102
2026-06-25 09:51:30,9,Thursday,0,3,21.2,66.5,28.8325,78.18411,0.115,87.6,1.9037005
2026-06-25 09:52:30,9,Thursday,0,3,21.2,66.5,28.823334,78.22513,0.11333334,88.86667,1.8980908
2026-06-25 09:53:30,9,Thursday,0,3,21.2,66.3,28.814167,78.26614,0.11166667,90.13333,1.8924811
2026-06-25 09:54:30,9,Thursday,0,3,21.2,66.4,28.805,78.30716,0.11,91.4,1.8868715
2026-06-25 09:55:30,9,Thursday,0,3,21.2,66.4,28.795834,78.348175,0.108333334,92.666664,1.8812617
2026-06-25 09:56:30,9,Thursday,0,3,21.3,66.4,28.786667,78.38918,0.10666667,93.933334,1.8756521
2026-06-25 09:57:30,9,Thursday,0,3,21.3,66.5,28.7775,78.4302,0.105000004,95.2,1.8700423
2026-06-25 09:58:30,9,Thursday,0,3,21.3,66.6,28.768333,78.471214,0.10333333,96.46667,1.8644327
2026-06-25 09:59:30,9,Thursday,0,3,21.4,66.3,28.759167,78.51223,0.10166667,97.73333,1.858823
2026-06-25 10:00:30,10,Thursday,0,3,21.4,66.3,28.75,78.553246,0.1,99.0,1.8532133
2026-06-25 10:01:30,10,Thursday,0,3,21.4,66.8,28.724167,78.70737,0.11833333,98.1,1.8465132
2026-06-25 10:02:30,10,Thursday,0,3,21.5,66.7,28.698334,78.861496,0.13666667,97.2,1.8398131
2026-06-25 10:03:31,10,Thursday,0,3,21.5,66.4,28.646667,79.16974,0.17333333,95.4,1.8264128
2026-06-25 10:04:31,10,Thursday,0,3,21.5,66.5,28.620834,79.32387,0.19166668,94.5,1.8197128
2026-06-25 10:05:31,10,Thursday,0,3,21.6,66.5,28.595,79.47799,0.21000001,93.6,1.8130126
2026-06-25 10:06:31,10,Thursday,0,3,21.6,66.5,28.569166,79.63211,0.22833334,92.7,1.8063124
2026-06-25 10:07:31,10,Thursday,0,3,21.6,66.5,28.543333,79.78624,0.24666667,91.8,1.7996124
2026-06-25 10:08:31,10,Thursday,0,3,21.6,66.6,28.5175,79.94036,0.26500002,90.9,1.7929122
2026-06-25 10:09:31,10,Thursday,0,3,21.7,66.5,28.491667,80.09448,0.28333333,90.0,1.7862122
2026-06-25 10:10:31,10,Thursday,0,3,21.6,66.6,28.465834,80.24861,0.30166668,89.1,1.779512
2026-06-25 10:11:31,10,Thursday,0,3,21.7,66.7,28.44,80.40273,0.32000002,88.2,1.7728119
2026-06-25 10:12:31,10,Thursday,0,3,21.7,66.6,28.414167,80.556854,0.33833334,87.3,1.7661119
2026-06-25 10:13:31,10,Thursday,0,3,21.7,66.8,28.388334,80.71098,0.35666668,86.4,1.7594117
2026-06-25 10:14:31,10,Thursday,0,3,21.7,66.8,28.3625,80.865105,0.375,85.5,1.7527115
2026-06-25 10:15:31,10,Thursday,0,3,21.8,66.7,28.336666,81.019226,0.39333335,84.6,1.7460115
2026-06-25 10:16:31,10,Thursday,0,3,21.8,66.6,28.310833,81.173355,0.4116667,83.7,1.7393113
2026-06-25 10:17:31,10,Thursday,0,3,21.8,66.7,28.285,81.32748,0.43,82.8,1.7326112
2026-06-25 10:18:31,10,Thursday,0,3,21.8,66.7,28.259167,81.4816,0.44833335,81.9,1.7259111
2026-06-25 10:19:31,10,Thursday,0,3,21.8,66.7,28.233334,81.63573,0.4666667,81.0,1.719211
2026-06-25 10:20:31,10,Thursday,0,3,21.8,67.0,28.2075,81.78985,0.485,80.1,1.7125108
2026-06-25 10:21:31,10,Thursday,0,3,21.9,67.0,28.181667,81.94397,0.50333333,79.2,1.7058108
2026-06-25 10:22:31,10,Thursday,0,3,21.9,67.0,28.155834,82.0981,0.5216667,78.3,1.6991106
2026-06-25 10:23:31,10,Thursday,0,3,21.9,66.8,28.130001,82.25222,0.54,77.4,1.6924105
2026-06-25 10:24:31,10,Thursday,0,3,21.9,66.5,28.104168,82.40634,0.55833334,76.5,1.6857104
2026-06-25 10:25:31,10,Thursday,0,3,22.0,66.7,28.078333,82.56047,0.5766667,75.6,1.6790103
2026-06-25 10:26:31,10,Thursday,0,3,22.0,66.5,28.0525,82.71459,0.595,74.7,1.6723101
2026-06-25 10:27:31,10,Thursday,0,3,22.0,66.5,28.026667,82.86871,0.61333334,73.8,1.6656101
2026-06-25 10:28:31,10,Thursday,0,3,22.0,66.6,28.000834,83.02284,0.6316667,72.9,1.6589099
2026-06-25 10:29:31,10,Thursday,0,3,22.0,66.6,27.975,83.17696,0.65000004,72.0,1.6522098
2026-06-25 10:30:31,10,Thursday,0,3,22.0,66.3,27.949167,83.331085,0.66833335,71.1,1.6455097
2026-06-25 10:31:31,10,Thursday,0,3,22.0,66.2,27.923334,83.485214,0.68666667,70.2,1.6388096
2026-06-25 10:32:31,10,Thursday,0,3,22.0,66.1,27.897501,83.639336,0.70500004,69.3,1.6321095
2026-06-25 10:33:31,10,Thursday,0,3,22.0,66.2,27.871668,83.79346,0.72333336,68.4,1.6254094
2026-06-25 10:34:31,10,Thursday,0,3,22.0,66.2,27.845833,83.947586,0.7416667,67.5,1.6187092
2026-06-25 10:35:31,10,Thursday,0,3,22.0,66.3,27.82,84.10171,0.76000005,66.6,1.6120092
2026-06-25 10:36:31,10,Thursday,0,3,22.1,66.4,27.794167,84.25583,0.77833337,65.7,1.605309
2026-06-25 10:37:31,10,Thursday,0,3,22.1,66.5,27.768333,84.40996,0.7966667,64.8,1.5986089
2026-06-25 10:38:31,10,Thursday,0,3,22.2,66.4,27.7425,84.56408,0.81500006,63.9,1.5919088
2026-06-25 10:39:31,10,Thursday,0,3,22.2,66.4,27.716667,84.7182,0.8333334,63.0,1.5852087
2026-06-25 10:40:31,10,Thursday,0,3,22.2,66.3,27.690834,84.87233,0.8516667,62.1,1.5785085
2026-06-25 10:41:31,10,Thursday,0,3,22.2,66.4,27.665,85.02645,0.87,61.2,1.5718085
2026-06-25 10:42:31,10,Thursday,0,3,22.2,66.2,27.639168,85.18057,0.8883334,60.3,1.5651083
2026-06-25 10:43:31,10,Thursday,0,3,22.2,66.2,27.613335,85.3347,0.9066667,59.4,1.5584081
2026-06-25 10:44:31,10,Thursday,0,3,22.3,66.1,27.587502,85.48882,0.925,58.5,1.5517081
2026-06-25 10:45:31,10,Thursday,0,3,22.2,66.3,27.561666,85.642944,0.9433334,57.6,1.545008
2026-06-25 10:46:31,10,Thursday,0,3,22.2,66.3,27.535833,85.79707,0.9616667,56.7,1.5383078
2026-06-25 10:47:31,10,Thursday,0,3,22.3,66.5,27.51,85.951195,0.98,55.8,1.5316077
2026-06-25 10:48:31,10,Thursday,0,3,22.3,66.5,27.484167,86.105316,0.9983334,54.9,1.5249076
2026-06-25 10:49:31,10,Thursday,0,3,22.3,66.5,27.458334,86.259445,1.0166667,54.0,1.5182076
2026-06-25 10:50:31,10,Thursday,0,3,22.3,66.5,27.4325,86.41357,1.0350001,53.1,1.5115074
2026-06-25 10:51:31,10,Thursday,0,3,22.3,66.4,27.406668,86.56769,1.0533334,52.2,1.5048072
2026-06-25 10:52:31,10,Thursday,0,3,22.4,66.4,27.380835,86.72182,1.0716667,51.3,1.4981072
2026-06-25 10:53:31,10,Thursday,0,3,22.4,66.5,27.355001,86.87594,1.09,50.4,1.491407
2026-06-25 10:54:31,10,Thursday,0,3,22.4,66.5,27.329166,87.03006,1.1083333,49.5,1.4847069
2026-06-25 10:55:31,10,Thursday,0,3,22.4,66.6,27.303333,87.18419,1.1266667,48.6,1.4780068
2026-06-25 10:56:31,10,Thursday,0,3,22.4,66.5,27.2775,87.33831,1.1450001,47.7,1.4713067
2026-06-25 10:57:31,10,Thursday,0,3,22.4,66.5,27.251667,87.49243,1.1633334,46.8,1.4646065
2026-06-25 10:58:32,10,Thursday,0,3,22.5,66.6,27.225834,87.64656,1.1816667,45.9,1.4579065
2026-06-25 10:59:32,10,Thursday,0,3,22.5,66.4,27.2,87.80068,1.2,45.0,1.4512063
2026-06-25 11:00:32,11,Thursday,0,3,22.5,66.6,27.205833,87.8275,1.1866667,44.85,1.45891
2026-06-25 11:01:32,11,Thursday,0,3,22.5,66.7,27.211668,87.85431,1.1733334,44.7,1.4666137
2026-06-25 11:02:32,11,Thursday,0,3,22.6,66.6,27.2175,87.88113,1.1600001,44.55,1.4743173
2026-06-25 11:03:32,11,Thursday,0,3,22.6,66.7,27.223333,87.907936,1.1466668,44.4,1.482021
2026-06-25 11:04:32,11,Thursday,0,3,22.6,66.5,27.229168,87.93475,1.1333333,44.25,1.4897246
2026-06-25 11:05:32,11,Thursday,0,3,22.6,66.3,27.235,87.96156,1.12,44.1,1.4974283
2026-06-25 11:06:32,11,Thursday,0,3,22.6,66.2,27.240833,87.98838,1.1066667,43.95,1.505132
2026-06-25 11:07:32,11,Thursday,0,3,22.6,66.4,27.246668,88.0152,1.0933334,43.8,1.5128356
2026-06-25 11:08:32,11,Thursday,0,3,22.7,66.4,27.2525,88.04201,1.08,43.65,1.5205393
2026-06-25 11:09:32,11,Thursday,0,3,22.7,66.6,27.258333,88.068825,1.0666667,43.5,1.528243
2026-06-25 11:10:32,11,Thursday,0,3,22.7,66.5,27.264168,88.095634,1.0533334,43.35,1.5359466
2026-06-25 11:11:32,11,Thursday,0,3,22.7,66.4,27.27,88.12245,1.0400001,43.2,1.5436503
2026-06-25 11:12:32,11,Thursday,0,3,22.7,66.5,27.275833,88.14926,1.0266668,43.05,1.5513539
2026-06-25 11:13:32,11,Thursday,0,3,22.8,66.4,27.281668,88.17608,1.0133333,42.9,1.5590576
2026-06-25 11:14:32,11,Thursday,0,3,22.8,66.4,27.2875,88.202896,1.0,42.75,1.5667613
2026-06-25 11:15:32,11,Thursday,0,3,22.8,66.1,27.293333,88.229706,0.9866667,42.6,1.574465
2026-06-25 11:16:32,11,Thursday,0,3,22.8,66.3,27.299168,88.25652,0.97333336,42.45,1.5821687
2026-06-25 11:17:32,11,Thursday,0,3,22.8,66.4,27.305,88.28333,0.96000004,42.3,1.5898724
2026-06-25 11:18:32,11,Thursday,0,3,22.8,66.5,27.310833,88.31015,0.9466667,42.15,1.597576
2026-06-25 11:19:32,11,Thursday,0,3,22.8,66.5,27.316668,88.33696,0.9333334,42.0,1.6052797
2026-06-25 11:20:32,11,Thursday,0,3,22.8,66.5,27.3225,88.36378,0.92,41.85,1.6129833
2026-06-25 11:21:32,11,Thursday,0,3,22.8,66.5,27.328333,88.39059,0.9066667,41.7,1.620687
2026-06-25 11:22:32,11,Thursday,0,3,22.8,66.6,27.334167,88.417404,0.8933334,41.55,1.6283907
2026-06-25 11:23:32,11,Thursday,0,3,22.8,66.6,27.34,88.44422,0.88000005,41.4,1.6360943
2026-06-25 11:24:32,11,Thursday,0,3,22.9,66.6,27.345833,88.47103,0.8666667,41.25,1.643798
2026-06-25 11:25:32,11,Thursday,0,3,22.8,66.5,27.351667,88.49785,0.85333335,41.1,1.6515017
2026-06-25 11:26:32,11,Thursday,0,3,22.9,66.4,27.3575,88.52466,0.84000003,40.95,1.6592053
2026-06-25 11:27:32,11,Thursday,0,3,22.9,66.4,27.363333,88.551476,0.8266667,40.8,1.666909
2026-06-25 11:28:32,11,Thursday,0,3,22.9,66.3,27.369167,88.578285,0.81333333,40.65,1.6746126
2026-06-25 11:29:32,11,Thursday,0,3,22.9,66.2,27.375,88.6051,0.8,40.5,1.6823163
2026-06-25 11:30:32,11,Thursday,0,3,22.9,66.1,27.380833,88.63192,0.7866667,40.35,1.69002
2026-06-25 11:31:32,11,Thursday,0,3,22.9,66.3,27.386667,88.65873,0.7733334,40.2,1.6977236
2026-06-25 11:32:32,11,Thursday,0,3,23.0,66.3,27.3925,88.68555,0.76000005,40.05,1.7054273
2026-06-25 11:33:32,11,Thursday,0,3,23.0,66.5,27.398333,88.71236,0.74666667,39.9,1.713131
2026-06-25 11:34:32,11,Thursday,0,3,23.0,66.5,27.404167,88.739174,0.73333335,39.75,1.7208346
2026-06-25 11:35:32,11,Thursday,0,3,23.0,66.7,27.41,88.76598,0.72,39.6,1.7285383
2026-06-25 11:36:32,11,Thursday,0,3,23.0,66.7,27.415833,88.7928,0.7066667,39.45,1.7362419
2026-06-25 11:37:32,11,Thursday,0,3,23.0,66.7,27.421667,88.81962,0.6933333,39.3,1.7439456
2026-06-25 11:38:32,11,Thursday,0,3,23.1,66.5,27.4275,88.84643,0.68,39.15,1.7516493
2026-06-25 11:39:32,11,Thursday,0,3,23.1,66.3,27.433332,88.873245,0.6666667,39.0,1.7593529
2026-06-25 11:40:32,11,Thursday,0,3,23.1,66.4,27.439167,88.900055,0.65333337,38.85,1.7670566
2026-06-25 11:41:32,11,Thursday,0,3,23.1,66.2,27.445,88.92687,0.64000005,38.7,1.7747602
2026-06-25 11:42:32,11,Thursday,0,3,23.1,66.3,27.450832,88.95368,0.62666667,38.55,1.7824639
2026-06-25 11:43:32,11,Thursday,0,3,23.2,66.2,27.456667,88.9805,0.61333334,38.4,1.7901676
2026-06-25 11:44:32,11,Thursday,0,3,23.2,66.6,27.4625,89.00731,0.6,38.25,1.7978714
2026-06-25 11:45:32,11,Thursday,0,3,23.2,66.8,27.468332,89.03413,0.5866667,38.1,1.805575
2026-06-25 11:46:32,11,Thursday,0,3,23.2,66.6,27.474167,89.06094,0.5733333,37.95,1.8132787
2026-06-25 11:47:32,11,Thursday,0,3,23.3,66.5,27.48,89.08775,0.56,37.8,1.8209823
2026-06-25 11:48:32,11,Thursday,0,3,23.3,66.5,27.485832,89.11457,0.5466667,37.65,1.828686
2026-06-25 11:49:32,11,Thursday,0,3,23.3,66.5,27.491667,89.14138,0.53333336,37.5,1.8363897
2026-06-25 11:50:32,11,Thursday,0,3,23.3,66.7,27.4975,89.1682,0.52000004,37.35,1.8440933
2026-06-25 11:51:32,11,Thursday,0,3,23.3,66.9,27.503332,89.19501,0.50666666,37.2,1.851797
2026-06-25 11:52:33,11,Thursday,0,3,23.3,66.9,27.509167,89.221825,0.49333334,37.05,1.8595006
2026-06-25 11:53:33,11,Thursday,0,3,23.4,66.9,27.515,89.24864,0.48000002,36.9,1.8672043
2026-06-25 11:54:33,11,Thursday,0,3,23.4,67.0,27.520832,89.27545,0.46666667,36.75,1.874908
2026-06-25 11:55:33,11,Thursday,0,3,23.4,67.0,27.526667,89.30227,0.45333335,36.6,1.8826116
2026-06-25 11:56:33,11,Thursday,0,3,23.4,66.9,27.5325,89.32908,0.44,36.45,1.8903153
2026-06-25 11:57:33,11,Thursday,0,3,23.4,66.7,27.538332,89.355896,0.42666668,36.3,1.898019
2026-06-25 11:58:33,11,Thursday,0,3,23.4,66.9,27.544167,89.382706,0.41333333,36.15,1.9057226
2026-06-25 11:59:33,11,Thursday,0,3,23.5,67.0,27.55,89.40952,0.4,36.0,1.9134263
2026-06-25 12:00:33,12,Thursday,0,3,23.5,66.9,27.536667,89.49043,0.39333335,35.733334,1.9448209
2026-06-25 12:01:33,12,Thursday,0,3,23.5,66.8,27.523333,89.57134,0.3866667,35.466667,1.9762156
2026-06-25 12:02:33,12,Thursday,0,3,23.5,66.7,27.509998,89.65225,0.38,35.2,2.00761
2026-06-25 12:03:33,12,Thursday,0,3,23.5,66.6,27.496666,89.73316,0.37333333,34.933334,2.0390048
2026-06-25 12:04:33,12,Thursday,0,3,23.5,66.4,27.483334,89.81407,0.36666667,34.666668,2.0703995
2026-06-25 12:05:33,12,Thursday,0,3,23.5,66.4,27.47,89.89497,0.36,34.4,2.101794
2026-06-25 12:06:33,12,Thursday,0,3,23.5,66.0,27.456665,89.97588,0.35333332,34.133335,2.1331887
2026-06-25 12:07:33,12,Thursday,0,3,23.5,66.1,27.443333,90.05679,0.34666666,33.866665,2.1645832
2026-06-25 12:08:33,12,Thursday,0,3,23.5,66.1,27.43,90.1377,0.34,33.6,2.195978
2026-06-25 12:09:33,12,Thursday,0,3,23.5,66.0,27.416666,90.21861,0.33333334,33.333332,2.2273726
2026-06-25 12:10:33,12,Thursday,0,3,23.6,65.8,27.403332,90.29952,0.32666668,33.066666,2.2587671
2026-06-25 12:11:33,12,Thursday,0,3,23.6,65.7,27.39,90.38043,0.32,32.8,2.2901618
2026-06-25 12:12:33,12,Thursday,0,3,23.6,65.8,27.376667,90.46134,0.31333333,32.533333,2.3215566
2026-06-25 12:13:33,12,Thursday,0,3,23.5,65.8,27.363333,90.54225,0.30666667,32.266666,2.352951
2026-06-25 12:14:33,12,Thursday,0,3,23.5,65.8,27.349998,90.62315,0.3,32.0,2.3843458
2026-06-25 12:15:33,12,Thursday,0,3,23.6,65.8,27.336666,90.70406,0.29333335,31.733334,2.4157405
2026-06-25 12:16:33,12,Thursday,0,3,23.6,65.6,27.323334,90.78497,0.28666666,31.466667,2.447135
2026-06-25 12:17:33,12,Thursday,0,3,23.6,65.6,27.31,90.86588,0.28,31.2,2.4785297
2026-06-25 12:18:33,12,Thursday,0,3,23.6,65.7,27.296665,90.94679,0.27333334,30.933332,2.5099242
2026-06-25 12:19:33,12,Thursday,0,3,23.6,65.7,27.283333,91.0277,0.26666668,30.666666,2.541319
2026-06-25 12:20:33,12,Thursday,0,3,23.6,65.9,27.27,91.10861,0.26,30.4,2.5727136
2026-06-25 12:21:33,12,Thursday,0,3,23.6,65.9,27.256666,91.18952,0.25333333,30.133333,2.604108
2026-06-25 12:22:33,12,Thursday,0,3,23.6,66.0,27.243332,91.27043,0.24666667,29.866667,2.6355028
2026-06-25 12:23:33,12,Thursday,0,3,23.7,66.0,27.23,91.35134,0.24000001,29.6,2.6668973
2026-06-25 12:24:33,12,Thursday,0,3,23.7,66.2,27.216667,91.43225,0.23333333,29.333334,2.698292
2026-06-25 12:25:33,12,Thursday,0,3,23.7,66.0,27.203333,91.51315,0.22666667,29.066668,2.7296867
2026-06-25 12:26:33,12,Thursday,0,3,23.7,66.0,27.189999,91.59406,0.22,28.8,2.7610812
2026-06-25 12:27:33,12,Thursday,0,3,23.7,65.8,27.176666,91.67497,0.21333334,28.533333,2.792476
2026-06-25 12:28:33,12,Thursday,0,3,23.7,65.6,27.163334,91.75588,0.20666666,28.266666,2.8238707
2026-06-25 12:29:33,12,Thursday,0,3,23.7,65.7,27.15,91.83679,0.2,28.0,2.8552651
2026-06-25 12:30:33,12,Thursday,0,3,23.7,65.6,27.136665,91.9177,0.19333334,27.733334,2.8866599
2026-06-25 12:31:33,12,Thursday,0,3,23.7,65.4,27.123333,91.99861,0.18666667,27.466667,2.9180546
2026-06-25 12:32:33,12,Thursday,0,3,23.8,65.3,27.11,92.07952,0.18,27.2,2.949449
2026-06-25 12:33:33,12,Thursday,0,3,23.8,65.5,27.096666,92.16043,0.17333333,26.933332,2.9808438
2026-06-25 12:34:33,12,Thursday,0,3,23.8,65.4,27.083332,92.24133,0.16666667,26.666666,3.0122383
2026-06-25 12:35:33,12,Thursday,0,3,23.8,65.3,27.07,92.32224,0.16,26.4,3.043633
2026-06-25 12:36:33,12,Thursday,0,3,23.8,65.3,27.056667,92.40315,0.15333334,26.133333,3.0750277
2026-06-25 12:37:33,12,Thursday,0,3,23.8,65.7,27.043333,92.48406,0.14666668,25.866667,3.1064222
2026-06-25 12:38:33,12,Thursday,0,3,23.9,65.7,27.029999,92.56497,0.14,25.6,3.137817
2026-06-25 12:39:33,12,Thursday,0,3,23.9,65.7,27.016666,92.64588,0.13333334,25.333334,3.1692114
2026-06-25 12:40:33,12,Thursday,0,3,23.9,65.9,27.003334,92.72679,0.12666667,25.066668,3.200606
2026-06-25 12:41:33,12,Thursday,0,3,23.9,65.9,26.99,92.8077,0.120000005,24.8,3.2320008
2026-06-25 12:42:33,12,Thursday,0,3,23.9,66.3,26.976665,92.88861,0.11333334,24.533333,3.2633953
2026-06-25 12:43:33,12,Thursday,0,3,24.0,66.0,26.963333,92.96952,0.10666667,24.266666,3.29479
2026-06-25 12:44:33,12,Thursday,0,3,24.0,65.7,26.95,93.05043,0.1,24.0,3.3261847
2026-06-25 12:45:34,12,Thursday,0,3,24.0,65.8,26.936666,93.13133,0.093333334,23.733334,3.3575792
2026-06-25 12:46:34,12,Thursday,0,3,24.0,65.7,26.923332,93.21224,0.086666666,23.466667,3.388974
2026-06-25 12:47:34,12,Thursday,0,3,24.0,65.6,26.91,93.29315,0.08,23.2,3.4203687
2026-06-25 12:48:34,12,Thursday,0,3,24.0,65.7,26.896667,93.37406,0.07333334,22.933332,3.4517632
2026-06-25 12:49:34,12,Thursday,0,3,24.0,65.7,26.883333,93.45497,0.06666667,22.666666,3.4831579
2026-06-25 12:50:34,12,Thursday,0,3,24.0,65.9,26.869999,93.53588,0.060000002,22.4,3.5145524
2026-06-25 12:51:34,12,Thursday,0,3,24.0,66.2,26.856667,93.61679,0.053333335,22.133333,3.545947
2026-06-25 12:52:34,12,Thursday,0,3,24.1,66.1,26.843334,93.6977,0.046666667,21.866667,3.5773418
2026-06-25 12:53:34,12,Thursday,0,3,24.1,65.8,26.83,93.77861,0.04,21.6,3.6087363
2026-06-25 12:54:34,12,Thursday,0,3,24.1,65.7,26.816666,93.85951,0.033333335,21.333334,3.640131
2026-06-25 12:55:34,12,Thursday,0,3,24.1,65.6,26.803333,93.94042,0.026666667,21.066668,3.6715255
2026-06-25 12:56:34,12,Thursday,0,3,24.1,65.3,26.79,94.02133,0.02,20.8,3.7029202
2026-06-25 12:57:34,12,Thursday,0,3,24.1,65.5,26.776667,94.10224,0.013333334,20.533333,3.734315
2026-06-25 12:58:34,12,Thursday,0,3,24.1,65.5,26.763332,94.18315,0.006666667,20.266666,3.7657094
2026-06-25 12:59:34,12,Thursday,0,3,24.1,65.6,26.75,94.26406,0.0,20.0,3.7971041
2026-06-25 13:00:34,13,Thursday,0,3,24.2,65.4,26.740833,94.27776,0.0,20.083334,3.7869792
2026-06-25 13:01:34,13,Thursday,0,3,24.2,65.2,26.731667,94.291466,0.0,20.166666,3.7768543
2026-06-25 13:02:34,13,Thursday,0,3,24.2,65.3,26.7225,94.30516,0.0,20.25,3.7667294
2026-06-25 13:03:34,13,Thursday,0,3,24.1,65.1,26.713333,94.31886,0.0,20.333334,3.7566044
2026-06-25 13:04:34,13,Thursday,0,3,24.1,64.8,26.704166,94.332565,0.0,20.416666,3.7464795
2026-06-25 13:05:34,13,Thursday,0,3,24.1,64.9,26.695,94.34627,0.0,20.5,3.7363546
2026-06-25 13:06:34,13,Thursday,0,3,24.0,64.7,26.685833,94.35997,0.0,20.583334,3.7262297
2026-06-25 13:07:34,13,Thursday,0,3,24.1,64.9,26.676666,94.37367,0.0,20.666666,3.7161047
2026-06-25 13:08:34,13,Thursday,0,3,24.1,64.8,26.6675,94.38737,0.0,20.75,3.7059798
2026-06-25 13:09:34,13,Thursday,0,3,24.1,64.8,26.658333,94.40107,0.0,20.833334,3.6958547
2026-06-25 13:10:34,13,Thursday,0,3,24.1,64.9,26.649166,94.41477,0.0,20.916666,3.6857297
2026-06-25 13:11:34,13,Thursday,0,3,24.1,64.9,26.64,94.428474,0.0,21.0,3.6756048
2026-06-25 13:12:34,13,Thursday,0,3,24.1,64.8,26.630833,94.44218,0.0,21.083334,3.66548
2026-06-25 13:13:34,13,Thursday,0,3,24.1,65.0,26.621666,94.45587,0.0,21.166666,3.655355
2026-06-25 13:14:34,13,Thursday,0,3,24.1,65.1,26.6125,94.469574,0.0,21.25,3.64523
2026-06-25 13:15:34,13,Thursday,0,3,24.1,65.0,26.603334,94.48328,0.0,21.333334,3.6351051
2026-06-25 13:16:34,13,Thursday,0,3,24.1,65.1,26.594168,94.49698,0.0,21.416666,3.6249802
2026-06-25 13:17:34,13,Thursday,0,3,24.1,65.2,26.585001,94.51068,0.0,21.5,3.6148553
2026-06-25 13:18:34,13,Thursday,0,3,24.1,65.2,26.575834,94.52438,0.0,21.583334,3.6047304
2026-06-25 13:19:34,13,Thursday,0,3,24.1,64.9,26.566668,94.53808,0.0,21.666666,3.5946054
2026-06-25 13:20:34,13,Thursday,0,3,24.1,64.9,26.5575,94.55178,0.0,21.75,3.5844805
2026-06-25 13:21:34,13,Thursday,0,3,24.1,64.8,26.548334,94.56548,0.0,21.833334,3.5743556
2026-06-25 13:22:34,13,Thursday,0,3,24.2,64.8,26.539167,94.579185,0.0,21.916666,3.5642307
2026-06-25 13:23:34,13,Thursday,0,3,24.2,64.7,26.53,94.59289,0.0,22.0,3.5541058
2026-06-25 13:24:34,13,Thursday,0,3,24.2,64.5,26.520834,94.60658,0.0,22.083334,3.5439808
2026-06-25 13:25:34,13,Thursday,0,3,24.2,64.5,26.511667,94.620285,0.0,22.166666,3.533856
2026-06-25 13:26:34,13,Thursday,0,3,24.2,64.5,26.5025,94.63399,0.0,22.25,3.523731
2026-06-25 13:27:34,13,Thursday,0,3,24.2,64.4,26.493334,94.64769,0.0,22.333334,3.513606
2026-06-25 13:28:34,13,Thursday,0,3,24.2,64.4,26.484167,94.66139,0.0,22.416666,3.5034811
2026-06-25 13:29:34,13,Thursday,0,3,24.2,64.2,26.475,94.675095,0.0,22.5,3.4933562
2026-06-25 13:30:34,13,Thursday,0,3,24.2,64.3,26.465834,94.68879,0.0,22.583334,3.483231
2026-06-25 13:31:34,13,Thursday,0,3,24.1,64.4,26.456667,94.70249,0.0,22.666666,3.4731061
2026-06-25 13:32:34,13,Thursday,0,3,24.1,64.3,26.4475,94.716194,0.0,22.75,3.4629812
2026-06-25 13:33:34,13,Thursday,0,3,24.1,64.2,26.438334,94.7299,0.0,22.833334,3.4528563
2026-06-25 13:34:34,13,Thursday,0,3,24.1,64.2,26.429167,94.7436,0.0,22.916666,3.4427314
2026-06-25 13:35:34,13,Thursday,0,3,24.1,64.2,26.42,94.75729,0.0,23.0,3.4326065
2026-06-25 13:36:34,13,Thursday,0,3,24.1,63.9,26.410833,94.770996,0.0,23.083334,3.4224815
2026-06-25 13:37:34,13,Thursday,0,3,24.1,64.0,26.401667,94.7847,0.0,23.166666,3.4123566
2026-06-25 13:38:35,13,Thursday,0,3,24.1,64.1,26.3925,94.7984,0.0,23.25,3.4022317
2026-06-25 13:39:35,13,Thursday,0,3,24.1,64.2,26.383333,94.8121,0.0,23.333334,3.3921068
2026-06-25 13:40:35,13,Thursday,0,3,24.1,64.1,26.374166,94.8258,0.0,23.416666,3.3819818
2026-06-25 13:41:35,13,Thursday,0,3,24.0,63.9,26.365,94.8395,0.0,23.5,3.371857
2026-06-25 13:42:35,13,Thursday,0,3,24.0,64.0,26.355833,94.8532,0.0,23.583334,3.361732
2026-06-25 13:43:35,13,Thursday,0,3,24.1,63.9,26.346666,94.866905,0.0,23.666666,3.351607
2026-06-25 13:44:35,13,Thursday,0,3,24.0,63.9,26.337502,94.88061,0.0,23.75,3.3414822
2026-06-25 13:45:35,13,Thursday,0,3,24.1,63.9,26.328335,94.89431,0.0,23.833334,3.3313572
2026-06-25 13:46:35,13,Thursday,0,3,24.0,63.8,26.319168,94.908005,0.0,23.916666,3.3212323
2026-06-25 13:47:35,13,Thursday,0,3,24.0,63.8,26.310001,94.92171,0.0,24.0,3.3111074
2026-06-25 13:48:35,13,Thursday,0,3,24.0,63.8,26.300835,94.93541,0.0,24.083334,3.3009825
2026-06-25 13:49:35,13,Thursday,0,3,24.0,63.7,26.291668,94.94911,0.0,24.166666,3.2908573
2026-06-25 13:50:35,13,Thursday,0,3,24.0,63.6,26.282501,94.962814,0.0,24.25,3.2807324
2026-06-25 13:51:35,13,Thursday,0,3,24.0,63.7,26.273335,94.97651,0.0,24.333334,3.2706075
2026-06-25 13:52:35,13,Thursday,0,3,24.0,63.8,26.264168,94.99021,0.0,24.416666,3.2604825
2026-06-25 13:53:35,13,Thursday,0,3,24.0,63.8,26.255001,95.003914,0.0,24.5,3.2503576
2026-06-25 13:54:35,13,Thursday,0,3,24.0,63.7,26.245834,95.01762,0.0,24.583334,3.2402327
2026-06-25 13:55:35,13,Thursday,0,3,23.9,63.7,26.236668,95.03132,0.0,24.666666,3.2301078
2026-06-25 13:56:35,13,Thursday,0,3,23.9,63.6,26.2275,95.04502,0.0,24.75,3.2199829
2026-06-25 13:57:35,13,Thursday,0,3,23.9,63.6,26.218334,95.058716,0.0,24.833334,3.209858
2026-06-25 13:58:35,13,Thursday,0,3,23.9,63.7,26.209167,95.07242,0.0,24.916666,3.199733
2026-06-25 13:59:35,13,Thursday,0,3,23.9,63.8,26.2,95.08612,0.0,25.0,3.189608
2026-06-25 14:00:35,14,Thursday,0,3,23.9,63.7,26.191668,95.0811,0.0,24.966667,3.20353
2026-06-25 14:01:35,14,Thursday,0,3,23.9,63.6,26.183334,95.07608,0.0,24.933332,3.2174518
2026-06-25 14:02:35,14,Thursday,0,3,23.9,63.4,26.175001,95.07106,0.0,24.9,3.2313738
2026-06-25 14:03:35,14,Thursday,0,3,23.9,63.4,26.166668,95.06604,0.0,24.866667,3.2452958
2026-06-25 14:04:35,14,Thursday,0,3,23.9,63.5,26.158335,95.06102,0.0,24.833334,3.2592177
2026-06-25 14:05:35,14,Thursday,0,3,23.8,63.6,26.150002,95.056,0.0,24.8,3.2731395
2026-06-25 14:06:35,14,Thursday,0,3,23.8,63.5,26.141668,95.05098,0.0,24.766666,3.2870615
2026-06-25 14:07:35,14,Thursday,0,3,23.8,63.7,26.133333,95.04595,0.0,24.733334,3.3009834
2026-06-25 14:08:35,14,Thursday,0,3,23.8,63.7,26.125,95.04093,0.0,24.7,3.3149052
2026-06-25 14:09:35,14,Thursday,0,3,23.8,63.8,26.116667,95.03591,0.0,24.666666,3.3288271
2026-06-25 14:10:35,14,Thursday,0,3,23.8,64.0,26.108334,95.03089,0.0,24.633333,3.342749
2026-06-25 14:11:35,14,Thursday,0,3,23.8,64.0,26.1,95.02587,0.0,24.6,3.3566709
2026-06-25 14:12:35,14,Thursday,0,3,23.8,63.9,26.091667,95.02085,0.0,24.566668,3.3705928
2026-06-25 14:13:35,14,Thursday,0,3,23.8,64.0,26.083334,95.01583,0.0,24.533333,3.3845148
2026-06-25 14:14:35,14,Thursday,0,3,23.8,64.2,26.075,95.01081,0.0,24.5,3.3984365
2026-06-25 14:15:35,14,Thursday,0,3,23.8,64.3,26.066668,95.00579,0.0,24.466667,3.4123585
2026-06-25 14:16:35,14,Thursday,0,3,23.8,64.2,26.058334,95.00077,0.0,24.433332,3.4262805
2026-06-25 14:17:35,14,Thursday,0,3,23.7,64.2,26.050001,94.99575,0.0,24.4,3.4402025
2026-06-25 14:18:35,14,Thursday,0,3,23.7,64.1,26.041668,94.99073,0.0,24.366667,3.4541242
2026-06-25 14:19:35,14,Thursday,0,3,23.7,64.1,26.033335,94.98571,0.0,24.333334,3.4680462
2026-06-25 14:20:35,14,Thursday,0,3,23.7,64.2,26.025002,94.98069,0.0,24.3,3.4819682
2026-06-25 14:21:35,14,Thursday,0,3,23.7,64.3,26.016668,94.97567,0.0,24.266666,3.49589
2026-06-25 14:22:35,14,Thursday,0,3,23.7,64.4,26.008333,94.97064,0.0,24.233334,3.5098119
2026-06-25 14:23:35,14,Thursday,0,3,23.7,64.6,26.0,94.96562,0.0,24.2,3.5237339
2026-06-25 14:24:35,14,Thursday,0,3,23.7,65.0,25.991667,94.9606,0.0,24.166666,3.5376558
2026-06-25 14:25:35,14,Thursday,0,3,23.7,65.1,25.983334,94.95558,0.0,24.133333,3.5515776
2026-06-25 14:26:35,14,Thursday,0,3,23.7,65.2,25.975,94.95056,0.0,24.1,3.5654995
2026-06-25 14:27:35,14,Thursday,0,3,23.6,65.5,25.966667,94.94554,0.0,24.066668,3.5794215
2026-06-25 14:28:35,14,Thursday,0,3,23.7,65.5,25.958334,94.94052,0.0,24.033333,3.5933433
2026-06-25 14:29:35,14,Thursday,0,3,23.6,65.3,25.95,94.9355,0.0,24.0,3.6072652
2026-06-25 14:30:36,14,Thursday,0,3,23.6,65.4,25.941668,94.93048,0.0,23.966667,3.6211872
2026-06-25 14:31:36,14,Thursday,0,3,23.6,65.1,25.933334,94.92546,0.0,23.933332,3.635109
2026-06-25 14:32:36,14,Thursday,0,3,23.6,64.9,25.925001,94.92044,0.0,23.9,3.649031
2026-06-25 14:33:36,14,Thursday,0,3,23.5,65.0,25.916668,94.91542,0.0,23.866667,3.662953
2026-06-25 14:34:36,14,Thursday,0,3,23.5,65.0,25.908335,94.9104,0.0,23.833334,3.6768746
2026-06-25 14:35:36,14,Thursday,0,3,23.4,64.8,25.900002,94.90538,0.0,23.8,3.6907966
2026-06-25 14:36:36,14,Thursday,0,3,23.4,65.3,25.891668,94.90036,0.0,23.766666,3.7047186
2026-06-25 14:37:36,14,Thursday,0,3,23.4,66.6,25.883333,94.89533,0.0,23.733334,3.7186406
2026-06-25 14:38:36,14,Thursday,0,3,23.4,67.5,25.875,94.89031,0.0,23.7,3.7325623
2026-06-25 14:39:36,14,Thursday,0,3,23.4,68.1,25.866667,94.88529,0.0,23.666666,3.7464843
2026-06-25 14:40:36,14,Thursday,0,3,23.4,68.6,25.858334,94.88027,0.0,23.633333,3.7604063
2026-06-25 14:41:36,14,Thursday,0,3,23.4,67.8,25.85,94.87525,0.0,23.6,3.774328
2026-06-25 14:42:36,14,Thursday,0,3,23.4,67.1,25.841667,94.87023,0.0,23.566668,3.78825
2026-06-25 14:43:36,14,Thursday,0,3,23.4,66.7,25.833334,94.86521,0.0,23.533333,3.802172
2026-06-25 14:44:36,14,Thursday,0,3,23.3,66.7,25.825,94.86019,0.0,23.5,3.816094
2026-06-25 14:45:36,14,Thursday,0,3,23.3,66.8,25.816668,94.85517,0.0,23.466667,3.8300157
2026-06-25 14:46:36,14,Thursday,0,3,23.3,66.8,25.808334,94.85015,0.0,23.433332,3.8439376
2026-06-25 14:47:36,14,Thursday,0,3,23.3,66.6,25.800001,94.84513,0.0,23.4,3.8578596
2026-06-25 14:48:36,14,Thursday,0,3,23.3,66.6,25.791668,94.84011,0.0,23.366667,3.8717813
2026-06-25 14:49:36,14,Thursday,0,3,23.3,66.5,25.783335,94.83509,0.0,23.333334,3.8857033
2026-06-25 14:50:36,14,Thursday,0,3,23.3,66.4,25.775002,94.83007,0.0,23.3,3.8996253
2026-06-25 14:51:36,14,Thursday,0,3,23.3,66.4,25.766668,94.82505,0.0,23.266666,3.913547
2026-06-25 14:52:36,14,Thursday,0,3,23.3,66.2,25.758333,94.82002,0.0,23.233334,3.927469
2026-06-25 14:53:36,14,Thursday,0,3,23.3,66.3,25.75,94.815,0.0,23.2,3.941391
2026-06-25 14:54:36,14,Thursday,0,3,23.2,66.2,25.741667,94.80998,0.0,23.166666,3.9553127
2026-06-25 14:55:36,14,Thursday,0,3,23.2,66.1,25.733334,94.80496,0.0,23.133333,3.9692347
2026-06-25 14:56:36,14,Thursday,0,3,23.2,66.0,25.725,94.79994,0.0,23.1,3.9831567
2026-06-25 14:57:36,14,Thursday,0,3,23.1,65.9,25.716667,94.79492,0.0,23.066668,3.9970787
2026-06-25 14:58:36,14,Thursday,0,3,23.1,66.0,25.708334,94.7899,0.0,23.033333,4.0110006
2026-06-25 14:59:36,14,Thursday,0,3,23.1,66.0,25.7,94.78488,0.0,23.0,4.0249224
2026-06-25 15:00:36,15,Thursday,0,3,23.1,65.9,25.694168,94.74723,0.0,23.7,4.02148
2026-06-25 15:01:36,15,Thursday,0,3,23.1,66.0,25.688334,94.70958,0.0,24.4,4.0180373
2026-06-25 15:02:36,15,Thursday,0,3,23.1,65.8,25.6825,94.67192,0.0,25.1,4.014595
2026-06-25 15:03:36,15,Thursday,0,3,23.1,65.7,25.676668,94.63427,0.0,25.8,4.0111527
2026-06-25 15:04:36,15,Thursday,0,3,23.1,65.6,25.670834,94.59662,0.0,26.5,4.00771
2026-06-25 15:05:36,15,Thursday,0,3,23.0,65.6,25.665,94.55897,0.0,27.2,4.0042677
2026-06-25 15:06:36,15,Thursday,0,3,23.0,65.7,25.659168,94.52132,0.0,27.9,4.0008254
2026-06-25 15:07:36,15,Thursday,0,3,23.0,65.6,25.653334,94.483665,0.0,28.6,3.9973829
2026-06-25 15:08:36,15,Thursday,0,3,23.0,65.4,25.647501,94.446014,0.0,29.3,3.9939404
2026-06-25 15:09:36,15,Thursday,0,3,22.9,65.2,25.641666,94.408356,0.0,30.0,3.990498
2026-06-25 15:10:36,15,Thursday,0,3,22.9,65.4,25.635834,94.370705,0.0,30.7,3.9870555
2026-06-25 15:11:36,15,Thursday,0,3,22.9,65.3,25.630001,94.33305,0.0,31.4,3.9836133
2026-06-25 15:12:36,15,Thursday,0,3,22.8,65.3,25.624166,94.2954,0.0,32.1,3.9801707
2026-06-25 15:13:36,15,Thursday,0,3,22.8,65.3,25.618334,94.25775,0.0,32.8,3.9767282
2026-06-25 15:14:36,15,Thursday,0,3,22.8,65.2,25.612501,94.22009,0.0,33.5,3.973286
2026-06-25 15:15:36,15,Thursday,0,3,22.8,65.1,25.606667,94.18244,0.0,34.2,3.9698434
2026-06-25 15:16:36,15,Thursday,0,3,22.8,65.2,25.600834,94.14479,0.0,34.9,3.966401
2026-06-25 15:17:36,15,Thursday,0,3,22.8,65.3,25.595001,94.10714,0.0,35.6,3.9629586
2026-06-25 15:18:36,15,Thursday,0,3,22.9,65.4,25.589167,94.06949,0.0,36.3,3.959516
2026-06-25 15:19:36,15,Thursday,0,3,22.8,65.3,25.583334,94.03184,0.0,37.0,3.9560738
2026-06-25 15:20:36,15,Thursday,0,3,22.8,65.3,25.577501,93.99419,0.0,37.7,3.9526312
2026-06-25 15:21:36,15,Thursday,0,3,22.8,65.3,25.571667,93.95653,0.0,38.4,3.9491887
2026-06-25 15:22:36,15,Thursday,0,3,22.8,65.6,25.565834,93.91888,0.0,39.1,3.9457464
2026-06-25 15:23:36,15,Thursday,0,3,22.8,65.6,25.560001,93.881226,0.0,39.8,3.942304
2026-06-25 15:24:36,15,Thursday,0,3,22.8,65.8,25.554167,93.843575,0.0,40.5,3.9388616
2026-06-25 15:25:37,15,Thursday,0,3,22.8,65.8,25.548334,93.80592,0.0,41.2,3.935419
2026-06-25 15:26:37,15,Thursday,0,3,22.8,65.9,25.542501,93.768265,0.0,41.9,3.9319766
2026-06-25 15:27:37,15,Thursday,0,3,22.7,65.9,25.536667,93.73061,0.0,42.6,3.9285343
2026-06-25 15:28:37,15,Thursday,0,3,22.8,65.8,25.530834,93.69296,0.0,43.3,3.9250917
2026-06-25 15:29:37,15,Thursday,0,3,22.7,65.8,25.525002,93.65531,0.0,44.0,3.9216495
2026-06-25 15:30:37,15,Thursday,0,3,22.7,66.0,25.519167,93.61766,0.0,44.7,3.918207
2026-06-25 15:31:37,15,Thursday,0,3,22.7,65.8,25.513334,93.58001,0.0,45.4,3.9147644
2026-06-25 15:32:37,15,Thursday,0,3,22.7,65.9,25.5075,93.54236,0.0,46.1,3.911322
2026-06-25 15:33:37,15,Thursday,0,3,22.6,66.0,25.501667,93.5047,0.0,46.8,3.9078796
2026-06-25 15:34:37,15,Thursday,0,3,22.7,66.2,25.495834,93.46705,0.0,47.5,3.904437
2026-06-25 15:35:37,15,Thursday,0,3,22.6,66.4,25.49,93.4294,0.0,48.2,3.9009948
2026-06-25 15:36:37,15,Thursday,0,3,22.6,66.4,25.484167,93.39175,0.0,48.9,3.8975523
2026-06-25 15:37:37,15,Thursday,0,3,22.6,66.4,25.478334,93.354095,0.0,49.6,3.89411
2026-06-25 15:38:37,15,Thursday,0,3,22.6,66.3,25.4725,93.31644,0.0,50.3,3.8906674
2026-06-25 15:39:37,15,Thursday,0,3,22.6,66.5,25.466667,93.278786,0.0,51.0,3.887225
2026-06-25 15:40:37,15,Thursday,0,3,22.6,66.5,25.460835,93.241135,0.0,51.7,3.8837826
2026-06-25 15:41:37,15,Thursday,0,3,22.6,66.5,25.455,93.20348,0.0,52.4,3.88034
2026-06-25 15:42:37,15,Thursday,0,3,22.6,66.4,25.449167,93.16583,0.0,53.1,3.8768976
2026-06-25 15:43:37,15,Thursday,0,3,22.6,66.2,25.443335,93.12818,0.0,53.8,3.8734553
2026-06-25 15:44:37,15,Thursday,0,3,22.6,66.4,25.4375,93.09053,0.0,54.5,3.8700128
2026-06-25 15:45:37,15,Thursday,0,3,22.6,66.4,25.431667,93.05287,0.0,55.2,3.8665705
2026-06-25 15:46:37,15,Thursday,0,3,22.6,66.4,25.425835,93.01522,0.0,55.9,3.863128
2026-06-25 15:47:37,15,Thursday,0,3,22.6,66.4,25.42,92.97757,0.0,56.6,3.8596854
2026-06-25 15:48:37,15,Thursday,0,3,22.6,66.4,25.414167,92.93992,0.0,57.3,3.8562431
2026-06-25 15:49:37,15,Thursday,0,3,22.6,66.6,25.408333,92.90227,0.0,58.0,3.8528006
2026-06-25 15:50:37,15,Thursday,0,3,22.6,66.7,25.4025,92.86461,0.0,58.7,3.8493583
2026-06-25 15:51:37,15,Thursday,0,3,22.6,66.9,25.396667,92.82696,0.0,59.4,3.8459158
2026-06-25 15:52:37,15,Thursday,0,3,22.6,67.2,25.390833,92.78931,0.0,60.1,3.8424733
2026-06-25 15:53:37,15,Thursday,0,3,22.6,67.8,25.385,92.751656,0.0,60.8,3.839031
2026-06-25 15:54:37,15,Thursday,0,3,22.7,68.1,25.379168,92.714005,0.0,61.5,3.8355885
2026-06-25 15:55:37,15,Thursday,0,3,22.7,67.9,25.373333,92.67635,0.0,62.2,3.832146
2026-06-25 15:56:37,15,Thursday,0,3,22.7,68.1,25.3675,92.6387,0.0,62.9,3.8287036
2026-06-25 15:57:37,15,Thursday,0,3,22.6,68.0,25.361668,92.60104,0.0,63.6,3.825261
2026-06-25 15:58:37,15,Thursday,0,3,22.6,68.0,25.355833,92.56339,0.0,64.3,3.8218188
2026-06-25 15:59:37,15,Thursday,0,3,22.6,68.1,25.35,92.52574,0.0,65.0,3.8183763
2026-06-25 16:00:37,16,Thursday,0,3,22.6,68.9,25.345001,92.50701,0.0,65.53333,3.8213475
2026-06-25 16:01:37,16,Thursday,0,3,22.7,70.5,25.34,92.48828,0.0,66.066666,3.8243186
2026-06-25 16:02:37,16,Thursday,0,3,22.7,71.6,25.335001,92.46955,0.0,66.6,3.8272898
2026-06-25 16:03:37,16,Thursday,0,3,22.7,72.9,25.33,92.45083,0.0,67.13333,3.830261
2026-06-25 16:04:37,16,Thursday,0,3,22.8,73.9,25.325,92.4321,0.0,67.666664,3.8332324
2026-06-25 16:05:37,16,Thursday,0,3,22.8,75.9,25.32,92.41337,0.0,68.2,3.8362036
2026-06-25 16:06:37,16,Thursday,0,3,22.9,76.0,25.315,92.39464,0.0,68.73333,3.8391747
2026-06-25 16:07:37,16,Thursday,0,3,22.9,76.2,25.31,92.37591,0.0,69.26667,3.842146
2026-06-25 16:08:37,16,Thursday,0,3,22.9,76.0,25.305,92.35718,0.0,69.8,3.845117
2026-06-25 16:09:37,16,Thursday,0,3,23.0,76.3,25.3,92.338455,0.0,70.333336,3.8480883
2026-06-25 16:10:37,16,Thursday,0,3,23.0,76.2,25.295,92.319725,0.0,70.86667,3.8510594
2026-06-25 16:11:37,16,Thursday,0,3,23.0,79.9,25.29,92.300995,0.0,71.4,3.8540306
2026-06-25 16:12:37,16,Thursday,0,3,23.1,79.6,25.285,92.282265,0.0,71.933334,3.857002
2026-06-25 16:13:37,16,Thursday,0,3,23.1,77.7,25.28,92.263535,0.0,72.46667,3.8599732
2026-06-25 16:14:37,16,Thursday,0,3,23.1,77.1,25.275,92.244804,0.0,73.0,3.8629444
2026-06-25 16:15:37,16,Thursday,0,3,23.1,77.7,25.27,92.226074,0.0,73.53333,3.8659155
2026-06-25 16:16:37,16,Thursday,0,3,23.1,79.0,25.265,92.20735,0.0,74.066666,3.8688867
2026-06-25 16:17:37,16,Thursday,0,3,23.1,78.3,25.26,92.18862,0.0,74.6,3.871858
2026-06-25 16:18:37,16,Thursday,0,3,23.1,77.5,25.255,92.16989,0.0,75.13333,3.874829
2026-06-25 16:19:37,16,Thursday,0,3,23.1,76.6,25.25,92.15116,0.0,75.666664,3.8778002
2026-06-25 16:20:38,16,Thursday,0,3,23.0,75.8,25.245,92.13243,0.0,76.2,3.8807714
2026-06-25 16:21:38,16,Thursday,0,3,22.9,75.1,25.24,92.1137,0.0,76.73333,3.8837428
2026-06-25 16:22:38,16,Thursday,0,3,22.9,74.1,25.235,92.09497,0.0,77.26667,3.886714
2026-06-25 16:23:38,16,Thursday,0,3,22.9,73.6,25.23,92.07625,0.0,77.8,3.8896852
2026-06-25 16:24:38,16,Thursday,0,3,22.8,73.4,25.225,92.05752,0.0,78.333336,3.8926563
2026-06-25 16:25:38,16,Thursday,0,3,22.7,73.1,25.22,92.03879,0.0,78.86667,3.8956275
2026-06-25 16:26:38,16,Thursday,0,3,22.7,72.7,25.215,92.02006,0.0,79.4,3.8985987
2026-06-25 16:27:38,16,Thursday,0,3,22.6,72.3,25.21,92.00133,0.0,79.933334,3.9015698
2026-06-25 16:28:38,16,Thursday,0,3,22.6,72.1,25.205,91.9826,0.0,80.46667,3.904541
2026-06-25 16:29:38,16,Thursday,0,3,22.5,71.8,25.2,91.96387,0.0,81.0,3.9075122
2026-06-25 16:30:38,16,Thursday,0,3,22.5,71.5,25.195,91.945145,0.0,81.53333,3.9104836
2026-06-25 16:31:38,16,Thursday,0,3,22.5,71.5,25.19,91.926414,0.0,82.066666,3.9134548
2026-06-25 16:32:38,16,Thursday,0,3,22.5,71.2,25.185,91.907684,0.0,82.6,3.916426
2026-06-25 16:33:38,16,Thursday,0,3,22.5,70.9,25.18,91.888954,0.0,83.13333,3.919397
2026-06-25 16:34:38,16,Thursday,0,3,22.4,70.9,25.175,91.870224,0.0,83.666664,3.9223683
2026-06-25 16:35:38,16,Thursday,0,3,22.4,70.9,25.17,91.851494,0.0,84.2,3.9253395
2026-06-25 16:36:38,16,Thursday,0,3,22.3,71.2,25.164999,91.83277,0.0,84.73333,3.9283106
2026-06-25 16:37:38,16,Thursday,0,3,22.3,71.0,25.16,91.81404,0.0,85.26667,3.9312818
2026-06-25 16:38:38,16,Thursday,0,3,22.3,70.6,25.154999,91.79531,0.0,85.8,3.9342532
2026-06-25 16:39:38,16,Thursday,0,3,22.3,70.6,25.15,91.77658,0.0,86.333336,3.9372244
2026-06-25 16:40:38,16,Thursday,0,3,22.2,70.8,25.145,91.75785,0.0,86.86667,3.9401956
2026-06-25 16:41:38,16,Thursday,0,3,22.2,71.2,25.14,91.73912,0.0,87.4,3.9431667
2026-06-25 16:42:38,16,Thursday,0,3,22.3,71.7,25.135,91.72039,0.0,87.933334,3.946138
2026-06-25 16:43:38,16,Thursday,0,3,22.3,72.1,25.13,91.70167,0.0,88.46667,3.949109
2026-06-25 16:44:38,16,Thursday,0,3,22.3,72.6,25.125,91.68294,0.0,89.0,3.9520802
2026-06-25 16:45:38,16,Thursday,0,3,22.4,72.7,25.119999,91.66421,0.0,89.53333,3.9550514
2026-06-25 16:46:38,16,Thursday,0,3,22.4,72.5,25.115,91.64548,0.0,90.066666,3.9580226
2026-06-25 16:47:38,16,Thursday,0,3,22.4,72.3,25.109999,91.62675,0.0,90.6,3.960994
2026-06-25 16:48:38,16,Thursday,0,3,22.4,72.2,25.105,91.60802,0.0,91.13333,3.9639652
2026-06-25 16:49:38,16,Thursday,0,3,22.4,71.9,25.099998,91.589294,0.0,91.666664,3.9669363
2026-06-25 16:50:38,16,Thursday,0,3,22.4,72.1,25.095,91.570564,0.0,92.2,3.9699075
2026-06-25 16:51:38,16,Thursday,0,3,22.4,72.0,25.09,91.551834,0.0,92.73333,3.9728787
2026-06-25 16:52:38,16,Thursday,0,3,22.4,71.6,25.085,91.533104,0.0,93.26667,3.9758499
2026-06-25 16:53:38,16,Thursday,0,3,22.4,71.5,25.08,91.51437,0.0,93.8,3.978821
2026-06-25 16:54:38,16,Thursday,0,3,22.3,71.7,25.074999,91.49564,0.0,94.333336,3.9817922
2026-06-25 16:55:38,16,Thursday,0,3,22.3,71.7,25.07,91.47691,0.0,94.86667,3.9847636
2026-06-25 16:56:38,16,Thursday,0,3,22.3,71.6,25.064999,91.45819,0.0,95.4,3.9877348
2026-06-25 16:57:38,16,Thursday,0,3,22.3,71.6,25.06,91.43946,0.0,95.933334,3.990706
2026-06-25 16:58:38,16,Thursday,0,3,22.3,71.7,25.054998,91.42073,0.0,96.46667,3.9936771
2026-06-25 16:59:38,16,Thursday,0,3,22.3,71.9,25.05,91.402,0.0,97.0,3.9966483
2026-06-25 17:00:38,17,Thursday,0,3,22.3,71.7,25.055832,91.330605,0.0,96.78333,4.008784
2026-06-25 17:01:38,17,Thursday,0,3,22.3,71.8,25.061666,91.25921,0.0,96.566666,4.02092
2026-06-25 17:02:38,17,Thursday,0,3,22.3,71.9,25.0675,91.18781,0.0,96.35,4.0330553
2026-06-25 17:03:38,17,Thursday,0,3,22.3,71.7,25.073332,91.11642,0.0,96.13333,4.045191
2026-06-25 17:04:38,17,Thursday,0,3,22.3,71.6,25.079166,91.04502,0.0,95.916664,4.0573263
2026-06-25 17:05:38,17,Thursday,0,3,22.3,71.4,25.085,90.973625,0.0,95.7,4.069462
2026-06-25 17:06:38,17,Thursday,0,3,22.3,71.1,25.090832,90.90223,0.0,95.48333,4.081598
2026-06-25 17:07:38,17,Thursday,0,3,22.2,71.1,25.096666,90.83083,0.0,95.26667,4.0937333
2026-06-25 17:08:38,17,Thursday,0,3,22.2,70.8,25.102499,90.75944,0.0,95.05,4.105869
2026-06-25 17:09:38,17,Thursday,0,3,22.2,70.5,25.108334,90.68804,0.0,94.833336,4.118005
2026-06-25 17:10:38,17,Thursday,0,3,22.2,70.2,25.114166,90.616646,0.0,94.61667,4.1301403
2026-06-25 17:11:38,17,Thursday,0,3,22.1,70.1,25.119999,90.54525,0.0,94.4,4.142276
2026-06-25 17:12:38,17,Thursday,0,3,22.1,70.3,25.125834,90.473854,0.0,94.183334,4.1544113
2026-06-25 17:13:38,17,Thursday,0,3,22.1,70.0,25.131666,90.40246,0.0,93.96667,4.166547
2026-06-25 17:14:39,17,Thursday,0,3,22.1,70.1,25.137499,90.33106,0.0,93.75,4.178683
2026-06-25 17:15:39,17,Thursday,0,3,22.0,70.2,25.143333,90.25967,0.0,93.53333,4.1908183
2026-06-25 17:16:39,17,Thursday,0,3,22.0,69.9,25.149166,90.18827,0.0,93.316666,4.202954
2026-06-25 17:17:39,17,Thursday,0,3,22.0,69.7,25.154999,90.116875,0.0,93.1,4.21509
2026-06-25 17:18:39,17,Thursday,0,3,22.0,69.7,25.160833,90.04548,0.0,92.88333,4.2272253
2026-06-25 17:19:39,17,Thursday,0,3,21.9,69.6,25.166666,89.97408,0.0,92.666664,4.239361
2026-06-25 17:20:39,17,Thursday,0,3,21.9,69.4,25.172499,89.90269,0.0,92.45,4.2514963
2026-06-25 17:21:39,17,Thursday,0,3,21.9,69.4,25.178333,89.83129,0.0,92.23333,4.263632
2026-06-25 17:22:39,17,Thursday,0,3,21.9,69.2,25.184166,89.759895,0.0,92.01667,4.275768
2026-06-25 17:23:39,17,Thursday,0,3,21.9,69.1,25.189999,89.6885,0.0,91.8,4.2879033
2026-06-25 17:24:39,17,Thursday,0,3,21.9,68.9,25.195833,89.6171,0.0,91.583336,4.300039
2026-06-25 17:25:39,17,Thursday,0,3,21.9,68.8,25.201666,89.54571,0.0,91.36667,4.312175
2026-06-25 17:26:39,17,Thursday,0,3,21.9,68.6,25.207499,89.47431,0.0,91.15,4.3243103
2026-06-25 17:27:39,17,Thursday,0,3,21.8,68.5,25.213333,89.402916,0.0,90.933334,4.336446
2026-06-25 17:28:39,17,Thursday,0,3,21.8,68.5,25.219166,89.33152,0.0,90.71667,4.3485813
2026-06-25 17:29:39,17,Thursday,0,3,21.8,68.2,25.224998,89.26012,0.0,90.5,4.360717
2026-06-25 17:30:39,17,Thursday,0,3,21.8,68.1,25.230833,89.18872,0.0,90.28333,4.372853
2026-06-25 17:31:39,17,Thursday,0,3,21.8,68.1,25.236666,89.117325,0.0,90.066666,4.3849883
2026-06-25 17:32:39,17,Thursday,0,3,21.7,68.0,25.2425,89.04593,0.0,89.85,4.397124
2026-06-25 17:33:39,17,Thursday,0,3,21.7,68.0,25.248333,88.97453,0.0,89.63333,4.40926
2026-06-25 17:34:39,17,Thursday,0,3,21.7,67.9,25.254166,88.90314,0.0,89.416664,4.4213953
2026-06-25 17:35:39,17,Thursday,0,3,21.7,67.9,25.26,88.83174,0.0,89.2,4.433531
2026-06-25 17:36:39,17,Thursday,0,3,21.7,67.9,25.265833,88.760345,0.0,88.98333,4.4456663
2026-06-25 17:37:39,17,Thursday,0,3,21.7,67.8,25.271666,88.68895,0.0,88.76667,4.457802
2026-06-25 17:38:39,17,Thursday,0,3,21.6,67.9,25.2775,88.61755,0.0,88.55,4.469938
2026-06-25 17:39:39,17,Thursday,0,3,21.6,67.9,25.283333,88.54616,0.0,88.333336,4.4820733
2026-06-25 17:40:39,17,Thursday,0,3,21.6,67.8,25.289165,88.47476,0.0,88.11667,4.494209
2026-06-25 17:41:39,17,Thursday,0,3,21.6,67.8,25.295,88.403366,0.0,87.9,4.506345
2026-06-25 17:42:39,17,Thursday,0,3,21.6,67.7,25.300833,88.33197,0.0,87.683334,4.5184803
2026-06-25 17:43:39,17,Thursday,0,3,21.6,67.7,25.306665,88.260574,0.0,87.46667,4.530616
2026-06-25 17:44:39,17,Thursday,0,3,21.6,67.7,25.3125,88.18918,0.0,87.25,4.5427513
2026-06-25 17:45:39,17,Thursday,0,3,21.6,67.7,25.318333,88.11778,0.0,87.03333,4.554887
2026-06-25 17:46:39,17,Thursday,0,3,21.6,67.9,25.324165,88.04639,0.0,86.816666,4.567023
2026-06-25 17:47:39,17,Thursday,0,3,21.6,67.7,25.33,87.97499,0.0,86.6,4.5791583
2026-06-25 17:48:39,17,Thursday,0,3,21.6,67.7,25.335833,87.903595,0.0,86.38333,4.591294
2026-06-25 17:49:39,17,Thursday,0,3,21.6,67.7,25.341667,87.8322,0.0,86.166664,4.60343
2026-06-25 17:50:39,17,Thursday,0,3,21.6,67.6,25.3475,87.7608,0.0,85.95,4.6155653
2026-06-25 17:51:39,17,Thursday,0,3,21.6,67.7,25.353333,87.68941,0.0,85.73333,4.627701
2026-06-25 17:52:39,17,Thursday,0,3,21.5,67.6,25.359167,87.61801,0.0,85.51667,4.6398363
2026-06-25 17:53:39,17,Thursday,0,3,21.5,67.7,25.365,87.546616,0.0,85.3,4.651972
2026-06-25 17:54:39,17,Thursday,0,3,21.5,67.6,25.370832,87.47522,0.0,85.083336,4.664108
2026-06-25 17:55:39,17,Thursday,0,3,21.5,67.5,25.376667,87.403824,0.0,84.86667,4.6762433
2026-06-25 17:56:39,17,Thursday,0,3,21.5,67.5,25.3825,87.33243,0.0,84.65,4.688379
2026-06-25 17:57:39,17,Thursday,0,3,21.5,67.5,25.388332,87.26103,0.0,84.433334,4.700515
2026-06-25 17:58:39,17,Thursday,0,3,21.5,67.6,25.394167,87.18964,0.0,84.21667,4.7126503
2026-06-25 17:59:39,17,Thursday,0,3,21.5,67.5,25.4,87.11824,0.0,84.0,4.724786
2026-06-25 18:00:39,18,Thursday,0,3,21.5,67.6,25.3925,87.126396,0.0,84.066666,4.7060394
2026-06-25 18:01:39,18,Thursday,0,3,21.5,67.5,25.385,87.13455,0.0,84.13333,4.687293
2026-06-25 18:02:39,18,Thursday,0,3,21.4,67.7,25.3775,87.1427,0.0,84.2,4.6685467
2026-06-25 18:03:39,18,Thursday,0,3,21.4,67.7,25.369999,87.150856,0.0,84.26667,4.6498003
2026-06-25 18:04:39,18,Thursday,0,3,21.4,68.0,25.3625,87.15901,0.0,84.333336,4.6310534
2026-06-25 18:05:39,18,Thursday,0,3,21.4,68.0,25.355,87.16716,0.0,84.4,4.612307
2026-06-25 18:06:39,18,Thursday,0,3,21.4,68.1,25.3475,87.175316,0.0,84.46667,4.5935607
2026-06-25 18:07:39,18,Thursday,0,3,21.4,67.9,25.34,87.18347,0.0,84.53333,4.5748143
2026-06-25 18:08:39,18,Thursday,0,3,21.4,67.9,25.3325,87.19163,0.0,84.6,4.556068
2026-06-25 18:09:39,18,Thursday,0,3,21.4,67.8,25.325,87.19978,0.0,84.666664,4.5373216
2026-06-25 18:10:40,18,Thursday,0,3,21.4,67.8,25.3175,87.20793,0.0,84.73333,4.518575
2026-06-25 18:11:40,18,Thursday,0,3,21.4,67.8,25.31,87.21609,0.0,84.8,4.499829
2026-06-25 18:12:40,18,Thursday,0,3,21.4,67.8,25.3025,87.22424,0.0,84.86667,4.481082
2026-06-25 18:13:40,18,Thursday,0,3,21.3,68.0,25.295,87.23239,0.0,84.933334,4.4623356
2026-06-25 18:14:40,18,Thursday,0,3,21.4,68.0,25.2875,87.24055,0.0,85.0,4.443589
2026-06-25 18:15:40,18,Thursday,0,3,21.4,67.8,25.28,87.2487,0.0,85.066666,4.424843
2026-06-25 18:16:40,18,Thursday,0,3,21.4,67.9,25.2725,87.25686,0.0,85.13333,4.4060965
2026-06-25 18:17:40,18,Thursday,0,3,21.4,68.0,25.265,87.265015,0.0,85.2,4.38735
2026-06-25 18:18:40,18,Thursday,0,3,21.4,68.1,25.2575,87.27316,0.0,85.26667,4.3686037
2026-06-25 18:19:40,18,Thursday,0,3,21.4,68.0,25.25,87.28132,0.0,85.333336,4.3498573
2026-06-25 18:20:40,18,Thursday,0,3,21.4,68.0,25.2425,87.289474,0.0,85.4,4.331111
2026-06-25 18:21:40,18,Thursday,0,3,21.4,67.9,25.235,87.29762,0.0,85.46667,4.312364
2026-06-25 18:22:40,18,Thursday,0,3,21.4,67.8,25.2275,87.30578,0.0,85.53333,4.2936177
2026-06-25 18:23:40,18,Thursday,0,3,21.3,67.8,25.22,87.313934,0.0,85.6,4.2748713
2026-06-25 18:24:40,18,Thursday,0,3,21.3,68.0,25.2125,87.32209,0.0,85.666664,4.256125
2026-06-25 18:25:40,18,Thursday,0,3,21.4,67.8,25.205,87.330246,0.0,85.73333,4.2373786
2026-06-25 18:26:40,18,Thursday,0,3,21.3,67.7,25.1975,87.338394,0.0,85.8,4.218632
2026-06-25 18:27:40,18,Thursday,0,3,21.3,67.7,25.19,87.34655,0.0,85.86667,4.199886
2026-06-25 18:28:40,18,Thursday,0,3,21.3,67.8,25.1825,87.354706,0.0,85.933334,4.1811395
2026-06-25 18:29:40,18,Thursday,0,3,21.3,67.6,25.175,87.362854,0.0,86.0,4.1623926
2026-06-25 18:30:40,18,Thursday,0,3,21.3,67.5,25.1675,87.37101,0.0,86.066666,4.1436462
2026-06-25 18:31:40,18,Thursday,0,3,21.3,67.6,25.16,87.379166,0.0,86.13333,4.1249
2026-06-25 18:32:40,18,Thursday,0,3,21.3,67.6,25.1525,87.38732,0.0,86.2,4.1061535
2026-06-25 18:33:40,18,Thursday,0,3,21.3,67.5,25.145,87.39548,0.0,86.26667,4.087407
2026-06-25 18:34:40,18,Thursday,0,3,21.3,67.5,25.1375,87.403625,0.0,86.333336,4.0686607
2026-06-25 18:35:40,18,Thursday,0,3,21.3,67.6,25.130001,87.41178,0.0,86.4,4.0499144
2026-06-25 18:36:40,18,Thursday,0,3,21.3,67.5,25.1225,87.41994,0.0,86.46667,4.031168
2026-06-25 18:37:40,18,Thursday,0,3,21.3,67.6,25.115,87.428085,0.0,86.53333,4.0124216
2026-06-25 18:38:40,18,Thursday,0,3,21.2,67.5,25.1075,87.43624,0.0,86.6,3.993675
2026-06-25 18:39:40,18,Thursday,0,3,21.2,67.5,25.1,87.4444,0.0,86.666664,3.9749286
2026-06-25 18:40:40,18,Thursday,0,3,21.3,67.6,25.0925,87.45255,0.0,86.73333,3.956182
2026-06-25 18:41:40,18,Thursday,0,3,21.2,67.6,25.085001,87.46071,0.0,86.8,3.9374356
2026-06-25 18:42:40,18,Thursday,0,3,21.2,67.6,25.077501,87.46886,0.0,86.86667,3.9186893
2026-06-25 18:43:40,18,Thursday,0,3,21.2,67.7,25.07,87.47701,0.0,86.933334,3.8999429
2026-06-25 18:44:40,18,Thursday,0,3,21.2,67.7,25.0625,87.48517,0.0,87.0,3.8811965
2026-06-25 18:45:40,18,Thursday,0,3,21.2,67.5,25.055,87.49332,0.0,87.066666,3.86245
2026-06-25 18:46:40,18,Thursday,0,3,21.2,67.6,25.0475,87.50147,0.0,87.13333,3.8437035
2026-06-25 18:47:40,18,Thursday,0,3,21.2,67.6,25.04,87.50963,0.0,87.2,3.8249571
2026-06-25 18:48:40,18,Thursday,0,3,21.2,67.6,25.032501,87.517784,0.0,87.26667,3.8062108
2026-06-25 18:49:40,18,Thursday,0,3,21.2,67.7,25.025002,87.52594,0.0,87.333336,3.7874641
2026-06-25 18:50:40,18,Thursday,0,3,21.2,67.8,25.0175,87.53409,0.0,87.4,3.7687178
2026-06-25 18:51:40,18,Thursday,0,3,21.2,67.6,25.01,87.542244,0.0,87.46667,3.7499714
2026-06-25 18:52:40,18,Thursday,0,3,21.2,67.8,25.0025,87.5504,0.0,87.53333,3.731225
2026-06-25 18:53:40,18,Thursday,0,3,21.2,67.7,24.995,87.55855,0.0,87.6,3.7124784
2026-06-25 18:54:40,18,Thursday,0,3,21.1,67.6,24.987501,87.5667,0.0,87.666664,3.693732
2026-06-25 18:55:40,18,Thursday,0,3,21.2,67.7,24.980001,87.57486,0.0,87.73333,3.6749856
2026-06-25 18:56:40,18,Thursday,0,3,21.1,67.7,24.9725,87.583015,0.0,87.8,3.6562393
2026-06-25 18:57:40,18,Thursday,0,3,21.2,67.6,24.965,87.59117,0.0,87.86667,3.6374927
2026-06-25 18:58:40,18,Thursday,0,3,21.1,67.7,24.9575,87.59932,0.0,87.933334,3.6187463
2026-06-25 18:59:40,18,Thursday,0,3,21.1,67.7,24.95,87.607475,0.0,88.0,3.6
2026-06-25 19:00:40,19,Thursday,0,3,21.1,67.7,24.9475,87.59842,0.0,88.1,3.6042027
2026-06-25 19:01:40,19,Thursday,0,3,21.1,67.6,24.945002,87.58936,0.0,88.2,3.6084056
2026-06-25 19:02:40,19,Thursday,0,3,21.1,67.6,24.942501,87.58031,0.0,88.3,3.6126082
2026-06-25 19:03:40,19,Thursday,0,3,21.1,67.7,24.94,87.57125,0.0,88.4,3.616811
2026-06-25 19:04:40,19,Thursday,0,3,21.1,67.7,24.9375,87.562195,0.0,88.5,3.6210139
2026-06-25 19:05:40,19,Thursday,0,3,21.1,67.6,24.935001,87.55314,0.0,88.6,3.6252167
2026-06-25 19:06:41,19,Thursday,0,3,21.1,67.6,24.9325,87.54408,0.0,88.7,3.6294196
2026-06-25 19:07:41,19,Thursday,0,3,21.0,67.5,24.93,87.53503,0.0,88.8,3.6336224
2026-06-25 19:08:41,19,Thursday,0,3,21.0,67.6,24.9275,87.52597,0.0,88.9,3.637825
2026-06-25 19:09:41,19,Thursday,0,3,21.0,67.5,24.925001,87.516914,0.0,89.0,3.6420279
2026-06-25 19:10:41,19,Thursday,0,3,21.0,67.5,24.9225,87.50786,0.0,89.1,3.6462307
2026-06-25 19:11:41,19,Thursday,0,3,21.0,67.6,24.92,87.4988,0.0,89.2,3.6504335
2026-06-25 19:12:41,19,Thursday,0,3,21.1,67.4,24.9175,87.489746,0.0,89.3,3.6546364
2026-06-25 19:13:41,19,Thursday,0,3,21.0,67.5,24.915,87.48069,0.0,89.4,3.658839
2026-06-25 19:14:41,19,Thursday,0,3,21.1,67.4,24.9125,87.471634,0.0,89.5,3.6630418
2026-06-25 19:15:41,19,Thursday,0,3,21.0,67.4,24.91,87.46258,0.0,89.6,3.6672447
2026-06-25 19:16:41,19,Thursday,0,3,21.0,67.4,24.907501,87.45352,0.0,89.7,3.6714475
2026-06-25 19:17:41,19,Thursday,0,3,21.0,67.4,24.905,87.444466,0.0,89.8,3.6756504
2026-06-25 19:18:41,19,Thursday,0,3,21.0,67.4,24.9025,87.43541,0.0,89.9,3.6798532
2026-06-25 19:19:41,19,Thursday,0,3,21.0,67.4,24.9,87.42635,0.0,90.0,3.6840558
2026-06-25 19:20:41,19,Thursday,0,3,21.0,67.5,24.897501,87.4173,0.0,90.1,3.6882586
2026-06-25 19:21:41,19,Thursday,0,3,21.0,67.4,24.895,87.40824,0.0,90.2,3.6924615
2026-06-25 19:22:41,19,Thursday,0,3,21.0,67.5,24.8925,87.399185,0.0,90.3,3.6966643
2026-06-25 19:23:41,19,Thursday,0,3,21.0,67.6,24.89,87.39013,0.0,90.4,3.7008672
2026-06-25 19:24:41,19,Thursday,0,3,21.0,67.6,24.8875,87.38107,0.0,90.5,3.7050698
2026-06-25 19:25:41,19,Thursday,0,3,21.0,67.4,24.885,87.37202,0.0,90.6,3.7092726
2026-06-25 19:26:41,19,Thursday,0,3,20.9,67.4,24.8825,87.36296,0.0,90.7,3.7134755
2026-06-25 19:27:41,19,Thursday,0,3,21.0,67.5,24.88,87.353905,0.0,90.8,3.7176783
2026-06-25 19:28:41,19,Thursday,0,3,20.9,67.5,24.8775,87.34485,0.0,90.9,3.7218812
2026-06-25 19:29:41,19,Thursday,0,3,20.9,67.5,24.875,87.3358,0.0,91.0,3.7260838
2026-06-25 19:30:41,19,Thursday,0,3,20.9,67.5,24.8725,87.326744,0.0,91.1,3.7302866
2026-06-25 19:31:41,19,Thursday,0,3,20.9,67.6,24.87,87.31769,0.0,91.2,3.7344894
2026-06-25 19:32:41,19,Thursday,0,3,20.9,67.5,24.8675,87.30863,0.0,91.3,3.7386923
2026-06-25 19:33:41,19,Thursday,0,3,20.9,67.4,24.865,87.299576,0.0,91.4,3.7428951
2026-06-25 19:34:41,19,Thursday,0,3,20.9,67.4,24.8625,87.29052,0.0,91.5,3.747098
2026-06-25 19:35:41,19,Thursday,0,3,20.9,67.4,24.86,87.28146,0.0,91.6,3.7513006
2026-06-25 19:36:41,19,Thursday,0,3,20.9,67.4,24.8575,87.27241,0.0,91.7,3.7555034
2026-06-25 19:37:41,19,Thursday,0,3,20.9,67.3,24.855,87.26335,0.0,91.8,3.7597063
2026-06-25 19:38:41,19,Thursday,0,3,20.9,67.4,24.852499,87.254295,0.0,91.9,3.763909
2026-06-25 19:39:41,19,Thursday,0,3,20.9,67.3,24.85,87.24524,0.0,92.0,3.768112
2026-06-25 19:40:41,19,Thursday,0,3,20.9,67.4,24.8475,87.23618,0.0,92.1,3.7723145
2026-06-25 19:41:41,19,Thursday,0,3,20.8,67.3,24.845,87.22713,0.0,92.2,3.7765174
2026-06-25 19:42:41,19,Thursday,0,3,20.8,67.4,24.842499,87.21807,0.0,92.3,3.7807202
2026-06-25 19:43:41,19,Thursday,0,3,20.9,67.4,24.84,87.209015,0.0,92.4,3.784923
2026-06-25 19:44:41,19,Thursday,0,3,20.8,67.4,24.8375,87.19996,0.0,92.5,3.789126
2026-06-25 19:45:41,19,Thursday,0,3,20.8,67.3,24.835,87.1909,0.0,92.6,3.7933288
2026-06-25 19:46:41,19,Thursday,0,3,20.8,67.3,24.8325,87.18185,0.0,92.7,3.7975314
2026-06-25 19:47:41,19,Thursday,0,3,20.8,67.5,24.83,87.17279,0.0,92.8,3.8017342
2026-06-25 19:48:41,19,Thursday,0,3,20.8,67.4,24.8275,87.163734,0.0,92.9,3.805937
2026-06-25 19:49:41,19,Thursday,0,3,20.8,67.4,24.824999,87.15468,0.0,93.0,3.81014
2026-06-25 19:50:41,19,Thursday,0,3,20.8,67.4,24.8225,87.14562,0.0,93.1,3.8143427
2026-06-25 19:51:41,19,Thursday,0,3,20.8,67.3,24.82,87.136566,0.0,93.2,3.8185453
2026-06-25 19:52:41,19,Thursday,0,3,20.8,67.5,24.8175,87.12751,0.0,93.3,3.8227482
2026-06-25 19:53:41,19,Thursday,0,3,20.8,67.6,24.814999,87.118454,0.0,93.4,3.826951
2026-06-25 19:54:41,19,Thursday,0,3,20.8,67.5,24.8125,87.1094,0.0,93.5,3.8311539
2026-06-25 19:55:41,19,Thursday,0,3,20.8,67.5,24.81,87.10034,0.0,93.6,3.8353567
2026-06-25 19:56:41,19,Thursday,0,3,20.8,67.6,24.807499,87.091286,0.0,93.7,3.8395596
2026-06-25 19:57:41,19,Thursday,0,3,20.8,67.6,24.804998,87.08223,0.0,93.8,3.8437622
2026-06-25 19:58:41,19,Thursday,0,3,20.8,67.4,24.8025,87.07317,0.0,93.9,3.847965
2026-06-25 19:59:41,19,Thursday,0,3,20.8,67.4,24.8,87.06412,0.0,94.0,3.8521678
2026-06-25 20:00:41,20,Thursday,0,3,20.7,67.6,24.799166,87.042145,0.0,93.63333,3.8587675
2026-06-25 20:01:41,20,Thursday,0,3,20.8,67.5,24.798332,87.02017,0.0,93.26667,3.8653674
2026-06-25 20:02:41,20,Thursday,0,3,20.7,67.6,24.797499,86.99819,0.0,92.9,3.871967
2026-06-25 20:03:42,20,Thursday,0,3,20.7,67.6,24.796665,86.97622,0.0,92.53333,3.8785667
2026-06-25 20:04:42,20,Thursday,0,3,20.7,67.5,24.795834,86.95425,0.0,92.166664,3.8851666
2026-06-25 20:05:42,20,Thursday,0,3,20.7,67.5,24.795,86.93227,0.0,91.8,3.8917663
2026-06-25 20:06:42,20,Thursday,0,3,20.7,67.5,24.794167,86.91029,0.0,91.433334,3.898366
2026-06-25 20:07:42,20,Thursday,0,3,20.7,67.6,24.793333,86.88832,0.0,91.066666,3.9049659
2026-06-25 20:08:42,20,Thursday,0,3,20.7,67.5,24.7925,86.86635,0.0,90.7,3.9115655
2026-06-25 20:09:42,20,Thursday,0,3,20.7,67.3,24.791666,86.844376,0.0,90.333336,3.9181652
2026-06-25 20:10:42,20,Thursday,0,3,20.7,67.4,24.790833,86.822395,0.0,89.96667,3.9247649
2026-06-25 20:11:42,20,Thursday,0,3,20.8,67.4,24.789999,86.80042,0.0,89.6,3.9313648
2026-06-25 20:12:42,20,Thursday,0,3,20.7,67.4,24.789165,86.77845,0.0,89.23333,3.9379644
2026-06-25 20:13:42,20,Thursday,0,3,20.7,67.3,24.788332,86.75647,0.0,88.86667,3.944564
2026-06-25 20:14:42,20,Thursday,0,3,20.7,67.4,24.787498,86.7345,0.0,88.5,3.951164
2026-06-25 20:15:42,20,Thursday,0,3,20.7,67.5,24.786667,86.712524,0.0,88.13333,3.9577637
2026-06-25 20:16:42,20,Thursday,0,3,20.7,67.4,24.785833,86.69055,0.0,87.76667,3.9643633
2026-06-25 20:17:42,20,Thursday,0,3,20.7,67.5,24.785,86.66858,0.0,87.4,3.9709632
2026-06-25 20:18:42,20,Thursday,0,3,20.7,67.5,24.784166,86.6466,0.0,87.03333,3.977563
2026-06-25 20:19:42,20,Thursday,0,3,20.7,67.7,24.783333,86.624626,0.0,86.666664,3.9841626
2026-06-25 20:20:42,20,Thursday,0,3,20.7,67.5,24.7825,86.60265,0.0,86.3,3.9907625
2026-06-25 20:21:42,20,Thursday,0,3,20.7,67.4,24.781666,86.58067,0.0,85.933334,3.9973621
2026-06-25 20:22:42,20,Thursday,0,3,20.7,67.4,24.780832,86.5587,0.0,85.566666,4.003962
2026-06-25 20:23:42,20,Thursday,0,3,20.7,67.6,24.779999,86.53673,0.0,85.2,4.0105615
2026-06-25 20:24:42,20,Thursday,0,3,20.6,67.4,24.779167,86.514755,0.0,84.833336,4.0171614
2026-06-25 20:25:42,20,Thursday,0,3,20.6,67.6,24.778334,86.49278,0.0,84.46667,4.0237613
2026-06-25 20:26:42,20,Thursday,0,3,20.6,67.7,24.7775,86.4708,0.0,84.1,4.0303607
2026-06-25 20:27:42,20,Thursday,0,3,20.7,67.6,24.776667,86.44883,0.0,83.73333,4.0369606
2026-06-25 20:28:42,20,Thursday,0,3,20.6,67.5,24.775833,86.42686,0.0,83.36667,4.0435605
2026-06-25 20:29:42,20,Thursday,0,3,20.6,67.5,24.775,86.40488,0.0,83.0,4.05016
2026-06-25 20:30:42,20,Thursday,0,3,20.6,67.6,24.774166,86.382904,0.0,82.63333,4.05676
2026-06-25 20:31:42,20,Thursday,0,3,20.6,67.6,24.773333,86.36093,0.0,82.26667,4.0633597
2026-06-25 20:32:42,20,Thursday,0,3,20.6,67.6,24.7725,86.33896,0.0,81.9,4.069959
2026-06-25 20:33:42,20,Thursday,0,3,20.6,67.6,24.771666,86.316986,0.0,81.53333,4.076559
2026-06-25 20:34:42,20,Thursday,0,3,20.6,67.7,24.770832,86.295006,0.0,81.166664,4.083159
2026-06-25 20:35:42,20,Thursday,0,3,20.6,67.8,24.77,86.27303,0.0,80.8,4.0897584
2026-06-25 20:36:42,20,Thursday,0,3,20.6,67.6,24.769167,86.25106,0.0,80.433334,4.0963583
2026-06-25 20:37:42,20,Thursday,0,3,20.6,67.6,24.768333,86.22908,0.0,80.066666,4.102958
2026-06-25 20:38:42,20,Thursday,0,3,20.6,67.6,24.7675,86.20711,0.0,79.7,4.1095576
2026-06-25 20:39:42,20,Thursday,0,3,20.6,67.6,24.766666,86.185135,0.0,79.333336,4.1161575
2026-06-25 20:40:42,20,Thursday,0,3,20.6,67.5,24.765833,86.16316,0.0,78.96667,4.122757
2026-06-25 20:41:42,20,Thursday,0,3,20.6,67.5,24.765,86.14119,0.0,78.6,4.129357
2026-06-25 20:42:42,20,Thursday,0,3,20.5,67.7,24.764166,86.11921,0.0,78.23333,4.135957
2026-06-25 20:43:42,20,Thursday,0,3,20.6,67.5,24.763332,86.09724,0.0,77.86667,4.142556
2026-06-25 20:44:42,20,Thursday,0,3,20.5,67.6,24.7625,86.075264,0.0,77.5,4.149156
2026-06-25 20:45:42,20,Thursday,0,3,20.5,67.6,24.761667,86.05328,0.0,77.13333,4.155756
2026-06-25 20:46:42,20,Thursday,0,3,20.5,67.6,24.760834,86.03131,0.0,76.76667,4.1623554
2026-06-25 20:47:42,20,Thursday,0,3,20.6,67.6,24.76,86.00934,0.0,76.4,4.1689553
2026-06-25 20:48:42,20,Thursday,0,3,20.5,67.5,24.759167,85.987366,0.0,76.03333,4.175555
2026-06-25 20:49:42,20,Thursday,0,3,20.5,67.6,24.758333,85.96539,0.0,75.666664,4.1821547
2026-06-25 20:50:42,20,Thursday,0,3,20.5,67.4,24.7575,85.94341,0.0,75.3,4.1887546
2026-06-25 20:51:42,20,Thursday,0,3,20.6,67.6,24.756666,85.92144,0.0,74.933334,4.1953545
2026-06-25 20:52:42,20,Thursday,0,3,20.6,67.4,24.755833,85.89947,0.0,74.566666,4.201954
2026-06-25 20:53:42,20,Thursday,0,3,20.5,67.5,24.755,85.87749,0.0,74.2,4.208554
2026-06-25 20:54:42,20,Thursday,0,3,20.6,67.5,24.754166,85.855515,0.0,73.833336,4.2151537
2026-06-25 20:55:42,20,Thursday,0,3,20.6,67.5,24.753334,85.83354,0.0,73.46667,4.221753
2026-06-25 20:56:42,20,Thursday,0,3,20.5,67.3,24.7525,85.81157,0.0,73.1,4.228353
2026-06-25 20:57:42,20,Thursday,0,3,20.5,67.4,24.751667,85.7896,0.0,72.73333,4.234953
2026-06-25 20:58:42,20,Thursday,0,3,20.5,67.5,24.750834,85.76762,0.0,72.36667,4.2415524
2026-06-25 20:59:42,20,Thursday,0,3,20.5,67.6,24.75,85.74564,0.0,72.0,4.2481523
2026-06-25 21:00:42,21,Thursday,0,3,20.5,67.5,24.745,85.75828,0.0,71.61667,4.2391963
2026-06-25 21:01:43,21,Thursday,0,3,20.5,67.6,24.74,85.77091,0.0,71.23333,4.2302403
2026-06-25 21:02:43,21,Thursday,0,3,20.5,67.6,24.735,85.78355,0.0,70.85,4.2212844
2026-06-25 21:03:43,21,Thursday,0,3,20.5,67.6,24.73,85.79618,0.0,70.46667,4.2123284
2026-06-25 21:04:43,21,Thursday,0,3,20.4,67.7,24.725,85.808815,0.0,70.083336,4.2033725
2026-06-25 21:05:43,21,Thursday,0,3,20.4,67.6,24.72,85.82145,0.0,69.7,4.1944165
2026-06-25 21:06:43,21,Thursday,0,3,20.5,67.7,24.715,85.83408,0.0,69.316666,4.1854606
2026-06-25 21:07:43,21,Thursday,0,3,20.5,67.6,24.710001,85.84671,0.0,68.933334,4.1765046
2026-06-25 21:08:43,21,Thursday,0,3,20.5,67.6,24.705,85.859344,0.0,68.55,4.1675487
2026-06-25 21:09:43,21,Thursday,0,3,20.5,67.6,24.7,85.87198,0.0,68.166664,4.1585927
2026-06-25 21:10:43,21,Thursday,0,3,20.4,67.5,24.695,85.88461,0.0,67.78333,4.1496367
2026-06-25 21:11:43,21,Thursday,0,3,20.4,67.6,24.69,85.89725,0.0,67.4,4.140681
2026-06-25 21:12:43,21,Thursday,0,3,20.4,67.6,24.685,85.90988,0.0,67.01667,4.131725
2026-06-25 21:13:43,21,Thursday,0,3,20.4,67.5,24.68,85.922516,0.0,66.63333,4.122769
2026-06-25 21:14:43,21,Thursday,0,3,20.4,67.8,24.675,85.93515,0.0,66.25,4.113813
2026-06-25 21:15:43,21,Thursday,0,3,20.4,67.7,24.67,85.947784,0.0,65.86667,4.104857
2026-06-25 21:16:43,21,Thursday,0,3,20.4,67.8,24.665,85.96042,0.0,65.48333,4.095901
2026-06-25 21:17:43,21,Thursday,0,3,20.4,67.8,24.66,85.97305,0.0,65.1,4.086945
2026-06-25 21:18:43,21,Thursday,0,3,20.4,68.0,24.655,85.98569,0.0,64.71667,4.077989
2026-06-25 21:19:43,21,Thursday,0,3,20.4,68.0,24.65,85.99832,0.0,64.333336,4.069033
2026-06-25 21:20:43,21,Thursday,0,3,20.5,68.1,24.645,86.010956,0.0,63.95,4.060077
2026-06-25 21:21:43,21,Thursday,0,3,20.5,68.0,24.64,86.02359,0.0,63.566666,4.051121
2026-06-25 21:22:43,21,Thursday,0,3,20.4,68.1,24.635,86.03622,0.0,63.183334,4.0421653
2026-06-25 21:23:43,21,Thursday,0,3,20.5,68.2,24.630001,86.04885,0.0,62.8,4.0332093
2026-06-25 21:24:43,21,Thursday,0,3,20.5,68.2,24.625,86.061485,0.0,62.416668,4.0242534
2026-06-25 21:25:43,21,Thursday,0,3,20.5,68.2,24.62,86.07412,0.0,62.033333,4.0152974
2026-06-25 21:26:43,21,Thursday,0,3,20.5,68.0,24.615,86.086754,0.0,61.65,4.0063415
2026-06-25 21:27:43,21,Thursday,0,3,20.4,68.1,24.61,86.09939,0.0,61.266666,3.9973855
2026-06-25 21:28:43,21,Thursday,0,3,20.4,68.3,24.605,86.11202,0.0,60.883335,3.9884295
2026-06-25 21:29:43,21,Thursday,0,3,20.4,68.3,24.6,86.12466,0.0,60.5,3.9794736
2026-06-25 21:30:43,21,Thursday,0,3,20.5,68.2,24.595001,86.13729,0.0,60.116665,3.9705176
2026-06-25 21:31:43,21,Thursday,0,3,20.4,68.2,24.59,86.149925,0.0,59.733334,3.9615617
2026-06-25 21:32:43,21,Thursday,0,3,20.4,68.3,24.585001,86.16256,0.0,59.35,3.9526057
2026-06-25 21:33:43,21,Thursday,0,3,20.4,68.3,24.58,86.17519,0.0,58.966667,3.9436498
2026-06-25 21:34:43,21,Thursday,0,3,20.4,68.2,24.575,86.18783,0.0,58.583332,3.9346938
2026-06-25 21:35:43,21,Thursday,0,3,20.4,68.2,24.57,86.20046,0.0,58.2,3.9257379
2026-06-25 21:36:43,21,Thursday,0,3,20.4,68.1,24.565,86.2131,0.0,57.816666,3.916782
2026-06-25 21:37:43,21,Thursday,0,3,20.4,68.1,24.560001,86.22572,0.0,57.433334,3.907826
2026-06-25 21:38:43,21,Thursday,0,3,20.4,68.0,24.555,86.23836,0.0,57.05,3.89887
2026-06-25 21:39:43,21,Thursday,0,3,20.4,68.1,24.550001,86.25099,0.0,56.666668,3.889914
2026-06-25 21:40:43,21,Thursday,0,3,20.4,68.2,24.545,86.263626,0.0,56.283333,3.880958
2026-06-25 21:41:43,21,Thursday,0,3,20.4,68.1,24.54,86.27626,0.0,55.9,3.8720021
2026-06-25 21:42:43,21,Thursday,0,3,20.4,68.0,24.535,86.288895,0.0,55.516666,3.8630462
2026-06-25 21:43:43,21,Thursday,0,3,20.4,67.9,24.53,86.30153,0.0,55.133335,3.8540902
2026-06-25 21:44:43,21,Thursday,0,3,20.4,68.0,24.525002,86.31416,0.0,54.75,3.8451343
2026-06-25 21:45:43,21,Thursday,0,3,20.4,68.1,24.52,86.3268,0.0,54.366665,3.8361783
2026-06-25 21:46:43,21,Thursday,0,3,20.4,68.0,24.515001,86.33943,0.0,53.983334,3.8272223
2026-06-25 21:47:43,21,Thursday,0,3,20.4,68.1,24.51,86.352066,0.0,53.6,3.8182664
2026-06-25 21:48:43,21,Thursday,0,3,20.4,68.1,24.505001,86.3647,0.0,53.216667,3.8093104
2026-06-25 21:49:43,21,Thursday,0,3,20.4,68.0,24.5,86.377335,0.0,52.833332,3.8003545
2026-06-25 21:50:43,21,Thursday,0,3,20.4,67.9,24.495,86.38997,0.0,52.45,3.7913985
2026-06-25 21:51:43,21,Thursday,0,3,20.4,68.0,24.49,86.4026,0.0,52.066666,3.7824426
2026-06-25 21:52:43,21,Thursday,0,3,20.4,68.1,24.485,86.41523,0.0,51.683334,3.7734866
2026-06-25 21:53:43,21,Thursday,0,3,20.4,68.1,24.480001,86.427864,0.0,51.3,3.7645307
2026-06-25 21:54:43,21,Thursday,0,3,20.4,68.2,24.475,86.4405,0.0,50.916668,3.7555747
2026-06-25 21:55:43,21,Thursday,0,3,20.3,68.2,24.470001,86.45313,0.0,50.533333,3.7466187
2026-06-25 21:56:43,21,Thursday,0,3,20.3,68.2,24.465,86.46577,0.0,50.15,3.7376628
2026-06-25 21:57:43,21,Thursday,0,3,20.4,68.2,24.460001,86.4784,0.0,49.766666,3.7287068
2026-06-25 21:58:44,21,Thursday,0,3,20.4,68.5,24.455,86.491035,0.0,49.383335,3.719751
2026-06-25 21:59:44,21,Thursday,0,3,20.4,68.4,24.45,86.50367,0.0,49.0,3.710795
2026-06-25 22:00:44,22,Thursday,0,3,20.4,68.3,24.45,86.48619,0.0,49.6,3.7258444
2026-06-25 22:01:44,22,Thursday,0,3,20.4,68.3,24.45,86.468704,0.0,50.2,3.7408938
2026-06-25 22:02:44,22,Thursday,0,3,20.4,68.2,24.45,86.451225,0.0,50.8,3.7559433
2026-06-25 22:03:44,22,Thursday,0,3,20.4,68.4,24.45,86.43374,0.0,51.4,3.7709928
2026-06-25 22:04:44,22,Thursday,0,3,20.4,68.3,24.45,86.41626,0.0,52.0,3.7860422
2026-06-25 22:05:44,22,Thursday,0,3,20.4,68.3,24.45,86.39877,0.0,52.6,3.8010917
2026-06-25 22:06:44,22,Thursday,0,3,20.4,68.0,24.45,86.381294,0.0,53.2,3.8161411
2026-06-25 22:07:44,22,Thursday,0,3,20.4,68.1,24.45,86.36381,0.0,53.8,3.8311906
2026-06-25 22:08:44,22,Thursday,0,3,20.3,68.0,24.45,86.34633,0.0,54.4,3.84624
2026-06-25 22:09:44,22,Thursday,0,3,20.3,68.0,24.45,86.32884,0.0,55.0,3.8612895
2026-06-25 22:10:44,22,Thursday,0,3,20.3,68.0,24.45,86.31136,0.0,55.6,3.876339
2026-06-25 22:11:44,22,Thursday,0,3,20.3,68.1,24.45,86.29388,0.0,56.2,3.8913884
2026-06-25 22:12:44,22,Thursday,0,3,20.3,67.8,24.45,86.2764,0.0,56.8,3.9064379
2026-06-25 22:13:44,22,Thursday,0,3,20.3,67.8,24.45,86.25891,0.0,57.4,3.9214873
2026-06-25 22:14:44,22,Thursday,0,3,20.3,67.9,24.45,86.24143,0.0,58.0,3.9365368
2026-06-25 22:15:44,22,Thursday,0,3,20.3,68.0,24.45,86.223946,0.0,58.6,3.951586
2026-06-25 22:16:44,22,Thursday,0,3,20.3,68.0,24.45,86.20647,0.0,59.2,3.9666355
2026-06-25 22:17:44,22,Thursday,0,3,20.3,68.1,24.45,86.18898,0.0,59.8,3.981685
2026-06-25 22:18:44,22,Thursday,0,3,20.3,68.0,24.45,86.1715,0.0,60.4,3.9967344
2026-06-25 22:19:44,22,Thursday,0,3,20.3,68.1,24.45,86.154015,0.0,61.0,4.011784
2026-06-25 22:20:44,22,Thursday,0,3,20.3,68.0,24.45,86.136536,0.0,61.6,4.0268335
2026-06-25 22:21:44,22,Thursday,0,3,20.3,68.1,24.45,86.11905,0.0,62.2,4.041883
2026-06-25 22:22:44,22,Thursday,0,3,20.3,68.0,24.45,86.10157,0.0,62.8,4.0569324
2026-06-25 22:23:44,22,Thursday,0,3,20.3,68.1,24.45,86.08408,0.0,63.4,4.071982
2026-06-25 22:24:44,22,Thursday,0,3,20.3,68.0,24.45,86.066605,0.0,64.0,4.0870314
2026-06-25 22:25:44,22,Thursday,0,3,20.3,68.0,24.45,86.04912,0.0,64.6,4.102081
2026-06-25 22:26:44,22,Thursday,0,3,20.2,67.8,24.45,86.03164,0.0,65.2,4.1171303
2026-06-25 22:27:44,22,Thursday,0,3,20.2,68.1,24.45,86.01415,0.0,65.8,4.1321797
2026-06-25 22:28:44,22,Thursday,0,3,20.2,67.9,24.45,85.99667,0.0,66.4,4.147229
2026-06-25 22:29:44,22,Thursday,0,3,20.2,67.9,24.45,85.97919,0.0,67.0,4.162278
2026-06-25 22:30:44,22,Thursday,0,3,20.2,68.0,24.45,85.96171,0.0,67.6,4.1773276
2026-06-25 22:31:44,22,Thursday,0,3,20.2,68.1,24.45,85.94423,0.0,68.2,4.192377
2026-06-25 22:32:44,22,Thursday,0,3,20.3,68.0,24.45,85.92674,0.0,68.8,4.2074265
2026-06-25 22:33:44,22,Thursday,0,3,20.3,68.0,24.45,85.90926,0.0,69.4,4.222476
2026-06-25 22:34:44,22,Thursday,0,3,20.2,68.1,24.45,85.89178,0.0,70.0,4.2375255
2026-06-25 22:35:44,22,Thursday,0,3,20.2,68.1,24.45,85.8743,0.0,70.6,4.252575
2026-06-25 22:36:44,22,Thursday,0,3,20.2,68.1,24.45,85.85681,0.0,71.2,4.2676244
2026-06-25 22:37:44,22,Thursday,0,3,20.2,68.0,24.45,85.83933,0.0,71.8,4.282674
2026-06-25 22:38:44,22,Thursday,0,3,20.2,68.1,24.45,85.821846,0.0,72.4,4.2977233
2026-06-25 22:39:44,22,Thursday,0,3,20.3,68.1,24.45,85.80437,0.0,73.0,4.3127728
2026-06-25 22:40:44,22,Thursday,0,3,20.2,68.2,24.45,85.78688,0.0,73.6,4.327822
2026-06-25 22:41:44,22,Thursday,0,3,20.2,68.2,24.45,85.7694,0.0,74.2,4.3428717
2026-06-25 22:42:44,22,Thursday,0,3,20.2,68.2,24.45,85.751915,0.0,74.8,4.357921
2026-06-25 22:43:44,22,Thursday,0,3,20.2,68.2,24.45,85.734436,0.0,75.4,4.3729706
2026-06-25 22:44:44,22,Thursday,0,3,20.2,68.3,24.45,85.71695,0.0,76.0,4.38802
2026-06-25 22:45:44,22,Thursday,0,3,20.2,68.2,24.45,85.69947,0.0,76.6,4.4030695
2026-06-25 22:46:44,22,Thursday,0,3,20.2,68.2,24.45,85.681984,0.0,77.2,4.418119
2026-06-25 22:47:44,22,Thursday,0,3,20.2,68.2,24.45,85.664505,0.0,77.8,4.4331684
2026-06-25 22:48:44,22,Thursday,0,3,20.2,68.3,24.45,85.64702,0.0,78.4,4.448218
2026-06-25 22:49:44,22,Thursday,0,3,20.2,68.2,24.45,85.62954,0.0,79.0,4.4632673
2026-06-25 22:50:44,22,Thursday,0,3,20.2,68.2,24.45,85.61205,0.0,79.6,4.478317
2026-06-25 22:51:44,22,Thursday,0,3,20.2,68.2,24.45,85.594574,0.0,80.2,4.4933662
2026-06-25 22:52:44,22,Thursday,0,3,20.1,68.1,24.45,85.57709,0.0,80.8,4.5084157
2026-06-25 22:53:44,22,Thursday,0,3,20.1,68.0,24.45,85.55961,0.0,81.4,4.523465
2026-06-25 22:54:44,22,Thursday,0,3,20.2,68.1,24.45,85.54212,0.0,82.0,4.5385146
2026-06-25 22:55:44,22,Thursday,0,3,20.2,68.0,24.45,85.52464,0.0,82.6,4.553564
2026-06-25 22:56:45,22,Thursday,0,3,20.1,68.0,24.45,85.50716,0.0,83.2,4.5686135
2026-06-25 22:57:45,22,Thursday,0,3,20.1,68.0,24.45,85.48968,0.0,83.8,4.583663
2026-06-25 22:58:45,22,Thursday,0,3,20.1,68.1,24.45,85.47219,0.0,84.4,4.5987124
2026-06-25 22:59:45,22,Thursday,0,3,20.1,68.1,24.45,85.45471,0.0,85.0,4.613762
2026-06-25 23:00:45,23,Thursday,0,3,20.1,68.2,24.473333,85.3488,0.0,84.333336,4.6263647
2026-06-25 23:01:45,23,Thursday,0,3,20.1,68.3,24.496668,85.24288,0.0,83.666664,4.638967
2026-06-25 23:02:45,23,Thursday,0,3,20.1,68.3,24.52,85.13697,0.0,83.0,4.65157
2026-06-25 23:03:45,23,Thursday,0,3,20.1,68.3,24.543335,85.03105,0.0,82.333336,4.664172
2026-06-25 23:04:45,23,Thursday,0,3,20.1,68.4,24.566668,84.92514,0.0,81.666664,4.676775
2026-06-25 23:05:45,23,Thursday,0,3,20.1,68.1,24.59,84.81923,0.0,81.0,4.6893773
2026-06-25 23:06:45,23,Thursday,0,3,20.2,68.1,24.613335,84.71331,0.0,80.333336,4.70198
2026-06-25 23:07:45,23,Thursday,0,3,20.1,68.1,24.636667,84.6074,0.0,79.666664,4.7145824
2026-06-25 23:08:45,23,Thursday,0,3,20.1,68.1,24.66,84.50148,0.0,79.0,4.7271852
2026-06-25 23:09:45,23,Thursday,0,3,20.1,68.3,24.683334,84.39557,0.0,78.333336,4.7397876
2026-06-25 23:10:45,23,Thursday,0,3,20.1,68.3,24.706667,84.28966,0.0,77.666664,4.7523904
2026-06-25 23:11:45,23,Thursday,0,3,20.1,68.3,24.730001,84.18374,0.0,77.0,4.7649927
2026-06-25 23:12:45,23,Thursday,0,3,20.1,68.2,24.753334,84.07783,0.0,76.333336,4.7775955
2026-06-25 23:13:45,23,Thursday,0,3,20.1,68.2,24.776667,83.97191,0.0,75.666664,4.790198
2026-06-25 23:14:45,23,Thursday,0,3,20.1,68.2,24.800001,83.866,0.0,75.0,4.8028007
2026-06-25 23:15:45,23,Thursday,0,3,20.1,68.2,24.823334,83.760086,0.0,74.333336,4.815403
2026-06-25 23:16:45,23,Thursday,0,3,20.1,68.2,24.846668,83.65417,0.0,73.666664,4.828006
2026-06-25 23:17:45,23,Thursday,0,3,20.1,68.2,24.87,83.548256,0.0,73.0,4.840608
2026-06-25 23:18:45,23,Thursday,0,3,20.1,68.2,24.893333,83.44234,0.0,72.333336,4.853211
2026-06-25 23:19:45,23,Thursday,0,3,20.1,67.9,24.916668,83.336426,0.0,71.666664,4.8658133
2026-06-25 23:20:45,23,Thursday,0,3,20.1,67.9,24.94,83.230515,0.0,71.0,4.878416
2026-06-25 23:21:45,23,Thursday,0,3,20.1,68.1,24.963333,83.124596,0.0,70.333336,4.8910184
2026-06-25 23:22:45,23,Thursday,0,3,20.1,68.1,24.986668,83.018684,0.0,69.666664,4.903621
2026-06-25 23:23:45,23,Thursday,0,3,20.1,68.2,25.01,82.912766,0.0,69.0,4.9162235
2026-06-25 23:24:45,23,Thursday,0,3,20.0,68.2,25.033335,82.806854,0.0,68.333336,4.9288263
2026-06-25 23:25:45,23,Thursday,0,3,20.0,68.1,25.056667,82.70094,0.0,67.666664,4.9414287
2026-06-25 23:26:45,23,Thursday,0,3,20.1,68.0,25.08,82.595024,0.0,67.0,4.9540315
2026-06-25 23:27:45,23,Thursday,0,3,20.1,67.9,25.103334,82.48911,0.0,66.333336,4.966634
2026-06-25 23:28:45,23,Thursday,0,3,20.0,67.7,25.126667,82.383194,0.0,65.666664,4.9792366
2026-06-25 23:29:45,23,Thursday,0,3,20.0,67.9,25.150002,82.27728,0.0,65.0,4.9918394
2026-06-25 23:30:45,23,Thursday,0,3,20.0,67.9,25.173334,82.17137,0.0,64.333336,5.0044417
2026-06-25 23:31:45,23,Thursday,0,3,20.0,67.9,25.196667,82.06545,0.0,63.666668,5.0170445
2026-06-25 23:32:45,23,Thursday,0,3,20.0,68.0,25.220001,81.95954,0.0,63.0,5.029647
2026-06-25 23:33:45,23,Thursday,0,3,20.0,68.0,25.243334,81.85362,0.0,62.333332,5.0422497
2026-06-25 23:34:45,23,Thursday,0,3,20.0,67.8,25.266666,81.74771,0.0,61.666668,5.054852
2026-06-25 23:35:45,23,Thursday,0,3,20.0,67.9,25.29,81.6418,0.0,61.0,5.067455
2026-06-25 23:36:45,23,Thursday,0,3,20.0,68.0,25.313334,81.53588,0.0,60.333332,5.080057
2026-06-25 23:37:45,23,Thursday,0,3,20.0,68.0,25.336668,81.42997,0.0,59.666668,5.09266
2026-06-25 23:38:45,23,Thursday,0,3,20.0,68.0,25.36,81.32405,0.0,59.0,5.1052623
2026-06-25 23:39:45,23,Thursday,0,3,20.0,67.9,25.383333,81.21814,0.0,58.333332,5.117865
2026-06-25 23:40:45,23,Thursday,0,3,20.0,68.1,25.406668,81.11223,0.0,57.666668,5.1304674
2026-06-25 23:41:45,23,Thursday,0,3,20.0,68.1,25.43,81.00631,0.0,57.0,5.14307
2026-06-25 23:42:45,23,Thursday,0,3,20.0,68.2,25.453333,80.9004,0.0,56.333332,5.1556726
2026-06-25 23:43:45,23,Thursday,0,3,20.0,68.2,25.476667,80.79448,0.0,55.666668,5.1682754
2026-06-25 23:44:45,23,Thursday,0,3,20.0,68.1,25.5,80.68857,0.0,55.0,5.1808777
2026-06-25 23:45:45,23,Thursday,0,3,20.0,68.1,25.523335,80.58266,0.0,54.333332,5.1934805
2026-06-25 23:46:45,23,Thursday,0,3,20.0,68.0,25.546667,80.47674,0.0,53.666668,5.206083
2026-06-25 23:47:45,23,Thursday,0,3,20.0,68.1,25.57,80.37083,0.0,53.0,5.2186856
2026-06-25 23:48:45,23,Thursday,0,3,20.0,68.1,25.593334,80.26491,0.0,52.333332,5.231288
2026-06-25 23:49:45,23,Thursday,0,3,20.0,68.2,25.616667,80.159,0.0,51.666668,5.243891
2026-06-25 23:50:45,23,Thursday,0,3,20.0,68.1,25.640001,80.053085,0.0,51.0,5.256493
2026-06-25 23:51:45,23,Thursday,0,3,20.0,68.1,25.663334,79.94717,0.0,50.333332,5.269096
2026-06-25 23:52:45,23,Thursday,0,3,20.0,68.0,25.686666,79.841255,0.0,49.666668,5.281698
2026-06-25 23:53:45,23,Thursday,0,3,20.0,68.0,25.710001,79.73534,0.0,49.0,5.294301
2026-06-25 23:54:46,23,Thursday,0,3,20.0,68.0,25.733334,79.629425,0.0,48.333332,5.3069034
2026-06-25 23:55:46,23,Thursday,0,3,20.0,68.0,25.756666,79.52351,0.0,47.666668,5.319506
2026-06-25 23:56:46,23,Thursday,0,3,20.0,68.0,25.78,79.417595,0.0,47.0,5.3321085
2026-06-25 23:57:46,23,Thursday,0,3,19.9,68.0,25.803333,79.31168,0.0,46.333332,5.3447113
2026-06-25 23:58:46,23,Thursday,0,3,19.9,68.0,25.826668,79.205765,0.0,45.666668,5.3573136
2026-06-25 23:59:46,23,Thursday,0,3,19.9,68.1,25.85,79.09985,0.0,45.0,5.3699164
2026-06-26 00:00:46,0,Friday,0,4,19.9,68.2,25.880001,79.018936,0.0,44.433334,5.3233714
2026-06-26 00:01:46,0,Friday,0,4,19.9,68.1,25.91,78.93802,0.0,43.866665,5.2768264
2026-06-26 00:02:46,0,Friday,0,4,19.9,68.1,25.94,78.8571,0.0,43.3,5.230281
2026-06-26 00:03:46,0,Friday,0,4,19.9,68.2,25.970001,78.77618,0.0,42.733334,5.183736
2026-06-26 00:04:46,0,Friday,0,4,19.9,68.0,26.0,78.69526,0.0,42.166668,5.137191
2026-06-26 00:05:46,0,Friday,0,4,19.9,67.9,26.03,78.61434,0.0,41.6,5.090646
2026-06-26 00:06:46,0,Friday,0,4,19.9,68.0,26.06,78.533424,0.0,41.033333,5.0441003
2026-06-26 00:07:46,0,Friday,0,4,19.9,67.9,26.09,78.45251,0.0,40.466667,4.9975553
2026-06-26 00:08:46,0,Friday,0,4,19.9,68.0,26.12,78.37158,0.0,39.9,4.95101
2026-06-26 00:09:46,0,Friday,0,4,19.9,67.9,26.15,78.290665,0.0,39.333332,4.904465
2026-06-26 00:10:46,0,Friday,0,4,19.9,67.9,26.18,78.20975,0.0,38.766666,4.8579197
2026-06-26 00:11:46,0,Friday,0,4,19.9,67.8,26.210001,78.12883,0.0,38.2,4.8113747
2026-06-26 00:12:46,0,Friday,0,4,19.8,68.1,26.24,78.04791,0.0,37.633335,4.7648296
2026-06-26 00:13:46,0,Friday,0,4,19.8,68.1,26.27,77.966995,0.0,37.066666,4.7182846
2026-06-26 00:14:46,0,Friday,0,4,19.8,68.1,26.3,77.88608,0.0,36.5,4.671739
2026-06-26 00:15:46,0,Friday,0,4,19.8,68.1,26.33,77.80515,0.0,35.933334,4.625194
2026-06-26 00:16:46,0,Friday,0,4,19.9,68.2,26.36,77.724236,0.0,35.366665,4.578649
2026-06-26 00:17:46,0,Friday,0,4,19.9,68.0,26.39,77.64332,0.0,34.8,4.532104
2026-06-26 00:18:46,0,Friday,0,4,19.9,68.1,26.42,77.5624,0.0,34.233334,4.4855585
2026-06-26 00:19:46,0,Friday,0,4,19.9,68.2,26.45,77.48148,0.0,33.666668,4.4390135
2026-06-26 00:20:46,0,Friday,0,4,19.8,68.1,26.48,77.40056,0.0,33.1,4.3924685
2026-06-26 00:21:46,0,Friday,0,4,19.8,68.1,26.51,77.31964,0.0,32.533333,4.3459234
2026-06-26 00:22:46,0,Friday,0,4,19.8,68.1,26.54,77.23872,0.0,31.966667,4.299378
2026-06-26 00:23:46,0,Friday,0,4,19.8,68.2,26.57,77.15781,0.0,31.4,4.252833
2026-06-26 00:24:46,0,Friday,0,4,19.8,68.2,26.6,77.07689,0.0,30.833334,4.206288
2026-06-26 00:25:46,0,Friday,0,4,19.8,68.0,26.63,76.99597,0.0,30.266666,4.159743
2026-06-26 00:26:46,0,Friday,0,4,19.8,67.9,26.66,76.915054,0.0,29.7,4.1131973
2026-06-26 00:27:46,0,Friday,0,4,19.8,67.8,26.69,76.83413,0.0,29.133333,4.0666523
2026-06-26 00:28:46,0,Friday,0,4,19.8,67.7,26.72,76.75321,0.0,28.566668,4.0201073
2026-06-26 00:29:46,0,Friday,0,4,19.8,67.8,26.75,76.672295,0.0,28.0,3.9735622
2026-06-26 00:30:46,0,Friday,0,4,19.8,67.8,26.78,76.59138,0.0,27.433332,3.927017
2026-06-26 00:31:46,0,Friday,0,4,19.8,67.8,26.81,76.51046,0.0,26.866667,3.880472
2026-06-26 00:32:46,0,Friday,0,4,19.8,67.7,26.84,76.429535,0.0,26.3,3.8339267
2026-06-26 00:33:46,0,Friday,0,4,19.8,67.8,26.87,76.34862,0.0,25.733334,3.7873816
2026-06-26 00:34:46,0,Friday,0,4,19.8,67.7,26.9,76.2677,0.0,25.166666,3.7408364
2026-06-26 00:35:46,0,Friday,0,4,19.8,67.6,26.93,76.18678,0.0,24.6,3.6942914
2026-06-26 00:36:46,0,Friday,0,4,19.8,67.6,26.96,76.105865,0.0,24.033333,3.647746
2026-06-26 00:37:46,0,Friday,0,4,19.8,67.8,26.99,76.02495,0.0,23.466667,3.601201
2026-06-26 00:38:46,0,Friday,0,4,19.8,67.9,27.02,75.94403,0.0,22.9,3.5546558
2026-06-26 00:39:46,0,Friday,0,4,19.8,68.0,27.05,75.863106,0.0,22.333334,3.5081108
2026-06-26 00:40:46,0,Friday,0,4,19.7,68.0,27.08,75.78219,0.0,21.766666,3.4615655
2026-06-26 00:41:46,0,Friday,0,4,19.7,67.9,27.11,75.70127,0.0,21.2,3.4150205
2026-06-26 00:42:46,0,Friday,0,4,19.7,68.0,27.14,75.62035,0.0,20.633333,3.3684752
2026-06-26 00:43:46,0,Friday,0,4,19.7,68.1,27.17,75.53944,0.0,20.066668,3.3219302
2026-06-26 00:44:46,0,Friday,0,4,19.7,68.1,27.2,75.45851,0.0,19.5,3.275385
2026-06-26 00:45:46,0,Friday,0,4,19.7,68.0,27.23,75.377594,0.0,18.933332,3.2288399
2026-06-26 00:46:46,0,Friday,0,4,19.7,67.9,27.26,75.29668,0.0,18.366667,3.1822946
2026-06-26 00:47:46,0,Friday,0,4,19.8,67.9,27.289999,75.21576,0.0,17.8,3.1357496
2026-06-26 00:48:46,0,Friday,0,4,19.8,67.9,27.32,75.13484,0.0,17.233334,3.0892043
2026-06-26 00:49:46,0,Friday,0,4,19.7,67.8,27.35,75.053925,0.0,16.666666,3.0426593
2026-06-26 00:50:46,0,Friday,0,4,19.8,67.9,27.38,74.97301,0.0,16.1,2.996114
2026-06-26 00:51:46,0,Friday,0,4,19.7,67.9,27.41,74.89208,0.0,15.533334,2.949569
2026-06-26 00:52:46,0,Friday,0,4,19.8,67.9,27.44,74.811165,0.0,14.966666,2.9030237
2026-06-26 00:53:47,0,Friday,0,4,19.7,67.8,27.47,74.73025,0.0,14.4,2.8564787
2026-06-26 00:54:47,0,Friday,0,4,19.7,67.9,27.5,74.64933,0.0,13.833333,2.8099334
2026-06-26 00:55:47,0,Friday,0,4,19.7,67.9,27.529999,74.56841,0.0,13.266666,2.7633884
2026-06-26 00:56:47,0,Friday,0,4,19.7,67.9,27.56,74.48749,0.0,12.7,2.7168431
2026-06-26 00:57:47,0,Friday,0,4,19.7,68.0,27.59,74.40657,0.0,12.133333,2.670298
2026-06-26 00:58:47,0,Friday,0,4,19.7,68.1,27.619999,74.32565,0.0,11.566667,2.6237528
2026-06-26 00:59:47,0,Friday,0,4,19.7,68.1,27.65,74.244736,0.0,11.0,2.5772078
2026-06-26 01:00:47,1,Friday,0,4,19.7,67.9,27.678333,74.15587,0.0,10.9,2.6124847
2026-06-26 01:01:47,1,Friday,0,4,19.7,67.9,27.706667,74.067,0.0,10.8,2.6477618
2026-06-26 01:02:47,1,Friday,0,4,19.7,67.8,27.735,73.978134,0.0,10.7,2.6830387
2026-06-26 01:03:47,1,Friday,0,4,19.7,67.9,27.763332,73.88927,0.0,10.6,2.7183156
2026-06-26 01:04:47,1,Friday,0,4,19.7,67.9,27.791666,73.8004,0.0,10.5,2.7535927
2026-06-26 01:05:47,1,Friday,0,4,19.7,67.8,27.82,73.71153,0.0,10.4,2.7888696
2026-06-26 01:06:47,1,Friday,0,4,19.7,67.9,27.848333,73.622665,0.0,10.3,2.8241465
2026-06-26 01:07:47,1,Friday,0,4,19.7,68.0,27.876667,73.5338,0.0,10.2,2.8594236
2026-06-26 01:08:47,1,Friday,0,4,19.7,67.9,27.904999,73.44493,0.0,10.1,2.8947005
2026-06-26 01:09:47,1,Friday,0,4,19.7,67.8,27.933332,73.356064,0.0,10.0,2.9299774
2026-06-26 01:10:47,1,Friday,0,4,19.7,67.8,27.961666,73.26719,0.0,9.9,2.9652543
2026-06-26 01:11:47,1,Friday,0,4,19.7,67.9,27.99,73.17832,0.0,9.8,3.0005314
2026-06-26 01:12:47,1,Friday,0,4,19.7,67.9,28.018333,73.089455,0.0,9.7,3.0358083
2026-06-26 01:13:47,1,Friday,0,4,19.7,67.8,28.046667,73.00059,0.0,9.6,3.0710852
2026-06-26 01:14:47,1,Friday,0,4,19.7,67.9,28.075,72.91172,0.0,9.5,3.1063623
2026-06-26 01:15:47,1,Friday,0,4,19.7,67.8,28.103333,72.82285,0.0,9.4,3.1416392
2026-06-26 01:16:47,1,Friday,0,4,19.7,67.7,28.131666,72.733986,0.0,9.3,3.1769161
2026-06-26 01:17:47,1,Friday,0,4,19.7,67.8,28.16,72.64512,0.0,9.2,3.2121933
2026-06-26 01:18:47,1,Friday,0,4,19.7,67.9,28.188334,72.55625,0.0,9.1,3.2474701
2026-06-26 01:19:47,1,Friday,0,4,19.7,67.8,28.216667,72.467384,0.0,9.0,3.282747
2026-06-26 01:20:47,1,Friday,0,4,19.6,67.7,28.244999,72.37852,0.0,8.9,3.3180242
2026-06-26 01:21:47,1,Friday,0,4,19.6,67.7,28.273333,72.28965,0.0,8.8,3.353301
2026-06-26 01:22:47,1,Friday,0,4,19.6,67.8,28.301666,72.20078,0.0,8.7,3.388578
2026-06-26 01:23:47,1,Friday,0,4,19.6,67.8,28.33,72.111916,0.0,8.6,3.423855
2026-06-26 01:24:47,1,Friday,0,4,19.7,67.8,28.358334,72.02305,0.0,8.5,3.459132
2026-06-26 01:25:47,1,Friday,0,4,19.6,67.8,28.386667,71.93418,0.0,8.4,3.4944088
2026-06-26 01:26:47,1,Friday,0,4,19.6,67.7,28.415,71.845314,0.0,8.3,3.529686
2026-06-26 01:27:47,1,Friday,0,4,19.6,67.7,28.443333,71.75645,0.0,8.2,3.5649629
2026-06-26 01:28:47,1,Friday,0,4,19.6,67.8,28.471666,71.66758,0.0,8.1,3.6002398
2026-06-26 01:29:47,1,Friday,0,4,19.6,67.8,28.5,71.578705,0.0,8.0,3.6355166
2026-06-26 01:30:47,1,Friday,0,4,19.6,67.9,28.528334,71.48984,0.0,7.9,3.6707938
2026-06-26 01:31:47,1,Friday,0,4,19.6,68.0,28.556667,71.40097,0.0,7.8,3.7060707
2026-06-26 01:32:47,1,Friday,0,4,19.6,67.8,28.585,71.3121,0.0,7.7,3.7413476
2026-06-26 01:33:47,1,Friday,0,4,19.6,67.9,28.613333,71.223236,0.0,7.6,3.7766247
2026-06-26 01:34:47,1,Friday,0,4,19.6,67.8,28.641666,71.13437,0.0,7.5,3.8119016
2026-06-26 01:35:47,1,Friday,0,4,19.6,67.8,28.67,71.0455,0.0,7.4,3.8471785
2026-06-26 01:36:47,1,Friday,0,4,19.6,67.9,28.698334,70.956635,0.0,7.3,3.8824556
2026-06-26 01:37:47,1,Friday,0,4,19.6,67.8,28.726667,70.86777,0.0,7.2,3.9177325
2026-06-26 01:38:47,1,Friday,0,4,19.6,67.9,28.755001,70.7789,0.0,7.1,3.9530094
2026-06-26 01:39:47,1,Friday,0,4,19.6,67.9,28.783333,70.69003,0.0,7.0,3.9882865
2026-06-26 01:40:47,1,Friday,0,4,19.6,67.9,28.811666,70.601166,0.0,6.9,4.0235634
2026-06-26 01:41:47,1,Friday,0,4,19.6,67.9,28.84,70.5123,0.0,6.8,4.0588403
2026-06-26 01:42:47,1,Friday,0,4,19.6,67.9,28.868334,70.42343,0.0,6.7,4.094117
2026-06-26 01:43:47,1,Friday,0,4,19.5,67.8,28.896667,70.334564,0.0,6.6,4.129394
2026-06-26 01:44:47,1,Friday,0,4,19.5,67.8,28.925,70.2457,0.0,6.5,4.1646714
2026-06-26 01:45:47,1,Friday,0,4,19.5,67.7,28.953333,70.15683,0.0,6.4,4.1999483
2026-06-26 01:46:47,1,Friday,0,4,19.5,67.9,28.981667,70.06796,0.0,6.3,4.235225
2026-06-26 01:47:47,1,Friday,0,4,19.4,68.0,29.01,69.979095,0.0,6.2,4.270502
2026-06-26 01:48:47,1,Friday,0,4,19.5,68.0,29.038334,69.89023,0.0,6.1,4.305779
2026-06-26 01:49:47,1,Friday,0,4,19.5,68.1,29.066668,69.80136,0.0,6.0,4.341056
2026-06-26 01:50:47,1,Friday,0,4,19.5,68.1,29.095001,69.71249,0.0,5.9,4.376333
2026-06-26 01:51:47,1,Friday,0,4,19.5,68.0,29.123333,69.62362,0.0,5.8,4.41161
2026-06-26 01:52:48,1,Friday,0,4,19.5,68.0,29.151667,69.53475,0.0,5.7,4.446887
2026-06-26 01:53:48,1,Friday,0,4,19.5,68.0,29.18,69.445885,0.0,5.6,4.482164
2026-06-26 01:54:48,1,Friday,0,4,19.5,67.9,29.208334,69.35702,0.0,5.5,4.517441
2026-06-26 01:55:48,1,Friday,0,4,19.5,67.8,29.236668,69.26815,0.0,5.4,4.5527177
2026-06-26 01:56:48,1,Friday,0,4,19.5,68.0,29.265,69.17928,0.0,5.3,4.587995
2026-06-26 01:57:48,1,Friday,0,4,19.4,68.0,29.293333,69.090416,0.0,5.2,4.623272
2026-06-26 01:58:48,1,Friday,0,4,19.5,68.0,29.321667,69.00155,0.0,5.1,4.658549
2026-06-26 01:59:48,1,Friday,0,4,19.5,68.0,29.35,68.91268,0.0,5.0,4.6938257
2026-06-26 02:00:48,2,Friday,0,4,19.5,68.0,29.37,68.83613,0.0016666667,5.25,4.7562118
2026-06-26 02:01:48,2,Friday,0,4,19.4,67.9,29.39,68.75958,0.0033333334,5.5,4.818598
2026-06-26 02:02:48,2,Friday,0,4,19.5,67.9,29.41,68.68303,0.005,5.75,4.880984
2026-06-26 02:03:48,2,Friday,0,4,19.4,68.0,29.43,68.606476,0.006666667,6.0,4.94337
2026-06-26 02:04:48,2,Friday,0,4,19.4,68.1,29.45,68.52992,0.008333334,6.25,5.005756
2026-06-26 02:05:48,2,Friday,0,4,19.4,68.1,29.470001,68.45338,0.01,6.5,5.068142
2026-06-26 02:06:48,2,Friday,0,4,19.4,68.2,29.49,68.37682,0.011666667,6.75,5.130528
2026-06-26 02:07:48,2,Friday,0,4,19.4,68.1,29.51,68.30027,0.013333334,7.0,5.1929145
2026-06-26 02:08:48,2,Friday,0,4,19.4,68.1,29.53,68.223724,0.015000001,7.25,5.2553005
2026-06-26 02:09:48,2,Friday,0,4,19.4,68.2,29.55,68.14717,0.016666668,7.5,5.3176866
2026-06-26 02:10:48,2,Friday,0,4,19.4,68.4,29.57,68.07062,0.018333334,7.75,5.3800726
2026-06-26 02:11:48,2,Friday,0,4,19.4,68.2,29.59,67.99407,0.02,8.0,5.4424586
2026-06-26 02:12:48,2,Friday,0,4,19.4,68.1,29.61,67.91752,0.021666666,8.25,5.5048447
2026-06-26 02:13:48,2,Friday,0,4,19.5,68.1,29.630001,67.840965,0.023333333,8.5,5.5672307
2026-06-26 02:14:48,2,Friday,0,4,19.4,68.0,29.65,67.76442,0.025,8.75,5.6296167
2026-06-26 02:15:48,2,Friday,0,4,19.5,68.0,29.67,67.68787,0.026666667,9.0,5.692003
2026-06-26 02:16:48,2,Friday,0,4,19.4,67.9,29.69,67.61131,0.028333334,9.25,5.754389
2026-06-26 02:17:48,2,Friday,0,4,19.4,68.0,29.71,67.53476,0.030000001,9.5,5.816775
2026-06-26 02:18:48,2,Friday,0,4,19.4,68.0,29.73,67.45821,0.031666666,9.75,5.879161
2026-06-26 02:19:48,2,Friday,0,4,19.4,68.2,29.75,67.38166,0.033333335,10.0,5.941547
2026-06-26 02:20:48,2,Friday,0,4,19.4,68.2,29.77,67.30511,0.035,10.25,6.003933
2026-06-26 02:21:48,2,Friday,0,4,19.5,68.1,29.79,67.22856,0.03666667,10.5,6.066319
2026-06-26 02:22:48,2,Friday,0,4,19.5,68.0,29.81,67.15201,0.038333334,10.75,6.1287055
2026-06-26 02:23:48,2,Friday,0,4,19.5,68.1,29.83,67.075455,0.04,11.0,6.1910915
2026-06-26 02:24:48,2,Friday,0,4,19.5,68.0,29.85,66.9989,0.041666668,11.25,6.2534776
2026-06-26 02:25:48,2,Friday,0,4,19.5,68.1,29.869999,66.922356,0.043333333,11.5,6.3158636
2026-06-26 02:26:48,2,Friday,0,4,19.5,67.9,29.89,66.8458,0.045,11.75,6.3782496
2026-06-26 02:27:48,2,Friday,0,4,19.5,68.0,29.91,66.76925,0.046666667,12.0,6.4406357
2026-06-26 02:28:48,2,Friday,0,4,19.5,68.0,29.93,66.6927,0.048333336,12.25,6.5030217
2026-06-26 02:29:48,2,Friday,0,4,19.5,68.1,29.95,66.61615,0.05,12.5,6.5654078
2026-06-26 02:30:48,2,Friday,0,4,19.4,67.9,29.97,66.5396,0.051666666,12.75,6.627794
2026-06-26 02:31:48,2,Friday,0,4,19.4,68.1,29.99,66.46305,0.053333335,13.0,6.69018
2026-06-26 02:32:48,2,Friday,0,4,19.4,68.1,30.01,66.3865,0.055,13.25,6.752566
2026-06-26 02:33:48,2,Friday,0,4,19.4,68.0,30.029999,66.309944,0.05666667,13.5,6.814952
2026-06-26 02:34:48,2,Friday,0,4,19.4,68.0,30.05,66.2334,0.058333334,13.75,6.877338
2026-06-26 02:35:48,2,Friday,0,4,19.4,68.1,30.07,66.156845,0.060000002,14.0,6.939724
2026-06-26 02:36:48,2,Friday,0,4,19.4,67.9,30.09,66.08029,0.061666667,14.25,7.00211
2026-06-26 02:37:48,2,Friday,0,4,19.4,68.0,30.11,66.00374,0.06333333,14.5,7.0644965
2026-06-26 02:38:48,2,Friday,0,4,19.4,68.0,30.13,65.92719,0.065,14.75,7.1268826
2026-06-26 02:39:48,2,Friday,0,4,19.4,68.1,30.15,65.85064,0.06666667,15.0,7.1892686
2026-06-26 02:40:48,2,Friday,0,4,19.4,68.2,30.17,65.774086,0.068333335,15.25,7.2516546
2026-06-26 02:41:48,2,Friday,0,4,19.4,68.1,30.189999,65.69754,0.07,15.5,7.3140407
2026-06-26 02:42:48,2,Friday,0,4,19.4,68.1,30.21,65.62099,0.071666665,15.75,7.3764267
2026-06-26 02:43:48,2,Friday,0,4,19.4,67.9,30.23,65.54443,0.07333334,16.0,7.4388127
2026-06-26 02:44:48,2,Friday,0,4,19.4,68.1,30.25,65.46788,0.075,16.25,7.501199
2026-06-26 02:45:48,2,Friday,0,4,19.4,68.1,30.27,65.391335,0.07666667,16.5,7.563585
2026-06-26 02:46:48,2,Friday,0,4,19.4,68.1,30.289999,65.31478,0.07833333,16.75,7.625971
2026-06-26 02:47:48,2,Friday,0,4,19.4,68.1,30.31,65.23823,0.08,17.0,7.688357
2026-06-26 02:48:48,2,Friday,0,4,19.4,68.0,30.33,65.16168,0.08166667,17.25,7.750743
2026-06-26 02:49:48,2,Friday,0,4,19.4,67.9,30.349998,65.08513,0.083333336,17.5,7.813129
2026-06-26 02:50:48,2,Friday,0,4,19.4,67.8,30.369999,65.008575,0.085,17.75,7.875515
2026-06-26 02:51:49,2,Friday,0,4,19.4,67.9,30.39,64.93203,0.086666666,18.0,7.937901
2026-06-26 02:52:49,2,Friday,0,4,19.4,68.0,30.41,64.85548,0.08833333,18.25,8.000287
2026-06-26 02:53:49,2,Friday,0,4,19.4,67.8,30.43,64.77892,0.09,18.5,8.062674
2026-06-26 02:54:49,2,Friday,0,4,19.4,67.9,30.449999,64.70238,0.09166667,18.75,8.125059
2026-06-26 02:55:49,2,Friday,0,4,19.4,67.8,30.47,64.625824,0.093333334,19.0,8.187446
2026-06-26 02:56:49,2,Friday,0,4,19.4,68.0,30.49,64.54927,0.095,19.25,8.249831
2026-06-26 02:57:49,2,Friday,0,4,19.3,67.9,30.509998,64.47272,0.09666667,19.5,8.312218
2026-06-26 02:58:49,2,Friday,0,4,19.3,68.2,30.529999,64.39617,0.09833334,19.75,8.374603
2026-06-26 02:59:49,2,Friday,0,4,19.3,68.1,30.55,64.31962,0.1,20.0,8.43699
2026-06-26 03:00:49,3,Friday,0,4,19.3,68.1,30.560833,64.30902,0.1,20.0,8.463514
2026-06-26 03:01:49,3,Friday,0,4,19.3,68.0,30.571667,64.29843,0.1,20.0,8.490038
2026-06-26 03:02:49,3,Friday,0,4,19.3,67.8,30.582499,64.287834,0.1,20.0,8.516562
2026-06-26 03:03:49,3,Friday,0,4,19.3,68.1,30.593332,64.277245,0.1,20.0,8.543086
2026-06-26 03:04:49,3,Friday,0,4,19.3,68.0,30.604166,64.26665,0.1,20.0,8.569611
2026-06-26 03:05:49,3,Friday,0,4,19.3,68.2,30.615,64.25606,0.1,20.0,8.596134
2026-06-26 03:06:49,3,Friday,0,4,19.3,68.1,30.625834,64.24546,0.1,20.0,8.622659
2026-06-26 03:07:49,3,Friday,0,4,19.3,68.1,30.636665,64.23487,0.1,20.0,8.649183
2026-06-26 03:08:49,3,Friday,0,4,19.3,68.2,30.6475,64.22427,0.1,20.0,8.675707
2026-06-26 03:09:49,3,Friday,0,4,19.3,68.2,30.658333,64.213684,0.1,20.0,8.702231
2026-06-26 03:10:49,3,Friday,0,4,19.3,68.2,30.669167,64.20309,0.1,20.0,8.728755
2026-06-26 03:11:49,3,Friday,0,4,19.3,68.2,30.68,64.1925,0.1,20.0,8.75528
2026-06-26 03:12:49,3,Friday,0,4,19.3,68.1,30.690832,64.1819,0.1,20.0,8.781804
2026-06-26 03:13:49,3,Friday,0,4,19.3,68.1,30.701666,64.17131,0.1,20.0,8.808328
2026-06-26 03:14:49,3,Friday,0,4,19.3,68.1,30.7125,64.16071,0.1,20.0,8.834852
2026-06-26 03:15:49,3,Friday,0,4,19.3,68.1,30.723333,64.150116,0.1,20.0,8.861376
2026-06-26 03:16:49,3,Friday,0,4,19.3,68.1,30.734167,64.13953,0.1,20.0,8.8879
2026-06-26 03:17:49,3,Friday,0,4,19.3,68.2,30.744999,64.12893,0.1,20.0,8.914425
2026-06-26 03:18:49,3,Friday,0,4,19.3,68.2,30.755833,64.11834,0.1,20.0,8.9409485
2026-06-26 03:19:49,3,Friday,0,4,19.3,68.1,30.766666,64.10774,0.1,20.0,8.967473
2026-06-26 03:20:49,3,Friday,0,4,19.3,68.1,30.7775,64.09715,0.1,20.0,8.993997
2026-06-26 03:21:49,3,Friday,0,4,19.3,68.1,30.788334,64.086555,0.1,20.0,9.020521
2026-06-26 03:22:49,3,Friday,0,4,19.3,68.0,30.799166,64.075966,0.1,20.0,9.047045
2026-06-26 03:23:49,3,Friday,0,4,19.3,68.0,30.81,64.06537,0.1,20.0,9.073569
2026-06-26 03:24:49,3,Friday,0,4,19.3,68.0,30.820833,64.05478,0.1,20.0,9.100094
2026-06-26 03:25:49,3,Friday,0,4,19.3,68.1,30.831667,64.04418,0.1,20.0,9.126617
2026-06-26 03:26:49,3,Friday,0,4,19.3,67.8,30.8425,64.03359,0.1,20.0,9.153142
2026-06-26 03:27:49,3,Friday,0,4,19.3,68.0,30.853333,64.022995,0.1,20.0,9.179666
2026-06-26 03:28:49,3,Friday,0,4,19.3,67.7,30.864166,64.012405,0.1,20.0,9.20619
2026-06-26 03:29:49,3,Friday,0,4,19.3,67.8,30.875,64.00181,0.1,20.0,9.232714
2026-06-26 03:30:49,3,Friday,0,4,19.3,67.9,30.885834,63.991215,0.1,20.0,9.259238
2026-06-26 03:31:49,3,Friday,0,4,19.2,67.8,30.896667,63.98062,0.1,20.0,9.285763
2026-06-26 03:32:49,3,Friday,0,4,19.2,67.9,30.9075,63.970028,0.1,20.0,9.312286
2026-06-26 03:33:49,3,Friday,0,4,19.2,67.8,30.918333,63.959435,0.1,20.0,9.338811
2026-06-26 03:34:49,3,Friday,0,4,19.3,68.0,30.929167,63.94884,0.1,20.0,9.3653345
2026-06-26 03:35:49,3,Friday,0,4,19.3,67.9,30.94,63.938248,0.1,20.0,9.391859
2026-06-26 03:36:49,3,Friday,0,4,19.2,67.9,30.950834,63.927654,0.1,20.0,9.418384
2026-06-26 03:37:49,3,Friday,0,4,19.2,67.9,30.961666,63.917057,0.1,20.0,9.444907
2026-06-26 03:38:49,3,Friday,0,4,19.2,67.8,30.9725,63.906464,0.1,20.0,9.471432
2026-06-26 03:39:49,3,Friday,0,4,19.2,67.8,30.983334,63.89587,0.1,20.0,9.497955
2026-06-26 03:40:49,3,Friday,0,4,19.2,67.7,30.994167,63.885277,0.1,20.0,9.52448
2026-06-26 03:41:49,3,Friday,0,4,19.2,67.7,31.005001,63.874683,0.1,20.0,9.551004
2026-06-26 03:42:49,3,Friday,0,4,19.2,67.8,31.015833,63.86409,0.1,20.0,9.577528
2026-06-26 03:43:49,3,Friday,0,4,19.2,67.8,31.026667,63.853497,0.1,20.0,9.604053
2026-06-26 03:44:49,3,Friday,0,4,19.2,67.8,31.0375,63.842903,0.1,20.0,9.630576
2026-06-26 03:45:49,3,Friday,0,4,19.2,67.8,31.048334,63.83231,0.1,20.0,9.657101
2026-06-26 03:46:49,3,Friday,0,4,19.2,67.8,31.059168,63.821716,0.1,20.0,9.683624
2026-06-26 03:47:49,3,Friday,0,4,19.2,67.8,31.07,63.811123,0.1,20.0,9.710149
2026-06-26 03:48:49,3,Friday,0,4,19.2,67.8,31.080833,63.80053,0.1,20.0,9.736673
2026-06-26 03:49:49,3,Friday,0,4,19.2,67.8,31.091667,63.789936,0.1,20.0,9.763197
2026-06-26 03:50:49,3,Friday,0,4,19.2,67.8,31.1025,63.779343,0.1,20.0,9.7897215
2026-06-26 03:51:50,3,Friday,0,4,19.2,67.6,31.113335,63.76875,0.1,20.0,9.816245
2026-06-26 03:52:50,3,Friday,0,4,19.2,67.8,31.124166,63.758152,0.1,20.0,9.84277
2026-06-26 03:53:50,3,Friday,0,4,19.2,67.8,31.135,63.74756,0.1,20.0,9.869293
2026-06-26 03:54:50,3,Friday,0,4,19.2,67.7,31.145834,63.736965,0.1,20.0,9.895818
2026-06-26 03:55:50,3,Friday,0,4,19.1,67.8,31.156668,63.72637,0.1,20.0,9.922342
2026-06-26 03:56:50,3,Friday,0,4,19.1,67.8,31.167501,63.71578,0.1,20.0,9.948866
2026-06-26 03:57:50,3,Friday,0,4,19.2,67.7,31.178333,63.705185,0.1,20.0,9.97539
2026-06-26 03:58:50,3,Friday,0,4,19.1,67.6,31.189167,63.69459,0.1,20.0,10.001914
2026-06-26 03:59:50,3,Friday,0,4,19.1,67.6,31.2,63.684,0.1,20.0,10.028439
2026-06-26 04:00:50,4,Friday,0,4,19.1,67.6,31.150002,63.94235,0.15333334,20.3,9.953129
2026-06-26 04:01:50,4,Friday,0,4,19.1,67.7,31.1,64.2007,0.20666666,20.6,9.87782
2026-06-26 04:02:50,4,Friday,0,4,19.1,67.7,31.050001,64.45905,0.26,20.9,9.802511
2026-06-26 04:03:50,4,Friday,0,4,19.1,67.7,31.0,64.71741,0.31333333,21.2,9.727201
2026-06-26 04:04:50,4,Friday,0,4,19.1,67.6,30.95,64.97575,0.36666667,21.5,9.651892
2026-06-26 04:05:50,4,Friday,0,4,19.1,67.5,30.900002,65.23411,0.42,21.8,9.576583
2026-06-26 04:06:50,4,Friday,0,4,19.1,67.6,30.85,65.49246,0.47333333,22.1,9.501274
2026-06-26 04:07:50,4,Friday,0,4,19.1,67.5,30.800001,65.75081,0.52666664,22.4,9.425964
2026-06-26 04:08:50,4,Friday,0,4,19.0,67.6,30.75,66.00916,0.58,22.7,9.350655
2026-06-26 04:09:50,4,Friday,0,4,19.0,67.6,30.7,66.26752,0.6333333,23.0,9.275346
2026-06-26 04:10:50,4,Friday,0,4,19.0,67.6,30.650002,66.52586,0.68666667,23.3,9.200037
2026-06-26 04:11:50,4,Friday,0,4,19.0,67.7,30.6,66.78422,0.74,23.6,9.124727
2026-06-26 04:12:50,4,Friday,0,4,19.1,67.7,30.550001,67.04257,0.79333335,23.9,9.0494175
2026-06-26 04:13:50,4,Friday,0,4,19.1,67.5,30.5,67.30092,0.84666663,24.2,8.974109
2026-06-26 04:14:50,4,Friday,0,4,19.1,67.5,30.45,67.55927,0.9,24.5,8.8988
2026-06-26 04:15:50,4,Friday,0,4,19.0,67.4,30.400002,67.81763,0.9533333,24.8,8.82349
2026-06-26 04:16:50,4,Friday,0,4,19.1,67.7,30.35,68.07597,1.0066667,25.1,8.74818
2026-06-26 04:17:50,4,Friday,0,4,19.1,67.7,30.300001,68.33433,1.06,25.4,8.672872
2026-06-26 04:18:50,4,Friday,0,4,19.0,67.7,30.25,68.59268,1.1133333,25.7,8.597563
2026-06-26 04:19:50,4,Friday,0,4,19.1,67.7,30.2,68.85103,1.1666666,26.0,8.522253
2026-06-26 04:20:50,4,Friday,0,4,19.1,67.7,30.150002,69.10938,1.22,26.3,8.446943
2026-06-26 04:21:50,4,Friday,0,4,19.1,67.7,30.1,69.36774,1.2733333,26.6,8.3716345
2026-06-26 04:22:50,4,Friday,0,4,19.1,67.6,30.050001,69.62608,1.3266666,26.9,8.296326
2026-06-26 04:23:50,4,Friday,0,4,19.1,67.6,30.0,69.88444,1.38,27.2,8.221016
2026-06-26 04:24:50,4,Friday,0,4,19.1,67.8,29.95,70.14279,1.4333333,27.5,8.145706
2026-06-26 04:25:50,4,Friday,0,4,19.1,67.8,29.900002,70.40114,1.4866667,27.8,8.070397
2026-06-26 04:26:50,4,Friday,0,4,19.1,67.8,29.85,70.65949,1.54,28.1,7.995088
2026-06-26 04:27:50,4,Friday,0,4,19.1,67.9,29.800001,70.91785,1.5933334,28.4,7.919779
2026-06-26 04:28:50,4,Friday,0,4,19.1,67.8,29.75,71.17619,1.6466666,28.7,7.8444695
2026-06-26 04:29:50,4,Friday,0,4,19.1,67.6,29.7,71.43455,1.6999999,29.0,7.7691603
2026-06-26 04:30:50,4,Friday,0,4,19.1,67.6,29.650002,71.6929,1.7533333,29.3,7.693851
2026-06-26 04:31:50,4,Friday,0,4,19.1,67.6,29.6,71.95125,1.8066666,29.6,7.6185417
2026-06-26 04:32:50,4,Friday,0,4,19.1,67.6,29.550001,72.2096,1.86,29.9,7.5432324
2026-06-26 04:33:50,4,Friday,0,4,19.1,67.5,29.5,72.46796,1.9133333,30.2,7.467923
2026-06-26 04:34:50,4,Friday,0,4,19.1,67.6,29.45,72.7263,1.9666667,30.5,7.392614
2026-06-26 04:35:50,4,Friday,0,4,19.1,67.5,29.400002,72.98466,2.02,30.8,7.3173046
2026-06-26 04:36:50,4,Friday,0,4,19.1,67.6,29.35,73.24301,2.0733333,31.1,7.2419953
2026-06-26 04:37:50,4,Friday,0,4,19.0,67.7,29.300001,73.50136,2.1266665,31.4,7.166686
2026-06-26 04:38:50,4,Friday,0,4,19.0,67.9,29.25,73.75971,2.18,31.7,7.091377
2026-06-26 04:39:50,4,Friday,0,4,19.0,67.8,29.2,74.01807,2.2333333,32.0,7.0160675
2026-06-26 04:40:50,4,Friday,0,4,19.0,67.7,29.150002,74.27641,2.2866666,32.3,6.940758
2026-06-26 04:41:50,4,Friday,0,4,19.0,67.7,29.1,74.53477,2.34,32.6,6.865449
2026-06-26 04:42:50,4,Friday,0,4,19.0,67.6,29.050001,74.79312,2.3933332,32.9,6.7901397
2026-06-26 04:43:50,4,Friday,0,4,19.0,67.7,29.0,75.05147,2.4466667,33.2,6.7148304
2026-06-26 04:44:50,4,Friday,0,4,19.0,67.7,28.95,75.30982,2.5,33.5,6.639521
2026-06-26 04:45:50,4,Friday,0,4,19.0,67.8,28.900002,75.56818,2.5533333,33.8,6.564212
2026-06-26 04:46:50,4,Friday,0,4,19.0,67.9,28.85,75.82652,2.6066666,34.1,6.4889026
2026-06-26 04:47:50,4,Friday,0,4,19.0,67.8,28.800001,76.08488,2.6599998,34.4,6.4135933
2026-06-26 04:48:50,4,Friday,0,4,19.0,67.8,28.75,76.34323,2.7133334,34.7,6.338284
2026-06-26 04:49:50,4,Friday,0,4,19.0,67.9,28.7,76.60158,2.7666667,35.0,6.2629747
2026-06-26 04:50:51,4,Friday,0,4,19.0,67.7,28.650002,76.85993,2.82,35.3,6.1876655
2026-06-26 04:51:51,4,Friday,0,4,19.0,67.8,28.6,77.118286,2.8733332,35.6,6.112356
2026-06-26 04:52:51,4,Friday,0,4,19.0,67.8,28.550001,77.37663,2.9266667,35.9,6.037047
2026-06-26 04:53:51,4,Friday,0,4,19.0,67.8,28.5,77.63499,2.98,36.2,5.9617376
2026-06-26 04:54:51,4,Friday,0,4,19.0,67.8,28.45,77.89334,3.0333333,36.5,5.8864284
2026-06-26 04:55:51,4,Friday,0,4,19.0,67.8,28.400002,78.15169,3.0866666,36.8,5.811119
2026-06-26 04:56:51,4,Friday,0,4,19.0,67.8,28.35,78.41004,3.1399999,37.1,5.73581
2026-06-26 04:57:51,4,Friday,0,4,19.0,67.7,28.300001,78.668396,3.1933334,37.4,5.6605005
2026-06-26 04:58:51,4,Friday,0,4,19.0,67.7,28.25,78.92674,3.2466667,37.7,5.5851912
2026-06-26 04:59:51,4,Friday,0,4,19.0,67.7,28.2,79.1851,3.3,38.0,5.509882
2026-06-26 05:00:51,5,Friday,0,4,19.0,67.7,28.26,78.83092,3.2566667,37.866665,5.5833774
2026-06-26 05:01:51,5,Friday,0,4,19.0,67.7,28.320002,78.47674,3.2133334,37.733334,5.656873
2026-06-26 05:02:51,5,Friday,0,4,19.0,67.6,28.380001,78.12257,3.1699998,37.6,5.7303686
2026-06-26 05:03:51,5,Friday,0,4,19.0,67.8,28.44,77.76839,3.1266665,37.466667,5.8038645
2026-06-26 05:04:51,5,Friday,0,4,19.0,67.8,28.5,77.41421,3.0833333,37.333332,5.87736
2026-06-26 05:05:51,5,Friday,0,4,19.0,67.6,28.560001,77.06003,3.04,37.2,5.9508557
2026-06-26 05:06:51,5,Friday,0,4,19.0,67.6,28.62,76.70586,2.9966667,37.066666,6.024351
2026-06-26 05:07:51,5,Friday,0,4,19.0,67.7,28.68,76.35168,2.9533334,36.933334,6.0978465
2026-06-26 05:08:51,5,Friday,0,4,19.0,67.7,28.74,75.9975,2.9099998,36.8,6.1713424
2026-06-26 05:09:51,5,Friday,0,4,19.0,67.8,28.800001,75.64332,2.8666666,36.666668,6.2448378
2026-06-26 05:10:51,5,Friday,0,4,19.0,67.7,28.86,75.28914,2.8233333,36.533333,6.3183336
2026-06-26 05:11:51,5,Friday,0,4,18.9,67.7,28.92,74.93497,2.78,36.4,6.391829
2026-06-26 05:12:51,5,Friday,0,4,18.9,67.7,28.98,74.58079,2.7366667,36.266666,6.465325
2026-06-26 05:13:51,5,Friday,0,4,18.9,67.8,29.04,74.22661,2.6933334,36.133335,6.5388203
2026-06-26 05:14:51,5,Friday,0,4,18.9,67.7,29.1,73.87243,2.6499999,36.0,6.612316
2026-06-26 05:15:51,5,Friday,0,4,18.9,67.7,29.16,73.51826,2.6066666,35.866665,6.6858115
2026-06-26 05:16:51,5,Friday,0,4,18.9,67.7,29.220001,73.16408,2.5633333,35.733334,6.759307
2026-06-26 05:17:51,5,Friday,0,4,18.9,67.7,29.28,72.8099,2.52,35.6,6.832803
2026-06-26 05:18:51,5,Friday,0,4,18.9,67.5,29.34,72.45572,2.4766667,35.466667,6.906298
2026-06-26 05:19:51,5,Friday,0,4,18.9,67.7,29.4,72.10155,2.4333334,35.333332,6.979794
2026-06-26 05:20:51,5,Friday,0,4,18.9,67.8,29.460001,71.74737,2.3899999,35.2,7.0532894
2026-06-26 05:21:51,5,Friday,0,4,18.9,67.6,29.52,71.39319,2.3466666,35.066666,7.1267853
2026-06-26 05:22:51,5,Friday,0,4,18.9,67.7,29.58,71.03901,2.3033333,34.933334,7.2002807
2026-06-26 05:23:51,5,Friday,0,4,18.9,67.7,29.64,70.68483,2.26,34.8,7.273776
2026-06-26 05:24:51,5,Friday,0,4,18.9,67.6,29.7,70.33066,2.2166667,34.666668,7.347272
2026-06-26 05:25:51,5,Friday,0,4,18.9,67.6,29.76,69.97648,2.1733334,34.533333,7.4207673
2026-06-26 05:26:51,5,Friday,0,4,18.9,67.7,29.82,69.6223,2.1299999,34.4,7.494263
2026-06-26 05:27:51,5,Friday,0,4,18.9,67.6,29.88,69.26812,2.0866666,34.266666,7.5677586
2026-06-26 05:28:51,5,Friday,0,4,18.9,67.6,29.94,68.91395,2.0433333,34.133335,7.6412544
2026-06-26 05:29:51,5,Friday,0,4,18.8,67.8,30.0,68.55977,2.0,34.0,7.71475
2026-06-26 05:30:51,5,Friday,0,4,18.8,67.8,30.06,68.20559,1.9566666,33.866665,7.788245
2026-06-26 05:31:51,5,Friday,0,4,18.8,67.7,30.12,67.85141,1.9133333,33.733334,7.861741
2026-06-26 05:32:51,5,Friday,0,4,18.9,67.9,30.18,67.49723,1.87,33.6,7.9352365
2026-06-26 05:33:51,5,Friday,0,4,18.8,67.9,30.24,67.14306,1.8266666,33.466667,8.008732
2026-06-26 05:34:51,5,Friday,0,4,18.8,67.9,30.3,66.78888,1.7833333,33.333332,8.082228
2026-06-26 05:35:51,5,Friday,0,4,18.8,68.0,30.36,66.4347,1.74,33.2,8.155724
2026-06-26 05:36:51,5,Friday,0,4,18.9,67.8,30.42,66.08052,1.6966666,33.066666,8.229219
2026-06-26 05:37:51,5,Friday,0,4,18.9,67.7,30.48,65.72635,1.6533333,32.933334,8.302714
2026-06-26 05:38:51,5,Friday,0,4,18.8,67.8,30.539999,65.37217,1.61,32.8,8.37621
2026-06-26 05:39:51,5,Friday,0,4,18.8,67.8,30.6,65.01799,1.5666666,32.666668,8.449706
2026-06-26 05:40:51,5,Friday,0,4,18.8,67.8,30.66,64.66381,1.5233333,32.533333,8.523201
2026-06-26 05:41:51,5,Friday,0,4,18.8,67.7,30.72,64.30963,1.48,32.4,8.596697
2026-06-26 05:42:51,5,Friday,0,4,18.8,67.9,30.779999,63.955456,1.4366666,32.266666,8.670193
2026-06-26 05:43:51,5,Friday,0,4,18.8,67.7,30.84,63.60128,1.3933333,32.133335,8.743689
2026-06-26 05:44:51,5,Friday,0,4,18.8,67.7,30.9,63.2471,1.35,32.0,8.8171835
2026-06-26 05:45:51,5,Friday,0,4,18.8,67.9,30.96,62.892925,1.3066666,31.866667,8.890679
2026-06-26 05:46:51,5,Friday,0,4,18.8,67.6,31.02,62.538746,1.2633333,31.733334,8.964175
2026-06-26 05:47:51,5,Friday,0,4,18.8,67.9,31.08,62.18457,1.22,31.6,9.03767
2026-06-26 05:48:51,5,Friday,0,4,18.8,67.8,31.14,61.83039,1.1766666,31.466667,9.111166
2026-06-26 05:49:51,5,Friday,0,4,18.8,67.8,31.199999,61.47621,1.1333333,31.333334,9.184662
2026-06-26 05:50:52,5,Friday,0,4,18.8,67.7,31.26,61.122036,1.09,31.2,9.258158
2026-06-26 05:51:52,5,Friday,0,4,18.8,67.7,31.32,60.767857,1.0466666,31.066668,9.331653
2026-06-26 05:52:52,5,Friday,0,4,18.8,67.7,31.38,60.41368,1.0033333,30.933332,9.4051485
2026-06-26 05:53:52,5,Friday,0,4,18.8,67.7,31.439999,60.0595,0.96,30.8,9.478644
2026-06-26 05:54:52,5,Friday,0,4,18.8,67.6,31.5,59.705326,0.9166666,30.666666,9.552139
2026-06-26 05:55:52,5,Friday,0,4,18.8,67.6,31.56,59.351147,0.87333333,30.533333,9.625635
2026-06-26 05:56:52,5,Friday,0,4,18.9,67.4,31.619999,58.99697,0.83,30.4,9.699131
2026-06-26 05:57:52,5,Friday,0,4,18.8,67.4,31.679998,58.64279,0.78666663,30.266666,9.772627
2026-06-26 05:58:52,5,Friday,0,4,18.8,67.4,31.74,58.288616,0.74333334,30.133333,9.846122
2026-06-26 05:59:52,5,Friday,0,4,18.8,67.4,31.8,57.934437,0.7,30.0,9.919618
2026-06-26 06:00:52,6,Friday,0,4,18.8,67.5,31.799166,57.97304,0.69166666,30.05,9.923598
2026-06-26 06:01:52,6,Friday,0,4,18.9,70.5,31.798332,58.01165,0.68333334,30.1,9.927579
2026-06-26 06:02:52,6,Friday,0,4,19.1,72.5,31.797499,58.050255,0.675,30.15,9.931559
2026-06-26 06:03:52,6,Friday,0,4,19.3,74.1,31.796665,58.08886,0.6666666,30.2,9.935539
2026-06-26 06:04:52,6,Friday,0,4,19.4,73.5,31.795834,58.127464,0.6583333,30.25,9.93952
2026-06-26 06:05:52,6,Friday,0,4,19.5,72.6,31.795,58.166073,0.65,30.3,9.9435005
2026-06-26 06:06:52,6,Friday,0,4,19.5,71.9,31.794167,58.204678,0.64166665,30.35,9.947481
2026-06-26 06:07:52,6,Friday,0,4,19.4,71.2,31.793333,58.243282,0.6333333,30.4,9.951461
2026-06-26 06:08:52,6,Friday,0,4,19.4,70.8,31.7925,58.28189,0.625,30.45,9.955441
2026-06-26 06:09:52,6,Friday,0,4,19.3,70.3,31.791666,58.320496,0.6166667,30.5,9.959422
2026-06-26 06:10:52,6,Friday,0,4,19.3,70.1,31.790833,58.3591,0.60833335,30.55,9.963403
2026-06-26 06:11:52,6,Friday,0,4,19.2,69.9,31.789999,58.39771,0.59999996,30.6,9.967383
2026-06-26 06:12:52,6,Friday,0,4,19.2,69.4,31.789165,58.436314,0.59166664,30.65,9.971363
2026-06-26 06:13:52,6,Friday,0,4,19.2,69.3,31.788332,58.47492,0.5833333,30.7,9.975344
2026-06-26 06:14:52,6,Friday,0,4,19.1,69.1,31.787498,58.513527,0.575,30.75,9.979324
2026-06-26 06:15:52,6,Friday,0,4,19.1,69.0,31.786667,58.55213,0.56666666,30.8,9.983305
2026-06-26 06:16:52,6,Friday,0,4,19.1,68.8,31.785833,58.590736,0.55833334,30.85,9.987286
2026-06-26 06:17:52,6,Friday,0,4,19.0,68.9,31.785,58.62934,0.55,30.9,9.991265
2026-06-26 06:18:52,6,Friday,0,4,19.0,68.7,31.784166,58.66795,0.5416667,30.95,9.995246
2026-06-26 06:19:52,6,Friday,0,4,19.0,68.6,31.783333,58.706554,0.5333333,31.0,9.999227
2026-06-26 06:20:52,6,Friday,0,4,19.0,68.5,31.7825,58.74516,0.525,31.05,10.003207
2026-06-26 06:21:52,6,Friday,0,4,19.0,68.3,31.781666,58.783768,0.51666665,31.1,10.007188
2026-06-26 06:22:52,6,Friday,0,4,19.0,68.3,31.780832,58.822372,0.5083333,31.15,10.011168
2026-06-26 06:23:52,6,Friday,0,4,18.9,68.2,31.779999,58.860977,0.5,31.2,10.015148
2026-06-26 06:24:52,6,Friday,0,4,18.9,68.1,31.779167,58.899582,0.49166667,31.25,10.019129
2026-06-26 06:25:52,6,Friday,0,4,18.9,68.2,31.778334,58.93819,0.48333332,31.3,10.023109
2026-06-26 06:26:52,6,Friday,0,4,18.9,68.1,31.7775,58.976795,0.475,31.35,10.02709
2026-06-26 06:27:52,6,Friday,0,4,18.9,68.2,31.776667,59.0154,0.46666667,31.4,10.03107
2026-06-26 06:28:52,6,Friday,0,4,18.9,68.0,31.775833,59.05401,0.45833334,31.45,10.03505
2026-06-26 06:29:52,6,Friday,0,4,18.9,67.9,31.775,59.092613,0.45,31.5,10.039031
2026-06-26 06:30:52,6,Friday,0,4,18.9,67.9,31.774166,59.131218,0.44166666,31.55,10.043012
2026-06-26 06:31:52,6,Friday,0,4,18.9,67.9,31.773333,59.169827,0.43333334,31.6,10.046992
2026-06-26 06:32:52,6,Friday,0,4,18.8,67.9,31.7725,59.20843,0.42499998,31.65,10.050972
2026-06-26 06:33:52,6,Friday,0,4,18.8,67.8,31.771666,59.247036,0.41666666,31.7,10.054953
2026-06-26 06:34:52,6,Friday,0,4,18.8,67.8,31.770832,59.285645,0.40833333,31.75,10.058933
2026-06-26 06:35:52,6,Friday,0,4,18.8,67.7,31.77,59.32425,0.4,31.8,10.062914
2026-06-26 06:36:52,6,Friday,0,4,18.8,67.7,31.769167,59.362854,0.39166665,31.85,10.066895
2026-06-26 06:37:52,6,Friday,0,4,18.8,67.6,31.768333,59.40146,0.38333333,31.9,10.070874
2026-06-26 06:38:52,6,Friday,0,4,18.8,67.8,31.7675,59.440067,0.375,31.95,10.074855
2026-06-26 06:39:52,6,Friday,0,4,18.7,67.7,31.766666,59.478672,0.36666667,32.0,10.0788355
2026-06-26 06:40:52,6,Friday,0,4,18.7,67.8,31.765833,59.517277,0.35833332,32.05,10.082816
2026-06-26 06:41:52,6,Friday,0,4,18.7,67.7,31.765,59.555885,0.35,32.1,10.086797
2026-06-26 06:42:52,6,Friday,0,4,18.8,67.7,31.764166,59.59449,0.34166667,32.15,10.090776
2026-06-26 06:43:52,6,Friday,0,4,18.7,67.7,31.763332,59.633095,0.33333334,32.2,10.094757
2026-06-26 06:44:52,6,Friday,0,4,18.8,67.7,31.7625,59.6717,0.325,32.25,10.098738
2026-06-26 06:45:52,6,Friday,0,4,18.7,67.7,31.761667,59.710308,0.31666666,32.3,10.102718
2026-06-26 06:46:52,6,Friday,0,4,18.7,67.5,31.760834,59.748913,0.30833334,32.35,10.106699
2026-06-26 06:47:52,6,Friday,0,4,18.7,67.6,31.76,59.787518,0.3,32.4,10.110679
2026-06-26 06:48:52,6,Friday,0,4,18.7,67.5,31.759167,59.826126,0.29166666,32.45,10.114659
2026-06-26 06:49:52,6,Friday,0,4,18.7,67.5,31.758333,59.86473,0.28333333,32.5,10.11864
2026-06-26 06:50:53,6,Friday,0,4,18.7,67.5,31.7575,59.903336,0.275,32.55,10.122621
2026-06-26 06:51:53,6,Friday,0,4,18.7,67.4,31.756666,59.941944,0.26666668,32.6,10.126601
2026-06-26 06:52:53,6,Friday,0,4,18.7,67.5,31.755833,59.98055,0.25833333,32.65,10.130581
2026-06-26 06:53:53,6,Friday,0,4,18.7,67.6,31.755,60.019154,0.25,32.7,10.134562
2026-06-26 06:54:53,6,Friday,0,4,18.7,67.5,31.754166,60.057762,0.24166667,32.75,10.138542
2026-06-26 06:55:53,6,Friday,0,4,18.7,67.4,31.753334,60.096367,0.23333333,32.8,10.142523
2026-06-26 06:56:53,6,Friday,0,4,18.7,67.4,31.7525,60.13497,0.22500001,32.85,10.146503
2026-06-26 06:57:53,6,Friday,0,4,18.7,67.5,31.751667,60.173576,0.21666667,32.9,10.150483
2026-06-26 06:58:53,6,Friday,0,4,18.7,67.5,31.750834,60.212185,0.20833334,32.95,10.154464
2026-06-26 06:59:53,6,Friday,0,4,18.6,67.5,31.75,60.25079,0.2,33.0,10.158444
2026-06-26 07:00:53,7,Friday,0,4,18.6,67.7,31.74,60.285637,0.24,33.566666,10.167378
2026-06-26 07:01:53,7,Friday,0,4,18.6,67.7,31.73,60.32048,0.28,34.133335,10.176312
2026-06-26 07:02:53,7,Friday,0,4,18.6,67.8,31.72,60.355328,0.32,34.7,10.185246
2026-06-26 07:03:53,7,Friday,0,4,18.6,67.6,31.71,60.39017,0.35999998,35.266666,10.1941805
2026-06-26 07:04:53,7,Friday,0,4,18.6,67.6,31.7,60.42502,0.4,35.833332,10.2031145
2026-06-26 07:05:53,7,Friday,0,4,18.6,67.6,31.69,60.45986,0.44,36.4,10.212049
2026-06-26 07:06:53,7,Friday,0,4,18.6,67.6,31.68,60.49471,0.48,36.966667,10.220983
2026-06-26 07:07:53,7,Friday,0,4,18.6,67.6,31.67,60.529552,0.52,37.533333,10.229917
2026-06-26 07:08:53,7,Friday,0,4,18.6,67.6,31.66,60.5644,0.56,38.1,10.238851
2026-06-26 07:09:53,7,Friday,0,4,18.6,67.6,31.65,60.599243,0.59999996,38.666668,10.247785
2026-06-26 07:10:53,7,Friday,0,4,18.6,67.5,31.64,60.63409,0.64,39.233334,10.256719
2026-06-26 07:11:53,7,Friday,0,4,18.6,67.6,31.63,60.668938,0.68,39.8,10.265653
2026-06-26 07:12:53,7,Friday,0,4,18.7,70.7,31.62,60.70378,0.71999997,40.366665,10.274587
2026-06-26 07:13:53,7,Friday,0,4,18.9,73.0,31.61,60.73863,0.76,40.933334,10.283521
2026-06-26 07:14:53,7,Friday,0,4,19.1,74.3,31.6,60.77347,0.79999995,41.5,10.292455
2026-06-26 07:15:53,7,Friday,0,4,19.2,73.6,31.59,60.80832,0.84,42.066666,10.301389
2026-06-26 07:16:53,7,Friday,0,4,19.3,72.5,31.58,60.843163,0.88,42.633335,10.310323
2026-06-26 07:17:53,7,Friday,0,4,19.3,71.5,31.57,60.87801,0.91999996,43.2,10.319257
2026-06-26 07:18:53,7,Friday,0,4,19.3,71.1,31.56,60.912853,0.96,43.766666,10.328191
2026-06-26 07:19:53,7,Friday,0,4,19.2,70.6,31.55,60.9477,1.0,44.333332,10.337125
2026-06-26 07:20:53,7,Friday,0,4,19.1,70.4,31.539999,60.982548,1.04,44.9,10.346059
2026-06-26 07:21:53,7,Friday,0,4,19.1,70.1,31.53,61.01739,1.0799999,45.466667,10.354993
2026-06-26 07:22:53,7,Friday,0,4,19.1,69.8,31.52,61.05224,1.12,46.033333,10.363927
2026-06-26 07:23:53,7,Friday,0,4,19.1,69.7,31.51,61.087082,1.16,46.6,10.372861
2026-06-26 07:24:53,7,Friday,0,4,19.0,69.3,31.5,61.12193,1.1999999,47.166668,10.381795
2026-06-26 07:25:53,7,Friday,0,4,19.0,69.2,31.49,61.156773,1.24,47.733334,10.390729
2026-06-26 07:26:53,7,Friday,0,4,18.9,69.1,31.48,61.19162,1.28,48.3,10.399663
2026-06-26 07:27:53,7,Friday,0,4,18.9,69.0,31.47,61.226463,1.3199999,48.866665,10.408597
2026-06-26 07:28:53,7,Friday,0,4,18.9,69.0,31.46,61.26131,1.36,49.433334,10.417531
2026-06-26 07:29:53,7,Friday,0,4,18.9,68.7,31.45,61.296158,1.4,50.0,10.426464
2026-06-26 07:30:53,7,Friday,0,4,18.9,69.4,31.44,61.331,1.4399999,50.566666,10.435398
2026-06-26 07:31:53,7,Friday,0,4,19.1,69.5,31.43,61.36585,1.4799999,51.133335,10.444332
2026-06-26 07:32:53,7,Friday,0,4,19.3,70.0,31.42,61.400692,1.52,51.7,10.453266
2026-06-26 07:33:53,7,Friday,0,4,19.5,71.6,31.41,61.43554,1.56,52.266666,10.4622
2026-06-26 07:34:53,7,Friday,0,4,19.7,73.5,31.4,61.470383,1.5999999,52.833332,10.471134
2026-06-26 07:35:53,7,Friday,0,4,20.0,77.0,31.39,61.50523,1.64,53.4,10.480068
2026-06-26 07:36:53,7,Friday,0,4,20.2,78.8,31.38,61.540073,1.68,53.966667,10.489002
2026-06-26 07:37:53,7,Friday,0,4,20.3,80.5,31.369999,61.57492,1.7199999,54.533333,10.497936
2026-06-26 07:38:53,7,Friday,0,4,20.5,82.0,31.36,61.609764,1.76,55.1,10.50687
2026-06-26 07:39:53,7,Friday,0,4,20.7,82.8,31.35,61.64461,1.8,55.666668,10.515804
2026-06-26 07:40:53,7,Friday,0,4,20.9,83.6,31.34,61.67946,1.8399999,56.233334,10.524738
2026-06-26 07:41:53,7,Friday,0,4,21.0,83.7,31.33,61.714302,1.8799999,56.8,10.533672
2026-06-26 07:42:53,7,Friday,0,4,21.1,83.8,31.32,61.74915,1.92,57.366665,10.542606
2026-06-26 07:43:53,7,Friday,0,4,21.2,83.9,31.31,61.783993,1.9599999,57.933334,10.55154
2026-06-26 07:44:53,7,Friday,0,4,21.3,84.4,31.3,61.81884,1.9999999,58.5,10.560474
2026-06-26 07:45:53,7,Friday,0,4,21.4,84.4,31.289999,61.853683,2.04,59.066666,10.569408
2026-06-26 07:46:53,7,Friday,0,4,21.4,84.5,31.279999,61.88853,2.08,59.633335,10.578342
2026-06-26 07:47:53,7,Friday,0,4,21.5,84.4,31.27,61.923374,2.12,60.2,10.587276
2026-06-26 07:48:53,7,Friday,0,4,21.6,84.6,31.26,61.95822,2.1599998,60.766666,10.5962105
2026-06-26 07:49:54,7,Friday,0,4,21.7,84.7,31.25,61.993065,2.1999998,61.333332,10.6051445
2026-06-26 07:50:54,7,Friday,0,4,21.8,84.4,31.24,62.027912,2.24,61.9,10.6140785
2026-06-26 07:51:54,7,Friday,0,4,21.9,84.4,31.23,62.06276,2.28,62.466667,10.623013
2026-06-26 07:52:54,7,Friday,0,4,22.1,84.4,31.22,62.097603,2.32,63.033333,10.631947
2026-06-26 07:53:54,7,Friday,0,4,22.2,84.0,31.21,62.13245,2.36,63.6,10.640881
2026-06-26 07:54:54,7,Friday,0,4,22.3,83.8,31.199999,62.167294,2.3999999,64.166664,10.649815
2026-06-26 07:55:54,7,Friday,0,4,22.4,83.7,31.19,62.20214,2.4399998,64.73333,10.658749
2026-06-26 07:56:54,7,Friday,0,4,22.5,83.4,31.18,62.236984,2.48,65.3,10.667683
2026-06-26 07:57:54,7,Friday,0,4,22.5,83.2,31.17,62.27183,2.52,65.86667,10.676617
2026-06-26 07:58:54,7,Friday,0,4,22.6,83.1,31.16,62.306675,2.56,66.433334,10.685551
2026-06-26 07:59:54,7,Friday,0,4,22.6,83.2,31.15,62.341522,2.6,67.0,10.694485
2026-06-26 08:00:54,8,Friday,0,4,22.7,83.0,31.135834,62.376865,2.5916665,67.11667,10.641419
2026-06-26 08:01:54,8,Friday,0,4,22.8,83.0,31.121666,62.412205,2.5833333,67.23333,10.588354
2026-06-26 08:02:54,8,Friday,0,4,22.8,83.3,31.1075,62.447548,2.5749998,67.35,10.535288
2026-06-26 08:03:54,8,Friday,0,4,22.9,83.3,31.093332,62.482887,2.5666666,67.46667,10.482223
2026-06-26 08:04:54,8,Friday,0,4,22.9,83.4,31.079166,62.51823,2.5583332,67.583336,10.429157
2026-06-26 08:05:54,8,Friday,0,4,23.0,83.4,31.064999,62.55357,2.55,67.7,10.376091
2026-06-26 08:06:54,8,Friday,0,4,23.1,83.1,31.050833,62.588913,2.5416665,67.816666,10.323026
2026-06-26 08:07:54,8,Friday,0,4,23.1,83.0,31.036667,62.624252,2.5333333,67.933334,10.26996
2026-06-26 08:08:54,8,Friday,0,4,23.2,83.1,31.0225,62.659595,2.5249999,68.05,10.216895
2026-06-26 08:09:54,8,Friday,0,4,23.3,83.1,31.008333,62.694935,2.5166667,68.166664,10.16383
2026-06-26 08:10:54,8,Friday,0,4,23.4,83.0,30.994165,62.730278,2.5083332,68.28333,10.110764
2026-06-26 08:11:54,8,Friday,0,4,23.4,83.0,30.98,62.765617,2.5,68.4,10.057698
2026-06-26 08:12:54,8,Friday,0,4,23.5,82.9,30.965834,62.80096,2.4916666,68.51667,10.004633
2026-06-26 08:13:54,8,Friday,0,4,23.6,82.8,30.951666,62.8363,2.4833333,68.63333,9.951567
2026-06-26 08:14:54,8,Friday,0,4,23.7,82.8,30.9375,62.871643,2.475,68.75,9.898501
2026-06-26 08:15:54,8,Friday,0,4,23.7,82.6,30.923332,62.906986,2.4666665,68.86667,9.845436
2026-06-26 08:16:54,8,Friday,0,4,23.8,82.8,30.909166,62.942326,2.4583333,68.98333,9.792371
2026-06-26 08:17:54,8,Friday,0,4,23.8,82.7,30.895,62.97767,2.4499998,69.1,9.7393055
2026-06-26 08:18:54,8,Friday,0,4,23.9,82.6,30.880833,63.01301,2.4416666,69.21667,9.686239
2026-06-26 08:19:54,8,Friday,0,4,24.0,82.7,30.866667,63.04835,2.4333332,69.333336,9.633174
2026-06-26 08:20:54,8,Friday,0,4,24.0,83.0,30.852499,63.08369,2.425,69.45,9.580109
2026-06-26 08:21:54,8,Friday,0,4,24.0,82.9,30.838333,63.119034,2.4166665,69.566666,9.527042
2026-06-26 08:22:54,8,Friday,0,4,24.1,82.9,30.824165,63.154373,2.4083333,69.683334,9.473977
2026-06-26 08:23:54,8,Friday,0,4,24.1,82.9,30.81,63.189716,2.3999999,69.8,9.420912
2026-06-26 08:24:54,8,Friday,0,4,24.2,83.2,30.795834,63.225056,2.3916667,69.916664,9.3678465
2026-06-26 08:25:54,8,Friday,0,4,24.2,83.5,30.781666,63.2604,2.3833332,70.03333,9.314781
2026-06-26 08:26:54,8,Friday,0,4,24.3,83.4,30.7675,63.29574,2.375,70.15,9.261715
2026-06-26 08:27:54,8,Friday,0,4,24.3,83.5,30.753332,63.33108,2.3666666,70.26667,9.20865
2026-06-26 08:28:54,8,Friday,0,4,24.4,83.6,30.739166,63.36642,2.3583333,70.38333,9.155584
2026-06-26 08:29:54,8,Friday,0,4,24.4,83.7,30.724998,63.401764,2.35,70.5,9.102518
2026-06-26 08:30:54,8,Friday,0,4,24.4,83.4,30.710833,63.437107,2.3416665,70.61667,9.049453
2026-06-26 08:31:54,8,Friday,0,4,24.4,83.4,30.696667,63.472446,2.3333333,70.73333,8.9963875
2026-06-26 08:32:54,8,Friday,0,4,24.5,84.0,30.682499,63.50779,2.3249998,70.85,8.943322
2026-06-26 08:33:54,8,Friday,0,4,24.5,84.0,30.668333,63.54313,2.3166666,70.96667,8.890257
2026-06-26 08:34:54,8,Friday,0,4,24.5,84.1,30.654165,63.578472,2.3083332,71.083336,8.837191
2026-06-26 08:35:54,8,Friday,0,4,24.5,84.5,30.64,63.61381,2.3,71.2,8.784125
2026-06-26 08:36:54,8,Friday,0,4,24.5,84.8,30.625834,63.649155,2.2916665,71.316666,8.73106
2026-06-26 08:37:54,8,Friday,0,4,24.5,84.8,30.611666,63.684494,2.2833333,71.433334,8.677994
2026-06-26 08:38:54,8,Friday,0,4,24.6,84.9,30.5975,63.719837,2.2749999,71.55,8.624928
2026-06-26 08:39:54,8,Friday,0,4,24.6,85.1,30.583332,63.755177,2.2666667,71.666664,8.571863
2026-06-26 08:40:54,8,Friday,0,4,24.6,85.1,30.569166,63.79052,2.2583332,71.78333,8.518798
2026-06-26 08:41:54,8,Friday,0,4,24.6,85.0,30.555,63.82586,2.25,71.9,8.465733
2026-06-26 08:42:55,8,Friday,0,4,24.6,84.9,30.540833,63.861202,2.2416666,72.01667,8.412666
2026-06-26 08:43:55,8,Friday,0,4,24.7,85.2,30.526667,63.89654,2.2333333,72.13333,8.359601
2026-06-26 08:44:55,8,Friday,0,4,24.7,85.3,30.512499,63.931885,2.225,72.25,8.306536
2026-06-26 08:45:55,8,Friday,0,4,24.7,85.4,30.498333,63.967228,2.2166665,72.36667,8.253469
2026-06-26 08:46:55,8,Friday,0,4,24.8,85.3,30.484165,64.00257,2.2083333,72.48333,8.200404
2026-06-26 08:47:55,8,Friday,0,4,24.8,85.6,30.47,64.03791,2.1999998,72.6,8.147339
2026-06-26 08:48:55,8,Friday,0,4,24.8,85.6,30.455833,64.07325,2.1916666,72.71667,8.094274
2026-06-26 08:49:55,8,Friday,0,4,24.8,85.5,30.441666,64.10859,2.1833332,72.833336,8.041208
2026-06-26 08:50:55,8,Friday,0,4,24.9,85.5,30.4275,64.143936,2.175,72.95,7.988142
2026-06-26 08:51:55,8,Friday,0,4,24.9,85.4,30.413332,64.179276,2.1666665,73.066666,7.9350767
2026-06-26 08:52:55,8,Friday,0,4,24.9,85.6,30.399166,64.214615,2.1583333,73.183334,7.8820114
2026-06-26 08:53:55,8,Friday,0,4,25.0,85.7,30.384998,64.249954,2.1499999,73.3,7.8289456
2026-06-26 08:54:55,8,Friday,0,4,25.0,85.9,30.370832,64.2853,2.1416667,73.416664,7.77588
2026-06-26 08:55:55,8,Friday,0,4,25.0,86.0,30.356667,64.32064,2.1333332,73.53333,7.7228146
2026-06-26 08:56:55,8,Friday,0,4,25.0,86.0,30.342499,64.35598,2.125,73.65,7.6697493
2026-06-26 08:57:55,8,Friday,0,4,25.1,85.9,30.328333,64.39132,2.1166666,73.76667,7.6166835
2026-06-26 08:58:55,8,Friday,0,4,25.1,86.0,30.314165,64.42667,2.1083333,73.88333,7.5636177
2026-06-26 08:59:55,8,Friday,0,4,25.1,85.9,30.3,64.462006,2.1,74.0,7.5105524
2026-06-26 09:00:55,9,Friday,0,4,25.1,86.0,30.287498,64.60081,2.0716665,73.6,7.472841
2026-06-26 09:01:55,9,Friday,0,4,25.2,86.1,30.275,64.7396,2.0433333,73.2,7.435129
2026-06-26 09:02:55,9,Friday,0,4,25.2,86.4,30.262499,64.8784,2.0149999,72.8,7.3974175
2026-06-26 09:03:55,9,Friday,0,4,25.2,86.4,30.25,65.0172,1.9866666,72.4,7.359706
2026-06-26 09:04:55,9,Friday,0,4,25.3,86.4,30.2375,65.156,1.9583333,72.0,7.3219943
2026-06-26 09:05:55,9,Friday,0,4,25.3,86.6,30.224998,65.2948,1.93,71.6,7.2842827
2026-06-26 09:06:55,9,Friday,0,4,25.3,86.5,30.2125,65.43359,1.9016666,71.2,7.246571
2026-06-26 09:07:55,9,Friday,0,4,25.3,86.8,30.199999,65.572395,1.8733332,70.8,7.2088594
2026-06-26 09:08:55,9,Friday,0,4,25.3,86.8,30.1875,65.7112,1.8449999,70.4,7.171148
2026-06-26 09:09:55,9,Friday,0,4,25.4,86.9,30.175,65.84999,1.8166666,70.0,7.133436
2026-06-26 09:10:55,9,Friday,0,4,25.4,86.7,30.162498,65.98879,1.7883333,69.6,7.095725
2026-06-26 09:11:55,9,Friday,0,4,25.4,87.0,30.15,66.12759,1.7599999,69.2,7.0580134
2026-06-26 09:12:55,9,Friday,0,4,25.4,86.9,30.137499,66.26639,1.7316666,68.8,7.020302
2026-06-26 09:13:55,9,Friday,0,4,25.4,86.9,30.125,66.40519,1.7033333,68.4,6.98259
2026-06-26 09:14:55,9,Friday,0,4,25.5,87.0,30.1125,66.54398,1.675,68.0,6.9448786
2026-06-26 09:15:55,9,Friday,0,4,25.5,87.2,30.099998,66.682785,1.6466666,67.6,6.907167
2026-06-26 09:16:55,9,Friday,0,4,25.5,87.2,30.0875,66.82158,1.6183332,67.2,6.8694553
2026-06-26 09:17:55,9,Friday,0,4,25.6,87.1,30.074999,66.96038,1.5899999,66.8,6.8317437
2026-06-26 09:18:55,9,Friday,0,4,25.6,86.8,30.0625,67.09918,1.5616666,66.4,6.794032
2026-06-26 09:19:55,9,Friday,0,4,25.6,87.0,30.05,67.237976,1.5333333,66.0,6.7563205
2026-06-26 09:20:55,9,Friday,0,4,25.7,87.3,30.037498,67.37678,1.505,65.6,6.718609
2026-06-26 09:21:55,9,Friday,0,4,25.7,87.3,30.025,67.51558,1.4766666,65.2,6.680897
2026-06-26 09:22:55,9,Friday,0,4,25.7,87.2,30.012499,67.65437,1.4483333,64.8,6.6431856
2026-06-26 09:23:55,9,Friday,0,4,25.7,87.1,30.0,67.793175,1.42,64.4,6.605474
2026-06-26 09:24:55,9,Friday,0,4,25.8,87.2,29.9875,67.93197,1.3916667,64.0,6.5677624
2026-06-26 09:25:55,9,Friday,0,4,25.8,87.4,29.974998,68.07077,1.3633332,63.6,6.5300508
2026-06-26 09:26:55,9,Friday,0,4,25.8,87.6,29.9625,68.20957,1.3349999,63.2,6.492339
2026-06-26 09:27:55,9,Friday,0,4,25.8,87.6,29.949999,68.348366,1.3066666,62.8,6.4546275
2026-06-26 09:28:55,9,Friday,0,4,25.9,87.8,29.9375,68.48717,1.2783333,62.4,6.416916
2026-06-26 09:29:55,9,Friday,0,4,25.9,87.6,29.925,68.62596,1.25,62.0,6.3792048
2026-06-26 09:30:55,9,Friday,0,4,25.9,87.9,29.912498,68.76476,1.2216666,61.6,6.341493
2026-06-26 09:31:55,9,Friday,0,4,25.9,88.0,29.9,68.903564,1.1933333,61.2,6.3037815
2026-06-26 09:32:56,9,Friday,0,4,25.9,88.0,29.887499,69.04236,1.165,60.8,6.26607
2026-06-26 09:33:56,9,Friday,0,4,25.9,88.0,29.875,69.18116,1.1366667,60.4,6.2283583
2026-06-26 09:34:56,9,Friday,0,4,26.0,87.9,29.8625,69.31996,1.1083333,60.0,6.1906466
2026-06-26 09:35:56,9,Friday,0,4,26.0,88.2,29.849998,69.458755,1.0799999,59.6,6.152935
2026-06-26 09:36:56,9,Friday,0,4,26.0,88.1,29.8375,69.59756,1.0516666,59.2,6.1152234
2026-06-26 09:37:56,9,Friday,0,4,26.0,88.1,29.824999,69.73635,1.0233333,58.8,6.077512
2026-06-26 09:38:56,9,Friday,0,4,26.0,88.2,29.8125,69.87515,0.99499995,58.4,6.0398
2026-06-26 09:39:56,9,Friday,0,4,26.1,88.3,29.8,70.013954,0.96666664,58.0,6.0020885
2026-06-26 09:40:56,9,Friday,0,4,26.1,88.2,29.787498,70.15275,0.93833333,57.6,5.964377
2026-06-26 09:41:56,9,Friday,0,4,26.1,88.3,29.775,70.29155,0.90999997,57.2,5.9266653
2026-06-26 09:42:56,9,Friday,0,4,26.1,88.3,29.762499,70.43035,0.88166666,56.8,5.8889537
2026-06-26 09:43:56,9,Friday,0,4,26.1,88.5,29.75,70.569145,0.8533333,56.4,5.851242
2026-06-26 09:44:56,9,Friday,0,4,26.2,88.5,29.7375,70.70795,0.825,56.0,5.8135304
2026-06-26 09:45:56,9,Friday,0,4,26.2,88.4,29.724998,70.84674,0.7966666,55.6,5.775819
2026-06-26 09:46:56,9,Friday,0,4,26.2,88.5,29.7125,70.98554,0.7683333,55.2,5.738107
2026-06-26 09:47:56,9,Friday,0,4,26.2,88.5,29.699999,71.124344,0.74,54.8,5.7003956
2026-06-26 09:48:56,9,Friday,0,4,26.2,88.4,29.6875,71.26314,0.71166664,54.4,5.662684
2026-06-26 09:49:56,9,Friday,0,4,26.3,88.4,29.675,71.40194,0.68333334,54.0,5.6249723
2026-06-26 09:50:56,9,Friday,0,4,26.3,88.4,29.662498,71.54073,0.655,53.6,5.587261
2026-06-26 09:51:56,9,Friday,0,4,26.3,88.4,29.65,71.679535,0.62666667,53.2,5.5495496
2026-06-26 09:52:56,9,Friday,0,4,26.3,88.4,29.637499,71.81834,0.5983333,52.8,5.511838
2026-06-26 09:53:56,9,Friday,0,4,26.3,88.4,29.625,71.95713,0.57,52.4,5.4741263
2026-06-26 09:54:56,9,Friday,0,4,26.4,88.4,29.6125,72.09593,0.5416667,52.0,5.4364147
2026-06-26 09:55:56,9,Friday,0,4,26.4,88.4,29.599998,72.23473,0.5133333,51.6,5.398703
2026-06-26 09:56:56,9,Friday,0,4,26.4,88.4,29.5875,72.37353,0.485,51.2,5.3609915
2026-06-26 09:57:56,9,Friday,0,4,26.4,88.3,29.574999,72.51233,0.45666668,50.8,5.32328
2026-06-26 09:58:56,9,Friday,0,4,26.4,88.4,29.5625,72.65112,0.42833334,50.4,5.285568
2026-06-26 09:59:56,9,Friday,0,4,26.4,88.5,29.55,72.789925,0.4,50.0,5.2478566
2026-06-26 10:00:56,10,Friday,0,4,26.4,88.3,29.534166,72.92531,0.39333335,49.916668,5.2463517
2026-06-26 10:01:56,10,Friday,0,4,26.5,88.4,29.518333,73.06069,0.3866667,49.833332,5.244847
2026-06-26 10:02:56,10,Friday,0,4,26.5,88.5,29.502499,73.19608,0.38,49.75,5.2433414
2026-06-26 10:03:56,10,Friday,0,4,26.5,88.5,29.486666,73.33147,0.37333333,49.666668,5.2418365
2026-06-26 10:04:56,10,Friday,0,4,26.5,88.5,29.470833,73.46685,0.36666667,49.583332,5.2403316
2026-06-26 10:05:56,10,Friday,0,4,26.6,88.5,29.455,73.602234,0.36,49.5,5.2388268
2026-06-26 10:06:56,10,Friday,0,4,26.6,88.5,29.439165,73.737625,0.35333332,49.416668,5.237322
2026-06-26 10:07:56,10,Friday,0,4,26.6,88.5,29.423332,73.87301,0.34666666,49.333332,5.235817
2026-06-26 10:08:56,10,Friday,0,4,26.6,88.6,29.4075,74.00839,0.34,49.25,5.2343116
2026-06-26 10:09:56,10,Friday,0,4,26.6,88.5,29.391666,74.143776,0.33333334,49.166668,5.2328067
2026-06-26 10:10:56,10,Friday,0,4,26.7,88.6,29.375834,74.27916,0.32666668,49.083332,5.231302
2026-06-26 10:11:56,10,Friday,0,4,26.7,88.4,29.359999,74.41455,0.32,49.0,5.229797
2026-06-26 10:12:56,10,Friday,0,4,26.7,88.3,29.344166,74.549934,0.31333333,48.916668,5.228292
2026-06-26 10:13:56,10,Friday,0,4,26.7,88.2,29.328333,74.68532,0.30666667,48.833332,5.2267866
2026-06-26 10:14:56,10,Friday,0,4,26.7,88.1,29.3125,74.8207,0.3,48.75,5.2252817
2026-06-26 10:15:56,10,Friday,0,4,26.7,88.2,29.296667,74.956085,0.29333335,48.666668,5.223777
2026-06-26 10:16:56,10,Friday,0,4,26.8,88.1,29.280832,75.09148,0.28666666,48.583332,5.222272
2026-06-26 10:17:56,10,Friday,0,4,26.8,88.1,29.265,75.22686,0.28,48.5,5.220767
2026-06-26 10:18:56,10,Friday,0,4,26.8,88.0,29.249166,75.36224,0.27333334,48.416668,5.219262
2026-06-26 10:19:56,10,Friday,0,4,26.8,87.8,29.233334,75.49763,0.26666668,48.333332,5.2177567
2026-06-26 10:20:56,10,Friday,0,4,26.8,87.7,29.217499,75.63302,0.26,48.25,5.216252
2026-06-26 10:21:56,10,Friday,0,4,26.9,87.7,29.201666,75.7684,0.25333333,48.166668,5.214747
2026-06-26 10:22:57,10,Friday,0,4,26.9,87.6,29.185833,75.903786,0.24666667,48.083332,5.213242
2026-06-26 10:23:57,10,Friday,0,4,26.9,87.7,29.17,76.03917,0.24000001,48.0,5.211737
2026-06-26 10:24:57,10,Friday,0,4,26.9,87.7,29.154167,76.17455,0.23333333,47.916668,5.210232
2026-06-26 10:25:57,10,Friday,0,4,26.9,87.6,29.138332,76.309944,0.22666667,47.833332,5.208727
2026-06-26 10:26:57,10,Friday,0,4,27.0,87.7,29.1225,76.44533,0.22,47.75,5.207222
2026-06-26 10:27:57,10,Friday,0,4,27.0,87.7,29.106667,76.58071,0.21333334,47.666668,5.205717
2026-06-26 10:28:57,10,Friday,0,4,27.0,87.6,29.090834,76.716095,0.20666666,47.583332,5.204212
2026-06-26 10:29:57,10,Friday,0,4,27.0,87.7,29.075,76.85149,0.2,47.5,5.2027073
2026-06-26 10:30:57,10,Friday,0,4,27.0,87.7,29.059166,76.98687,0.19333334,47.416668,5.201202
2026-06-26 10:31:57,10,Friday,0,4,27.0,87.6,29.043333,77.12225,0.18666667,47.333332,5.199697
2026-06-26 10:32:57,10,Friday,0,4,27.0,87.6,29.0275,77.25764,0.18,47.25,5.198192
2026-06-26 10:33:57,10,Friday,0,4,27.0,87.6,29.011667,77.39302,0.17333333,47.166668,5.196687
2026-06-26 10:34:57,10,Friday,0,4,27.1,87.5,28.995832,77.52841,0.16666667,47.083332,5.1951823
2026-06-26 10:35:57,10,Friday,0,4,27.1,87.4,28.98,77.663795,0.16,47.0,5.193677
2026-06-26 10:36:57,10,Friday,0,4,27.1,87.4,28.964167,77.79918,0.15333334,46.916668,5.192172
2026-06-26 10:37:57,10,Friday,0,4,27.1,87.2,28.948334,77.93456,0.14666668,46.833332,5.190667
2026-06-26 10:38:57,10,Friday,0,4,27.1,87.3,28.9325,78.06995,0.14,46.75,5.1891623
2026-06-26 10:39:57,10,Friday,0,4,27.1,87.2,28.916666,78.20534,0.13333334,46.666668,5.1876574
2026-06-26 10:40:57,10,Friday,0,4,27.2,87.2,28.900833,78.34072,0.12666667,46.583332,5.186152
2026-06-26 10:41:57,10,Friday,0,4,27.2,87.2,28.885,78.476105,0.120000005,46.5,5.184647
2026-06-26 10:42:57,10,Friday,0,4,27.2,87.1,28.869167,78.61149,0.11333334,46.416668,5.183142
2026-06-26 10:43:57,10,Friday,0,4,27.2,87.0,28.853333,78.74688,0.10666667,46.333332,5.1816373
2026-06-26 10:44:57,10,Friday,0,4,27.2,86.9,28.8375,78.88226,0.1,46.25,5.1801324
2026-06-26 10:45:57,10,Friday,0,4,27.3,86.9,28.821667,79.01765,0.093333334,46.166668,5.1786275
2026-06-26 10:46:57,10,Friday,0,4,27.3,86.7,28.805834,79.15303,0.086666666,46.083332,5.177122
2026-06-26 10:47:57,10,Friday,0,4,27.3,86.8,28.79,79.288414,0.08,46.0,5.175617
2026-06-26 10:48:57,10,Friday,0,4,27.3,86.6,28.774166,79.423805,0.07333334,45.916668,5.1741123
2026-06-26 10:49:57,10,Friday,0,4,27.3,86.6,28.758333,79.55919,0.06666667,45.833332,5.1726074
2026-06-26 10:50:57,10,Friday,0,4,27.3,86.6,28.7425,79.69457,0.060000002,45.75,5.1711025
2026-06-26 10:51:57,10,Friday,0,4,27.3,86.4,28.726667,79.829956,0.053333335,45.666668,5.169597
2026-06-26 10:52:57,10,Friday,0,4,27.4,86.3,28.710835,79.96534,0.046666667,45.583332,5.1680923
2026-06-26 10:53:57,10,Friday,0,4,27.4,86.2,28.695,80.10073,0.04,45.5,5.1665874
2026-06-26 10:54:57,10,Friday,0,4,27.4,86.2,28.679167,80.236115,0.033333335,45.416668,5.1650825
2026-06-26 10:55:57,10,Friday,0,4,27.4,86.1,28.663334,80.3715,0.026666667,45.333332,5.1635776
2026-06-26 10:56:57,10,Friday,0,4,27.4,86.0,28.647501,80.50688,0.02,45.25,5.1620727
2026-06-26 10:57:57,10,Friday,0,4,27.4,86.0,28.631666,80.64227,0.013333334,45.166668,5.1605673
2026-06-26 10:58:57,10,Friday,0,4,27.5,85.9,28.615833,80.77766,0.006666667,45.083332,5.1590624
2026-06-26 10:59:57,10,Friday,0,4,27.5,85.9,28.6,80.91304,0.0,45.0,5.1575575
2026-06-26 11:00:57,11,Friday,0,4,27.5,85.7,28.581667,80.98528,0.0,44.583332,5.1822734
2026-06-26 11:01:57,11,Friday,0,4,27.5,85.7,28.563334,81.057526,0.0,44.166668,5.2069893
2026-06-26 11:02:57,11,Friday,0,4,27.5,85.6,28.545,81.12976,0.0,43.75,5.231705
2026-06-26 11:03:57,11,Friday,0,4,27.6,85.6,28.526667,81.202,0.0,43.333332,5.256421
2026-06-26 11:04:57,11,Friday,0,4,27.6,85.5,28.508333,81.27425,0.0,42.916668,5.281137
2026-06-26 11:05:57,11,Friday,0,4,27.6,85.6,28.49,81.34648,0.0,42.5,5.305853
2026-06-26 11:06:57,11,Friday,0,4,27.6,85.6,28.471666,81.418724,0.0,42.083332,5.330569
2026-06-26 11:07:57,11,Friday,0,4,27.6,85.4,28.453333,81.49097,0.0,41.666668,5.3552847
2026-06-26 11:08:57,11,Friday,0,4,27.6,85.3,28.435,81.56321,0.0,41.25,5.3800006
2026-06-26 11:09:57,11,Friday,0,4,27.7,85.3,28.416668,81.63545,0.0,40.833332,5.4047165
2026-06-26 11:10:58,11,Friday,0,4,27.7,85.0,28.398335,81.70769,0.0,40.416668,5.4294324
2026-06-26 11:11:58,11,Friday,0,4,27.7,85.1,28.380001,81.77993,0.0,40.0,5.4541483
2026-06-26 11:12:58,11,Friday,0,4,27.7,85.1,28.361668,81.85217,0.0,39.583332,5.478864
2026-06-26 11:13:58,11,Friday,0,4,27.7,84.9,28.343334,81.92441,0.0,39.166668,5.50358
2026-06-26 11:14:58,11,Friday,0,4,27.7,84.9,28.325,81.99665,0.0,38.75,5.528296
2026-06-26 11:15:58,11,Friday,0,4,27.7,84.7,28.306667,82.06889,0.0,38.333332,5.553012
2026-06-26 11:16:58,11,Friday,0,4,27.8,84.7,28.288334,82.141136,0.0,37.916668,5.577728
2026-06-26 11:17:58,11,Friday,0,4,27.7,84.6,28.27,82.21338,0.0,37.5,5.6024437
2026-06-26 11:18:58,11,Friday,0,4,27.8,84.7,28.251667,82.285614,0.0,37.083332,5.6271596
2026-06-26 11:19:58,11,Friday,0,4,27.8,84.6,28.233334,82.35786,0.0,36.666668,5.6518755
2026-06-26 11:20:58,11,Friday,0,4,27.8,84.6,28.215,82.4301,0.0,36.25,5.6765914
2026-06-26 11:21:58,11,Friday,0,4,27.8,84.6,28.196667,82.502335,0.0,35.833332,5.7013073
2026-06-26 11:22:58,11,Friday,0,4,27.8,84.5,28.178333,82.57458,0.0,35.416668,5.726023
2026-06-26 11:23:58,11,Friday,0,4,27.8,84.4,28.16,82.64682,0.0,35.0,5.750739
2026-06-26 11:24:58,11,Friday,0,4,27.8,84.4,28.141666,82.71906,0.0,34.583332,5.775455
2026-06-26 11:25:58,11,Friday,0,4,27.9,84.4,28.123333,82.791306,0.0,34.166668,5.800171
2026-06-26 11:26:58,11,Friday,0,4,27.9,84.3,28.105,82.86354,0.0,33.75,5.824887
2026-06-26 11:27:58,11,Friday,0,4,27.9,84.3,28.086666,82.93578,0.0,33.333332,5.8496027
2026-06-26 11:28:58,11,Friday,0,4,27.9,84.3,28.068333,83.008026,0.0,32.916668,5.8743186
2026-06-26 11:29:58,11,Friday,0,4,27.9,84.2,28.05,83.08026,0.0,32.5,5.8990345
2026-06-26 11:30:58,11,Friday,0,4,27.9,84.0,28.031668,83.152504,0.0,32.083332,5.9237504
2026-06-26 11:31:58,11,Friday,0,4,27.9,84.0,28.013334,83.22475,0.0,31.666666,5.9484663
2026-06-26 11:32:58,11,Friday,0,4,28.0,84.0,27.995,83.29699,0.0,31.25,5.973182
2026-06-26 11:33:58,11,Friday,0,4,28.0,83.9,27.976667,83.36923,0.0,30.833334,5.997898
2026-06-26 11:34:58,11,Friday,0,4,28.0,84.1,27.958334,83.44147,0.0,30.416666,6.022614
2026-06-26 11:35:58,11,Friday,0,4,28.0,84.0,27.94,83.51371,0.0,30.0,6.04733
2026-06-26 11:36:58,11,Friday,0,4,28.0,83.9,27.921667,83.58595,0.0,29.583334,6.072046
2026-06-26 11:37:58,11,Friday,0,4,28.0,83.9,27.903334,83.65819,0.0,29.166666,6.0967617
2026-06-26 11:38:58,11,Friday,0,4,28.0,83.8,27.885,83.73043,0.0,28.75,6.1214776
2026-06-26 11:39:58,11,Friday,0,4,28.1,83.8,27.866667,83.80267,0.0,28.333334,6.1461935
2026-06-26 11:40:58,11,Friday,0,4,28.1,83.7,27.848333,83.874916,0.0,27.916666,6.1709094
2026-06-26 11:41:58,11,Friday,0,4,28.1,83.6,27.83,83.94716,0.0,27.5,6.1956253
2026-06-26 11:42:58,11,Friday,0,4,28.1,83.6,27.811666,84.019394,0.0,27.083334,6.220341
2026-06-26 11:43:58,11,Friday,0,4,28.1,83.5,27.793333,84.09164,0.0,26.666666,6.245057
2026-06-26 11:44:58,11,Friday,0,4,28.1,83.2,27.775,84.16388,0.0,26.25,6.269773
2026-06-26 11:45:58,11,Friday,0,4,28.2,83.3,27.756666,84.236115,0.0,25.833334,6.294489
2026-06-26 11:46:58,11,Friday,0,4,28.2,83.0,27.738333,84.30836,0.0,25.416666,6.319205
2026-06-26 11:47:58,11,Friday,0,4,28.2,83.0,27.72,84.3806,0.0,25.0,6.3439207
2026-06-26 11:48:58,11,Friday,0,4,28.2,83.0,27.701666,84.45284,0.0,24.583334,6.3686366
2026-06-26 11:49:58,11,Friday,0,4,28.2,82.8,27.683334,84.525085,0.0,24.166666,6.3933525
2026-06-26 11:50:58,11,Friday,0,4,28.2,82.8,27.665,84.59732,0.0,23.75,6.4180684
2026-06-26 11:51:58,11,Friday,0,4,28.2,82.8,27.646667,84.66956,0.0,23.333334,6.4427843
2026-06-26 11:52:58,11,Friday,0,4,28.3,82.6,27.628334,84.741806,0.0,22.916666,6.4675
2026-06-26 11:53:58,11,Friday,0,4,28.3,82.6,27.61,84.81404,0.0,22.5,6.492216
2026-06-26 11:54:58,11,Friday,0,4,28.3,82.5,27.591667,84.886284,0.0,22.083334,6.516932
2026-06-26 11:55:58,11,Friday,0,4,28.3,82.4,27.573334,84.95853,0.0,21.666666,6.541648
2026-06-26 11:56:58,11,Friday,0,4,28.3,82.4,27.555,85.03077,0.0,21.25,6.566364
2026-06-26 11:57:58,11,Friday,0,4,28.3,82.2,27.536667,85.10301,0.0,20.833334,6.5910797
2026-06-26 11:58:58,11,Friday,0,4,28.3,82.2,27.518333,85.17525,0.0,20.416666,6.6157956
2026-06-26 11:59:59,11,Friday,0,4,28.4,82.0,27.5,85.24749,0.0,20.0,6.6405115
2026-06-26 12:00:59,12,Friday,0,4,28.4,81.9,27.498333,85.23043,0.0,19.816668,6.623799
2026-06-26 12:01:59,12,Friday,0,4,28.4,81.8,27.496666,85.21337,0.0,19.633333,6.6070867
2026-06-26 12:02:59,12,Friday,0,4,28.4,81.7,27.495,85.19632,0.0,19.45,6.590374
2026-06-26 12:03:59,12,Friday,0,4,28.5,81.6,27.493334,85.17926,0.0,19.266666,6.573662
2026-06-26 12:04:59,12,Friday,0,4,28.5,81.6,27.491667,85.1622,0.0,19.083334,6.556949
2026-06-26 12:05:59,12,Friday,0,4,28.5,81.5,27.49,85.14514,0.0,18.9,6.540237
2026-06-26 12:06:59,12,Friday,0,4,28.5,81.3,27.488333,85.12809,0.0,18.716667,6.5235243
2026-06-26 12:07:59,12,Friday,0,4,28.5,81.3,27.486666,85.11103,0.0,18.533333,6.506812
2026-06-26 12:08:59,12,Friday,0,4,28.5,81.1,27.485,85.09397,0.0,18.35,6.4900994
2026-06-26 12:09:59,12,Friday,0,4,28.5,80.9,27.483334,85.07691,0.0,18.166666,6.4733872
2026-06-26 12:10:59,12,Friday,0,4,28.5,80.9,27.481667,85.05985,0.0,17.983334,6.4566746
2026-06-26 12:11:59,12,Friday,0,4,28.6,80.9,27.48,85.0428,0.0,17.8,6.4399624
2026-06-26 12:12:59,12,Friday,0,4,28.6,80.8,27.478333,85.02574,0.0,17.616667,6.4232497
2026-06-26 12:13:59,12,Friday,0,4,28.6,80.7,27.476667,85.00868,0.0,17.433332,6.4065375
2026-06-26 12:14:59,12,Friday,0,4,28.6,80.7,27.475,84.99162,0.0,17.25,6.389825
2026-06-26 12:15:59,12,Friday,0,4,28.6,80.7,27.473333,84.97456,0.0,17.066668,6.373112
2026-06-26 12:16:59,12,Friday,0,4,28.6,80.6,27.471666,84.95751,0.0,16.883333,6.3564
2026-06-26 12:17:59,12,Friday,0,4,28.7,80.4,27.47,84.94045,0.0,16.7,6.3396873
2026-06-26 12:18:59,12,Friday,0,4,28.7,80.3,27.468332,84.92339,0.0,16.516666,6.322975
2026-06-26 12:19:59,12,Friday,0,4,28.7,80.2,27.466667,84.906334,0.0,16.333334,6.3062625
2026-06-26 12:20:59,12,Friday,0,4,28.7,80.2,27.465,84.88928,0.0,16.15,6.2895503
2026-06-26 12:21:59,12,Friday,0,4,28.7,80.2,27.463333,84.87222,0.0,15.966666,6.2728376
2026-06-26 12:22:59,12,Friday,0,4,28.7,80.1,27.461666,84.85516,0.0,15.783334,6.2561255
2026-06-26 12:23:59,12,Friday,0,4,28.7,80.1,27.46,84.838104,0.0,15.6,6.239413
2026-06-26 12:24:59,12,Friday,0,4,28.7,80.0,27.458334,84.821045,0.0,15.416667,6.2227006
2026-06-26 12:25:59,12,Friday,0,4,28.8,80.0,27.456667,84.80399,0.0,15.233334,6.205988
2026-06-26 12:26:59,12,Friday,0,4,28.8,80.0,27.455,84.786934,0.0,15.05,6.1892757
2026-06-26 12:27:59,12,Friday,0,4,28.8,79.9,27.453333,84.769875,0.0,14.866667,6.172563
2026-06-26 12:28:59,12,Friday,0,4,28.8,79.9,27.451666,84.752815,0.0,14.683333,6.155851
2026-06-26 12:29:59,12,Friday,0,4,28.8,79.8,27.45,84.73576,0.0,14.5,6.139138
2026-06-26 12:30:59,12,Friday,0,4,28.8,79.7,27.448334,84.718704,0.0,14.316667,6.1224256
2026-06-26 12:31:59,12,Friday,0,4,28.8,79.8,27.446667,84.701645,0.0,14.133333,6.1057134
2026-06-26 12:32:59,12,Friday,0,4,28.9,79.7,27.445,84.684586,0.0,13.95,6.0890007
2026-06-26 12:33:59,12,Friday,0,4,28.9,79.7,27.443333,84.66753,0.0,13.766666,6.0722885
2026-06-26 12:34:59,12,Friday,0,4,28.9,79.6,27.441666,84.650475,0.0,13.583333,6.055576
2026-06-26 12:35:59,12,Friday,0,4,28.9,79.5,27.44,84.633415,0.0,13.4,6.0388637
2026-06-26 12:36:59,12,Friday,0,4,28.9,79.4,27.438334,84.616356,0.0,13.216666,6.022151
2026-06-26 12:37:59,12,Friday,0,4,28.9,79.5,27.436666,84.5993,0.0,13.033334,6.005439
2026-06-26 12:38:59,12,Friday,0,4,28.9,79.2,27.435,84.58224,0.0,12.85,5.988726
2026-06-26 12:39:59,12,Friday,0,4,28.9,79.4,27.433332,84.565186,0.0,12.666667,5.972014
2026-06-26 12:40:59,12,Friday,0,4,28.8,80.7,27.431667,84.54813,0.0,12.483334,5.9553013
2026-06-26 12:41:59,12,Friday,0,4,28.7,81.7,27.43,84.53107,0.0,12.3,5.938589
2026-06-26 12:42:59,12,Friday,0,4,28.6,82.2,27.428333,84.51401,0.0,12.116667,5.9218764
2026-06-26 12:43:59,12,Friday,0,4,28.6,81.4,27.426666,84.496956,0.0,11.933333,5.9051642
2026-06-26 12:44:59,12,Friday,0,4,28.5,80.4,27.425,84.4799,0.0,11.75,5.8884516
2026-06-26 12:45:59,12,Friday,0,4,28.3,79.0,27.423332,84.46284,0.0,11.566667,5.871739
2026-06-26 12:47:00,12,Friday,0,4,28.1,77.8,27.421667,84.44578,0.0,11.383333,5.8550267
2026-06-26 12:48:00,12,Friday,0,4,27.9,77.1,27.42,84.42872,0.0,11.2,5.838314
2026-06-26 12:49:00,12,Friday,0,4,27.8,76.4,27.418333,84.41167,0.0,11.016666,5.821602
2026-06-26 12:50:00,12,Friday,0,4,27.6,74.9,27.416666,84.39461,0.0,10.833333,5.804889
2026-06-26 12:51:00,12,Friday,0,4,27.5,74.0,27.414999,84.37755,0.0,10.65,5.788177
2026-06-26 12:52:00,12,Friday,0,4,27.4,73.2,27.413334,84.36049,0.0,10.466666,5.7714643
2026-06-26 12:53:00,12,Friday,0,4,27.2,72.6,27.411667,84.34343,0.0,10.283334,5.754752
2026-06-26 12:54:00,12,Friday,0,4,27.1,71.8,27.41,84.32638,0.0,10.1,5.7380395
2026-06-26 12:55:00,12,Friday,0,4,27.0,71.3,27.408333,84.30932,0.0,9.916667,5.7213273
2026-06-26 12:56:00,12,Friday,0,4,26.9,70.7,27.406666,84.29226,0.0,9.733334,5.7046146
2026-06-26 12:57:00,12,Friday,0,4,26.8,70.2,27.404999,84.2752,0.0,9.55,5.6879025
2026-06-26 12:58:00,12,Friday,0,4,26.7,69.8,27.403334,84.25815,0.0,9.366667,5.67119
2026-06-26 12:59:00,12,Friday,0,4,26.6,69.2,27.401667,84.24109,0.0,9.183333,5.6544776
2026-06-26 13:00:00,13,Friday,0,4,26.5,69.0,27.4,84.22403,0.0,9.0,5.637765
2026-06-26 13:01:00,13,Friday,0,4,26.3,68.6,27.396666,84.211105,0.0,10.333333,5.6196966
2026-06-26 13:02:00,13,Friday,0,4,26.2,68.4,27.393333,84.19817,0.0,11.666667,5.601629
2026-06-26 13:03:00,13,Friday,0,4,26.2,68.3,27.39,84.18525,0.0,13.0,5.5835605
2026-06-26 13:04:00,13,Friday,0,4,26.1,68.2,27.386667,84.172325,0.0,14.333333,5.5654926
2026-06-26 13:05:00,13,Friday,0,4,26.1,68.1,27.383333,84.1594,0.0,15.666667,5.5474243
2026-06-26 13:06:00,13,Friday,0,4,26.0,67.5,27.38,84.14647,0.0,17.0,5.5293565
2026-06-26 13:07:00,13,Friday,0,4,26.0,67.4,27.376667,84.133545,0.0,18.333334,5.511288
2026-06-26 13:08:00,13,Friday,0,4,25.9,66.9,27.373333,84.12062,0.0,19.666666,5.4932203
2026-06-26 13:09:00,13,Friday,0,4,25.9,66.6,27.369999,84.1077,0.0,21.0,5.475152
2026-06-26 13:10:00,13,Friday,0,4,25.8,66.1,27.366667,84.094765,0.0,22.333334,5.457084
2026-06-26 13:11:00,13,Friday,0,4,25.8,66.4,27.363333,84.08184,0.0,23.666666,5.439016
2026-06-26 13:12:00,13,Friday,0,4,25.7,66.3,27.36,84.06892,0.0,25.0,5.420948
2026-06-26 13:13:00,13,Friday,0,4,25.7,66.4,27.356667,84.05599,0.0,26.333334,5.4028797
2026-06-26 13:14:00,13,Friday,0,4,25.7,66.0,27.353333,84.04306,0.0,27.666666,5.384812
2026-06-26 13:15:00,13,Friday,0,4,25.6,66.1,27.35,84.030136,0.0,29.0,5.3667436
2026-06-26 13:16:00,13,Friday,0,4,25.5,66.3,27.346666,84.01721,0.0,30.333334,5.3486753
2026-06-26 13:17:00,13,Friday,0,4,25.5,66.4,27.343334,84.00428,0.0,31.666666,5.3306074
2026-06-26 13:18:00,13,Friday,0,4,25.4,67.0,27.34,83.991356,0.0,33.0,5.312539
2026-06-26 13:19:00,13,Friday,0,4,25.4,67.5,27.336666,83.97843,0.0,34.333332,5.2944713
2026-06-26 13:20:00,13,Friday,0,4,25.5,67.9,27.333334,83.96551,0.0,35.666668,5.276403
2026-06-26 13:21:00,13,Friday,0,4,25.5,67.8,27.33,83.952576,0.0,37.0,5.258335
2026-06-26 13:22:00,13,Friday,0,4,25.5,68.5,27.326666,83.93965,0.0,38.333332,5.240267
2026-06-26 13:23:00,13,Friday,0,4,25.5,68.9,27.323334,83.92673,0.0,39.666668,5.222199
2026-06-26 13:24:00,13,Friday,0,4,25.5,68.8,27.32,83.9138,0.0,41.0,5.2041306
2026-06-26 13:25:00,13,Friday,0,4,25.5,68.9,27.316668,83.90087,0.0,42.333332,5.186063
2026-06-26 13:26:00,13,Friday,0,4,25.5,69.2,27.313334,83.88795,0.0,43.666668,5.1679945
2026-06-26 13:27:00,13,Friday,0,4,25.5,69.8,27.31,83.87502,0.0,45.0,5.1499267
2026-06-26 13:28:00,13,Friday,0,4,25.5,69.7,27.306667,83.8621,0.0,46.333332,5.1318583
2026-06-26 13:29:00,13,Friday,0,4,25.6,69.7,27.303333,83.84917,0.0,47.666668,5.1137905
2026-06-26 13:30:00,13,Friday,0,4,25.5,69.8,27.3,83.83624,0.0,49.0,5.095722
2026-06-26 13:31:00,13,Friday,0,4,25.5,69.9,27.296667,83.82332,0.0,50.333332,5.077654
2026-06-26 13:32:00,13,Friday,0,4,25.6,69.6,27.293333,83.81039,0.0,51.666668,5.059586
2026-06-26 13:33:00,13,Friday,0,4,25.5,69.2,27.29,83.79746,0.0,53.0,5.0415177
2026-06-26 13:34:00,13,Friday,0,4,25.5,68.6,27.286667,83.78454,0.0,54.333332,5.02345
2026-06-26 13:35:00,13,Friday,0,4,25.5,68.5,27.283333,83.771614,0.0,55.666668,5.0053816
2026-06-26 13:36:00,13,Friday,0,4,25.4,68.0,27.28,83.75868,0.0,57.0,4.9873137
2026-06-26 13:37:01,13,Friday,0,4,25.4,67.7,27.276667,83.74576,0.0,58.333332,4.9692454
2026-06-26 13:38:01,13,Friday,0,4,25.4,67.5,27.273335,83.732834,0.0,59.666668,4.9511776
2026-06-26 13:39:01,13,Friday,0,4,25.3,67.4,27.27,83.71991,0.0,61.0,4.9331093
2026-06-26 13:40:01,13,Friday,0,4,25.2,67.6,27.266666,83.70698,0.0,62.333332,4.9150414
2026-06-26 13:41:01,13,Friday,0,4,25.2,67.6,27.263334,83.69405,0.0,63.666668,4.896973
2026-06-26 13:42:01,13,Friday,0,4,25.2,67.3,27.26,83.68113,0.0,65.0,4.8789053
2026-06-26 13:43:01,13,Friday,0,4,25.1,67.0,27.256666,83.668205,0.0,66.333336,4.860837
2026-06-26 13:44:01,13,Friday,0,4,25.1,66.9,27.253334,83.65527,0.0,67.666664,4.842769
2026-06-26 13:45:01,13,Friday,0,4,25.0,66.7,27.25,83.64235,0.0,69.0,4.824701
2026-06-26 13:46:01,13,Friday,0,4,25.0,66.5,27.246668,83.629425,0.0,70.333336,4.8066325
2026-06-26 13:47:01,13,Friday,0,4,25.0,66.2,27.243334,83.61649,0.0,71.666664,4.7885647
2026-06-26 13:48:01,13,Friday,0,4,24.9,65.8,27.24,83.60357,0.0,73.0,4.7704964
2026-06-26 13:49:01,13,Friday,0,4,24.8,65.6,27.236668,83.590645,0.0,74.333336,4.7524285
2026-06-26 13:50:01,13,Friday,0,4,24.8,65.5,27.233334,83.57772,0.0,75.666664,4.73436
2026-06-26 13:51:01,13,Friday,0,4,24.7,65.3,27.230001,83.56479,0.0,77.0,4.7162924
2026-06-26 13:52:01,13,Friday,0,4,24.6,64.8,27.226667,83.551865,0.0,78.333336,4.698224
2026-06-26 13:53:01,13,Friday,0,4,24.6,64.8,27.223333,83.53894,0.0,79.666664,4.680156
2026-06-26 13:54:01,13,Friday,0,4,24.6,64.9,27.220001,83.52602,0.0,81.0,4.662088
2026-06-26 13:55:01,13,Friday,0,4,24.6,64.9,27.216667,83.513084,0.0,82.333336,4.64402
2026-06-26 13:56:01,13,Friday,0,4,24.5,64.9,27.213333,83.50016,0.0,83.666664,4.625952
2026-06-26 13:57:01,13,Friday,0,4,24.5,65.0,27.210001,83.487236,0.0,85.0,4.607884
2026-06-26 13:58:01,13,Friday,0,4,24.4,64.9,27.206667,83.47431,0.0,86.333336,4.5898156
2026-06-26 13:59:01,13,Friday,0,4,24.4,64.9,27.203335,83.46138,0.0,87.666664,4.571748
2026-06-26 14:00:01,14,Friday,0,4,24.4,65.3,27.2,83.448456,0.0,89.0,4.5536795
2026-06-26 14:01:01,14,Friday,0,4,24.3,65.4,27.192501,83.46444,0.0,89.05,4.5489044
2026-06-26 14:02:01,14,Friday,0,4,24.4,66.1,27.185001,83.480415,0.0,89.1,4.5441294
2026-06-26 14:03:01,14,Friday,0,4,24.4,67.1,27.177502,83.4964,0.0,89.15,4.5393543
2026-06-26 14:04:01,14,Friday,0,4,24.5,67.9,27.17,83.512375,0.0,89.2,4.5345793
2026-06-26 14:05:01,14,Friday,0,4,24.6,68.2,27.1625,83.52836,0.0,89.25,4.529804
2026-06-26 14:06:01,14,Friday,0,4,24.6,68.4,27.155,83.544334,0.0,89.3,4.525029
2026-06-26 14:07:01,14,Friday,0,4,24.6,68.2,27.147501,83.56032,0.0,89.35,4.520254
2026-06-26 14:08:01,14,Friday,0,4,24.6,68.2,27.140001,83.576294,0.0,89.4,4.515479
2026-06-26 14:09:01,14,Friday,0,4,24.6,68.3,27.1325,83.59228,0.0,89.45,4.510704
2026-06-26 14:10:01,14,Friday,0,4,24.6,68.1,27.125,83.60825,0.0,89.5,4.505929
2026-06-26 14:11:01,14,Friday,0,4,24.6,67.6,27.1175,83.62424,0.0,89.55,4.501154
2026-06-26 14:12:01,14,Friday,0,4,24.5,67.0,27.11,83.64021,0.0,89.6,4.496379
2026-06-26 14:13:01,14,Friday,0,4,24.6,66.8,27.1025,83.6562,0.0,89.65,4.491604
2026-06-26 14:14:01,14,Friday,0,4,24.6,66.6,27.095001,83.67217,0.0,89.7,4.486829
2026-06-26 14:15:01,14,Friday,0,4,24.5,66.3,27.087502,83.688156,0.0,89.75,4.4820538
2026-06-26 14:16:01,14,Friday,0,4,24.5,66.0,27.08,83.70414,0.0,89.8,4.4772787
2026-06-26 14:17:01,14,Friday,0,4,24.5,66.3,27.0725,83.720116,0.0,89.85,4.4725037
2026-06-26 14:18:01,14,Friday,0,4,24.5,66.4,27.065,83.7361,0.0,89.9,4.4677286
2026-06-26 14:19:01,14,Friday,0,4,24.5,66.6,27.0575,83.752075,0.0,89.95,4.4629536
2026-06-26 14:20:01,14,Friday,0,4,24.5,66.9,27.050001,83.76806,0.0,90.0,4.4581785
2026-06-26 14:21:01,14,Friday,0,4,24.5,66.9,27.0425,83.784035,0.0,90.05,4.4534035
2026-06-26 14:22:01,14,Friday,0,4,24.4,66.8,27.035,83.80002,0.0,90.1,4.4486284
2026-06-26 14:23:01,14,Friday,0,4,24.4,66.4,27.0275,83.815994,0.0,90.15,4.4438534
2026-06-26 14:24:01,14,Friday,0,4,24.4,66.3,27.02,83.83198,0.0,90.2,4.4390783
2026-06-26 14:25:01,14,Friday,0,4,24.5,66.2,27.0125,83.84795,0.0,90.25,4.4343033
2026-06-26 14:26:01,14,Friday,0,4,24.7,66.4,27.005001,83.86394,0.0,90.3,4.429528
2026-06-26 14:27:01,14,Friday,0,4,25.0,67.4,26.997501,83.87991,0.0,90.35,4.424753
2026-06-26 14:28:01,14,Friday,0,4,25.3,68.9,26.99,83.8959,0.0,90.4,4.419978
2026-06-26 14:29:02,14,Friday,0,4,25.5,70.6,26.9825,83.91187,0.0,90.45,4.415203
2026-06-26 14:30:02,14,Friday,0,4,25.8,72.5,26.975,83.92786,0.0,90.5,4.410428
2026-06-26 14:31:02,14,Friday,0,4,26.0,73.2,26.9675,83.94384,0.0,90.55,4.405653
2026-06-26 14:32:02,14,Friday,0,4,26.2,72.8,26.960001,83.959816,0.0,90.6,4.400878
2026-06-26 14:33:02,14,Friday,0,4,26.3,72.2,26.9525,83.9758,0.0,90.65,4.396103
2026-06-26 14:34:02,14,Friday,0,4,26.5,73.3,26.945,83.991776,0.0,90.7,4.391328
2026-06-26 14:35:02,14,Friday,0,4,26.6,73.7,26.9375,84.00776,0.0,90.75,4.386553
2026-06-26 14:36:02,14,Friday,0,4,26.8,74.5,26.93,84.023735,0.0,90.8,4.381778
2026-06-26 14:37:02,14,Friday,0,4,26.9,74.8,26.9225,84.03972,0.0,90.85,4.3770027
2026-06-26 14:38:02,14,Friday,0,4,27.0,74.7,26.915,84.055695,0.0,90.9,4.3722277
2026-06-26 14:39:02,14,Friday,0,4,27.1,74.3,26.907501,84.07168,0.0,90.95,4.3674526
2026-06-26 14:40:02,14,Friday,0,4,27.2,74.6,26.9,84.087654,0.0,91.0,4.3626776
2026-06-26 14:41:02,14,Friday,0,4,27.3,74.7,26.8925,84.10364,0.0,91.05,4.3579025
2026-06-26 14:42:02,14,Friday,0,4,27.4,74.9,26.885,84.11961,0.0,91.1,4.3531275
2026-06-26 14:43:02,14,Friday,0,4,27.5,75.6,26.8775,84.1356,0.0,91.15,4.3483524
2026-06-26 14:44:02,14,Friday,0,4,27.6,75.7,26.87,84.15157,0.0,91.2,4.3435774
2026-06-26 14:45:02,14,Friday,0,4,27.7,75.4,26.8625,84.16756,0.0,91.25,4.3388023
2026-06-26 14:46:02,14,Friday,0,4,27.7,75.6,26.855,84.18354,0.0,91.3,4.3340273
2026-06-26 14:47:02,14,Friday,0,4,27.8,75.3,26.8475,84.19952,0.0,91.35,4.3292522
2026-06-26 14:48:02,14,Friday,0,4,27.9,75.3,26.84,84.2155,0.0,91.4,4.324477
2026-06-26 14:49:02,14,Friday,0,4,28.0,75.6,26.8325,84.231476,0.0,91.45,4.319702
2026-06-26 14:50:02,14,Friday,0,4,28.0,75.6,26.825,84.24746,0.0,91.5,4.314927
2026-06-26 14:51:02,14,Friday,0,4,28.1,75.6,26.817501,84.263435,0.0,91.55,4.310152
2026-06-26 14:52:02,14,Friday,0,4,28.1,75.8,26.81,84.27942,0.0,91.6,4.305377
2026-06-26 14:53:02,14,Friday,0,4,28.2,75.8,26.8025,84.295395,0.0,91.65,4.300602
2026-06-26 14:54:02,14,Friday,0,4,28.2,75.8,26.795,84.31138,0.0,91.7,4.295827
2026-06-26 14:55:02,14,Friday,0,4,28.3,75.6,26.7875,84.327354,0.0,91.75,4.291052
2026-06-26 14:56:02,14,Friday,0,4,28.4,75.7,26.78,84.34334,0.0,91.8,4.286277
2026-06-26 14:57:02,14,Friday,0,4,28.4,75.7,26.7725,84.359314,0.0,91.85,4.281502
2026-06-26 14:58:02,14,Friday,0,4,28.5,76.0,26.765,84.3753,0.0,91.9,4.2767267
2026-06-26 14:59:02,14,Friday,0,4,28.5,76.1,26.7575,84.39127,0.0,91.95,4.2719517
2026-06-26 15:00:02,15,Friday,0,4,28.5,76.0,26.75,84.40726,0.0,92.0,4.2671766
2026-06-26 15:01:02,15,Friday,0,4,28.6,76.0,26.745,84.43234,0.0,91.1,4.259838
2026-06-26 15:02:02,15,Friday,0,4,28.6,75.9,26.74,84.45743,0.0,90.2,4.252499
2026-06-26 15:03:02,15,Friday,0,4,28.7,76.0,26.735,84.48251,0.0,89.3,4.2451606
2026-06-26 15:04:02,15,Friday,0,4,28.7,75.9,26.73,84.5076,0.0,88.4,4.2378216
2026-06-26 15:05:02,15,Friday,0,4,28.7,75.9,26.725,84.532684,0.0,87.5,4.230483
2026-06-26 15:06:02,15,Friday,0,4,28.8,75.7,26.72,84.55777,0.0,86.6,4.223144
2026-06-26 15:07:02,15,Friday,0,4,28.8,75.6,26.715,84.582855,0.0,85.7,4.2158055
2026-06-26 15:08:02,15,Friday,0,4,28.8,75.5,26.710001,84.60795,0.0,84.8,4.2084665
2026-06-26 15:09:02,15,Friday,0,4,28.8,75.6,26.705,84.63303,0.0,83.9,4.201128
2026-06-26 15:10:02,15,Friday,0,4,28.9,75.5,26.7,84.65812,0.0,83.0,4.1937895
2026-06-26 15:11:02,15,Friday,0,4,28.9,75.4,26.695,84.683205,0.0,82.1,4.1864505
2026-06-26 15:12:02,15,Friday,0,4,28.9,75.5,26.69,84.70829,0.0,81.2,4.179112
2026-06-26 15:13:02,15,Friday,0,4,29.0,75.3,26.685,84.733376,0.0,80.3,4.171773
2026-06-26 15:14:02,15,Friday,0,4,29.0,75.3,26.68,84.75846,0.0,79.4,4.1644344
2026-06-26 15:15:02,15,Friday,0,4,29.0,75.3,26.675,84.78355,0.0,78.5,4.1570954
2026-06-26 15:16:02,15,Friday,0,4,29.1,75.3,26.67,84.80863,0.0,77.6,4.149757
2026-06-26 15:17:02,15,Friday,0,4,29.1,75.2,26.665,84.83372,0.0,76.7,4.142418
2026-06-26 15:18:03,15,Friday,0,4,29.1,75.2,26.66,84.8588,0.0,75.8,4.1350794
2026-06-26 15:19:03,15,Friday,0,4,29.2,75.1,26.655,84.88389,0.0,74.9,4.127741
2026-06-26 15:20:03,15,Friday,0,4,29.2,75.0,26.65,84.90897,0.0,74.0,4.120402
2026-06-26 15:21:03,15,Friday,0,4,29.2,75.0,26.645,84.93406,0.0,73.1,4.1130633
2026-06-26 15:22:03,15,Friday,0,4,29.3,75.2,26.64,84.959145,0.0,72.2,4.1057243
2026-06-26 15:23:03,15,Friday,0,4,29.3,75.2,26.635,84.98424,0.0,71.3,4.098386
2026-06-26 15:24:03,15,Friday,0,4,29.3,75.2,26.630001,85.00932,0.0,70.4,4.091047
2026-06-26 15:25:03,15,Friday,0,4,29.3,75.1,26.625,85.03441,0.0,69.5,4.0837083
2026-06-26 15:26:03,15,Friday,0,4,29.4,75.0,26.62,85.059494,0.0,68.6,4.07637
2026-06-26 15:27:03,15,Friday,0,4,29.4,75.0,26.615,85.08458,0.0,67.7,4.069031
2026-06-26 15:28:03,15,Friday,0,4,29.4,75.0,26.61,85.109665,0.0,66.8,4.061692
2026-06-26 15:29:03,15,Friday,0,4,29.4,75.1,26.605,85.13475,0.0,65.9,4.054353
2026-06-26 15:30:03,15,Friday,0,4,29.4,75.0,26.6,85.159836,0.0,65.0,4.0470147
2026-06-26 15:31:03,15,Friday,0,4,29.5,75.2,26.595001,85.18492,0.0,64.1,4.0396757
2026-06-26 15:32:03,15,Friday,0,4,29.5,74.9,26.59,85.21001,0.0,63.2,4.032337
2026-06-26 15:33:03,15,Friday,0,4,29.6,75.0,26.585001,85.23509,0.0,62.3,4.024998
2026-06-26 15:34:03,15,Friday,0,4,29.6,74.9,26.58,85.26018,0.0,61.4,4.0176597
2026-06-26 15:35:03,15,Friday,0,4,29.6,75.0,26.575,85.28526,0.0,60.5,4.010321
2026-06-26 15:36:03,15,Friday,0,4,29.6,74.9,26.57,85.31035,0.0,59.6,4.002982
2026-06-26 15:37:03,15,Friday,0,4,29.6,74.8,26.565,85.335434,0.0,58.7,3.9956434
2026-06-26 15:38:03,15,Friday,0,4,29.7,74.8,26.560001,85.36053,0.0,57.8,3.9883046
2026-06-26 15:39:03,15,Friday,0,4,29.7,74.8,26.555,85.38561,0.0,56.9,3.980966
2026-06-26 15:40:03,15,Friday,0,4,29.7,74.6,26.550001,85.4107,0.0,56.0,3.9736273
2026-06-26 15:41:03,15,Friday,0,4,29.7,74.5,26.545,85.43578,0.0,55.1,3.9662886
2026-06-26 15:42:03,15,Friday,0,4,29.8,74.5,26.54,85.46087,0.0,54.2,3.9589498
2026-06-26 15:43:03,15,Friday,0,4,29.8,74.5,26.535,85.485954,0.0,53.3,3.951611
2026-06-26 15:44:03,15,Friday,0,4,29.8,74.4,26.53,85.51104,0.0,52.4,3.9442723
2026-06-26 15:45:03,15,Friday,0,4,29.9,74.5,26.525002,85.536125,0.0,51.5,3.9369335
2026-06-26 15:46:03,15,Friday,0,4,29.9,74.4,26.52,85.56121,0.0,50.6,3.9295948
2026-06-26 15:47:03,15,Friday,0,4,29.9,74.5,26.515001,85.586296,0.0,49.7,3.922256
2026-06-26 15:48:03,15,Friday,0,4,30.0,74.2,26.51,85.61138,0.0,48.8,3.9149175
2026-06-26 15:49:03,15,Friday,0,4,30.0,74.3,26.505001,85.63647,0.0,47.9,3.9075787
2026-06-26 15:50:03,15,Friday,0,4,30.0,74.3,26.5,85.66155,0.0,47.0,3.90024
2026-06-26 15:51:03,15,Friday,0,4,30.0,74.2,26.495,85.68664,0.0,46.1,3.8929012
2026-06-26 15:52:03,15,Friday,0,4,30.1,73.9,26.49,85.71172,0.0,45.2,3.8855624
2026-06-26 15:53:03,15,Friday,0,4,30.1,73.8,26.485,85.73682,0.0,44.3,3.8782237
2026-06-26 15:54:03,15,Friday,0,4,30.1,73.8,26.480001,85.7619,0.0,43.4,3.870885
2026-06-26 15:55:03,15,Friday,0,4,30.1,73.7,26.475,85.78699,0.0,42.5,3.8635461
2026-06-26 15:56:03,15,Friday,0,4,30.2,73.7,26.470001,85.81207,0.0,41.6,3.8562076
2026-06-26 15:57:03,15,Friday,0,4,30.2,73.7,26.465,85.83716,0.0,40.7,3.8488688
2026-06-26 15:58:03,15,Friday,0,4,30.2,73.6,26.460001,85.86224,0.0,39.8,3.84153
2026-06-26 15:59:03,15,Friday,0,4,30.3,73.7,26.455,85.88733,0.0,38.9,3.8341913
2026-06-26 16:00:03,16,Friday,0,4,30.2,73.7,26.45,85.912415,0.0,38.0,3.8268526
2026-06-26 16:01:03,16,Friday,0,4,30.3,73.7,26.441668,85.95093,0.0,38.466667,3.8314822
2026-06-26 16:02:03,16,Friday,0,4,30.3,73.7,26.433334,85.98943,0.0,38.933334,3.8361118
2026-06-26 16:03:03,16,Friday,0,4,30.3,73.7,26.425001,86.02795,0.0,39.4,3.8407414
2026-06-26 16:04:03,16,Friday,0,4,30.4,73.6,26.416668,86.06646,0.0,39.866665,3.8453712
2026-06-26 16:05:04,16,Friday,0,4,30.4,73.6,26.408335,86.104965,0.0,40.333332,3.8500009
2026-06-26 16:06:04,16,Friday,0,4,30.4,73.6,26.400002,86.14348,0.0,40.8,3.8546305
2026-06-26 16:07:04,16,Friday,0,4,30.4,73.7,26.391668,86.181984,0.0,41.266666,3.85926
2026-06-26 16:08:04,16,Friday,0,4,30.4,73.6,26.383333,86.2205,0.0,41.733334,3.8638897
2026-06-26 16:09:04,16,Friday,0,4,30.4,73.6,26.375,86.25901,0.0,42.2,3.8685193
2026-06-26 16:10:04,16,Friday,0,4,30.4,73.5,26.366667,86.297516,0.0,42.666668,3.873149
2026-06-26 16:11:04,16,Friday,0,4,30.5,73.5,26.358334,86.33603,0.0,43.133335,3.8777788
2026-06-26 16:12:04,16,Friday,0,4,30.5,73.5,26.35,86.37454,0.0,43.6,3.8824084
2026-06-26 16:13:04,16,Friday,0,4,30.5,73.6,26.341667,86.41305,0.0,44.066666,3.887038
2026-06-26 16:14:04,16,Friday,0,4,30.5,73.5,26.333334,86.45156,0.0,44.533333,3.8916676
2026-06-26 16:15:04,16,Friday,0,4,30.5,73.4,26.325,86.49007,0.0,45.0,3.8962972
2026-06-26 16:16:04,16,Friday,0,4,30.6,73.3,26.316668,86.52858,0.0,45.466667,3.9009268
2026-06-26 16:17:04,16,Friday,0,4,30.6,73.2,26.308334,86.56709,0.0,45.933334,3.9055567
2026-06-26 16:18:04,16,Friday,0,4,30.6,73.3,26.300001,86.6056,0.0,46.4,3.9101863
2026-06-26 16:19:04,16,Friday,0,4,30.6,73.3,26.291668,86.64411,0.0,46.866665,3.914816
2026-06-26 16:20:04,16,Friday,0,4,30.6,73.3,26.283335,86.682625,0.0,47.333332,3.9194455
2026-06-26 16:21:04,16,Friday,0,4,30.6,73.2,26.275002,86.72113,0.0,47.8,3.9240751
2026-06-26 16:22:04,16,Friday,0,4,30.6,73.2,26.266668,86.75964,0.0,48.266666,3.9287047
2026-06-26 16:23:04,16,Friday,0,4,30.7,73.1,26.258333,86.79816,0.0,48.733334,3.9333344
2026-06-26 16:24:04,16,Friday,0,4,30.7,73.1,26.25,86.83666,0.0,49.2,3.9379642
2026-06-26 16:25:04,16,Friday,0,4,30.7,73.0,26.241667,86.875175,0.0,49.666668,3.9425938
2026-06-26 16:26:04,16,Friday,0,4,30.7,72.9,26.233334,86.91368,0.0,50.133335,3.9472234
2026-06-26 16:27:04,16,Friday,0,4,30.7,72.8,26.225,86.952194,0.0,50.6,3.951853
2026-06-26 16:28:04,16,Friday,0,4,30.8,72.7,26.216667,86.99071,0.0,51.066666,3.9564826
2026-06-26 16:29:04,16,Friday,0,4,30.8,72.7,26.208334,87.02921,0.0,51.533333,3.9611123
2026-06-26 16:30:04,16,Friday,0,4,30.8,72.5,26.2,87.067726,0.0,52.0,3.965742
2026-06-26 16:31:04,16,Friday,0,4,30.8,72.6,26.191668,87.10624,0.0,52.466667,3.9703717
2026-06-26 16:32:04,16,Friday,0,4,30.8,72.5,26.183334,87.144745,0.0,52.933334,3.9750013
2026-06-26 16:33:04,16,Friday,0,4,30.8,72.5,26.175001,87.18326,0.0,53.4,3.979631
2026-06-26 16:34:04,16,Friday,0,4,30.9,72.4,26.166668,87.22177,0.0,53.866665,3.9842606
2026-06-26 16:35:04,16,Friday,0,4,30.8,72.3,26.158335,87.26028,0.0,54.333332,3.9888902
2026-06-26 16:36:04,16,Friday,0,4,30.9,72.5,26.150002,87.29879,0.0,54.8,3.9935198
2026-06-26 16:37:04,16,Friday,0,4,30.9,72.4,26.141668,87.337296,0.0,55.266666,3.9981496
2026-06-26 16:38:04,16,Friday,0,4,30.9,72.3,26.133333,87.37581,0.0,55.733334,4.002779
2026-06-26 16:39:04,16,Friday,0,4,30.9,72.4,26.125,87.41432,0.0,56.2,4.0074086
2026-06-26 16:40:04,16,Friday,0,4,30.9,72.4,26.116667,87.45283,0.0,56.666668,4.012038
2026-06-26 16:41:04,16,Friday,0,4,30.9,72.4,26.108334,87.49134,0.0,57.133335,4.0166683
2026-06-26 16:42:04,16,Friday,0,4,30.9,72.4,26.1,87.529854,0.0,57.6,4.021298
2026-06-26 16:43:04,16,Friday,0,4,30.9,72.4,26.091667,87.56836,0.0,58.066666,4.0259275
2026-06-26 16:44:04,16,Friday,0,4,30.9,72.6,26.083334,87.60687,0.0,58.533333,4.030557
2026-06-26 16:45:04,16,Friday,0,4,31.0,72.5,26.075,87.645386,0.0,59.0,4.035187
2026-06-26 16:46:04,16,Friday,0,4,31.0,72.6,26.066668,87.68389,0.0,59.466667,4.0398164
2026-06-26 16:47:04,16,Friday,0,4,31.0,72.5,26.058334,87.722404,0.0,59.933334,4.044446
2026-06-26 16:48:04,16,Friday,0,4,31.0,72.6,26.050001,87.76091,0.0,60.4,4.0490756
2026-06-26 16:49:04,16,Friday,0,4,31.0,72.5,26.041668,87.79942,0.0,60.866665,4.053705
2026-06-26 16:50:05,16,Friday,0,4,31.0,72.6,26.033335,87.83794,0.0,61.333332,4.058335
2026-06-26 16:51:05,16,Friday,0,4,31.0,72.6,26.025002,87.87644,0.0,61.8,4.0629644
2026-06-26 16:52:05,16,Friday,0,4,31.0,72.5,26.016668,87.914955,0.0,62.266666,4.067594
2026-06-26 16:53:05,16,Friday,0,4,31.0,72.5,26.008333,87.95347,0.0,62.733334,4.0722237
2026-06-26 16:54:05,16,Friday,0,4,31.0,72.5,26.0,87.991974,0.0,63.2,4.0768538
2026-06-26 16:55:05,16,Friday,0,4,31.0,72.6,25.991667,88.03049,0.0,63.666668,4.0814834
2026-06-26 16:56:05,16,Friday,0,4,31.0,72.6,25.983334,88.06899,0.0,64.13333,4.086113
2026-06-26 16:57:05,16,Friday,0,4,31.0,72.6,25.975,88.107506,0.0,64.6,4.0907426
2026-06-26 16:58:05,16,Friday,0,4,31.0,72.6,25.966667,88.14602,0.0,65.066666,4.095372
2026-06-26 16:59:05,16,Friday,0,4,31.0,72.5,25.958334,88.184525,0.0,65.53333,4.100002
2026-06-26 17:00:05,17,Friday,0,4,31.0,72.6,25.95,88.22304,0.0,66.0,4.1046314
2026-06-26 17:01:05,17,Friday,0,4,31.0,72.5,25.973333,88.04678,0.0,65.316666,4.096296
2026-06-26 17:02:05,17,Friday,0,4,31.0,72.6,25.996668,87.87054,0.0,64.63333,4.0879602
2026-06-26 17:03:05,17,Friday,0,4,31.0,72.6,26.02,87.69428,0.0,63.95,4.0796247
2026-06-26 17:04:05,17,Friday,0,4,31.0,72.5,26.043335,87.51803,0.0,63.266666,4.071289
2026-06-26 17:05:05,17,Friday,0,4,31.0,72.4,26.066668,87.34178,0.0,62.583332,4.0629535
2026-06-26 17:06:05,17,Friday,0,4,31.0,72.4,26.09,87.16553,0.0,61.9,4.054618
2026-06-26 17:07:05,17,Friday,0,4,31.0,72.4,26.113335,86.98927,0.0,61.216667,4.0462823
2026-06-26 17:08:05,17,Friday,0,4,31.0,72.4,26.136667,86.81303,0.0,60.533333,4.0379467
2026-06-26 17:09:05,17,Friday,0,4,31.0,72.5,26.16,86.63677,0.0,59.85,4.029611
2026-06-26 17:10:05,17,Friday,0,4,31.0,72.4,26.183334,86.46052,0.0,59.166668,4.0212755
2026-06-26 17:11:05,17,Friday,0,4,31.0,72.4,26.206667,86.28427,0.0,58.483334,4.01294
2026-06-26 17:12:05,17,Friday,0,4,31.0,72.6,26.230001,86.10802,0.0,57.8,4.0046043
2026-06-26 17:13:05,17,Friday,0,4,31.0,72.7,26.253334,85.93176,0.0,57.116665,3.996269
2026-06-26 17:14:05,17,Friday,0,4,31.0,73.0,26.276667,85.755516,0.0,56.433334,3.9879334
2026-06-26 17:15:05,17,Friday,0,4,31.0,73.1,26.300001,85.57926,0.0,55.75,3.9795978
2026-06-26 17:16:05,17,Friday,0,4,31.0,73.1,26.323334,85.40301,0.0,55.066666,3.9712622
2026-06-26 17:17:05,17,Friday,0,4,31.0,73.3,26.346668,85.22676,0.0,54.383335,3.9629266
2026-06-26 17:18:05,17,Friday,0,4,31.0,73.4,26.37,85.05051,0.0,53.7,3.954591
2026-06-26 17:19:05,17,Friday,0,4,31.0,73.3,26.393333,84.87425,0.0,53.016666,3.9462554
2026-06-26 17:20:05,17,Friday,0,4,31.0,73.5,26.416668,84.698006,0.0,52.333332,3.9379199
2026-06-26 17:21:05,17,Friday,0,4,31.0,73.5,26.44,84.52175,0.0,51.65,3.9295843
2026-06-26 17:22:05,17,Friday,0,4,31.0,73.4,26.463333,84.3455,0.0,50.966667,3.9212487
2026-06-26 17:23:05,17,Friday,0,4,31.0,73.6,26.486668,84.16925,0.0,50.283333,3.9129133
2026-06-26 17:24:05,17,Friday,0,4,31.0,73.7,26.51,83.993,0.0,49.6,3.9045777
2026-06-26 17:25:05,17,Friday,0,4,31.0,73.7,26.533335,83.81674,0.0,48.916668,3.8962421
2026-06-26 17:26:05,17,Friday,0,4,31.0,73.8,26.556667,83.640495,0.0,48.233334,3.8879066
2026-06-26 17:27:05,17,Friday,0,4,31.0,73.8,26.58,83.46424,0.0,47.55,3.879571
2026-06-26 17:28:05,17,Friday,0,4,31.0,73.9,26.603334,83.28799,0.0,46.866665,3.8712354
2026-06-26 17:29:05,17,Friday,0,4,31.0,73.9,26.626667,83.11174,0.0,46.183334,3.8628998
2026-06-26 17:30:05,17,Friday,0,4,31.0,74.1,26.650002,82.935486,0.0,45.5,3.8545642
2026-06-26 17:31:05,17,Friday,0,4,31.0,74.1,26.673334,82.75923,0.0,44.816666,3.8462286
2026-06-26 17:32:05,17,Friday,0,4,31.0,74.0,26.696667,82.582985,0.0,44.133335,3.837893
2026-06-26 17:33:05,17,Friday,0,4,31.0,74.2,26.720001,82.40673,0.0,43.45,3.8295574
2026-06-26 17:34:05,17,Friday,0,4,31.0,74.1,26.743334,82.23048,0.0,42.766666,3.8212218
2026-06-26 17:35:05,17,Friday,0,4,31.0,74.1,26.766666,82.05423,0.0,42.083332,3.8128862
2026-06-26 17:36:06,17,Friday,0,4,30.9,74.2,26.79,81.877975,0.0,41.4,3.8045506
2026-06-26 17:37:06,17,Friday,0,4,31.0,74.1,26.813334,81.70172,0.0,40.716667,3.796215
2026-06-26 17:38:06,17,Friday,0,4,31.0,74.2,26.836668,81.525475,0.0,40.033333,3.7878797
2026-06-26 17:39:06,17,Friday,0,4,30.9,74.2,26.86,81.34922,0.0,39.35,3.779544
2026-06-26 17:40:06,17,Friday,0,4,31.0,74.3,26.883333,81.172966,0.0,38.666668,3.7712085
2026-06-26 17:41:06,17,Friday,0,4,30.9,74.2,26.906668,80.99672,0.0,37.983334,3.762873
2026-06-26 17:42:06,17,Friday,0,4,30.9,74.3,26.93,80.820465,0.0,37.3,3.7545373
2026-06-26 17:43:06,17,Friday,0,4,30.9,74.3,26.953333,80.64421,0.0,36.616665,3.7462018
2026-06-26 17:44:06,17,Friday,0,4,30.9,74.4,26.976667,80.467964,0.0,35.933334,3.7378662
2026-06-26 17:45:06,17,Friday,0,4,30.9,74.5,27.0,80.29171,0.0,35.25,3.7295306
2026-06-26 17:46:06,17,Friday,0,4,30.9,74.5,27.023335,80.115456,0.0,34.566666,3.721195
2026-06-26 17:47:06,17,Friday,0,4,30.9,74.6,27.046667,79.93921,0.0,33.883335,3.7128594
2026-06-26 17:48:06,17,Friday,0,4,30.9,74.6,27.07,79.762955,0.0,33.2,3.7045238
2026-06-26 17:49:06,17,Friday,0,4,30.9,74.6,27.093334,79.5867,0.0,32.516666,3.6961882
2026-06-26 17:50:06,17,Friday,0,4,30.9,74.6,27.116667,79.41045,0.0,31.833334,3.6878526
2026-06-26 17:51:06,17,Friday,0,4,30.9,74.5,27.140001,79.2342,0.0,31.15,3.679517
2026-06-26 17:52:06,17,Friday,0,4,30.9,74.6,27.163334,79.057945,0.0,30.466667,3.6711814
2026-06-26 17:53:06,17,Friday,0,4,30.9,74.6,27.186666,78.8817,0.0,29.783333,3.662846
2026-06-26 17:54:06,17,Friday,0,4,30.9,74.5,27.210001,78.705444,0.0,29.1,3.6545105
2026-06-26 17:55:06,17,Friday,0,4,30.9,74.5,27.233334,78.52919,0.0,28.416666,3.646175
2026-06-26 17:56:06,17,Friday,0,4,30.9,74.6,27.256666,78.35294,0.0,27.733334,3.6378393
2026-06-26 17:57:06,17,Friday,0,4,30.9,74.6,27.28,78.17669,0.0,27.05,3.6295037
2026-06-26 17:58:06,17,Friday,0,4,30.9,74.6,27.303333,78.000435,0.0,26.366667,3.6211681
2026-06-26 17:59:06,17,Friday,0,4,30.9,74.5,27.326668,77.82419,0.0,25.683332,3.6128325
2026-06-26 18:00:06,18,Friday,0,4,30.9,74.5,27.35,77.647934,0.0,25.0,3.604497
2026-06-26 18:01:06,18,Friday,0,4,30.9,74.5,27.333334,77.67329,0.0016666667,25.7,3.6159832
2026-06-26 18:02:06,18,Friday,0,4,30.9,74.4,27.316668,77.69864,0.0033333334,26.4,3.6274693
2026-06-26 18:03:06,18,Friday,0,4,30.9,74.5,27.300001,77.724,0.005,27.1,3.6389556
2026-06-26 18:04:06,18,Friday,0,4,30.9,74.6,27.283333,77.74935,0.006666667,27.8,3.650442
2026-06-26 18:05:06,18,Friday,0,4,30.9,74.6,27.266666,77.774704,0.008333334,28.5,3.661928
2026-06-26 18:06:06,18,Friday,0,4,30.9,74.4,27.25,77.80006,0.01,29.2,3.6734142
2026-06-26 18:07:06,18,Friday,0,4,30.9,74.5,27.233334,77.82541,0.011666667,29.9,3.6849003
2026-06-26 18:08:06,18,Friday,0,4,30.9,74.5,27.216667,77.85076,0.013333334,30.6,3.6963866
2026-06-26 18:09:06,18,Friday,0,4,30.9,74.4,27.2,77.87612,0.015000001,31.3,3.7078729
2026-06-26 18:10:06,18,Friday,0,4,30.9,74.5,27.183334,77.901474,0.016666668,32.0,3.719359
2026-06-26 18:11:06,18,Friday,0,4,30.9,74.5,27.166668,77.92683,0.018333334,32.7,3.7308452
2026-06-26 18:12:06,18,Friday,0,4,30.9,74.6,27.15,77.95218,0.02,33.4,3.7423315
2026-06-26 18:13:06,18,Friday,0,4,30.9,74.6,27.133333,77.97753,0.021666666,34.1,3.7538176
2026-06-26 18:14:06,18,Friday,0,4,30.9,74.6,27.116667,78.00289,0.023333333,34.8,3.7653039
2026-06-26 18:15:06,18,Friday,0,4,30.9,74.6,27.1,78.028244,0.025,35.5,3.7767901
2026-06-26 18:16:06,18,Friday,0,4,30.9,74.6,27.083334,78.0536,0.026666667,36.2,3.7882762
2026-06-26 18:17:06,18,Friday,0,4,30.9,74.7,27.066668,78.07895,0.028333334,36.9,3.7997625
2026-06-26 18:18:06,18,Friday,0,4,30.9,74.6,27.050001,78.1043,0.030000001,37.6,3.8112485
2026-06-26 18:19:06,18,Friday,0,4,30.9,74.6,27.033333,78.129654,0.031666666,38.3,3.8227348
2026-06-26 18:20:06,18,Friday,0,4,30.8,74.7,27.016666,78.155014,0.033333335,39.0,3.8342211
2026-06-26 18:21:07,18,Friday,0,4,30.8,74.7,27.0,78.18037,0.035,39.7,3.8457072
2026-06-26 18:22:07,18,Friday,0,4,30.9,74.7,26.983334,78.20572,0.03666667,40.4,3.8571935
2026-06-26 18:23:07,18,Friday,0,4,30.9,74.8,26.966667,78.23107,0.038333334,41.1,3.8686798
2026-06-26 18:24:07,18,Friday,0,4,30.8,74.8,26.95,78.256424,0.04,41.8,3.8801658
2026-06-26 18:25:07,18,Friday,0,4,30.8,74.8,26.933334,78.281784,0.041666668,42.5,3.891652
2026-06-26 18:26:07,18,Friday,0,4,30.8,74.9,26.916668,78.30714,0.043333333,43.2,3.9031382
2026-06-26 18:27:07,18,Friday,0,4,30.8,75.0,26.9,78.33249,0.045,43.9,3.9146245
2026-06-26 18:28:07,18,Friday,0,4,30.8,75.1,26.883333,78.35784,0.046666667,44.6,3.9261107
2026-06-26 18:29:07,18,Friday,0,4,30.8,75.1,26.866667,78.383194,0.048333336,45.3,3.9375968
2026-06-26 18:30:07,18,Friday,0,4,30.8,75.1,26.85,78.408554,0.05,46.0,3.949083
2026-06-26 18:31:07,18,Friday,0,4,30.8,75.3,26.833334,78.43391,0.051666666,46.7,3.9605694
2026-06-26 18:32:07,18,Friday,0,4,30.8,75.2,26.816668,78.45926,0.053333335,47.4,3.9720554
2026-06-26 18:33:07,18,Friday,0,4,30.8,75.4,26.800001,78.48461,0.055,48.1,3.9835417
2026-06-26 18:34:07,18,Friday,0,4,30.8,75.4,26.783333,78.509964,0.05666667,48.8,3.995028
2026-06-26 18:35:07,18,Friday,0,4,30.8,75.4,26.766666,78.53532,0.058333334,49.5,4.006514
2026-06-26 18:36:07,18,Friday,0,4,30.8,75.5,26.75,78.56068,0.060000002,50.2,4.018
2026-06-26 18:37:07,18,Friday,0,4,30.8,75.4,26.733334,78.58603,0.061666667,50.9,4.0294867
2026-06-26 18:38:07,18,Friday,0,4,30.8,75.5,26.716667,78.61138,0.06333333,51.6,4.0409727
2026-06-26 18:39:07,18,Friday,0,4,30.8,75.5,26.7,78.636734,0.065,52.3,4.052459
2026-06-26 18:40:07,18,Friday,0,4,30.8,75.4,26.683334,78.66209,0.06666667,53.0,4.0639453
2026-06-26 18:41:07,18,Friday,0,4,30.8,75.5,26.666668,78.68745,0.068333335,53.7,4.0754313
2026-06-26 18:42:07,18,Friday,0,4,30.8,75.6,26.65,78.7128,0.07,54.4,4.0869174
2026-06-26 18:43:07,18,Friday,0,4,30.8,75.7,26.633333,78.73815,0.071666665,55.1,4.098404
2026-06-26 18:44:07,18,Friday,0,4,30.8,75.7,26.616667,78.763504,0.07333334,55.8,4.10989
2026-06-26 18:45:07,18,Friday,0,4,30.8,75.7,26.6,78.78886,0.075,56.5,4.121376
2026-06-26 18:46:07,18,Friday,0,4,30.8,75.7,26.583334,78.81421,0.07666667,57.2,4.1328626
2026-06-26 18:47:07,18,Friday,0,4,30.7,75.7,26.566668,78.83957,0.07833333,57.9,4.1443486
2026-06-26 18:48:07,18,Friday,0,4,30.7,75.7,26.550001,78.86492,0.08,58.6,4.1558347
2026-06-26 18:49:07,18,Friday,0,4,30.8,75.7,26.533333,78.890274,0.08166667,59.3,4.167321
2026-06-26 18:50:07,18,Friday,0,4,30.7,75.7,26.516666,78.91563,0.083333336,60.0,4.1788073
2026-06-26 18:51:07,18,Friday,0,4,30.7,75.6,26.5,78.94098,0.085,60.7,4.1902933
2026-06-26 18:52:07,18,Friday,0,4,30.7,75.6,26.483334,78.96634,0.086666666,61.4,4.2017794
2026-06-26 18:53:07,18,Friday,0,4,30.7,75.7,26.466667,78.99169,0.08833333,62.1,4.213266
2026-06-26 18:54:07,18,Friday,0,4,30.8,75.6,26.45,79.017044,0.09,62.8,4.224752
2026-06-26 18:55:07,18,Friday,0,4,30.7,75.6,26.433334,79.0424,0.09166667,63.5,4.236238
2026-06-26 18:56:07,18,Friday,0,4,30.7,75.7,26.416668,79.06775,0.093333334,64.2,4.2477245
2026-06-26 18:57:07,18,Friday,0,4,30.7,75.7,26.4,79.0931,0.095,64.9,4.2592106
2026-06-26 18:58:07,18,Friday,0,4,30.7,75.6,26.383333,79.11846,0.09666667,65.6,4.2706966
2026-06-26 18:59:07,18,Friday,0,4,30.7,75.6,26.366667,79.143814,0.09833334,66.3,4.282183
2026-06-26 19:00:07,19,Friday,0,4,30.7,75.7,26.35,79.16917,0.1,67.0,4.293669
2026-06-26 19:01:07,19,Friday,0,4,30.7,75.7,26.331667,79.28394,0.11,67.316666,4.2645345
2026-06-26 19:02:07,19,Friday,0,4,30.7,75.6,26.313334,79.39871,0.120000005,67.63333,4.2353997
2026-06-26 19:03:07,19,Friday,0,4,30.7,75.7,26.295,79.51349,0.13,67.95,4.206265
2026-06-26 19:04:07,19,Friday,0,4,30.7,75.7,26.276667,79.62826,0.14,68.26667,4.17713
2026-06-26 19:05:07,19,Friday,0,4,30.7,75.6,26.258333,79.743034,0.15,68.583336,4.1479955
2026-06-26 19:06:07,19,Friday,0,4,30.7,75.6,26.24,79.8578,0.16,68.9,4.1188607
2026-06-26 19:07:08,19,Friday,0,4,30.7,75.6,26.221666,79.97258,0.17,69.21667,4.089726
2026-06-26 19:08:08,19,Friday,0,4,30.7,75.6,26.203333,80.08735,0.18,69.53333,4.060591
2026-06-26 19:09:08,19,Friday,0,4,30.7,75.6,26.185,80.202126,0.19,69.85,4.0314565
2026-06-26 19:10:08,19,Friday,0,4,30.7,75.6,26.166668,80.316895,0.2,70.166664,4.0023217
2026-06-26 19:11:08,19,Friday,0,4,30.7,75.7,26.148335,80.43167,0.21,70.48333,3.973187
2026-06-26 19:12:08,19,Friday,0,4,30.7,75.7,26.130001,80.54644,0.22,70.8,3.9440522
2026-06-26 19:13:08,19,Friday,0,4,30.7,75.7,26.111668,80.66122,0.23,71.11667,3.9149175
2026-06-26 19:14:08,19,Friday,0,4,30.7,75.7,26.093334,80.775986,0.24,71.433334,3.8857827
2026-06-26 19:15:08,19,Friday,0,4,30.7,75.6,26.075,80.89076,0.25,71.75,3.856648
2026-06-26 19:16:08,19,Friday,0,4,30.7,75.6,26.056667,81.00554,0.26,72.066666,3.8275132
2026-06-26 19:17:08,19,Friday,0,4,30.7,75.5,26.038334,81.12031,0.27,72.38333,3.7983785
2026-06-26 19:18:08,19,Friday,0,4,30.6,75.6,26.02,81.235085,0.28,72.7,3.7692437
2026-06-26 19:19:08,19,Friday,0,4,30.6,75.6,26.001667,81.34985,0.29,73.01667,3.740109
2026-06-26 19:20:08,19,Friday,0,4,30.6,75.6,25.983334,81.46463,0.3,73.333336,3.7109742
2026-06-26 19:21:08,19,Friday,0,4,30.6,75.6,25.965,81.5794,0.31,73.65,3.6818395
2026-06-26 19:22:08,19,Friday,0,4,30.6,75.6,25.946667,81.694176,0.32,73.96667,3.6527047
2026-06-26 19:23:08,19,Friday,0,4,30.6,75.6,25.928333,81.808945,0.32999998,74.28333,3.62357
2026-06-26 19:24:08,19,Friday,0,4,30.6,75.7,25.91,81.92372,0.34,74.6,3.5944352
2026-06-26 19:25:08,19,Friday,0,4,30.6,75.6,25.891666,82.03849,0.35,74.916664,3.5653005
2026-06-26 19:26:08,19,Friday,0,4,30.6,75.7,25.873333,82.15327,0.35999998,75.23333,3.5361657
2026-06-26 19:27:08,19,Friday,0,4,30.6,75.6,25.855,82.268036,0.37,75.55,3.507031
2026-06-26 19:28:08,19,Friday,0,4,30.6,75.7,25.836666,82.38281,0.38,75.86667,3.4778962
2026-06-26 19:29:08,19,Friday,0,4,30.6,75.6,25.818333,82.49758,0.39,76.183334,3.4487615
2026-06-26 19:30:08,19,Friday,0,4,30.6,75.7,25.8,82.61236,0.4,76.5,3.4196267
2026-06-26 19:31:08,19,Friday,0,4,30.6,75.7,25.781668,82.727135,0.41,76.816666,3.390492
2026-06-26 19:32:08,19,Friday,0,4,30.6,75.8,25.763334,82.8419,0.42,77.13333,3.3613572
2026-06-26 19:33:08,19,Friday,0,4,30.6,75.8,25.745,82.95668,0.43,77.45,3.3322225
2026-06-26 19:34:08,19,Friday,0,4,30.6,75.9,25.726667,83.07145,0.44,77.76667,3.3030877
2026-06-26 19:35:08,19,Friday,0,4,30.6,75.9,25.708334,83.186226,0.45,78.083336,3.273953
2026-06-26 19:36:08,19,Friday,0,4,30.6,75.9,25.69,83.300995,0.45999998,78.4,3.2448182
2026-06-26 19:37:08,19,Friday,0,4,30.6,75.9,25.671667,83.41577,0.47,78.71667,3.2156835
2026-06-26 19:38:08,19,Friday,0,4,30.6,75.8,25.653334,83.53054,0.48,79.03333,3.1865487
2026-06-26 19:39:08,19,Friday,0,4,30.6,75.9,25.635,83.64532,0.48999998,79.35,3.157414
2026-06-26 19:40:08,19,Friday,0,4,30.6,75.9,25.616667,83.760086,0.5,79.666664,3.1282792
2026-06-26 19:41:08,19,Friday,0,4,30.6,75.8,25.598333,83.87486,0.51,79.98333,3.0991445
2026-06-26 19:42:08,19,Friday,0,4,30.6,75.8,25.58,83.98963,0.52,80.3,3.0700097
2026-06-26 19:43:08,19,Friday,0,4,30.6,75.9,25.561666,84.10441,0.53,80.61667,3.040875
2026-06-26 19:44:08,19,Friday,0,4,30.6,75.9,25.543333,84.21918,0.53999996,80.933334,3.0117402
2026-06-26 19:45:08,19,Friday,0,4,30.6,75.9,25.525,84.333954,0.55,81.25,2.9826055
2026-06-26 19:46:08,19,Friday,0,4,30.6,75.9,25.506666,84.44873,0.56,81.566666,2.9534707
2026-06-26 19:47:08,19,Friday,0,4,30.6,75.8,25.488333,84.5635,0.57,81.88333,2.924336
2026-06-26 19:48:08,19,Friday,0,4,30.6,75.9,25.47,84.678276,0.58,82.2,2.8952012
2026-06-26 19:49:08,19,Friday,0,4,30.6,75.8,25.451666,84.793045,0.59,82.51667,2.8660665
2026-06-26 19:50:08,19,Friday,0,4,30.6,76.0,25.433334,84.90782,0.59999996,82.833336,2.8369317
2026-06-26 19:51:08,19,Friday,0,4,30.6,76.0,25.415,85.02259,0.61,83.15,2.807797
2026-06-26 19:52:08,19,Friday,0,4,30.5,75.9,25.396667,85.13737,0.62,83.46667,2.7786622
2026-06-26 19:53:09,19,Friday,0,4,30.5,76.1,25.378334,85.25214,0.63,83.78333,2.7495275
2026-06-26 19:54:09,19,Friday,0,4,30.5,76.1,25.36,85.36691,0.64,84.1,2.7203927
2026-06-26 19:55:09,19,Friday,0,4,30.5,76.1,25.341667,85.48168,0.65,84.416664,2.691258
2026-06-26 19:56:09,19,Friday,0,4,30.5,76.0,25.323334,85.59646,0.65999997,84.73333,2.6621232
2026-06-26 19:57:09,19,Friday,0,4,30.5,76.0,25.305,85.71123,0.67,85.05,2.6329885
2026-06-26 19:58:09,19,Friday,0,4,30.5,76.0,25.286667,85.826004,0.68,85.36667,2.6038537
2026-06-26 19:59:09,19,Friday,0,4,30.5,76.1,25.268333,85.94077,0.69,85.683334,2.574719
2026-06-26 20:00:09,20,Friday,0,4,30.5,76.1,25.25,86.05555,0.7,86.0,2.5455842
2026-06-26 20:01:09,20,Friday,0,4,30.5,76.2,25.245,86.108185,0.69,85.833336,2.568953
2026-06-26 20:02:09,20,Friday,0,4,30.5,76.2,25.24,86.16083,0.68,85.666664,2.5923216
2026-06-26 20:03:09,20,Friday,0,4,30.5,76.3,25.235,86.21346,0.67,85.5,2.6156905
2026-06-26 20:04:09,20,Friday,0,4,30.5,76.3,25.23,86.266106,0.65999997,85.333336,2.639059
2026-06-26 20:05:09,20,Friday,0,4,30.5,76.4,25.225,86.31874,0.65,85.166664,2.662428
2026-06-26 20:06:09,20,Friday,0,4,30.5,76.4,25.22,86.37138,0.64,85.0,2.6857965
2026-06-26 20:07:09,20,Friday,0,4,30.5,76.4,25.215,86.42402,0.63,84.833336,2.7091653
2026-06-26 20:08:09,20,Friday,0,4,30.5,76.4,25.210001,86.476654,0.62,84.666664,2.7325342
2026-06-26 20:09:09,20,Friday,0,4,30.5,76.4,25.205,86.5293,0.61,84.5,2.7559028
2026-06-26 20:10:09,20,Friday,0,4,30.5,76.5,25.2,86.58193,0.59999996,84.333336,2.7792716
2026-06-26 20:11:09,20,Friday,0,4,30.5,76.3,25.195,86.634575,0.59,84.166664,2.8026402
2026-06-26 20:12:09,20,Friday,0,4,30.5,76.4,25.19,86.68721,0.58,84.0,2.826009
2026-06-26 20:13:09,20,Friday,0,4,30.5,76.4,25.185,86.739845,0.57,83.833336,2.8493776
2026-06-26 20:14:09,20,Friday,0,4,30.5,76.5,25.18,86.79249,0.56,83.666664,2.8727465
2026-06-26 20:15:09,20,Friday,0,4,30.5,76.5,25.175,86.84512,0.55,83.5,2.8961153
2026-06-26 20:16:09,20,Friday,0,4,30.5,76.6,25.17,86.897766,0.53999996,83.333336,2.919484
2026-06-26 20:17:09,20,Friday,0,4,30.5,76.6,25.165,86.9504,0.53,83.166664,2.9428527
2026-06-26 20:18:09,20,Friday,0,4,30.5,76.6,25.16,87.00304,0.52,83.0,2.9662213
2026-06-26 20:19:09,20,Friday,0,4,30.5,76.5,25.155,87.05568,0.51,82.833336,2.9895902
2026-06-26 20:20:09,20,Friday,0,4,30.5,76.6,25.15,87.108315,0.5,82.666664,3.0129588
2026-06-26 20:21:09,20,Friday,0,4,30.4,76.5,25.145,87.16096,0.48999998,82.5,3.0363276
2026-06-26 20:22:09,20,Friday,0,4,30.5,76.5,25.14,87.21359,0.48,82.333336,3.0596962
2026-06-26 20:23:09,20,Friday,0,4,30.4,76.7,25.135,87.266235,0.47,82.166664,3.083065
2026-06-26 20:24:09,20,Friday,0,4,30.4,76.7,25.130001,87.31887,0.45999998,82.0,3.1064339
2026-06-26 20:25:09,20,Friday,0,4,30.4,76.6,25.125,87.371506,0.45,81.833336,3.1298025
2026-06-26 20:26:09,20,Friday,0,4,30.4,76.6,25.12,87.42415,0.44,81.666664,3.1531713
2026-06-26 20:27:09,20,Friday,0,4,30.4,76.6,25.115,87.47678,0.43,81.5,3.17654
2026-06-26 20:28:09,20,Friday,0,4,30.4,76.5,25.11,87.52943,0.42,81.333336,3.1999087
2026-06-26 20:29:09,20,Friday,0,4,30.4,76.6,25.105,87.58206,0.41,81.166664,3.2232773
2026-06-26 20:30:09,20,Friday,0,4,30.4,76.6,25.1,87.634705,0.4,81.0,3.2466462
2026-06-26 20:31:09,20,Friday,0,4,30.4,76.6,25.095001,87.68734,0.39,80.833336,3.270015
2026-06-26 20:32:09,20,Friday,0,4,30.4,76.5,25.09,87.739975,0.38,80.666664,3.2933836
2026-06-26 20:33:09,20,Friday,0,4,30.4,76.5,25.085001,87.79262,0.37,80.5,3.3167524
2026-06-26 20:34:09,20,Friday,0,4,30.4,76.5,25.08,87.84525,0.35999998,80.333336,3.340121
2026-06-26 20:35:09,20,Friday,0,4,30.4,76.6,25.075,87.897896,0.35,80.166664,3.3634899
2026-06-26 20:36:09,20,Friday,0,4,30.4,76.4,25.07,87.95053,0.34,80.0,3.3868585
2026-06-26 20:37:09,20,Friday,0,4,30.4,76.5,25.065,88.00317,0.32999998,79.833336,3.4102273
2026-06-26 20:38:09,20,Friday,0,4,30.4,76.6,25.060001,88.05581,0.32,79.666664,3.4335961
2026-06-26 20:39:10,20,Friday,0,4,30.4,76.7,25.055,88.108444,0.31,79.5,3.4569647
2026-06-26 20:40:10,20,Friday,0,4,30.4,76.6,25.050001,88.16109,0.3,79.333336,3.4803336
2026-06-26 20:41:10,20,Friday,0,4,30.4,76.7,25.045,88.21372,0.29,79.166664,3.5037022
2026-06-26 20:42:10,20,Friday,0,4,30.4,76.6,25.04,88.26636,0.28,79.0,3.527071
2026-06-26 20:43:10,20,Friday,0,4,30.4,76.7,25.035,88.319,0.27,78.833336,3.5504396
2026-06-26 20:44:10,20,Friday,0,4,30.4,76.7,25.03,88.371635,0.26,78.666664,3.5738084
2026-06-26 20:45:10,20,Friday,0,4,30.4,76.7,25.025002,88.42428,0.25,78.5,3.597177
2026-06-26 20:46:10,20,Friday,0,4,30.4,76.7,25.02,88.47691,0.24,78.333336,3.6205459
2026-06-26 20:47:10,20,Friday,0,4,30.4,76.8,25.015001,88.52956,0.23,78.166664,3.6439147
2026-06-26 20:48:10,20,Friday,0,4,30.4,76.8,25.01,88.58219,0.22,78.0,3.6672833
2026-06-26 20:49:10,20,Friday,0,4,30.4,76.8,25.005001,88.63483,0.21,77.833336,3.6906521
2026-06-26 20:50:10,20,Friday,0,4,30.4,76.9,25.0,88.68747,0.2,77.666664,3.7140207
2026-06-26 20:51:10,20,Friday,0,4,30.4,76.8,24.995,88.740105,0.19,77.5,3.7373896
2026-06-26 20:52:10,20,Friday,0,4,30.4,76.8,24.99,88.79275,0.18,77.333336,3.7607582
2026-06-26 20:53:10,20,Friday,0,4,30.4,76.7,24.985,88.84538,0.17,77.166664,3.784127
2026-06-26 20:54:10,20,Friday,0,4,30.4,76.8,24.980001,88.898026,0.16,77.0,3.8074958
2026-06-26 20:55:10,20,Friday,0,4,30.4,76.8,24.975,88.95066,0.15,76.833336,3.8308644
2026-06-26 20:56:10,20,Friday,0,4,30.4,76.9,24.970001,89.003296,0.14,76.666664,3.8542333
2026-06-26 20:57:10,20,Friday,0,4,30.4,76.8,24.965,89.05594,0.13,76.5,3.8776019
2026-06-26 20:58:10,20,Friday,0,4,30.4,76.9,24.960001,89.108574,0.120000005,76.333336,3.9009707
2026-06-26 20:59:10,20,Friday,0,4,30.4,77.0,24.955,89.16122,0.11,76.166664,3.9243393
2026-06-26 21:00:10,21,Friday,0,4,30.4,77.0,24.95,89.21385,0.1,76.0,3.9477081
2026-06-26 21:01:10,21,Friday,0,4,30.4,76.9,24.940834,89.282234,0.09833334,75.21667,3.929347
2026-06-26 21:02:10,21,Friday,0,4,30.4,76.9,24.931667,89.35062,0.09666667,74.433334,3.9109862
2026-06-26 21:03:10,21,Friday,0,4,30.4,76.9,24.9225,89.419,0.095,73.65,3.892625
2026-06-26 21:04:10,21,Friday,0,4,30.4,76.9,24.913334,89.48738,0.093333334,72.86667,3.8742642
2026-06-26 21:05:10,21,Friday,0,4,30.4,76.9,24.904167,89.555756,0.09166667,72.083336,3.8559031
2026-06-26 21:06:10,21,Friday,0,4,30.4,77.0,24.895,89.62414,0.09,71.3,3.8375423
2026-06-26 21:07:10,21,Friday,0,4,30.4,77.0,24.885834,89.69252,0.08833333,70.51667,3.8191812
2026-06-26 21:08:10,21,Friday,0,4,30.4,76.9,24.876667,89.7609,0.086666666,69.73333,3.8008204
2026-06-26 21:09:10,21,Friday,0,4,30.4,76.9,24.8675,89.829285,0.085,68.95,3.7824593
2026-06-26 21:10:10,21,Friday,0,4,30.4,76.9,24.858334,89.89767,0.083333336,68.166664,3.7640984
2026-06-26 21:11:10,21,Friday,0,4,30.4,76.9,24.849167,89.96605,0.08166667,67.38333,3.7457373
2026-06-26 21:12:10,21,Friday,0,4,30.4,77.0,24.84,90.03443,0.08,66.6,3.7273765
2026-06-26 21:13:10,21,Friday,0,4,30.4,77.0,24.830833,90.102806,0.07833333,65.816666,3.7090154
2026-06-26 21:14:10,21,Friday,0,4,30.4,76.9,24.821667,90.17119,0.07666667,65.03333,3.6906545
2026-06-26 21:15:10,21,Friday,0,4,30.4,77.0,24.8125,90.23957,0.075,64.25,3.6722934
2026-06-26 21:16:10,21,Friday,0,4,30.4,77.0,24.803333,90.30795,0.07333334,63.466667,3.6539326
2026-06-26 21:17:10,21,Friday,0,4,30.4,77.1,24.794167,90.376335,0.071666665,62.683334,3.6355715
2026-06-26 21:18:10,21,Friday,0,4,30.4,77.1,24.785,90.44472,0.07,61.9,3.6172106
2026-06-26 21:19:10,21,Friday,0,4,30.3,77.0,24.775833,90.5131,0.068333335,61.116665,3.5988495
2026-06-26 21:20:10,21,Friday,0,4,30.3,77.0,24.766666,90.58148,0.06666667,60.333332,3.5804887
2026-06-26 21:21:10,21,Friday,0,4,30.3,76.9,24.7575,90.649864,0.065,59.55,3.5621276
2026-06-26 21:22:10,21,Friday,0,4,30.3,76.8,24.748333,90.71824,0.06333333,58.766666,3.5437667
2026-06-26 21:23:10,21,Friday,0,4,30.3,76.9,24.739166,90.78662,0.061666667,57.983334,3.5254056
2026-06-26 21:24:10,21,Friday,0,4,30.3,76.8,24.73,90.855,0.060000002,57.2,3.5070448
2026-06-26 21:25:11,21,Friday,0,4,30.3,76.8,24.720833,90.923386,0.058333334,56.416668,3.4886837
2026-06-26 21:26:11,21,Friday,0,4,30.3,76.8,24.711666,90.99177,0.05666667,55.633335,3.4703228
2026-06-26 21:27:11,21,Friday,0,4,30.3,76.7,24.7025,91.06015,0.055,54.85,3.4519618
2026-06-26 21:28:11,21,Friday,0,4,30.3,76.6,24.693333,91.12853,0.053333335,54.066666,3.433601
2026-06-26 21:29:11,21,Friday,0,4,30.3,76.7,24.684166,91.196915,0.051666666,53.283333,3.4152398
2026-06-26 21:30:11,21,Friday,0,4,30.3,76.8,24.675,91.26529,0.05,52.5,3.3968787
2026-06-26 21:31:11,21,Friday,0,4,30.3,76.7,24.665834,91.33367,0.048333336,51.716667,3.3785179
2026-06-26 21:32:11,21,Friday,0,4,30.3,76.7,24.656668,91.402054,0.046666667,50.933334,3.3601568
2026-06-26 21:33:11,21,Friday,0,4,30.3,76.8,24.647501,91.470436,0.045,50.15,3.341796
2026-06-26 21:34:11,21,Friday,0,4,30.3,76.9,24.638334,91.53882,0.043333333,49.366665,3.3234348
2026-06-26 21:35:11,21,Friday,0,4,30.3,76.8,24.629168,91.6072,0.041666668,48.583332,3.305074
2026-06-26 21:36:11,21,Friday,0,4,30.3,76.8,24.62,91.67558,0.04,47.8,3.286713
2026-06-26 21:37:11,21,Friday,0,4,30.3,76.9,24.610834,91.743965,0.038333334,47.016666,3.268352
2026-06-26 21:38:11,21,Friday,0,4,30.3,76.9,24.601667,91.81235,0.03666667,46.233334,3.249991
2026-06-26 21:39:11,21,Friday,0,4,30.3,77.1,24.5925,91.88072,0.035,45.45,3.23163
2026-06-26 21:40:11,21,Friday,0,4,30.3,77.1,24.583334,91.949104,0.033333335,44.666668,3.213269
2026-06-26 21:41:11,21,Friday,0,4,30.3,77.0,24.574167,92.01749,0.031666666,43.883335,3.1949081
2026-06-26 21:42:11,21,Friday,0,4,30.3,77.1,24.565,92.08587,0.030000001,43.1,3.176547
2026-06-26 21:43:11,21,Friday,0,4,30.3,77.1,24.555834,92.15425,0.028333334,42.316666,3.1581862
2026-06-26 21:44:11,21,Friday,0,4,30.3,77.1,24.546667,92.22263,0.026666667,41.533333,3.139825
2026-06-26 21:45:11,21,Friday,0,4,30.3,77.1,24.5375,92.291016,0.025,40.75,3.1214643
2026-06-26 21:46:11,21,Friday,0,4,30.3,77.0,24.528334,92.3594,0.023333333,39.966667,3.1031032
2026-06-26 21:47:11,21,Friday,0,4,30.3,77.0,24.519167,92.42778,0.021666666,39.183334,3.0847423
2026-06-26 21:48:11,21,Friday,0,4,30.3,77.1,24.51,92.496155,0.02,38.4,3.0663812
2026-06-26 21:49:11,21,Friday,0,4,30.3,77.1,24.500834,92.56454,0.018333334,37.616665,3.0480204
2026-06-26 21:50:11,21,Friday,0,4,30.3,77.1,24.491667,92.63292,0.016666668,36.833332,3.0296593
2026-06-26 21:51:11,21,Friday,0,4,30.3,77.1,24.4825,92.7013,0.015000001,36.05,3.0112984
2026-06-26 21:52:11,21,Friday,0,4,30.3,77.1,24.473333,92.769684,0.013333334,35.266666,2.9929373
2026-06-26 21:53:11,21,Friday,0,4,30.3,77.0,24.464167,92.838066,0.011666667,34.483334,2.9745765
2026-06-26 21:54:11,21,Friday,0,4,30.3,77.0,24.455,92.90645,0.01,33.7,2.9562154
2026-06-26 21:55:11,21,Friday,0,4,30.3,77.0,24.445833,92.97483,0.008333334,32.916668,2.9378545
2026-06-26 21:56:11,21,Friday,0,4,30.3,77.0,24.436666,93.043205,0.006666667,32.133335,2.9194934
2026-06-26 21:57:11,21,Friday,0,4,30.3,77.0,24.4275,93.11159,0.005,31.35,2.9011326
2026-06-26 21:58:11,21,Friday,0,4,30.3,77.0,24.418333,93.17997,0.0033333334,30.566668,2.8827715
2026-06-26 21:59:11,21,Friday,0,4,30.3,77.0,24.409166,93.24835,0.0016666667,29.783333,2.8644106
2026-06-26 22:00:11,22,Friday,0,4,30.3,77.0,24.4,93.316734,0.0,29.0,2.8460495
2026-06-26 22:01:11,22,Friday,0,4,30.3,76.9,24.4025,93.29819,0.0,28.966667,2.847819
2026-06-26 22:02:11,22,Friday,0,4,30.3,77.0,24.404999,93.27963,0.0,28.933332,2.8495886
2026-06-26 22:03:11,22,Friday,0,4,30.3,77.0,24.4075,93.261086,0.0,28.9,2.851358
2026-06-26 22:04:11,22,Friday,0,4,30.3,77.0,24.41,93.24253,0.0,28.866667,2.8531275
2026-06-26 22:05:11,22,Friday,0,4,30.3,77.0,24.4125,93.22398,0.0,28.833334,2.854897
2026-06-26 22:06:11,22,Friday,0,4,30.3,77.1,24.414999,93.20543,0.0,28.8,2.8566666
2026-06-26 22:07:11,22,Friday,0,4,30.3,77.1,24.4175,93.18688,0.0,28.766666,2.858436
2026-06-26 22:08:11,22,Friday,0,4,30.3,77.2,24.42,93.16833,0.0,28.733334,2.8602057
2026-06-26 22:09:11,22,Friday,0,4,30.3,77.1,24.422499,93.14978,0.0,28.7,2.861975
2026-06-26 22:10:11,22,Friday,0,4,30.3,77.1,24.425,93.131226,0.0,28.666666,2.8637445
2026-06-26 22:11:12,22,Friday,0,4,30.2,77.2,24.4275,93.11268,0.0,28.633333,2.865514
2026-06-26 22:12:12,22,Friday,0,4,30.3,77.3,24.43,93.094124,0.0,28.6,2.8672836
2026-06-26 22:13:12,22,Friday,0,4,30.3,77.3,24.432499,93.07558,0.0,28.566668,2.8690531
2026-06-26 22:14:12,22,Friday,0,4,30.2,77.4,24.435,93.05702,0.0,28.533333,2.8708224
2026-06-26 22:15:12,22,Friday,0,4,30.2,77.3,24.4375,93.038475,0.0,28.5,2.872592
2026-06-26 22:16:12,22,Friday,0,4,30.2,77.4,24.439999,93.01992,0.0,28.466667,2.8743615
2026-06-26 22:17:12,22,Friday,0,4,30.2,77.4,24.4425,93.00137,0.0,28.433332,2.876131
2026-06-26 22:18:12,22,Friday,0,4,30.2,77.5,24.445,92.98282,0.0,28.4,2.8779006
2026-06-26 22:19:12,22,Friday,0,4,30.2,77.4,24.4475,92.96427,0.0,28.366667,2.8796701
2026-06-26 22:20:12,22,Friday,0,4,30.2,77.6,24.449999,92.94572,0.0,28.333334,2.8814394
2026-06-26 22:21:12,22,Friday,0,4,30.3,77.5,24.4525,92.92717,0.0,28.3,2.883209
2026-06-26 22:22:12,22,Friday,0,4,30.2,77.4,24.455,92.908615,0.0,28.266666,2.8849785
2026-06-26 22:23:12,22,Friday,0,4,30.2,77.6,24.457499,92.89007,0.0,28.233334,2.886748
2026-06-26 22:24:12,22,Friday,0,4,30.2,77.5,24.46,92.87151,0.0,28.2,2.8885176
2026-06-26 22:25:12,22,Friday,0,4,30.2,77.6,24.4625,92.85297,0.0,28.166666,2.890287
2026-06-26 22:26:12,22,Friday,0,4,30.2,77.5,24.465,92.83441,0.0,28.133333,2.8920565
2026-06-26 22:27:12,22,Friday,0,4,30.2,77.6,24.467499,92.815865,0.0,28.1,2.893826
2026-06-26 22:28:12,22,Friday,0,4,30.2,77.5,24.47,92.79731,0.0,28.066668,2.8955956
2026-06-26 22:29:12,22,Friday,0,4,30.2,77.5,24.4725,92.77876,0.0,28.033333,2.897365
2026-06-26 22:30:12,22,Friday,0,4,30.2,77.6,24.474998,92.76021,0.0,28.0,2.8991346
2026-06-26 22:31:12,22,Friday,0,4,30.2,77.6,24.477499,92.74166,0.0,27.966667,2.900904
2026-06-26 22:32:12,22,Friday,0,4,30.2,77.6,24.48,92.723114,0.0,27.933332,2.9026735
2026-06-26 22:33:12,22,Friday,0,4,30.2,77.7,24.4825,92.70456,0.0,27.9,2.904443
2026-06-26 22:34:12,22,Friday,0,4,30.2,77.7,24.484999,92.68601,0.0,27.866667,2.9062126
2026-06-26 22:35:12,22,Friday,0,4,30.2,77.7,24.4875,92.66746,0.0,27.833334,2.907982
2026-06-26 22:36:12,22,Friday,0,4,30.2,77.8,24.49,92.64891,0.0,27.8,2.9097514
2026-06-26 22:37:12,22,Friday,0,4,30.2,77.9,24.4925,92.630356,0.0,27.766666,2.911521
2026-06-26 22:38:12,22,Friday,0,4,30.2,77.9,24.494999,92.61181,0.0,27.733334,2.9132905
2026-06-26 22:39:12,22,Friday,0,4,30.2,77.7,24.4975,92.593254,0.0,27.7,2.91506
2026-06-26 22:40:12,22,Friday,0,4,30.2,77.6,24.5,92.57471,0.0,27.666666,2.9168296
2026-06-26 22:41:12,22,Friday,0,4,30.2,77.7,24.502499,92.55615,0.0,27.633333,2.918599
2026-06-26 22:42:12,22,Friday,0,4,30.2,77.7,24.505,92.537605,0.0,27.6,2.9203684
2026-06-26 22:43:12,22,Friday,0,4,30.2,77.8,24.5075,92.51905,0.0,27.566668,2.922138
2026-06-26 22:44:12,22,Friday,0,4,30.2,77.6,24.51,92.5005,0.0,27.533333,2.9239075
2026-06-26 22:45:12,22,Friday,0,4,30.2,77.8,24.512499,92.48195,0.0,27.5,2.925677
2026-06-26 22:46:12,22,Friday,0,4,30.2,77.8,24.515,92.4634,0.0,27.466667,2.9274466
2026-06-26 22:47:12,22,Friday,0,4,30.2,77.8,24.5175,92.44485,0.0,27.433332,2.929216
2026-06-26 22:48:12,22,Friday,0,4,30.2,77.8,24.519999,92.4263,0.0,27.4,2.9309855
2026-06-26 22:49:12,22,Friday,0,4,30.2,77.8,24.5225,92.407745,0.0,27.366667,2.932755
2026-06-26 22:50:12,22,Friday,0,4,30.2,77.8,24.525,92.3892,0.0,27.333334,2.9345245
2026-06-26 22:51:12,22,Friday,0,4,30.2,77.7,24.5275,92.37064,0.0,27.3,2.936294
2026-06-26 22:52:12,22,Friday,0,4,30.2,77.7,24.529999,92.3521,0.0,27.266666,2.9380634
2026-06-26 22:53:12,22,Friday,0,4,30.2,77.6,24.5325,92.33354,0.0,27.233334,2.939833
2026-06-26 22:54:12,22,Friday,0,4,30.2,77.7,24.535,92.314995,0.0,27.2,2.9416025
2026-06-26 22:55:12,22,Friday,0,4,30.2,77.6,24.537498,92.29644,0.0,27.166666,2.943372
2026-06-26 22:56:12,22,Friday,0,4,30.1,77.5,24.539999,92.27789,0.0,27.133333,2.9451416
2026-06-26 22:57:12,22,Friday,0,4,30.2,77.6,24.5425,92.25934,0.0,27.1,2.946911
2026-06-26 22:58:13,22,Friday,0,4,30.2,77.6,24.545,92.24079,0.0,27.066668,2.9486804
2026-06-26 22:59:13,22,Friday,0,4,30.2,77.6,24.547499,92.22224,0.0,27.033333,2.95045
2026-06-26 23:00:13,23,Friday,0,4,30.2,77.5,24.55,92.20369,0.0,27.0,2.9522195
2026-06-26 23:01:13,23,Friday,0,4,30.2,77.5,24.5675,92.141304,0.0,27.95,2.988975
2026-06-26 23:02:13,23,Friday,0,4,30.1,77.4,24.585,92.07891,0.0,28.9,3.0257308
2026-06-26 23:03:13,23,Friday,0,4,30.1,77.5,24.602499,92.016525,0.0,29.85,3.0624864
2026-06-26 23:04:13,23,Friday,0,4,30.1,77.6,24.619999,91.95413,0.0,30.8,3.099242
2026-06-26 23:05:13,23,Friday,0,4,30.2,77.7,24.637499,91.89175,0.0,31.75,3.1359978
2026-06-26 23:06:13,23,Friday,0,4,30.2,77.7,24.654999,91.82935,0.0,32.7,3.1727533
2026-06-26 23:07:13,23,Friday,0,4,30.1,77.5,24.672499,91.76697,0.0,33.65,3.209509
2026-06-26 23:08:13,23,Friday,0,4,30.2,77.5,24.689999,91.704575,0.0,34.6,3.2462645
2026-06-26 23:09:13,23,Friday,0,4,30.1,77.6,24.707499,91.64219,0.0,35.55,3.2830203
2026-06-26 23:10:13,23,Friday,0,4,30.1,77.5,24.724998,91.579796,0.0,36.5,3.3197758
2026-06-26 23:11:13,23,Friday,0,4,30.1,77.5,24.7425,91.51741,0.0,37.45,3.3565314
2026-06-26 23:12:13,23,Friday,0,4,30.1,77.7,24.76,91.45502,0.0,38.4,3.3932872
2026-06-26 23:13:13,23,Friday,0,4,30.1,77.7,24.7775,91.39263,0.0,39.35,3.4300427
2026-06-26 23:14:13,23,Friday,0,4,30.1,77.7,24.795,91.33024,0.0,40.3,3.4667983
2026-06-26 23:15:13,23,Friday,0,4,30.1,77.7,24.8125,91.26785,0.0,41.25,3.5035539
2026-06-26 23:16:13,23,Friday,0,4,30.1,77.7,24.83,91.20546,0.0,42.2,3.5403097
2026-06-26 23:17:13,23,Friday,0,4,30.1,77.8,24.8475,91.143074,0.0,43.15,3.5770652
2026-06-26 23:18:13,23,Friday,0,4,30.1,77.8,24.865,91.08068,0.0,44.1,3.6138208
2026-06-26 23:19:13,23,Friday,0,4,30.1,77.9,24.8825,91.018295,0.0,45.05,3.6505766
2026-06-26 23:20:13,23,Friday,0,4,30.1,77.7,24.9,90.9559,0.0,46.0,3.6873322
2026-06-26 23:21:13,23,Friday,0,4,30.1,77.8,24.9175,90.89352,0.0,46.95,3.7240877
2026-06-26 23:22:13,23,Friday,0,4,30.1,77.8,24.935,90.83112,0.0,47.9,3.7608435
2026-06-26 23:23:13,23,Friday,0,4,30.1,77.9,24.9525,90.76874,0.0,48.85,3.797599
2026-06-26 23:24:13,23,Friday,0,4,30.1,78.0,24.97,90.706345,0.0,49.8,3.8343546
2026-06-26 23:25:13,23,Friday,0,4,30.1,78.0,24.9875,90.64396,0.0,50.75,3.8711104
2026-06-26 23:26:13,23,Friday,0,4,30.1,78.0,25.005,90.581566,0.0,51.7,3.907866
2026-06-26 23:27:13,23,Friday,0,4,30.1,78.0,25.0225,90.51918,0.0,52.65,3.9446216
2026-06-26 23:28:13,23,Friday,0,4,30.1,78.0,25.039999,90.45679,0.0,53.6,3.9813771
2026-06-26 23:29:13,23,Friday,0,4,30.1,77.9,25.057499,90.3944,0.0,54.55,4.0181327
2026-06-26 23:30:13,23,Friday,0,4,30.1,78.1,25.075,90.332016,0.0,55.5,4.0548887
2026-06-26 23:31:13,23,Friday,0,4,30.1,78.0,25.0925,90.26962,0.0,56.45,4.0916443
2026-06-26 23:32:13,23,Friday,0,4,30.1,78.3,25.11,90.20724,0.0,57.4,4.1284
2026-06-26 23:33:13,23,Friday,0,4,30.1,78.2,25.1275,90.144844,0.0,58.35,4.1651554
2026-06-26 23:34:13,23,Friday,0,4,30.1,78.2,25.145,90.08246,0.0,59.3,4.201911
2026-06-26 23:35:13,23,Friday,0,4,30.1,78.3,25.1625,90.020065,0.0,60.25,4.2386665
2026-06-26 23:36:13,23,Friday,0,4,30.1,78.3,25.18,89.95768,0.0,61.2,4.275422
2026-06-26 23:37:13,23,Friday,0,4,30.1,78.3,25.1975,89.89529,0.0,62.15,4.312178
2026-06-26 23:38:13,23,Friday,0,4,30.1,78.4,25.215,89.8329,0.0,63.1,4.3489337
2026-06-26 23:39:13,23,Friday,0,4,30.1,78.4,25.2325,89.77051,0.0,64.05,4.3856893
2026-06-26 23:40:13,23,Friday,0,4,30.1,78.4,25.25,89.70812,0.0,65.0,4.422445
2026-06-26 23:41:13,23,Friday,0,4,30.1,78.4,25.2675,89.64573,0.0,65.95,4.4592004
2026-06-26 23:42:13,23,Friday,0,4,30.1,78.5,25.285,89.58334,0.0,66.9,4.495956
2026-06-26 23:43:13,23,Friday,0,4,30.1,78.5,25.3025,89.52095,0.0,67.85,4.5327115
2026-06-26 23:44:14,23,Friday,0,4,30.1,78.3,25.32,89.458565,0.0,68.8,4.5694675
2026-06-26 23:45:14,23,Friday,0,4,30.1,78.3,25.3375,89.39617,0.0,69.75,4.606223
2026-06-26 23:46:14,23,Friday,0,4,30.1,78.3,25.355,89.333786,0.0,70.7,4.6429787
2026-06-26 23:47:14,23,Friday,0,4,30.1,78.2,25.3725,89.27139,0.0,71.65,4.679734
2026-06-26 23:48:14,23,Friday,0,4,30.1,78.2,25.39,89.20901,0.0,72.6,4.71649
2026-06-26 23:49:14,23,Friday,0,4,30.1,78.3,25.4075,89.146614,0.0,73.55,4.7532454
2026-06-26 23:50:14,23,Friday,0,4,30.1,78.3,25.425,89.08423,0.0,74.5,4.790001
2026-06-26 23:51:14,23,Friday,0,4,30.1,78.1,25.442501,89.021835,0.0,75.45,4.826757
2026-06-26 23:52:14,23,Friday,0,4,30.1,78.3,25.460001,88.95945,0.0,76.4,4.8635125
2026-06-26 23:53:14,23,Friday,0,4,30.1,78.4,25.4775,88.89706,0.0,77.35,4.900268
2026-06-26 23:54:14,23,Friday,0,4,30.1,78.4,25.495,88.83467,0.0,78.3,4.9370236
2026-06-26 23:55:14,23,Friday,0,4,30.1,78.4,25.5125,88.77228,0.0,79.25,4.973779
2026-06-26 23:56:14,23,Friday,0,4,30.1,78.3,25.53,88.70989,0.0,80.2,5.010535
2026-06-26 23:57:14,23,Friday,0,4,30.1,78.3,25.5475,88.6475,0.0,81.15,5.047291
2026-06-26 23:58:14,23,Friday,0,4,30.1,78.2,25.565,88.58511,0.0,82.1,5.0840464
2026-06-26 23:59:14,23,Friday,0,4,30.1,78.1,25.5825,88.52272,0.0,83.05,5.120802
2026-06-27 00:00:14,0,Saturday,1,5,30.1,78.2,25.6,88.460335,0.0,84.0,5.1575575
2026-06-27 00:01:14,0,Saturday,1,5,30.0,78.2,25.638334,88.321,0.0,83.25,5.128677
2026-06-27 00:02:14,0,Saturday,1,5,30.0,78.4,25.676666,88.181656,0.0,82.5,5.099797
2026-06-27 00:03:14,0,Saturday,1,5,30.1,78.3,25.715,88.04232,0.0,81.75,5.070916
2026-06-27 00:04:14,0,Saturday,1,5,30.1,78.2,25.753334,87.902985,0.0,81.0,5.042036
2026-06-27 00:05:14,0,Saturday,1,5,30.1,78.1,25.791668,87.76365,0.0,80.25,5.0131555
2026-06-27 00:06:14,0,Saturday,1,5,30.0,78.2,25.83,87.624306,0.0,79.5,4.984275
2026-06-27 00:07:14,0,Saturday,1,5,30.1,78.1,25.868334,87.48497,0.0,78.75,4.9553947
2026-06-27 00:08:14,0,Saturday,1,5,30.0,78.2,25.906668,87.345634,0.0,78.0,4.926514
2026-06-27 00:09:14,0,Saturday,1,5,30.0,78.2,25.945,87.20629,0.0,77.25,4.897634
2026-06-27 00:10:14,0,Saturday,1,5,30.0,78.2,25.983334,87.066956,0.0,76.5,4.8687534
2026-06-27 00:11:14,0,Saturday,1,5,30.0,78.2,26.021667,86.92762,0.0,75.75,4.839873
2026-06-27 00:12:14,0,Saturday,1,5,30.0,78.3,26.06,86.788284,0.0,75.0,4.8109927
2026-06-27 00:13:14,0,Saturday,1,5,30.0,78.4,26.098333,86.64894,0.0,74.25,4.782112
2026-06-27 00:14:14,0,Saturday,1,5,30.0,78.4,26.136667,86.509605,0.0,73.5,4.753232
2026-06-27 00:15:14,0,Saturday,1,5,30.0,78.3,26.175,86.37027,0.0,72.75,4.7243514
2026-06-27 00:16:14,0,Saturday,1,5,30.0,78.4,26.213333,86.23093,0.0,72.0,4.6954713
2026-06-27 00:17:14,0,Saturday,1,5,30.0,78.3,26.251667,86.09159,0.0,71.25,4.6665907
2026-06-27 00:18:14,0,Saturday,1,5,30.0,78.3,26.29,85.952255,0.0,70.5,4.63771
2026-06-27 00:19:14,0,Saturday,1,5,30.0,78.3,26.328333,85.81292,0.0,69.75,4.60883
2026-06-27 00:20:14,0,Saturday,1,5,30.0,78.3,26.366667,85.67358,0.0,69.0,4.5799494
2026-06-27 00:21:14,0,Saturday,1,5,30.0,78.2,26.405,85.53424,0.0,68.25,4.5510693
2026-06-27 00:22:14,0,Saturday,1,5,30.0,78.4,26.443333,85.394905,0.0,67.5,4.5221887
2026-06-27 00:23:14,0,Saturday,1,5,30.0,78.5,26.481667,85.25556,0.0,66.75,4.493308
2026-06-27 00:24:14,0,Saturday,1,5,30.0,78.5,26.52,85.11623,0.0,66.0,4.464428
2026-06-27 00:25:14,0,Saturday,1,5,30.0,78.4,26.558334,84.97689,0.0,65.25,4.4355474
2026-06-27 00:26:14,0,Saturday,1,5,30.0,78.4,26.596666,84.837555,0.0,64.5,4.406667
2026-06-27 00:27:14,0,Saturday,1,5,30.0,78.5,26.635,84.69821,0.0,63.75,4.3777866
2026-06-27 00:28:14,0,Saturday,1,5,30.0,78.4,26.673334,84.558876,0.0,63.0,4.348906
2026-06-27 00:29:14,0,Saturday,1,5,30.0,78.5,26.711666,84.41954,0.0,62.25,4.320026
2026-06-27 00:30:14,0,Saturday,1,5,30.0,78.3,26.75,84.2802,0.0,61.5,4.2911453
2026-06-27 00:31:15,0,Saturday,1,5,30.0,78.5,26.788334,84.14086,0.0,60.75,4.262265
2026-06-27 00:32:15,0,Saturday,1,5,30.0,78.4,26.826666,84.001526,0.0,60.0,4.2333846
2026-06-27 00:33:15,0,Saturday,1,5,30.0,78.4,26.865,83.86219,0.0,59.25,4.204504
2026-06-27 00:34:15,0,Saturday,1,5,30.0,78.3,26.903334,83.72285,0.0,58.5,4.175624
2026-06-27 00:35:15,0,Saturday,1,5,30.0,78.2,26.941666,83.58351,0.0,57.75,4.1467433
2026-06-27 00:36:15,0,Saturday,1,5,30.0,78.4,26.98,83.444176,0.0,57.0,4.117863
2026-06-27 00:37:15,0,Saturday,1,5,30.0,78.3,27.018333,83.30484,0.0,56.25,4.0889826
2026-06-27 00:38:15,0,Saturday,1,5,30.0,78.4,27.056667,83.1655,0.0,55.5,4.0601025
2026-06-27 00:39:15,0,Saturday,1,5,30.0,78.5,27.095,83.02616,0.0,54.75,4.031222
2026-06-27 00:40:15,0,Saturday,1,5,30.0,78.4,27.133333,82.886826,0.0,54.0,4.0023413
2026-06-27 00:41:15,0,Saturday,1,5,30.0,78.5,27.171667,82.74748,0.0,53.25,3.973461
2026-06-27 00:42:15,0,Saturday,1,5,30.0,78.5,27.21,82.60815,0.0,52.5,3.9445806
2026-06-27 00:43:15,0,Saturday,1,5,30.0,78.4,27.248333,82.46881,0.0,51.75,3.9157002
2026-06-27 00:44:15,0,Saturday,1,5,30.0,78.4,27.286667,82.329475,0.0,51.0,3.8868198
2026-06-27 00:45:15,0,Saturday,1,5,30.0,78.5,27.325,82.19013,0.0,50.25,3.8579395
2026-06-27 00:46:15,0,Saturday,1,5,30.0,78.5,27.363333,82.0508,0.0,49.5,3.8290591
2026-06-27 00:47:15,0,Saturday,1,5,30.0,78.5,27.401667,81.91146,0.0,48.75,3.8001785
2026-06-27 00:48:15,0,Saturday,1,5,30.0,78.4,27.44,81.77212,0.0,48.0,3.7712982
2026-06-27 00:49:15,0,Saturday,1,5,30.0,78.5,27.478333,81.63278,0.0,47.25,3.7424178
2026-06-27 00:50:15,0,Saturday,1,5,30.0,78.5,27.516666,81.49345,0.0,46.5,3.7135375
2026-06-27 00:51:15,0,Saturday,1,5,29.9,78.6,27.555,81.35411,0.0,45.75,3.684657
2026-06-27 00:52:15,0,Saturday,1,5,30.0,78.6,27.593332,81.21477,0.0,45.0,3.6557765
2026-06-27 00:53:15,0,Saturday,1,5,30.0,78.5,27.631666,81.07543,0.0,44.25,3.6268961
2026-06-27 00:54:15,0,Saturday,1,5,29.9,78.5,27.67,80.9361,0.0,43.5,3.5980158
2026-06-27 00:55:15,0,Saturday,1,5,30.0,78.6,27.708332,80.79675,0.0,42.75,3.5691354
2026-06-27 00:56:15,0,Saturday,1,5,29.9,78.6,27.746666,80.65742,0.0,42.0,3.540255
2026-06-27 00:57:15,0,Saturday,1,5,29.9,78.5,27.785,80.51808,0.0,41.25,3.5113747
2026-06-27 00:58:15,0,Saturday,1,5,29.9,78.6,27.823334,80.378746,0.0,40.5,3.482494
2026-06-27 00:59:15,0,Saturday,1,5,29.9,78.5,27.861666,80.2394,0.0,39.75,3.4536138
2026-06-27 01:00:15,1,Saturday,1,5,29.9,78.7,27.9,80.10007,0.0,39.0,3.4247334
2026-06-27 01:01:15,1,Saturday,1,5,29.9,78.7,27.932499,79.84768,0.0,38.916668,3.4475358
2026-06-27 01:02:15,1,Saturday,1,5,29.9,78.6,27.965,79.59528,0.0,38.833332,3.4703379
2026-06-27 01:03:15,1,Saturday,1,5,29.9,78.7,27.9975,79.342896,0.0,38.75,3.4931402
2026-06-27 01:04:15,1,Saturday,1,5,29.9,78.6,28.029999,79.09051,0.0,38.666668,3.5159426
2026-06-27 01:05:15,1,Saturday,1,5,29.9,78.7,28.0625,78.83811,0.0,38.583332,3.5387447
2026-06-27 01:06:15,1,Saturday,1,5,29.9,78.6,28.095,78.585724,0.0,38.5,3.561547
2026-06-27 01:07:15,1,Saturday,1,5,29.9,78.7,28.1275,78.333336,0.0,38.416668,3.5843494
2026-06-27 01:08:15,1,Saturday,1,5,29.9,78.6,28.16,78.08094,0.0,38.333332,3.6071515
2026-06-27 01:09:15,1,Saturday,1,5,29.9,78.7,28.1925,77.82855,0.0,38.25,3.6299539
2026-06-27 01:10:15,1,Saturday,1,5,29.9,78.7,28.225,77.576164,0.0,38.166668,3.6527562
2026-06-27 01:11:15,1,Saturday,1,5,29.9,78.8,28.2575,77.32378,0.0,38.083332,3.6755583
2026-06-27 01:12:15,1,Saturday,1,5,29.9,78.6,28.289999,77.07138,0.0,38.0,3.6983607
2026-06-27 01:13:15,1,Saturday,1,5,29.9,78.6,28.3225,76.81899,0.0,37.916668,3.7211628
2026-06-27 01:14:15,1,Saturday,1,5,29.9,78.8,28.355,76.566605,0.0,37.833332,3.7439651
2026-06-27 01:15:15,1,Saturday,1,5,29.9,78.8,28.3875,76.31421,0.0,37.75,3.7667675
2026-06-27 01:16:15,1,Saturday,1,5,29.9,78.8,28.42,76.06182,0.0,37.666668,3.7895696
2026-06-27 01:17:16,1,Saturday,1,5,29.9,78.7,28.4525,75.80943,0.0,37.583332,3.812372
2026-06-27 01:18:16,1,Saturday,1,5,29.9,78.8,28.485,75.55704,0.0,37.5,3.8351743
2026-06-27 01:19:16,1,Saturday,1,5,29.9,78.8,28.5175,75.30465,0.0,37.416668,3.8579764
2026-06-27 01:20:16,1,Saturday,1,5,29.9,78.8,28.55,75.05226,0.0,37.333332,3.8807788
2026-06-27 01:21:16,1,Saturday,1,5,29.9,78.8,28.5825,74.799866,0.0,37.25,3.9035811
2026-06-27 01:22:16,1,Saturday,1,5,29.9,78.8,28.615,74.54748,0.0,37.166668,3.9263833
2026-06-27 01:23:16,1,Saturday,1,5,29.9,78.8,28.6475,74.29509,0.0,37.083332,3.9491856
2026-06-27 01:24:16,1,Saturday,1,5,29.9,78.9,28.68,74.042694,0.0,37.0,3.971988
2026-06-27 01:25:16,1,Saturday,1,5,29.9,78.9,28.7125,73.790306,0.0,36.916668,3.99479
2026-06-27 01:26:16,1,Saturday,1,5,29.9,78.9,28.745,73.53792,0.0,36.833332,4.0175924
2026-06-27 01:27:16,1,Saturday,1,5,29.9,79.0,28.7775,73.28552,0.0,36.75,4.040395
2026-06-27 01:28:16,1,Saturday,1,5,29.9,78.8,28.81,73.033134,0.0,36.666668,4.063197
2026-06-27 01:29:16,1,Saturday,1,5,29.9,78.8,28.8425,72.78075,0.0,36.583332,4.085999
2026-06-27 01:30:16,1,Saturday,1,5,29.9,78.9,28.875,72.52835,0.0,36.5,4.1088014
2026-06-27 01:31:16,1,Saturday,1,5,29.9,78.9,28.9075,72.27596,0.0,36.416668,4.1316037
2026-06-27 01:32:16,1,Saturday,1,5,29.9,78.9,28.94,72.023575,0.0,36.333332,4.154406
2026-06-27 01:33:16,1,Saturday,1,5,29.9,78.9,28.9725,71.77119,0.0,36.25,4.1772084
2026-06-27 01:34:16,1,Saturday,1,5,29.9,78.9,29.005,71.51879,0.0,36.166668,4.200011
2026-06-27 01:35:16,1,Saturday,1,5,29.9,78.9,29.0375,71.2664,0.0,36.083332,4.2228127
2026-06-27 01:36:16,1,Saturday,1,5,29.9,79.0,29.07,71.014015,0.0,36.0,4.245615
2026-06-27 01:37:16,1,Saturday,1,5,29.9,79.0,29.1025,70.76162,0.0,35.916668,4.2684174
2026-06-27 01:38:16,1,Saturday,1,5,29.9,79.0,29.135,70.50923,0.0,35.833332,4.2912197
2026-06-27 01:39:16,1,Saturday,1,5,29.9,78.9,29.1675,70.25684,0.0,35.75,4.314022
2026-06-27 01:40:16,1,Saturday,1,5,29.9,78.9,29.2,70.00445,0.0,35.666668,4.3368244
2026-06-27 01:41:16,1,Saturday,1,5,29.9,79.0,29.2325,69.75206,0.0,35.583332,4.3596263
2026-06-27 01:42:16,1,Saturday,1,5,29.8,78.9,29.265,69.49967,0.0,35.5,4.3824286
2026-06-27 01:43:16,1,Saturday,1,5,29.8,79.0,29.2975,69.24728,0.0,35.416668,4.405231
2026-06-27 01:44:16,1,Saturday,1,5,29.8,79.0,29.33,68.99489,0.0,35.333332,4.4280334
2026-06-27 01:45:16,1,Saturday,1,5,29.8,79.0,29.3625,68.7425,0.0,35.25,4.4508357
2026-06-27 01:46:16,1,Saturday,1,5,29.8,79.0,29.395,68.490105,0.0,35.166668,4.4736376
2026-06-27 01:47:16,1,Saturday,1,5,29.8,79.1,29.4275,68.23772,0.0,35.083332,4.49644
2026-06-27 01:48:16,1,Saturday,1,5,29.8,79.0,29.460001,67.98533,0.0,35.0,4.5192423
2026-06-27 01:49:16,1,Saturday,1,5,29.8,79.1,29.4925,67.73293,0.0,34.916668,4.5420446
2026-06-27 01:50:16,1,Saturday,1,5,29.8,79.1,29.525,67.480545,0.0,34.833332,4.564847
2026-06-27 01:51:16,1,Saturday,1,5,29.8,79.0,29.5575,67.22816,0.0,34.75,4.5876493
2026-06-27 01:52:16,1,Saturday,1,5,29.8,79.1,29.59,66.97577,0.0,34.666668,4.610451
2026-06-27 01:53:16,1,Saturday,1,5,29.8,79.0,29.6225,66.72337,0.0,34.583332,4.6332536
2026-06-27 01:54:16,1,Saturday,1,5,29.8,79.0,29.655,66.470985,0.0,34.5,4.656056
2026-06-27 01:55:16,1,Saturday,1,5,29.8,79.0,29.6875,66.2186,0.0,34.416668,4.6788583
2026-06-27 01:56:16,1,Saturday,1,5,29.8,79.1,29.720001,65.9662,0.0,34.333332,4.7016606
2026-06-27 01:57:16,1,Saturday,1,5,29.8,79.1,29.7525,65.71381,0.0,34.25,4.724463
2026-06-27 01:58:16,1,Saturday,1,5,29.8,79.1,29.785,65.461426,0.0,34.166668,4.747265
2026-06-27 01:59:16,1,Saturday,1,5,29.8,79.2,29.817501,65.20903,0.0,34.083332,4.770067
2026-06-27 02:00:16,2,Saturday,1,5,29.8,79.2,29.85,64.95664,0.0,34.0,4.7928696
2026-06-27 02:01:16,2,Saturday,1,5,29.8,79.1,29.87,64.81628,0.0,34.533333,4.845838
2026-06-27 02:02:16,2,Saturday,1,5,29.8,79.2,29.89,64.67591,0.0,35.066666,4.898806
2026-06-27 02:03:16,2,Saturday,1,5,29.8,79.1,29.91,64.53555,0.0,35.6,4.9517746
2026-06-27 02:04:17,2,Saturday,1,5,29.8,79.2,29.93,64.39519,0.0,36.133335,5.004743
2026-06-27 02:05:17,2,Saturday,1,5,29.8,79.1,29.95,64.25482,0.0,36.666668,5.0577116
2026-06-27 02:06:17,2,Saturday,1,5,29.8,79.1,29.970001,64.114456,0.0,37.2,5.1106796
2026-06-27 02:07:17,2,Saturday,1,5,29.8,79.1,29.99,63.974094,0.0,37.733334,5.163648
2026-06-27 02:08:17,2,Saturday,1,5,29.8,79.1,30.01,63.83373,0.0,38.266666,5.2166166
2026-06-27 02:09:17,2,Saturday,1,5,29.8,79.1,30.03,63.693367,0.0,38.8,5.269585
2026-06-27 02:10:17,2,Saturday,1,5,29.8,79.2,30.05,63.553,0.0,39.333332,5.322553
2026-06-27 02:11:17,2,Saturday,1,5,29.8,79.2,30.07,63.41264,0.0,39.866665,5.3755217
2026-06-27 02:12:17,2,Saturday,1,5,29.8,79.2,30.09,63.272274,0.0,40.4,5.42849
2026-06-27 02:13:17,2,Saturday,1,5,29.8,79.1,30.11,63.13191,0.0,40.933334,5.4814587
2026-06-27 02:14:17,2,Saturday,1,5,29.8,79.1,30.130001,62.991547,0.0,41.466667,5.5344267
2026-06-27 02:15:17,2,Saturday,1,5,29.8,79.2,30.15,62.85118,0.0,42.0,5.587395
2026-06-27 02:16:17,2,Saturday,1,5,29.8,79.2,30.17,62.71082,0.0,42.533333,5.6403637
2026-06-27 02:17:17,2,Saturday,1,5,29.8,79.1,30.19,62.570454,0.0,43.066666,5.6933317
2026-06-27 02:18:17,2,Saturday,1,5,29.8,79.2,30.21,62.43009,0.0,43.6,5.7463
2026-06-27 02:19:17,2,Saturday,1,5,29.8,79.2,30.23,62.289726,0.0,44.133335,5.7992687
2026-06-27 02:20:17,2,Saturday,1,5,29.8,79.3,30.25,62.14936,0.0,44.666668,5.852237
2026-06-27 02:21:17,2,Saturday,1,5,29.8,79.3,30.27,62.009,0.0,45.2,5.9052052
2026-06-27 02:22:17,2,Saturday,1,5,29.8,79.3,30.29,61.868633,0.0,45.733334,5.9581738
2026-06-27 02:23:17,2,Saturday,1,5,29.8,79.3,30.31,61.72827,0.0,46.266666,6.0111423
2026-06-27 02:24:17,2,Saturday,1,5,29.8,79.3,30.33,61.587906,0.0,46.8,6.0641108
2026-06-27 02:25:17,2,Saturday,1,5,29.8,79.3,30.35,61.44754,0.0,47.333332,6.117079
2026-06-27 02:26:17,2,Saturday,1,5,29.8,79.3,30.369999,61.30718,0.0,47.866665,6.1700473
2026-06-27 02:27:17,2,Saturday,1,5,29.8,79.3,30.39,61.166813,0.0,48.4,6.223016
2026-06-27 02:28:17,2,Saturday,1,5,29.7,79.3,30.41,61.02645,0.0,48.933334,6.2759843
2026-06-27 02:29:17,2,Saturday,1,5,29.7,79.3,30.43,60.886086,0.0,49.466667,6.3289523
2026-06-27 02:30:17,2,Saturday,1,5,29.7,79.2,30.45,60.74572,0.0,50.0,6.381921
2026-06-27 02:31:17,2,Saturday,1,5,29.7,79.4,30.47,60.60536,0.0,50.533333,6.4348893
2026-06-27 02:32:17,2,Saturday,1,5,29.7,79.4,30.49,60.464993,0.0,51.066666,6.4878573
2026-06-27 02:33:17,2,Saturday,1,5,29.7,79.4,30.51,60.32463,0.0,51.6,6.540826
2026-06-27 02:34:17,2,Saturday,1,5,29.8,79.3,30.529999,60.184265,0.0,52.133335,6.5937943
2026-06-27 02:35:17,2,Saturday,1,5,29.7,79.3,30.55,60.043903,0.0,52.666668,6.646763
2026-06-27 02:36:17,2,Saturday,1,5,29.7,79.3,30.57,59.903538,0.0,53.2,6.699731
2026-06-27 02:37:17,2,Saturday,1,5,29.7,79.3,30.59,59.763172,0.0,53.733334,6.7526994
2026-06-27 02:38:17,2,Saturday,1,5,29.7,79.3,30.61,59.62281,0.0,54.266666,6.805668
2026-06-27 02:39:17,2,Saturday,1,5,29.7,79.3,30.63,59.482445,0.0,54.8,6.8586364
2026-06-27 02:40:17,2,Saturday,1,5,29.7,79.3,30.65,59.342083,0.0,55.333332,6.9116044
2026-06-27 02:41:17,2,Saturday,1,5,29.7,79.2,30.67,59.201717,0.0,55.866665,6.964573
2026-06-27 02:42:17,2,Saturday,1,5,29.7,79.3,30.689999,59.061356,0.0,56.4,7.0175414
2026-06-27 02:43:17,2,Saturday,1,5,29.7,79.3,30.71,58.92099,0.0,56.933334,7.07051
2026-06-27 02:44:17,2,Saturday,1,5,29.7,79.3,30.73,58.780624,0.0,57.466667,7.123478
2026-06-27 02:45:17,2,Saturday,1,5,29.7,79.2,30.75,58.640263,0.0,58.0,7.1764464
2026-06-27 02:46:17,2,Saturday,1,5,29.7,79.3,30.77,58.499897,0.0,58.533333,7.229415
2026-06-27 02:47:17,2,Saturday,1,5,29.7,79.4,30.789999,58.359535,0.0,59.066666,7.282383
2026-06-27 02:48:17,2,Saturday,1,5,29.6,79.3,30.81,58.21917,0.0,59.6,7.3353515
2026-06-27 02:49:17,2,Saturday,1,5,29.7,79.4,30.83,58.078804,0.0,60.133335,7.38832
2026-06-27 02:50:17,2,Saturday,1,5,29.7,79.3,30.849998,57.938442,0.0,60.666668,7.4412885
2026-06-27 02:51:18,2,Saturday,1,5,29.7,79.4,30.869999,57.798077,0.0,61.2,7.4942565
2026-06-27 02:52:18,2,Saturday,1,5,29.6,79.4,30.89,57.657715,0.0,61.733334,7.547225
2026-06-27 02:53:18,2,Saturday,1,5,29.7,79.4,30.91,57.51735,0.0,62.266666,7.6001935
2026-06-27 02:54:18,2,Saturday,1,5,29.7,79.3,30.93,57.376984,0.0,62.8,7.653162
2026-06-27 02:55:18,2,Saturday,1,5,29.7,79.4,30.949999,57.23662,0.0,63.333332,7.70613
2026-06-27 02:56:18,2,Saturday,1,5,29.7,79.3,30.97,57.096256,0.0,63.866665,7.7590985
2026-06-27 02:57:18,2,Saturday,1,5,29.7,79.4,30.99,56.955894,0.0,64.4,7.812067
2026-06-27 02:58:18,2,Saturday,1,5,29.6,79.3,31.009998,56.81553,0.0,64.933334,7.8650355
2026-06-27 02:59:18,2,Saturday,1,5,29.7,79.3,31.029999,56.675167,0.0,65.46667,7.9180036
2026-06-27 03:00:18,3,Saturday,1,5,29.7,79.3,31.05,56.5348,0.0,66.0,7.970972
2026-06-27 03:01:18,3,Saturday,1,5,29.6,79.2,31.058332,56.513992,0.0016666667,66.51667,7.9761224
2026-06-27 03:02:18,3,Saturday,1,5,29.7,79.3,31.066666,56.49318,0.0033333334,67.03333,7.981273
2026-06-27 03:03:18,3,Saturday,1,5,29.7,79.3,31.074999,56.47237,0.005,67.55,7.9864235
2026-06-27 03:04:18,3,Saturday,1,5,29.7,79.3,31.083332,56.451557,0.006666667,68.066666,7.991574
2026-06-27 03:05:18,3,Saturday,1,5,29.7,79.3,31.091665,56.430748,0.008333334,68.583336,7.996724
2026-06-27 03:06:18,3,Saturday,1,5,29.7,79.3,31.099998,56.409935,0.01,69.1,8.001875
2026-06-27 03:07:18,3,Saturday,1,5,29.7,79.3,31.108332,56.389126,0.011666667,69.61667,8.007026
2026-06-27 03:08:18,3,Saturday,1,5,29.7,79.3,31.116667,56.368313,0.013333334,70.13333,8.012176
2026-06-27 03:09:18,3,Saturday,1,5,29.6,79.4,31.125,56.347504,0.015000001,70.65,8.017326
2026-06-27 03:10:18,3,Saturday,1,5,29.7,79.4,31.133333,56.32669,0.016666668,71.166664,8.022476
2026-06-27 03:11:18,3,Saturday,1,5,29.7,79.4,31.141666,56.30588,0.018333334,71.683334,8.027627
2026-06-27 03:12:18,3,Saturday,1,5,29.6,79.4,31.15,56.28507,0.02,72.2,8.032778
2026-06-27 03:13:18,3,Saturday,1,5,29.7,79.4,31.158333,56.26426,0.021666666,72.71667,8.037928
2026-06-27 03:14:18,3,Saturday,1,5,29.6,79.3,31.166666,56.243446,0.023333333,73.23333,8.043078
2026-06-27 03:15:18,3,Saturday,1,5,29.7,79.4,31.175,56.222637,0.025,73.75,8.048229
2026-06-27 03:16:18,3,Saturday,1,5,29.7,79.4,31.183332,56.201824,0.026666667,74.26667,8.053379
2026-06-27 03:17:18,3,Saturday,1,5,29.6,79.4,31.191666,56.181015,0.028333334,74.78333,8.05853
2026-06-27 03:18:18,3,Saturday,1,5,29.6,79.3,31.199999,56.160202,0.030000001,75.3,8.063681
2026-06-27 03:19:18,3,Saturday,1,5,29.6,79.3,31.208332,56.139393,0.031666666,75.816666,8.0688305
2026-06-27 03:20:18,3,Saturday,1,5,29.6,79.4,31.216665,56.11858,0.033333335,76.333336,8.073981
2026-06-27 03:21:18,3,Saturday,1,5,29.6,79.3,31.224998,56.09777,0.035,76.85,8.079132
2026-06-27 03:22:18,3,Saturday,1,5,29.7,79.3,31.233332,56.076958,0.03666667,77.36667,8.084282
2026-06-27 03:23:18,3,Saturday,1,5,29.7,79.3,31.241667,56.05615,0.038333334,77.88333,8.089433
2026-06-27 03:24:18,3,Saturday,1,5,29.6,79.3,31.25,56.035336,0.04,78.4,8.0945835
2026-06-27 03:25:18,3,Saturday,1,5,29.6,79.2,31.258333,56.014526,0.041666668,78.916664,8.099733
2026-06-27 03:26:18,3,Saturday,1,5,29.6,79.4,31.266666,55.993713,0.043333333,79.433334,8.104884
2026-06-27 03:27:18,3,Saturday,1,5,29.6,79.4,31.275,55.972904,0.045,79.95,8.110035
2026-06-27 03:28:18,3,Saturday,1,5,29.6,79.3,31.283333,55.95209,0.046666667,80.46667,8.115185
2026-06-27 03:29:18,3,Saturday,1,5,29.6,79.4,31.291666,55.931282,0.048333336,80.98333,8.120336
2026-06-27 03:30:18,3,Saturday,1,5,29.6,79.3,31.3,55.91047,0.05,81.5,8.125486
2026-06-27 03:31:18,3,Saturday,1,5,29.6,79.4,31.308332,55.88966,0.051666666,82.01667,8.130636
2026-06-27 03:32:18,3,Saturday,1,5,29.6,79.4,31.316666,55.86885,0.053333335,82.53333,8.135787
2026-06-27 03:33:18,3,Saturday,1,5,29.6,79.3,31.324999,55.848038,0.055,83.05,8.140937
2026-06-27 03:34:18,3,Saturday,1,5,29.6,79.3,31.333332,55.82723,0.05666667,83.566666,8.146088
2026-06-27 03:35:18,3,Saturday,1,5,29.6,79.3,31.341665,55.806416,0.058333334,84.083336,8.151238
2026-06-27 03:36:18,3,Saturday,1,5,29.6,79.4,31.349998,55.785606,0.060000002,84.6,8.156388
2026-06-27 03:37:18,3,Saturday,1,5,29.6,79.3,31.358332,55.764793,0.061666667,85.11667,8.161539
2026-06-27 03:38:19,3,Saturday,1,5,29.6,79.4,31.366667,55.743984,0.06333333,85.63333,8.16669
2026-06-27 03:39:19,3,Saturday,1,5,29.6,79.3,31.375,55.72317,0.065,86.15,8.17184
2026-06-27 03:40:19,3,Saturday,1,5,29.6,79.4,31.383333,55.702362,0.06666667,86.666664,8.1769905
2026-06-27 03:41:19,3,Saturday,1,5,29.6,79.4,31.391666,55.68155,0.068333335,87.183334,8.182141
2026-06-27 03:42:19,3,Saturday,1,5,29.6,79.4,31.4,55.66074,0.07,87.7,8.187291
2026-06-27 03:43:19,3,Saturday,1,5,29.6,79.5,31.408333,55.639927,0.071666665,88.21667,8.192442
2026-06-27 03:44:19,3,Saturday,1,5,29.6,79.4,31.416666,55.619118,0.07333334,88.73333,8.197593
2026-06-27 03:45:19,3,Saturday,1,5,29.6,79.5,31.425,55.598305,0.075,89.25,8.202743
2026-06-27 03:46:19,3,Saturday,1,5,29.6,79.5,31.433332,55.577496,0.07666667,89.76667,8.207893
2026-06-27 03:47:19,3,Saturday,1,5,29.6,79.5,31.441666,55.556683,0.07833333,90.28333,8.213044
2026-06-27 03:48:19,3,Saturday,1,5,29.6,79.4,31.449999,55.535873,0.08,90.8,8.218194
2026-06-27 03:49:19,3,Saturday,1,5,29.6,79.4,31.458332,55.51506,0.08166667,91.316666,8.223345
2026-06-27 03:50:19,3,Saturday,1,5,29.6,79.4,31.466665,55.49425,0.083333336,91.833336,8.228495
2026-06-27 03:51:19,3,Saturday,1,5,29.6,79.5,31.474998,55.47344,0.085,92.35,8.233645
2026-06-27 03:52:19,3,Saturday,1,5,29.5,79.5,31.483332,55.45263,0.086666666,92.86667,8.238796
2026-06-27 03:53:19,3,Saturday,1,5,29.5,79.5,31.491667,55.431816,0.08833333,93.38333,8.243946
2026-06-27 03:54:19,3,Saturday,1,5,29.5,79.5,31.5,55.411007,0.09,93.9,8.249097
2026-06-27 03:55:19,3,Saturday,1,5,29.6,79.4,31.508333,55.390194,0.09166667,94.416664,8.254248
2026-06-27 03:56:19,3,Saturday,1,5,29.6,79.5,31.516666,55.369385,0.093333334,94.933334,8.2593975
2026-06-27 03:57:19,3,Saturday,1,5,29.5,79.5,31.525,55.34857,0.095,95.45,8.264548
2026-06-27 03:58:19,3,Saturday,1,5,29.5,79.5,31.533333,55.327763,0.09666667,95.96667,8.269699
2026-06-27 03:59:19,3,Saturday,1,5,29.6,79.4,31.541666,55.30695,0.09833334,96.48333,8.274849
2026-06-27 04:00:19,4,Saturday,1,5,29.6,79.5,31.55,55.28614,0.1,97.0,8.28
2026-06-27 04:01:19,4,Saturday,1,5,29.5,79.4,31.553333,55.303997,0.1,96.96667,8.283031
2026-06-27 04:02:19,4,Saturday,1,5,29.6,79.4,31.556665,55.321854,0.1,96.933334,8.286063
2026-06-27 04:03:19,4,Saturday,1,5,29.5,79.5,31.56,55.33971,0.1,96.9,8.289096
2026-06-27 04:04:19,4,Saturday,1,5,29.6,79.5,31.563334,55.357563,0.1,96.86667,8.292128
2026-06-27 04:05:19,4,Saturday,1,5,29.5,79.4,31.566666,55.37542,0.1,96.833336,8.295159
2026-06-27 04:06:19,4,Saturday,1,5,29.5,79.4,31.57,55.393276,0.1,96.8,8.298191
2026-06-27 04:07:19,4,Saturday,1,5,29.5,79.4,31.573332,55.411133,0.1,96.76667,8.301223
2026-06-27 04:08:19,4,Saturday,1,5,29.5,79.5,31.576666,55.42899,0.1,96.73333,8.304255
2026-06-27 04:09:19,4,Saturday,1,5,29.5,79.5,31.58,55.446846,0.1,96.7,8.307287
2026-06-27 04:10:19,4,Saturday,1,5,29.5,79.4,31.583332,55.464703,0.1,96.666664,8.310319
2026-06-27 04:11:19,4,Saturday,1,5,29.5,79.5,31.586666,55.48256,0.1,96.63333,8.313351
2026-06-27 04:12:19,4,Saturday,1,5,29.5,79.5,31.59,55.500412,0.1,96.6,8.316382
2026-06-27 04:13:19,4,Saturday,1,5,29.5,79.5,31.593332,55.51827,0.1,96.566666,8.319414
2026-06-27 04:14:19,4,Saturday,1,5,29.5,79.3,31.596666,55.536125,0.1,96.53333,8.322447
2026-06-27 04:15:19,4,Saturday,1,5,29.5,79.3,31.599998,55.55398,0.1,96.5,8.325479
2026-06-27 04:16:19,4,Saturday,1,5,29.5,79.3,31.603333,55.57184,0.1,96.46667,8.32851
2026-06-27 04:17:19,4,Saturday,1,5,29.5,79.4,31.606667,55.589695,0.1,96.433334,8.331542
2026-06-27 04:18:19,4,Saturday,1,5,29.5,79.5,31.609999,55.60755,0.1,96.4,8.334574
2026-06-27 04:19:19,4,Saturday,1,5,29.5,79.4,31.613333,55.625404,0.1,96.36667,8.337605
2026-06-27 04:20:19,4,Saturday,1,5,29.5,79.4,31.616667,55.64326,0.1,96.333336,8.340638
2026-06-27 04:21:19,4,Saturday,1,5,29.5,79.3,31.619999,55.661118,0.1,96.3,8.34367
2026-06-27 04:22:19,4,Saturday,1,5,29.5,79.4,31.623333,55.678974,0.1,96.26667,8.346702
2026-06-27 04:23:19,4,Saturday,1,5,29.5,79.4,31.626667,55.69683,0.1,96.23333,8.349733
2026-06-27 04:24:19,4,Saturday,1,5,29.5,79.4,31.63,55.714687,0.1,96.2,8.352765
2026-06-27 04:25:20,4,Saturday,1,5,29.5,79.4,31.633333,55.732544,0.1,96.166664,8.355798
2026-06-27 04:26:20,4,Saturday,1,5,29.5,79.4,31.636665,55.7504,0.1,96.13333,8.3588295
2026-06-27 04:27:20,4,Saturday,1,5,29.5,79.5,31.64,55.768253,0.1,96.1,8.361861
2026-06-27 04:28:20,4,Saturday,1,5,29.4,79.5,31.643333,55.78611,0.1,96.066666,8.364893
2026-06-27 04:29:20,4,Saturday,1,5,29.5,79.4,31.646666,55.803967,0.1,96.03333,8.367925
2026-06-27 04:30:20,4,Saturday,1,5,29.5,79.4,31.65,55.821823,0.1,96.0,8.370956
2026-06-27 04:31:20,4,Saturday,1,5,29.4,79.4,31.653334,55.83968,0.1,95.96667,8.373989
2026-06-27 04:32:20,4,Saturday,1,5,29.5,79.3,31.656666,55.857536,0.1,95.933334,8.377021
2026-06-27 04:33:20,4,Saturday,1,5,29.4,79.5,31.66,55.875393,0.1,95.9,8.380053
2026-06-27 04:34:20,4,Saturday,1,5,29.4,79.4,31.663334,55.893246,0.1,95.86667,8.383084
2026-06-27 04:35:20,4,Saturday,1,5,29.4,79.4,31.666666,55.911102,0.1,95.833336,8.386116
2026-06-27 04:36:20,4,Saturday,1,5,29.4,79.4,31.67,55.92896,0.1,95.8,8.389149
2026-06-27 04:37:20,4,Saturday,1,5,29.4,79.4,31.673332,55.946815,0.1,95.76667,8.39218
2026-06-27 04:38:20,4,Saturday,1,5,29.4,79.3,31.676666,55.964672,0.1,95.73333,8.395212
2026-06-27 04:39:20,4,Saturday,1,5,29.4,79.3,31.68,55.98253,0.1,95.7,8.398244
2026-06-27 04:40:20,4,Saturday,1,5,29.5,79.3,31.683332,56.000385,0.1,95.666664,8.401276
2026-06-27 04:41:20,4,Saturday,1,5,29.4,79.3,31.686666,56.01824,0.1,95.63333,8.404308
2026-06-27 04:42:20,4,Saturday,1,5,29.4,79.4,31.69,56.036095,0.1,95.6,8.40734
2026-06-27 04:43:20,4,Saturday,1,5,29.4,79.3,31.693333,56.05395,0.1,95.566666,8.410372
2026-06-27 04:44:20,4,Saturday,1,5,29.4,79.4,31.696667,56.071808,0.1,95.53333,8.4134035
2026-06-27 04:45:20,4,Saturday,1,5,29.4,79.4,31.7,56.089664,0.1,95.5,8.416435
2026-06-27 04:46:20,4,Saturday,1,5,29.4,79.4,31.703333,56.10752,0.1,95.46667,8.419467
2026-06-27 04:47:20,4,Saturday,1,5,29.4,79.4,31.706667,56.125378,0.1,95.433334,8.4225
2026-06-27 04:48:20,4,Saturday,1,5,29.4,79.5,31.71,56.143234,0.1,95.4,8.425531
2026-06-27 04:49:20,4,Saturday,1,5,29.4,79.5,31.713333,56.161087,0.1,95.36667,8.428563
2026-06-27 04:50:20,4,Saturday,1,5,29.4,79.4,31.716667,56.178944,0.1,95.333336,8.431595
2026-06-27 04:51:20,4,Saturday,1,5,29.4,79.5,31.72,56.1968,0.1,95.3,8.434627
2026-06-27 04:52:20,4,Saturday,1,5,29.4,79.4,31.723333,56.214657,0.1,95.26667,8.437659
2026-06-27 04:53:20,4,Saturday,1,5,29.4,79.4,31.726667,56.232513,0.1,95.23333,8.440691
2026-06-27 04:54:20,4,Saturday,1,5,29.4,79.4,31.73,56.25037,0.1,95.2,8.443723
2026-06-27 04:55:20,4,Saturday,1,5,29.4,79.5,31.733334,56.268227,0.1,95.166664,8.446754
2026-06-27 04:56:20,4,Saturday,1,5,29.4,79.4,31.736666,56.286083,0.1,95.13333,8.449786
2026-06-27 04:57:20,4,Saturday,1,5,29.4,79.4,31.74,56.303936,0.1,95.1,8.452818
2026-06-27 04:58:20,4,Saturday,1,5,29.4,79.4,31.743334,56.321793,0.1,95.066666,8.455851
2026-06-27 04:59:20,4,Saturday,1,5,29.4,79.4,31.746666,56.33965,0.1,95.03333,8.458882
2026-06-27 05:00:20,5,Saturday,1,5,29.4,79.4,31.75,56.357506,0.1,95.0,8.461914
2026-06-27 05:01:20,5,Saturday,1,5,29.4,79.4,31.770834,56.24659,0.1,94.816666,8.453426
2026-06-27 05:02:20,5,Saturday,1,5,29.4,79.4,31.791666,56.135674,0.1,94.63333,8.444939
2026-06-27 05:03:20,5,Saturday,1,5,29.4,79.3,31.8125,56.024757,0.1,94.45,8.436451
2026-06-27 05:04:20,5,Saturday,1,5,29.4,79.4,31.833334,55.913845,0.1,94.26667,8.427964
2026-06-27 05:05:20,5,Saturday,1,5,29.4,79.3,31.854166,55.80293,0.1,94.083336,8.4194765
2026-06-27 05:06:20,5,Saturday,1,5,29.4,79.4,31.875,55.692013,0.1,93.9,8.410989
2026-06-27 05:07:20,5,Saturday,1,5,29.4,79.4,31.895834,55.581097,0.1,93.71667,8.402501
2026-06-27 05:08:20,5,Saturday,1,5,29.4,79.3,31.916666,55.47018,0.1,93.53333,8.394013
2026-06-27 05:09:20,5,Saturday,1,5,29.4,79.2,31.9375,55.359264,0.1,93.35,8.385526
2026-06-27 05:10:20,5,Saturday,1,5,29.4,79.3,31.958334,55.248352,0.1,93.166664,8.377038
2026-06-27 05:11:20,5,Saturday,1,5,29.4,79.4,31.979166,55.137436,0.1,92.98333,8.36855
2026-06-27 05:12:21,5,Saturday,1,5,29.4,79.3,32.0,55.02652,0.1,92.8,8.360064
2026-06-27 05:13:21,5,Saturday,1,5,29.4,79.3,32.020832,54.915604,0.1,92.61667,8.351576
2026-06-27 05:14:21,5,Saturday,1,5,29.4,79.3,32.041668,54.804688,0.1,92.433334,8.343088
2026-06-27 05:15:21,5,Saturday,1,5,29.4,79.3,32.0625,54.69377,0.1,92.25,8.3346
2026-06-27 05:16:21,5,Saturday,1,5,29.4,79.3,32.083332,54.582855,0.1,92.066666,8.326113
2026-06-27 05:17:21,5,Saturday,1,5,29.4,79.3,32.104168,54.471943,0.1,91.88333,8.317625
2026-06-27 05:18:21,5,Saturday,1,5,29.3,79.3,32.125,54.361027,0.1,91.7,8.309137
2026-06-27 05:19:21,5,Saturday,1,5,29.4,79.3,32.145832,54.25011,0.1,91.51667,8.300651
2026-06-27 05:20:21,5,Saturday,1,5,29.4,79.3,32.166668,54.139194,0.1,91.333336,8.292163
2026-06-27 05:21:21,5,Saturday,1,5,29.4,79.3,32.1875,54.02828,0.1,91.15,8.283675
2026-06-27 05:22:21,5,Saturday,1,5,29.4,79.4,32.208332,53.917362,0.1,90.96667,8.2751875
2026-06-27 05:23:21,5,Saturday,1,5,29.3,79.3,32.229168,53.806446,0.1,90.78333,8.2667
2026-06-27 05:24:21,5,Saturday,1,5,29.3,79.3,32.25,53.695534,0.1,90.6,8.258212
2026-06-27 05:25:21,5,Saturday,1,5,29.4,79.3,32.270832,53.584618,0.1,90.416664,8.249724
2026-06-27 05:26:21,5,Saturday,1,5,29.3,79.4,32.291668,53.4737,0.1,90.23333,8.241237
2026-06-27 05:27:21,5,Saturday,1,5,29.3,79.4,32.3125,53.362785,0.1,90.05,8.23275
2026-06-27 05:28:21,5,Saturday,1,5,29.3,79.4,32.333332,53.25187,0.1,89.86667,8.224262
2026-06-27 05:29:21,5,Saturday,1,5,29.3,79.4,32.354168,53.140953,0.1,89.683334,8.215775
2026-06-27 05:30:21,5,Saturday,1,5,29.3,79.4,32.375,53.030037,0.1,89.5,8.207287
2026-06-27 05:31:21,5,Saturday,1,5,29.3,79.4,32.395832,52.919125,0.1,89.316666,8.198799
2026-06-27 05:32:21,5,Saturday,1,5,29.3,79.4,32.416668,52.80821,0.1,89.13333,8.190311
2026-06-27 05:33:21,5,Saturday,1,5,29.3,79.3,32.4375,52.697292,0.1,88.95,8.181824
2026-06-27 05:34:21,5,Saturday,1,5,29.3,79.3,32.458332,52.586376,0.1,88.76667,8.173337
2026-06-27 05:35:21,5,Saturday,1,5,29.3,79.4,32.479168,52.47546,0.1,88.583336,8.164849
2026-06-27 05:36:21,5,Saturday,1,5,29.3,79.4,32.5,52.364544,0.1,88.4,8.156362
2026-06-27 05:37:21,5,Saturday,1,5,29.3,79.4,32.520832,52.25363,0.1,88.21667,8.147874
2026-06-27 05:38:21,5,Saturday,1,5,29.3,79.3,32.541668,52.142715,0.1,88.03333,8.139386
2026-06-27 05:39:21,5,Saturday,1,5,29.3,79.2,32.5625,52.0318,0.1,87.85,8.130898
2026-06-27 05:40:21,5,Saturday,1,5,29.3,79.4,32.583332,51.920883,0.1,87.666664,8.122411
2026-06-27 05:41:21,5,Saturday,1,5,29.3,79.3,32.604168,51.809967,0.1,87.48333,8.113923
2026-06-27 05:42:21,5,Saturday,1,5,29.3,79.3,32.625,51.69905,0.1,87.3,8.105436
2026-06-27 05:43:21,5,Saturday,1,5,29.3,79.4,32.645832,51.588135,0.1,87.11667,8.096949
2026-06-27 05:44:21,5,Saturday,1,5,29.3,79.4,32.666668,51.477222,0.1,86.933334,8.088461
2026-06-27 05:45:21,5,Saturday,1,5,29.3,79.2,32.6875,51.366306,0.1,86.75,8.079973
2026-06-27 05:46:21,5,Saturday,1,5,29.3,79.3,32.708332,51.25539,0.1,86.566666,8.0714855
2026-06-27 05:47:21,5,Saturday,1,5,29.3,79.2,32.729168,51.144474,0.1,86.38333,8.062998
2026-06-27 05:48:21,5,Saturday,1,5,29.3,79.3,32.75,51.033558,0.1,86.2,8.05451
2026-06-27 05:49:21,5,Saturday,1,5,29.3,79.4,32.770832,50.92264,0.1,86.01667,8.046023
2026-06-27 05:50:21,5,Saturday,1,5,29.3,79.4,32.791668,50.81173,0.1,85.833336,8.037536
2026-06-27 05:51:21,5,Saturday,1,5,29.3,79.2,32.8125,50.700813,0.1,85.65,8.029048
2026-06-27 05:52:21,5,Saturday,1,5,29.3,79.3,32.833332,50.589897,0.1,85.46667,8.02056
2026-06-27 05:53:21,5,Saturday,1,5,29.3,79.2,32.854168,50.47898,0.1,85.28333,8.012073
2026-06-27 05:54:21,5,Saturday,1,5,29.3,79.2,32.875,50.368065,0.1,85.1,8.003585
2026-06-27 05:55:21,5,Saturday,1,5,29.3,79.4,32.895832,50.25715,0.1,84.916664,7.9950976
2026-06-27 05:56:21,5,Saturday,1,5,29.3,79.3,32.916668,50.146233,0.1,84.73333,7.98661
2026-06-27 05:57:21,5,Saturday,1,5,29.3,79.4,32.9375,50.03532,0.1,84.55,7.978122
2026-06-27 05:58:21,5,Saturday,1,5,29.3,79.4,32.958332,49.924404,0.1,84.36667,7.9696345
2026-06-27 05:59:21,5,Saturday,1,5,29.3,79.4,32.979168,49.813488,0.1,84.183334,7.9611473
2026-06-27 06:00:22,6,Saturday,1,5,29.3,79.4,33.0,49.70257,0.1,84.0,7.9526596
2026-06-27 06:01:22,6,Saturday,1,5,29.3,79.4,32.995,49.73759,0.10666667,83.88333,7.9519105
2026-06-27 06:02:22,6,Saturday,1,5,29.3,79.3,32.99,49.77261,0.11333334,83.76667,7.9511614
2026-06-27 06:03:22,6,Saturday,1,5,29.3,79.3,32.985,49.80763,0.120000005,83.65,7.9504128
2026-06-27 06:04:22,6,Saturday,1,5,29.3,79.3,32.98,49.842644,0.12666667,83.53333,7.9496636
2026-06-27 06:05:22,6,Saturday,1,5,29.3,79.4,32.975,49.877663,0.13333334,83.416664,7.9489145
2026-06-27 06:06:22,6,Saturday,1,5,29.3,79.3,32.97,49.91268,0.14,83.3,7.9481654
2026-06-27 06:07:22,6,Saturday,1,5,29.3,79.4,32.965,49.9477,0.14666666,83.183334,7.9474163
2026-06-27 06:08:22,6,Saturday,1,5,29.3,79.3,32.96,49.98272,0.15333334,83.066666,7.946667
2026-06-27 06:09:22,6,Saturday,1,5,29.3,79.3,32.955,50.01774,0.16,82.95,7.945918
2026-06-27 06:10:22,6,Saturday,1,5,29.3,79.3,32.95,50.052757,0.16666667,82.833336,7.9451694
2026-06-27 06:11:22,6,Saturday,1,5,29.3,79.3,32.945,50.087776,0.17333333,82.71667,7.9444203
2026-06-27 06:12:22,6,Saturday,1,5,29.3,79.3,32.94,50.12279,0.18,82.6,7.943671
2026-06-27 06:13:22,6,Saturday,1,5,29.2,79.2,32.935,50.15781,0.18666667,82.48333,7.942922
2026-06-27 06:14:22,6,Saturday,1,5,29.3,79.2,32.93,50.19283,0.19333333,82.36667,7.942173
2026-06-27 06:15:22,6,Saturday,1,5,29.3,79.1,32.925,50.227848,0.2,82.25,7.9414244
2026-06-27 06:16:22,6,Saturday,1,5,29.2,79.2,32.920002,50.262867,0.20666666,82.13333,7.9406753
2026-06-27 06:17:22,6,Saturday,1,5,29.2,79.2,32.915,50.297886,0.21333334,82.01667,7.939926
2026-06-27 06:18:22,6,Saturday,1,5,29.2,79.2,32.91,50.332905,0.22,81.9,7.939177
2026-06-27 06:19:22,6,Saturday,1,5,29.2,79.2,32.905,50.36792,0.22666667,81.78333,7.938428
2026-06-27 06:20:22,6,Saturday,1,5,29.2,79.3,32.9,50.40294,0.23333333,81.666664,7.937679
2026-06-27 06:21:22,6,Saturday,1,5,29.2,79.3,32.895,50.437958,0.24,81.55,7.9369297
2026-06-27 06:22:22,6,Saturday,1,5,29.2,79.2,32.89,50.472977,0.24666667,81.433334,7.936181
2026-06-27 06:23:22,6,Saturday,1,5,29.2,79.3,32.885002,50.507996,0.25333333,81.316666,7.935432
2026-06-27 06:24:22,6,Saturday,1,5,29.2,79.2,32.88,50.543015,0.26,81.2,7.934683
2026-06-27 06:25:22,6,Saturday,1,5,29.2,79.2,32.875,50.578033,0.26666668,81.083336,7.9339337
2026-06-27 06:26:22,6,Saturday,1,5,29.2,79.2,32.87,50.613052,0.27333334,80.96667,7.9331846
2026-06-27 06:27:22,6,Saturday,1,5,29.2,79.2,32.865,50.648067,0.28,80.85,7.932436
2026-06-27 06:28:22,6,Saturday,1,5,29.2,79.3,32.86,50.683086,0.28666666,80.73333,7.931687
2026-06-27 06:29:22,6,Saturday,1,5,29.2,79.2,32.855,50.718105,0.29333332,80.61667,7.930938
2026-06-27 06:30:22,6,Saturday,1,5,29.2,79.2,32.85,50.753124,0.3,80.5,7.9301887
2026-06-27 06:31:22,6,Saturday,1,5,29.2,79.1,32.845,50.788143,0.30666667,80.38333,7.9294395
2026-06-27 06:32:22,6,Saturday,1,5,29.2,79.2,32.84,50.823162,0.31333333,80.26667,7.9286904
2026-06-27 06:33:22,6,Saturday,1,5,29.2,79.2,32.835,50.85818,0.32,80.15,7.9279413
2026-06-27 06:34:22,6,Saturday,1,5,29.2,79.3,32.83,50.893196,0.32666665,80.03333,7.9271927
2026-06-27 06:35:22,6,Saturday,1,5,29.2,79.3,32.825,50.928215,0.33333334,79.916664,7.9264436
2026-06-27 06:36:22,6,Saturday,1,5,29.2,79.3,32.82,50.963234,0.34,79.8,7.9256945
2026-06-27 06:37:22,6,Saturday,1,5,29.2,79.3,32.815,50.998253,0.34666666,79.683334,7.9249454
2026-06-27 06:38:22,6,Saturday,1,5,29.2,79.3,32.81,51.03327,0.35333332,79.566666,7.9241962
2026-06-27 06:39:22,6,Saturday,1,5,29.2,79.2,32.805,51.06829,0.36,79.45,7.9234476
2026-06-27 06:40:22,6,Saturday,1,5,29.2,79.3,32.8,51.10331,0.36666667,79.333336,7.9226985
2026-06-27 06:41:22,6,Saturday,1,5,29.2,79.3,32.795002,51.13833,0.37333333,79.21667,7.9219494
2026-06-27 06:42:22,6,Saturday,1,5,29.2,79.2,32.79,51.173344,0.38,79.1,7.9212003
2026-06-27 06:43:22,6,Saturday,1,5,29.2,79.3,32.785,51.208363,0.38666666,78.98333,7.920451
2026-06-27 06:44:22,6,Saturday,1,5,29.2,79.3,32.78,51.24338,0.39333335,78.86667,7.919702
2026-06-27 06:45:22,6,Saturday,1,5,29.2,79.2,32.775,51.2784,0.4,78.75,7.918953
2026-06-27 06:46:22,6,Saturday,1,5,29.2,79.3,32.77,51.31342,0.40666667,78.63333,7.9182043
2026-06-27 06:47:22,6,Saturday,1,5,29.2,79.2,32.765,51.34844,0.41333333,78.51667,7.917455
2026-06-27 06:48:23,6,Saturday,1,5,29.2,79.3,32.760002,51.383457,0.42,78.4,7.916706
2026-06-27 06:49:23,6,Saturday,1,5,29.2,79.2,32.755,51.418472,0.42666668,78.28333,7.915957
2026-06-27 06:50:23,6,Saturday,1,5,29.2,79.2,32.75,51.45349,0.43333334,78.166664,7.915208
2026-06-27 06:51:23,6,Saturday,1,5,29.2,79.3,32.745,51.48851,0.44,78.05,7.914459
2026-06-27 06:52:23,6,Saturday,1,5,29.2,79.3,32.74,51.52353,0.44666666,77.933334,7.91371
2026-06-27 06:53:23,6,Saturday,1,5,29.2,79.2,32.735,51.558548,0.45333335,77.816666,7.912961
2026-06-27 06:54:23,6,Saturday,1,5,29.1,79.2,32.73,51.593567,0.46,77.7,7.912212
2026-06-27 06:55:23,6,Saturday,1,5,29.2,79.3,32.725002,51.628586,0.46666667,77.583336,7.911463
2026-06-27 06:56:23,6,Saturday,1,5,29.2,79.2,32.72,51.663605,0.47333333,77.46667,7.9107137
2026-06-27 06:57:23,6,Saturday,1,5,29.2,79.2,32.715,51.69862,0.48,77.35,7.9099646
2026-06-27 06:58:23,6,Saturday,1,5,29.2,79.2,32.71,51.73364,0.48666668,77.23333,7.909216
2026-06-27 06:59:23,6,Saturday,1,5,29.2,79.2,32.705,51.768658,0.49333334,77.11667,7.908467
2026-06-27 07:00:23,7,Saturday,1,5,29.2,79.2,32.7,51.803677,0.5,77.0,7.9077177
2026-06-27 07:01:23,7,Saturday,1,5,29.2,79.2,32.690834,51.861332,0.5233333,77.36667,7.871969
2026-06-27 07:02:23,7,Saturday,1,5,29.2,79.2,32.681667,51.91899,0.5466667,77.73333,7.8362207
2026-06-27 07:03:23,7,Saturday,1,5,29.2,79.2,32.6725,51.976646,0.57,78.1,7.8004723
2026-06-27 07:04:23,7,Saturday,1,5,29.2,79.2,32.663334,52.0343,0.5933333,78.46667,7.764724
2026-06-27 07:05:23,7,Saturday,1,5,29.2,79.1,32.654167,52.09196,0.6166667,78.833336,7.7289753
2026-06-27 07:06:23,7,Saturday,1,5,29.2,79.1,32.645,52.149616,0.64,79.2,7.6932273
2026-06-27 07:07:23,7,Saturday,1,5,29.2,79.2,32.635834,52.20727,0.66333336,79.566666,7.657479
2026-06-27 07:08:23,7,Saturday,1,5,29.1,79.2,32.626667,52.26493,0.68666667,79.933334,7.6217303
2026-06-27 07:09:23,7,Saturday,1,5,29.1,79.3,32.6175,52.322586,0.71,80.3,7.585982
2026-06-27 07:10:23,7,Saturday,1,5,29.1,79.2,32.608334,52.38024,0.73333335,80.666664,7.5502334
2026-06-27 07:11:23,7,Saturday,1,5,29.1,79.3,32.599167,52.4379,0.75666666,81.03333,7.514485
2026-06-27 07:12:23,7,Saturday,1,5,29.1,79.3,32.59,52.495556,0.78,81.4,7.4787364
2026-06-27 07:13:23,7,Saturday,1,5,29.1,79.2,32.580833,52.553215,0.80333334,81.76667,7.442988
2026-06-27 07:14:23,7,Saturday,1,5,29.1,79.3,32.571667,52.61087,0.82666665,82.13333,7.4072394
2026-06-27 07:15:23,7,Saturday,1,5,29.1,79.1,32.5625,52.668526,0.85,82.5,7.3714914
2026-06-27 07:16:23,7,Saturday,1,5,29.1,79.2,32.553333,52.726185,0.87333333,82.86667,7.335743
2026-06-27 07:17:23,7,Saturday,1,5,29.1,79.2,32.544167,52.78384,0.89666665,83.23333,7.2999945
2026-06-27 07:18:23,7,Saturday,1,5,29.1,79.2,32.535,52.841496,0.92,83.6,7.264246
2026-06-27 07:19:23,7,Saturday,1,5,29.1,79.1,32.525833,52.899155,0.9433333,83.96667,7.2284975
2026-06-27 07:20:23,7,Saturday,1,5,29.1,79.1,32.516666,52.95681,0.96666664,84.333336,7.192749
2026-06-27 07:21:23,7,Saturday,1,5,29.1,79.1,32.5075,53.014465,0.99,84.7,7.1570005
2026-06-27 07:22:23,7,Saturday,1,5,29.1,79.0,32.498333,53.072124,1.0133333,85.066666,7.121252
2026-06-27 07:23:23,7,Saturday,1,5,29.2,79.1,32.489166,53.12978,1.0366666,85.433334,7.0855036
2026-06-27 07:24:23,7,Saturday,1,5,29.2,79.1,32.48,53.187435,1.06,85.8,7.049755
2026-06-27 07:25:23,7,Saturday,1,5,29.1,79.1,32.470833,53.245094,1.0833334,86.166664,7.0140066
2026-06-27 07:26:23,7,Saturday,1,5,29.1,79.1,32.461666,53.30275,1.1066667,86.53333,6.9782586
2026-06-27 07:27:23,7,Saturday,1,5,29.1,79.1,32.4525,53.360405,1.13,86.9,6.94251
2026-06-27 07:28:23,7,Saturday,1,5,29.1,79.1,32.443333,53.418064,1.1533333,87.26667,6.9067616
2026-06-27 07:29:23,7,Saturday,1,5,29.2,79.2,32.434166,53.47572,1.1766666,87.63333,6.871013
2026-06-27 07:30:23,7,Saturday,1,5,29.1,79.1,32.425003,53.53338,1.2,88.0,6.8352647
2026-06-27 07:31:23,7,Saturday,1,5,29.1,79.0,32.415836,53.591034,1.2233334,88.36667,6.799516
2026-06-27 07:32:23,7,Saturday,1,5,29.1,79.0,32.40667,53.64869,1.2466667,88.73333,6.7637677
2026-06-27 07:33:23,7,Saturday,1,5,29.1,79.0,32.397503,53.70635,1.27,89.1,6.728019
2026-06-27 07:34:23,7,Saturday,1,5,29.1,78.9,32.388336,53.764004,1.2933333,89.46667,6.6922708
2026-06-27 07:35:23,7,Saturday,1,5,29.1,79.0,32.37917,53.82166,1.3166666,89.833336,6.6565228
2026-06-27 07:36:24,7,Saturday,1,5,29.2,78.9,32.370003,53.87932,1.34,90.2,6.6207743
2026-06-27 07:37:24,7,Saturday,1,5,29.2,79.0,32.360836,53.936974,1.3633333,90.566666,6.585026
2026-06-27 07:38:24,7,Saturday,1,5,29.1,79.0,32.35167,53.99463,1.3866667,90.933334,6.5492773
2026-06-27 07:39:24,7,Saturday,1,5,29.1,79.0,32.342503,54.052288,1.41,91.3,6.513529
2026-06-27 07:40:24,7,Saturday,1,5,29.1,79.0,32.333336,54.109943,1.4333333,91.666664,6.4777803
2026-06-27 07:41:24,7,Saturday,1,5,29.2,78.9,32.32417,54.1676,1.4566667,92.03333,6.442032
2026-06-27 07:42:24,7,Saturday,1,5,29.2,78.9,32.315002,54.225258,1.48,92.4,6.4062834
2026-06-27 07:43:24,7,Saturday,1,5,29.2,78.9,32.305836,54.282913,1.5033333,92.76667,6.370535
2026-06-27 07:44:24,7,Saturday,1,5,29.2,79.0,32.29667,54.34057,1.5266666,93.13333,6.3347864
2026-06-27 07:45:24,7,Saturday,1,5,29.2,78.9,32.287502,54.398228,1.55,93.5,6.299038
2026-06-27 07:46:24,7,Saturday,1,5,29.2,78.9,32.278336,54.455883,1.5733333,93.86667,6.26329
2026-06-27 07:47:24,7,Saturday,1,5,29.2,78.8,32.26917,54.51354,1.5966667,94.23333,6.2275414
2026-06-27 07:48:24,7,Saturday,1,5,29.2,78.9,32.260002,54.571198,1.62,94.6,6.191793
2026-06-27 07:49:24,7,Saturday,1,5,29.2,78.8,32.250835,54.628853,1.6433333,94.96667,6.1560445
2026-06-27 07:50:24,7,Saturday,1,5,29.2,78.7,32.24167,54.68651,1.6666666,95.333336,6.120296
2026-06-27 07:51:24,7,Saturday,1,5,29.3,78.7,32.232502,54.744167,1.6899999,95.7,6.0845475
2026-06-27 07:52:24,7,Saturday,1,5,29.4,78.5,32.223335,54.801823,1.7133334,96.066666,6.048799
2026-06-27 07:53:24,7,Saturday,1,5,29.4,78.5,32.21417,54.85948,1.7366667,96.433334,6.0130506
2026-06-27 07:54:24,7,Saturday,1,5,29.4,78.3,32.205,54.917137,1.76,96.8,5.977302
2026-06-27 07:55:24,7,Saturday,1,5,29.5,78.2,32.195835,54.974792,1.7833333,97.166664,5.941554
2026-06-27 07:56:24,7,Saturday,1,5,29.5,78.0,32.18667,55.03245,1.8066666,97.53333,5.9058056
2026-06-27 07:57:24,7,Saturday,1,5,29.6,77.8,32.1775,55.090107,1.8299999,97.9,5.870057
2026-06-27 07:58:24,7,Saturday,1,5,29.6,77.6,32.168335,55.147762,1.8533334,98.26667,5.8343086
2026-06-27 07:59:24,7,Saturday,1,5,29.6,77.8,32.15917,55.20542,1.8766667,98.63333,5.79856
2026-06-27 08:00:24,8,Saturday,1,5,29.6,77.7,32.15,55.263077,1.9,99.0,5.7628117
2026-06-27 08:01:24,8,Saturday,1,5,29.6,77.6,32.140835,55.277855,1.8766667,98.9,5.7957997
2026-06-27 08:02:24,8,Saturday,1,5,29.7,77.6,32.131668,55.292637,1.8533334,98.8,5.828788
2026-06-27 08:03:24,8,Saturday,1,5,29.7,77.4,32.1225,55.307415,1.8299999,98.7,5.861776
2026-06-27 08:04:24,8,Saturday,1,5,29.7,77.4,32.113335,55.322197,1.8066666,98.6,5.894764
2026-06-27 08:05:24,8,Saturday,1,5,29.7,77.4,32.104168,55.336975,1.7833333,98.5,5.9277515
2026-06-27 08:06:24,8,Saturday,1,5,29.8,77.2,32.095,55.351753,1.76,98.4,5.9607396
2026-06-27 08:07:24,8,Saturday,1,5,29.8,77.2,32.085835,55.366535,1.7366667,98.3,5.9937277
2026-06-27 08:08:24,8,Saturday,1,5,29.8,77.1,32.076668,55.381313,1.7133334,98.2,6.0267158
2026-06-27 08:09:24,8,Saturday,1,5,29.9,77.0,32.0675,55.396095,1.6899999,98.1,6.059704
2026-06-27 08:10:24,8,Saturday,1,5,29.9,76.8,32.058334,55.410873,1.6666666,98.0,6.092692
2026-06-27 08:11:24,8,Saturday,1,5,29.9,76.8,32.049168,55.425655,1.6433333,97.9,6.12568
2026-06-27 08:12:24,8,Saturday,1,5,30.0,76.7,32.04,55.440434,1.62,97.8,6.158668
2026-06-27 08:13:24,8,Saturday,1,5,30.0,76.6,32.030834,55.45521,1.5966667,97.7,6.1916556
2026-06-27 08:14:24,8,Saturday,1,5,30.0,76.5,32.021667,55.469994,1.5733333,97.6,6.2246437
2026-06-27 08:15:24,8,Saturday,1,5,30.1,76.4,32.0125,55.48477,1.55,97.5,6.257632
2026-06-27 08:16:24,8,Saturday,1,5,30.1,76.3,32.003334,55.499554,1.5266666,97.4,6.29062
2026-06-27 08:17:24,8,Saturday,1,5,30.1,76.2,31.994167,55.51433,1.5033333,97.3,6.323608
2026-06-27 08:18:24,8,Saturday,1,5,30.1,76.1,31.985,55.529114,1.48,97.2,6.356596
2026-06-27 08:19:24,8,Saturday,1,5,30.2,76.2,31.975834,55.54389,1.4566667,97.1,6.389584
2026-06-27 08:20:24,8,Saturday,1,5,30.2,76.0,31.966667,55.55867,1.4333333,97.0,6.422572
2026-06-27 08:21:24,8,Saturday,1,5,30.2,76.0,31.9575,55.573452,1.41,96.9,6.45556
2026-06-27 08:22:24,8,Saturday,1,5,30.3,75.9,31.948334,55.58823,1.3866667,96.8,6.488548
2026-06-27 08:23:25,8,Saturday,1,5,30.3,75.8,31.939167,55.603012,1.3633333,96.7,6.521536
2026-06-27 08:24:25,8,Saturday,1,5,30.3,75.9,31.93,55.61779,1.34,96.6,6.554524
2026-06-27 08:25:25,8,Saturday,1,5,30.3,75.7,31.920834,55.63257,1.3166666,96.5,6.587512
2026-06-27 08:26:25,8,Saturday,1,5,30.4,75.7,31.911667,55.64735,1.2933333,96.4,6.6205
2026-06-27 08:27:25,8,Saturday,1,5,30.4,75.6,31.9025,55.66213,1.27,96.3,6.653488
2026-06-27 08:28:25,8,Saturday,1,5,30.4,75.7,31.893333,55.67691,1.2466667,96.2,6.686476
2026-06-27 08:29:25,8,Saturday,1,5,30.4,75.7,31.884167,55.69169,1.2233334,96.1,6.7194643
2026-06-27 08:30:25,8,Saturday,1,5,30.4,75.7,31.875,55.706467,1.2,96.0,6.752452
2026-06-27 08:31:25,8,Saturday,1,5,30.4,75.7,31.865835,55.72125,1.1766666,95.9,6.78544
2026-06-27 08:32:25,8,Saturday,1,5,30.4,75.7,31.856668,55.736027,1.1533333,95.8,6.818428
2026-06-27 08:33:25,8,Saturday,1,5,30.4,75.7,31.847502,55.75081,1.13,95.7,6.851416
2026-06-27 08:34:25,8,Saturday,1,5,30.3,75.8,31.838335,55.765587,1.1066667,95.6,6.884404
2026-06-27 08:35:25,8,Saturday,1,5,30.4,75.8,31.829168,55.78037,1.0833334,95.5,6.9173923
2026-06-27 08:36:25,8,Saturday,1,5,30.4,75.9,31.820002,55.795147,1.06,95.4,6.9503803
2026-06-27 08:37:25,8,Saturday,1,5,30.3,76.0,31.810835,55.809925,1.0366666,95.3,6.9833684
2026-06-27 08:38:25,8,Saturday,1,5,30.3,76.0,31.801668,55.824707,1.0133333,95.2,7.0163565
2026-06-27 08:39:25,8,Saturday,1,5,30.3,76.1,31.792501,55.839485,0.99,95.1,7.049344
2026-06-27 08:40:25,8,Saturday,1,5,30.3,76.0,31.783335,55.854267,0.96666664,95.0,7.082332
2026-06-27 08:41:25,8,Saturday,1,5,30.3,76.0,31.774168,55.869045,0.9433333,94.9,7.11532
2026-06-27 08:42:25,8,Saturday,1,5,30.3,76.1,31.765001,55.883827,0.92,94.8,7.1483083
2026-06-27 08:43:25,8,Saturday,1,5,30.4,76.1,31.755835,55.898605,0.89666665,94.7,7.1812963
2026-06-27 08:44:25,8,Saturday,1,5,30.4,76.2,31.746668,55.913383,0.87333333,94.6,7.2142844
2026-06-27 08:45:25,8,Saturday,1,5,30.4,76.1,31.737501,55.928165,0.85,94.5,7.2472725
2026-06-27 08:46:25,8,Saturday,1,5,30.4,76.1,31.728334,55.942944,0.82666665,94.4,7.2802606
2026-06-27 08:47:25,8,Saturday,1,5,30.4,76.1,31.719168,55.957726,0.80333334,94.3,7.3132486
2026-06-27 08:48:25,8,Saturday,1,5,30.4,76.0,31.710001,55.972504,0.78,94.2,7.346236
2026-06-27 08:49:25,8,Saturday,1,5,30.4,76.2,31.700834,55.98728,0.75666666,94.1,7.3792243
2026-06-27 08:50:25,8,Saturday,1,5,30.4,76.2,31.691668,56.002064,0.73333335,94.0,7.4122124
2026-06-27 08:51:25,8,Saturday,1,5,30.4,76.0,31.6825,56.01684,0.71,93.9,7.4452004
2026-06-27 08:52:25,8,Saturday,1,5,30.4,76.1,31.673334,56.031624,0.68666667,93.8,7.4781885
2026-06-27 08:53:25,8,Saturday,1,5,30.5,76.1,31.664167,56.046402,0.66333336,93.7,7.5111766
2026-06-27 08:54:25,8,Saturday,1,5,30.5,76.1,31.655,56.06118,0.64,93.6,7.5441647
2026-06-27 08:55:25,8,Saturday,1,5,30.5,76.1,31.645834,56.075962,0.6166667,93.5,7.5771527
2026-06-27 08:56:25,8,Saturday,1,5,30.5,76.1,31.636667,56.09074,0.5933333,93.4,7.6101403
2026-06-27 08:57:25,8,Saturday,1,5,30.5,75.9,31.6275,56.105522,0.57,93.3,7.6431284
2026-06-27 08:58:25,8,Saturday,1,5,30.5,75.9,31.618334,56.1203,0.5466667,93.2,7.6761165
2026-06-27 08:59:25,8,Saturday,1,5,30.5,75.8,31.609167,56.135082,0.5233333,93.1,7.7091045
2026-06-27 09:00:25,9,Saturday,1,5,30.5,75.9,31.6,56.14986,0.5,93.0,7.7420926
2026-06-27 09:01:25,9,Saturday,1,5,30.6,75.8,31.589167,56.2213,0.49666667,92.95,7.72422
2026-06-27 09:02:25,9,Saturday,1,5,30.6,75.8,31.578333,56.292732,0.49333334,92.9,7.706347
2026-06-27 09:03:25,9,Saturday,1,5,30.6,75.8,31.567501,56.36417,0.49,92.85,7.688474
2026-06-27 09:04:25,9,Saturday,1,5,30.6,75.8,31.556667,56.435608,0.48666668,92.8,7.6706014
2026-06-27 09:05:25,9,Saturday,1,5,30.6,75.7,31.545834,56.507046,0.48333335,92.75,7.6527286
2026-06-27 09:06:25,9,Saturday,1,5,30.7,75.7,31.535,56.57848,0.48,92.7,7.6348557
2026-06-27 09:07:25,9,Saturday,1,5,30.7,75.7,31.524168,56.649918,0.47666666,92.65,7.616983
2026-06-27 09:08:25,9,Saturday,1,5,30.7,75.6,31.513334,56.721355,0.47333333,92.6,7.59911
2026-06-27 09:09:26,9,Saturday,1,5,30.7,75.6,31.5025,56.79279,0.47,92.55,7.5812373
2026-06-27 09:10:26,9,Saturday,1,5,30.7,75.6,31.491667,56.864227,0.46666667,92.5,7.563364
2026-06-27 09:11:26,9,Saturday,1,5,30.7,75.6,31.480833,56.935665,0.46333334,92.45,7.545491
2026-06-27 09:12:26,9,Saturday,1,5,30.7,75.5,31.470001,57.007103,0.46,92.4,7.5276184
2026-06-27 09:13:26,9,Saturday,1,5,30.7,75.4,31.459167,57.078537,0.45666668,92.35,7.5097456
2026-06-27 09:14:26,9,Saturday,1,5,30.8,75.2,31.448334,57.149975,0.45333335,92.3,7.491873
2026-06-27 09:15:26,9,Saturday,1,5,30.8,75.2,31.4375,57.221413,0.45,92.25,7.474
2026-06-27 09:16:26,9,Saturday,1,5,30.8,75.2,31.426666,57.292847,0.44666666,92.2,7.456127
2026-06-27 09:17:26,9,Saturday,1,5,30.8,75.2,31.415834,57.364285,0.44333333,92.15,7.4382544
2026-06-27 09:18:26,9,Saturday,1,5,30.9,75.2,31.405,57.435722,0.44,92.1,7.4203815
2026-06-27 09:19:26,9,Saturday,1,5,30.8,75.0,31.394167,57.50716,0.43666667,92.05,7.4025087
2026-06-27 09:20:26,9,Saturday,1,5,30.9,75.0,31.383333,57.578594,0.43333334,92.0,7.384636
2026-06-27 09:21:26,9,Saturday,1,5,30.9,74.9,31.372501,57.650032,0.43,91.95,7.366763
2026-06-27 09:22:26,9,Saturday,1,5,30.9,74.9,31.361668,57.72147,0.42666668,91.9,7.3488903
2026-06-27 09:23:26,9,Saturday,1,5,30.9,74.7,31.350834,57.792904,0.42333335,91.85,7.3310175
2026-06-27 09:24:26,9,Saturday,1,5,30.9,74.8,31.34,57.86434,0.42000002,91.8,7.3131447
2026-06-27 09:25:26,9,Saturday,1,5,31.0,74.8,31.329166,57.93578,0.4166667,91.75,7.295272
2026-06-27 09:26:26,9,Saturday,1,5,31.0,74.7,31.318335,58.007217,0.41333333,91.7,7.277399
2026-06-27 09:27:26,9,Saturday,1,5,31.0,74.7,31.3075,58.07865,0.41,91.65,7.2595263
2026-06-27 09:28:26,9,Saturday,1,5,31.0,74.7,31.296667,58.15009,0.40666667,91.6,7.2416534
2026-06-27 09:29:26,9,Saturday,1,5,31.0,74.5,31.285833,58.221527,0.40333334,91.55,7.2237806
2026-06-27 09:30:26,9,Saturday,1,5,31.0,74.6,31.275002,58.29296,0.4,91.5,7.205908
2026-06-27 09:31:26,9,Saturday,1,5,31.0,74.6,31.264168,58.3644,0.39666668,91.45,7.1880345
2026-06-27 09:32:26,9,Saturday,1,5,31.0,74.5,31.253334,58.435837,0.39333335,91.4,7.1701617
2026-06-27 09:33:26,9,Saturday,1,5,31.1,74.6,31.2425,58.507275,0.39000002,91.35,7.152289
2026-06-27 09:34:26,9,Saturday,1,5,31.1,74.6,31.231667,58.57871,0.3866667,91.3,7.134416
2026-06-27 09:35:26,9,Saturday,1,5,31.1,74.6,31.220835,58.650146,0.38333333,91.25,7.1165433
2026-06-27 09:36:26,9,Saturday,1,5,31.1,74.5,31.210001,58.721584,0.38,91.2,7.0986705
2026-06-27 09:37:26,9,Saturday,1,5,31.1,74.4,31.199167,58.793022,0.37666667,91.15,7.0807977
2026-06-27 09:38:26,9,Saturday,1,5,31.1,74.4,31.188334,58.864456,0.37333333,91.1,7.062925
2026-06-27 09:39:26,9,Saturday,1,5,31.2,74.4,31.1775,58.935894,0.37,91.05,7.045052
2026-06-27 09:40:26,9,Saturday,1,5,31.2,74.4,31.166668,59.00733,0.36666667,91.0,7.0271792
2026-06-27 09:41:26,9,Saturday,1,5,31.2,74.3,31.155834,59.078766,0.36333334,90.95,7.0093064
2026-06-27 09:42:26,9,Saturday,1,5,31.2,74.3,31.145,59.150204,0.36,90.9,6.9914336
2026-06-27 09:43:26,9,Saturday,1,5,31.2,74.3,31.134167,59.22164,0.35666668,90.85,6.973561
2026-06-27 09:44:26,9,Saturday,1,5,31.2,74.2,31.123335,59.29308,0.35333335,90.8,6.955688
2026-06-27 09:45:26,9,Saturday,1,5,31.2,74.3,31.112501,59.364513,0.35000002,90.75,6.937815
2026-06-27 09:46:26,9,Saturday,1,5,31.2,74.3,31.101667,59.43595,0.34666666,90.7,6.9199424
2026-06-27 09:47:26,9,Saturday,1,5,31.2,74.2,31.090834,59.50739,0.34333333,90.65,6.9020696
2026-06-27 09:48:26,9,Saturday,1,5,31.3,74.1,31.08,59.578823,0.34,90.6,6.8841968
2026-06-27 09:49:26,9,Saturday,1,5,31.3,74.2,31.069168,59.65026,0.33666667,90.55,6.866324
2026-06-27 09:50:26,9,Saturday,1,5,31.3,74.1,31.058334,59.7217,0.33333334,90.5,6.8484507
2026-06-27 09:51:26,9,Saturday,1,5,31.3,74.0,31.0475,59.793137,0.33,90.45,6.830578
2026-06-27 09:52:26,9,Saturday,1,5,31.3,74.0,31.036667,59.86457,0.32666668,90.4,6.812705
2026-06-27 09:53:26,9,Saturday,1,5,31.3,74.0,31.025833,59.93601,0.32333335,90.35,6.794832
2026-06-27 09:54:26,9,Saturday,1,5,31.3,73.9,31.015001,60.007446,0.32000002,90.3,6.7769594
2026-06-27 09:55:27,9,Saturday,1,5,31.3,73.9,31.004168,60.07888,0.31666666,90.25,6.7590866
2026-06-27 09:56:27,9,Saturday,1,5,31.3,73.7,30.993334,60.15032,0.31333333,90.2,6.741214
2026-06-27 09:57:27,9,Saturday,1,5,31.3,73.8,30.9825,60.221756,0.31,90.15,6.723341
2026-06-27 09:58:27,9,Saturday,1,5,31.4,73.8,30.971668,60.293194,0.30666667,90.1,6.705468
2026-06-27 09:59:27,9,Saturday,1,5,31.4,73.6,30.960835,60.364628,0.30333334,90.05,6.6875954
2026-06-27 10:00:27,10,Saturday,1,5,31.4,73.6,30.95,60.436066,0.3,90.0,6.6697226
2026-06-27 10:01:27,10,Saturday,1,5,31.4,73.6,30.931667,60.592865,0.29500002,89.833336,6.6143637
2026-06-27 10:02:27,10,Saturday,1,5,31.4,73.4,30.913334,60.749664,0.29000002,89.666664,6.559005
2026-06-27 10:03:27,10,Saturday,1,5,31.5,73.5,30.895,60.906467,0.28500003,89.5,6.503646
2026-06-27 10:04:27,10,Saturday,1,5,31.5,73.5,30.876667,61.063267,0.28,89.333336,6.4482875
2026-06-27 10:05:27,10,Saturday,1,5,31.5,73.2,30.858334,61.220066,0.275,89.166664,6.3929286
2026-06-27 10:06:27,10,Saturday,1,5,31.5,73.1,30.84,61.376865,0.27,89.0,6.3375697
2026-06-27 10:07:27,10,Saturday,1,5,31.5,73.1,30.821667,61.533665,0.26500002,88.833336,6.282211
2026-06-27 10:08:27,10,Saturday,1,5,31.5,73.1,30.803333,61.690468,0.26000002,88.666664,6.226852
2026-06-27 10:09:27,10,Saturday,1,5,31.5,73.0,30.785,61.847267,0.255,88.5,6.171493
2026-06-27 10:10:27,10,Saturday,1,5,31.6,72.8,30.766666,62.004066,0.25,88.333336,6.116134
2026-06-27 10:11:27,10,Saturday,1,5,31.6,72.8,30.748335,62.160866,0.245,88.166664,6.0607758
2026-06-27 10:12:27,10,Saturday,1,5,31.6,72.7,30.730001,62.317665,0.24000001,88.0,6.005417
2026-06-27 10:13:27,10,Saturday,1,5,31.6,72.6,30.711668,62.47447,0.23500001,87.833336,5.950058
2026-06-27 10:14:27,10,Saturday,1,5,31.6,72.6,30.693335,62.631268,0.23,87.666664,5.894699
2026-06-27 10:15:27,10,Saturday,1,5,31.6,72.5,30.675001,62.788067,0.22500001,87.5,5.83934
2026-06-27 10:16:27,10,Saturday,1,5,31.6,72.5,30.656668,62.944866,0.22000001,87.333336,5.7839813
2026-06-27 10:17:27,10,Saturday,1,5,31.6,72.4,30.638334,63.101665,0.215,87.166664,5.7286224
2026-06-27 10:18:27,10,Saturday,1,5,31.6,72.3,30.62,63.25847,0.21000001,87.0,5.673264
2026-06-27 10:19:27,10,Saturday,1,5,31.7,72.2,30.601667,63.415268,0.20500001,86.833336,5.617905
2026-06-27 10:20:27,10,Saturday,1,5,31.7,72.2,30.583334,63.572067,0.2,86.666664,5.5625463
2026-06-27 10:21:27,10,Saturday,1,5,31.7,72.1,30.565,63.728867,0.19500001,86.5,5.5071874
2026-06-27 10:22:27,10,Saturday,1,5,31.7,72.0,30.546667,63.885666,0.19000001,86.333336,5.4518285
2026-06-27 10:23:27,10,Saturday,1,5,31.7,71.9,30.528334,64.042465,0.185,86.166664,5.3964696
2026-06-27 10:24:27,10,Saturday,1,5,31.7,71.9,30.51,64.199265,0.18,86.0,5.3411107
2026-06-27 10:25:27,10,Saturday,1,5,31.7,71.8,30.491667,64.356064,0.17500001,85.833336,5.2857523
2026-06-27 10:26:27,10,Saturday,1,5,31.7,71.7,30.473333,64.51287,0.17,85.666664,5.2303934
2026-06-27 10:27:27,10,Saturday,1,5,31.7,71.5,30.455,64.66967,0.165,85.5,5.1750345
2026-06-27 10:28:27,10,Saturday,1,5,31.7,71.5,30.436666,64.82647,0.16000001,85.333336,5.1196756
2026-06-27 10:29:27,10,Saturday,1,5,31.8,71.4,30.418333,64.98327,0.155,85.166664,5.0643167
2026-06-27 10:30:27,10,Saturday,1,5,31.8,71.4,30.400002,65.14007,0.15,85.0,5.008958
2026-06-27 10:31:27,10,Saturday,1,5,31.8,71.2,30.381668,65.29687,0.14500001,84.833336,4.953599
2026-06-27 10:32:27,10,Saturday,1,5,31.8,71.3,30.363335,65.45367,0.14,84.666664,4.8982406
2026-06-27 10:33:27,10,Saturday,1,5,31.8,71.3,30.345001,65.610466,0.135,84.5,4.8428817
2026-06-27 10:34:27,10,Saturday,1,5,31.8,71.0,30.326668,65.767265,0.13000001,84.333336,4.787523
2026-06-27 10:35:27,10,Saturday,1,5,31.8,71.1,30.308334,65.92407,0.125,84.166664,4.732164
2026-06-27 10:36:27,10,Saturday,1,5,31.9,70.8,30.29,66.08087,0.120000005,84.0,4.676805
2026-06-27 10:37:27,10,Saturday,1,5,31.9,70.8,30.271667,66.23767,0.115,83.833336,4.621446
2026-06-27 10:38:27,10,Saturday,1,5,31.9,70.6,30.253334,66.39447,0.11000001,83.666664,4.5660872
2026-06-27 10:39:27,10,Saturday,1,5,31.9,70.7,30.235,66.55127,0.105000004,83.5,4.510729
2026-06-27 10:40:28,10,Saturday,1,5,31.9,70.4,30.216667,66.70807,0.1,83.333336,4.45537
2026-06-27 10:41:28,10,Saturday,1,5,31.9,70.2,30.198334,66.86487,0.095000006,83.166664,4.400011
2026-06-27 10:42:28,10,Saturday,1,5,31.9,70.1,30.18,67.02167,0.09,83.0,4.344652
2026-06-27 10:43:28,10,Saturday,1,5,32.0,70.0,30.161667,67.17847,0.085,82.833336,4.2892933
2026-06-27 10:44:28,10,Saturday,1,5,32.0,69.9,30.143333,67.335266,0.080000006,82.666664,4.2339344
2026-06-27 10:45:28,10,Saturday,1,5,32.0,69.8,30.125,67.492065,0.075,82.5,4.1785755
2026-06-27 10:46:28,10,Saturday,1,5,32.0,69.7,30.106667,67.64887,0.07,82.333336,4.123217
2026-06-27 10:47:28,10,Saturday,1,5,32.0,69.6,30.088333,67.80567,0.065000005,82.166664,4.067858
2026-06-27 10:48:28,10,Saturday,1,5,32.0,69.6,30.07,67.96247,0.060000002,82.0,4.0124993
2026-06-27 10:49:28,10,Saturday,1,5,32.0,69.4,30.051666,68.11927,0.055000003,81.833336,3.9571404
2026-06-27 10:50:28,10,Saturday,1,5,32.0,69.2,30.033333,68.27607,0.05,81.666664,3.9017816
2026-06-27 10:51:28,10,Saturday,1,5,32.0,69.2,30.015001,68.43287,0.045,81.5,3.8464227
2026-06-27 10:52:28,10,Saturday,1,5,32.0,69.0,29.996668,68.58967,0.040000003,81.333336,3.791064
2026-06-27 10:53:28,10,Saturday,1,5,32.1,68.8,29.978334,68.74647,0.035,81.166664,3.7357051
2026-06-27 10:54:28,10,Saturday,1,5,32.1,68.8,29.960001,68.90327,0.030000001,81.0,3.6803463
2026-06-27 10:55:28,10,Saturday,1,5,32.1,68.5,29.941668,69.060074,0.025,80.833336,3.6249876
2026-06-27 10:56:28,10,Saturday,1,5,32.1,68.7,29.923334,69.21687,0.020000001,80.666664,3.5696287
2026-06-27 10:57:28,10,Saturday,1,5,32.1,68.4,29.905,69.37367,0.015000001,80.5,3.5142698
2026-06-27 10:58:28,10,Saturday,1,5,32.1,68.4,29.886667,69.53047,0.010000001,80.333336,3.458911
2026-06-27 10:59:28,10,Saturday,1,5,32.1,68.4,29.868334,69.68727,0.0050000004,80.166664,3.4035523
2026-06-27 11:00:28,11,Saturday,1,5,32.2,68.1,29.85,69.84407,0.0,80.0,3.3481934
2026-06-27 11:01:28,11,Saturday,1,5,32.2,68.3,29.831667,70.09449,0.0,80.3,3.3103902
2026-06-27 11:02:28,11,Saturday,1,5,32.2,68.3,29.813334,70.34491,0.0,80.6,3.272587
2026-06-27 11:03:28,11,Saturday,1,5,32.2,67.8,29.795,70.59534,0.0,80.9,3.2347836
2026-06-27 11:04:28,11,Saturday,1,5,32.2,67.9,29.776667,70.84576,0.0,81.2,3.1969805
2026-06-27 11:05:28,11,Saturday,1,5,32.2,68.1,29.758333,71.096176,0.0,81.5,3.1591773
2026-06-27 11:06:28,11,Saturday,1,5,32.2,68.0,29.74,71.346596,0.0,81.8,3.1213741
2026-06-27 11:07:28,11,Saturday,1,5,32.2,68.0,29.721666,71.59702,0.0,82.1,3.083571
2026-06-27 11:08:28,11,Saturday,1,5,32.2,67.4,29.703333,71.84744,0.0,82.4,3.0457675
2026-06-27 11:09:28,11,Saturday,1,5,32.2,67.6,29.685,72.09786,0.0,82.7,3.0079644
2026-06-27 11:10:28,11,Saturday,1,5,32.2,67.6,29.666668,72.34828,0.0,83.0,2.9701612
2026-06-27 11:11:28,11,Saturday,1,5,32.3,67.9,29.648335,72.5987,0.0,83.3,2.932358
2026-06-27 11:12:28,11,Saturday,1,5,32.3,67.5,29.630001,72.84913,0.0,83.6,2.8945546
2026-06-27 11:13:28,11,Saturday,1,5,32.3,67.3,29.611668,73.09955,0.0,83.9,2.8567514
2026-06-27 11:14:28,11,Saturday,1,5,32.3,67.0,29.593334,73.34997,0.0,84.2,2.8189483
2026-06-27 11:15:28,11,Saturday,1,5,32.3,67.2,29.575,73.60039,0.0,84.5,2.781145
2026-06-27 11:16:28,11,Saturday,1,5,32.3,67.4,29.556667,73.85081,0.0,84.8,2.743342
2026-06-27 11:17:28,11,Saturday,1,5,32.3,66.8,29.538334,74.101234,0.0,85.1,2.7055385
2026-06-27 11:18:28,11,Saturday,1,5,32.3,67.1,29.52,74.351654,0.0,85.4,2.6677353
2026-06-27 11:19:28,11,Saturday,1,5,32.3,66.8,29.501667,74.60207,0.0,85.7,2.6299322
2026-06-27 11:20:28,11,Saturday,1,5,32.4,67.2,29.483334,74.85249,0.0,86.0,2.592129
2026-06-27 11:21:28,11,Saturday,1,5,32.4,67.5,29.465,75.10292,0.0,86.3,2.5543258
2026-06-27 11:22:28,11,Saturday,1,5,32.4,67.6,29.446667,75.35334,0.0,86.6,2.5165224
2026-06-27 11:23:28,11,Saturday,1,5,32.4,67.2,29.428333,75.60376,0.0,86.9,2.4787192
2026-06-27 11:24:28,11,Saturday,1,5,32.4,66.6,29.41,75.85418,0.0,87.2,2.440916
2026-06-27 11:25:29,11,Saturday,1,5,32.4,66.8,29.391666,76.1046,0.0,87.5,2.403113
2026-06-27 11:26:29,11,Saturday,1,5,32.4,66.8,29.373333,76.35503,0.0,87.8,2.3653097
2026-06-27 11:27:29,11,Saturday,1,5,32.4,66.7,29.355,76.605446,0.0,88.1,2.3275063
2026-06-27 11:28:29,11,Saturday,1,5,32.4,66.9,29.336666,76.855865,0.0,88.4,2.2897031
2026-06-27 11:29:29,11,Saturday,1,5,32.4,66.9,29.318333,77.106285,0.0,88.7,2.2519
2026-06-27 11:30:29,11,Saturday,1,5,32.4,66.6,29.3,77.356705,0.0,89.0,2.2140968
2026-06-27 11:31:29,11,Saturday,1,5,32.5,66.4,29.281668,77.60713,0.0,89.3,2.1762936
2026-06-27 11:32:29,11,Saturday,1,5,32.4,66.3,29.263334,77.85755,0.0,89.6,2.1384902
2026-06-27 11:33:29,11,Saturday,1,5,32.5,66.4,29.245,78.10797,0.0,89.9,2.100687
2026-06-27 11:34:29,11,Saturday,1,5,32.5,66.4,29.226667,78.35839,0.0,90.2,2.0628839
2026-06-27 11:35:29,11,Saturday,1,5,32.5,66.5,29.208334,78.60882,0.0,90.5,2.0250807
2026-06-27 11:36:29,11,Saturday,1,5,32.5,66.3,29.19,78.85924,0.0,90.8,1.9872774
2026-06-27 11:37:29,11,Saturday,1,5,32.5,66.3,29.171667,79.10966,0.0,91.1,1.9494742
2026-06-27 11:38:29,11,Saturday,1,5,32.5,66.1,29.153334,79.36008,0.0,91.4,1.9116709
2026-06-27 11:39:29,11,Saturday,1,5,32.6,66.3,29.135,79.6105,0.0,91.7,1.8738678
2026-06-27 11:40:29,11,Saturday,1,5,32.6,66.5,29.116667,79.86092,0.0,92.0,1.8360645
2026-06-27 11:41:29,11,Saturday,1,5,32.6,66.4,29.098333,80.11134,0.0,92.3,1.7982613
2026-06-27 11:42:29,11,Saturday,1,5,32.6,66.4,29.08,80.36176,0.0,92.6,1.760458
2026-06-27 11:43:29,11,Saturday,1,5,32.6,66.5,29.061666,80.61218,0.0,92.9,1.7226548
2026-06-27 11:44:29,11,Saturday,1,5,32.6,66.4,29.043333,80.86261,0.0,93.2,1.6848516
2026-06-27 11:45:29,11,Saturday,1,5,32.6,66.2,29.025,81.11303,0.0,93.5,1.6470484
2026-06-27 11:46:29,11,Saturday,1,5,32.7,66.4,29.006666,81.36345,0.0,93.8,1.6092452
2026-06-27 11:47:29,11,Saturday,1,5,32.7,66.1,28.988333,81.61387,0.0,94.1,1.5714419
2026-06-27 11:48:29,11,Saturday,1,5,32.7,66.3,28.97,81.86429,0.0,94.4,1.5336387
2026-06-27 11:49:29,11,Saturday,1,5,32.7,66.1,28.951666,82.114716,0.0,94.7,1.4958355
2026-06-27 11:50:29,11,Saturday,1,5,32.7,66.1,28.933334,82.365135,0.0,95.0,1.4580323
2026-06-27 11:51:29,11,Saturday,1,5,32.7,66.2,28.915,82.615555,0.0,95.3,1.4202291
2026-06-27 11:52:29,11,Saturday,1,5,32.7,65.9,28.896667,82.865974,0.0,95.6,1.3824258
2026-06-27 11:53:29,11,Saturday,1,5,32.7,65.9,28.878334,83.116394,0.0,95.9,1.3446226
2026-06-27 11:54:29,11,Saturday,1,5,32.7,65.9,28.86,83.36682,0.0,96.2,1.3068194
2026-06-27 11:55:29,11,Saturday,1,5,32.8,66.1,28.841667,83.61724,0.0,96.5,1.2690161
2026-06-27 11:56:29,11,Saturday,1,5,32.8,65.8,28.823334,83.86766,0.0,96.8,1.231213
2026-06-27 11:57:29,11,Saturday,1,5,32.8,65.8,28.805,84.11808,0.0,97.1,1.1934097
2026-06-27 11:58:29,11,Saturday,1,5,32.8,65.8,28.786667,84.36851,0.0,97.4,1.1556065
2026-06-27 11:59:29,11,Saturday,1,5,32.8,65.7,28.768333,84.61893,0.0,97.7,1.1178032
2026-06-27 12:00:29,12,Saturday,1,5,32.8,65.8,28.75,84.86935,0.0,98.0,1.08
2026-06-27 12:01:29,12,Saturday,1,5,32.8,65.7,28.735834,84.93227,0.0,97.63333,1.102025
2026-06-27 12:02:29,12,Saturday,1,5,32.9,65.6,28.721666,84.995186,0.0,97.26667,1.12405
2026-06-27 12:03:29,12,Saturday,1,5,32.9,65.6,28.7075,85.05811,0.0,96.9,1.146075
2026-06-27 12:04:29,12,Saturday,1,5,32.9,65.8,28.693333,85.12103,0.0,96.53333,1.1681
2026-06-27 12:05:29,12,Saturday,1,5,32.9,65.6,28.679167,85.18395,0.0,96.166664,1.190125
2026-06-27 12:06:29,12,Saturday,1,5,32.9,65.6,28.665,85.24687,0.0,95.8,1.21215
2026-06-27 12:07:29,12,Saturday,1,5,32.9,65.6,28.650833,85.3098,0.0,95.433334,1.234175
2026-06-27 12:08:29,12,Saturday,1,5,33.0,65.6,28.636667,85.37272,0.0,95.066666,1.2562
2026-06-27 12:09:30,12,Saturday,1,5,33.0,65.8,28.6225,85.43564,0.0,94.7,1.278225
2026-06-27 12:10:30,12,Saturday,1,5,33.0,65.8,28.608334,85.49856,0.0,94.333336,1.3002499
2026-06-27 12:11:30,12,Saturday,1,5,33.0,65.8,28.594166,85.561485,0.0,93.96667,1.3222749
2026-06-27 12:12:30,12,Saturday,1,5,33.0,65.9,28.58,85.624405,0.0,93.6,1.3442999
2026-06-27 12:13:30,12,Saturday,1,5,33.0,65.7,28.565834,85.687325,0.0,93.23333,1.3663249
2026-06-27 12:14:30,12,Saturday,1,5,33.0,65.7,28.551666,85.750244,0.0,92.86667,1.3883499
2026-06-27 12:15:30,12,Saturday,1,5,33.0,65.6,28.5375,85.81317,0.0,92.5,1.4103749
2026-06-27 12:16:30,12,Saturday,1,5,33.0,65.6,28.523333,85.87609,0.0,92.13333,1.4323999
2026-06-27 12:17:30,12,Saturday,1,5,33.0,65.3,28.509167,85.93901,0.0,91.76667,1.4544249
2026-06-27 12:18:30,12,Saturday,1,5,33.0,65.4,28.494999,86.00193,0.0,91.4,1.4764498
2026-06-27 12:19:30,12,Saturday,1,5,33.0,65.4,28.480833,86.06485,0.0,91.03333,1.4984748
2026-06-27 12:20:30,12,Saturday,1,5,33.0,65.3,28.466667,86.12778,0.0,90.666664,1.5204998
2026-06-27 12:21:30,12,Saturday,1,5,33.0,65.3,28.4525,86.1907,0.0,90.3,1.5425248
2026-06-27 12:22:30,12,Saturday,1,5,33.0,65.1,28.438334,86.25362,0.0,89.933334,1.5645498
2026-06-27 12:23:30,12,Saturday,1,5,33.0,65.2,28.424166,86.316536,0.0,89.566666,1.5865748
2026-06-27 12:24:30,12,Saturday,1,5,33.0,65.2,28.41,86.37946,0.0,89.2,1.6085998
2026-06-27 12:25:30,12,Saturday,1,5,33.0,65.2,28.395834,86.44238,0.0,88.833336,1.6306248
2026-06-27 12:26:30,12,Saturday,1,5,33.0,65.2,28.381666,86.5053,0.0,88.46667,1.6526498
2026-06-27 12:27:30,12,Saturday,1,5,33.1,65.1,28.3675,86.56822,0.0,88.1,1.6746747
2026-06-27 12:28:30,12,Saturday,1,5,33.1,65.0,28.353333,86.63115,0.0,87.73333,1.6966997
2026-06-27 12:29:30,12,Saturday,1,5,33.1,65.1,28.339167,86.69407,0.0,87.36667,1.7187247
2026-06-27 12:30:30,12,Saturday,1,5,33.1,65.1,28.325,86.75699,0.0,87.0,1.7407498
2026-06-27 12:31:30,12,Saturday,1,5,33.1,65.0,28.310833,86.81991,0.0,86.63333,1.7627748
2026-06-27 12:32:30,12,Saturday,1,5,33.2,65.0,28.296667,86.88283,0.0,86.26667,1.7847998
2026-06-27 12:33:30,12,Saturday,1,5,33.1,65.0,28.2825,86.945755,0.0,85.9,1.8068248
2026-06-27 12:34:30,12,Saturday,1,5,33.1,65.1,28.268333,87.008675,0.0,85.53333,1.8288498
2026-06-27 12:35:30,12,Saturday,1,5,33.2,64.9,28.254166,87.071594,0.0,85.166664,1.8508748
2026-06-27 12:36:30,12,Saturday,1,5,33.2,64.9,28.24,87.134514,0.0,84.8,1.8728998
2026-06-27 12:37:30,12,Saturday,1,5,33.2,64.9,28.225834,87.19744,0.0,84.433334,1.8949248
2026-06-27 12:38:30,12,Saturday,1,5,33.2,64.8,28.211666,87.26036,0.0,84.066666,1.9169497
2026-06-27 12:39:30,12,Saturday,1,5,33.2,65.0,28.1975,87.32328,0.0,83.7,1.9389747
2026-06-27 12:40:30,12,Saturday,1,5,33.2,64.9,28.183332,87.3862,0.0,83.333336,1.9609997
2026-06-27 12:41:30,12,Saturday,1,5,33.2,64.9,28.169167,87.44913,0.0,82.96667,1.9830247
2026-06-27 12:42:30,12,Saturday,1,5,33.2,65.0,28.154999,87.51205,0.0,82.6,2.0050497
2026-06-27 12:43:30,12,Saturday,1,5,33.3,64.8,28.140833,87.57497,0.0,82.23333,2.0270746
2026-06-27 12:44:30,12,Saturday,1,5,33.3,64.7,28.126667,87.637886,0.0,81.86667,2.0490997
2026-06-27 12:45:30,12,Saturday,1,5,33.3,64.7,28.1125,87.700806,0.0,81.5,2.0711246
2026-06-27 12:46:30,12,Saturday,1,5,33.3,64.8,28.098333,87.76373,0.0,81.13333,2.0931497
2026-06-27 12:47:30,12,Saturday,1,5,33.3,65.0,28.084166,87.82665,0.0,80.76667,2.1151745
2026-06-27 12:48:30,12,Saturday,1,5,33.4,64.8,28.07,87.88957,0.0,80.4,2.1371996
2026-06-27 12:49:30,12,Saturday,1,5,33.4,64.8,28.055834,87.95249,0.0,80.03333,2.1592245
2026-06-27 12:50:30,12,Saturday,1,5,33.4,64.8,28.041666,88.01542,0.0,79.666664,2.1812496
2026-06-27 12:51:30,12,Saturday,1,5,33.4,64.8,28.0275,88.07834,0.0,79.3,2.2032745
2026-06-27 12:52:30,12,Saturday,1,5,33.4,64.7,28.013332,88.14126,0.0,78.933334,2.2252996
2026-06-27 12:53:31,12,Saturday,1,5,33.4,64.7,27.985,88.267105,0.0,78.2,2.2693496
2026-06-27 12:54:31,12,Saturday,1,5,33.4,64.8,27.970833,88.330025,0.0,77.833336,2.2913744
2026-06-27 12:55:31,12,Saturday,1,5,33.4,64.8,27.956667,88.392944,0.0,77.46667,2.3133996
2026-06-27 12:56:31,12,Saturday,1,5,33.5,64.8,27.9425,88.455864,0.0,77.1,2.3354244
2026-06-27 12:57:31,12,Saturday,1,5,33.5,64.9,27.928333,88.51879,0.0,76.73333,2.3574495
2026-06-27 12:58:31,12,Saturday,1,5,33.5,64.7,27.914165,88.58171,0.0,76.36667,2.3794744
2026-06-27 12:59:31,12,Saturday,1,5,33.5,64.8,27.9,88.64463,0.0,76.0,2.4014995
2026-06-27 13:00:31,13,Saturday,1,5,33.5,64.7,27.888332,88.70639,0.0,75.26667,2.4250433
2026-06-27 13:01:31,13,Saturday,1,5,33.5,64.7,27.876667,88.76815,0.0,74.53333,2.4485872
2026-06-27 13:02:31,13,Saturday,1,5,33.5,64.5,27.865,88.82991,0.0,73.8,2.472131
2026-06-27 13:03:31,13,Saturday,1,5,33.6,64.6,27.853333,88.89167,0.0,73.066666,2.495675
2026-06-27 13:04:31,13,Saturday,1,5,33.6,64.6,27.841667,88.95343,0.0,72.333336,2.519219
2026-06-27 13:05:31,13,Saturday,1,5,33.6,64.4,27.83,89.01519,0.0,71.6,2.5427628
2026-06-27 13:06:31,13,Saturday,1,5,33.6,64.5,27.818333,89.07695,0.0,70.86667,2.5663066
2026-06-27 13:07:31,13,Saturday,1,5,33.6,64.3,27.806667,89.1387,0.0,70.13333,2.5898504
2026-06-27 13:08:31,13,Saturday,1,5,33.6,64.5,27.795,89.20046,0.0,69.4,2.6133943
2026-06-27 13:09:31,13,Saturday,1,5,33.6,64.2,27.783333,89.26222,0.0,68.666664,2.636938
2026-06-27 13:10:31,13,Saturday,1,5,33.6,64.3,27.771666,89.32398,0.0,67.933334,2.660482
2026-06-27 13:11:31,13,Saturday,1,5,33.6,64.2,27.76,89.38574,0.0,67.2,2.684026
2026-06-27 13:12:31,13,Saturday,1,5,33.6,64.2,27.748333,89.4475,0.0,66.46667,2.7075698
2026-06-27 13:13:31,13,Saturday,1,5,33.6,64.0,27.736666,89.50926,0.0,65.73333,2.7311137
2026-06-27 13:14:31,13,Saturday,1,5,33.7,63.9,27.725,89.57102,0.0,65.0,2.7546575
2026-06-27 13:15:31,13,Saturday,1,5,33.7,63.8,27.713333,89.63278,0.0,64.26667,2.7782013
2026-06-27 13:16:31,13,Saturday,1,5,33.7,63.7,27.701666,89.69454,0.0,63.533333,2.8017452
2026-06-27 13:17:31,13,Saturday,1,5,33.7,63.7,27.69,89.7563,0.0,62.8,2.825289
2026-06-27 13:18:31,13,Saturday,1,5,33.7,63.6,27.678333,89.81806,0.0,62.066666,2.848833
2026-06-27 13:19:31,13,Saturday,1,5,33.7,63.4,27.666666,89.87982,0.0,61.333332,2.872377
2026-06-27 13:20:31,13,Saturday,1,5,33.7,63.3,27.655,89.94158,0.0,60.6,2.8959208
2026-06-27 13:21:31,13,Saturday,1,5,33.7,63.3,27.643333,90.00334,0.0,59.866665,2.9194646
2026-06-27 13:22:31,13,Saturday,1,5,33.7,63.3,27.631666,90.065094,0.0,59.133335,2.9430084
2026-06-27 13:23:31,13,Saturday,1,5,33.8,63.1,27.62,90.126854,0.0,58.4,2.9665523
2026-06-27 13:24:31,13,Saturday,1,5,33.8,63.1,27.608334,90.188614,0.0,57.666668,2.990096
2026-06-27 13:25:31,13,Saturday,1,5,33.8,63.1,27.596666,90.250374,0.0,56.933334,3.01364
2026-06-27 13:26:31,13,Saturday,1,5,33.8,63.2,27.585001,90.31213,0.0,56.2,3.037184
2026-06-27 13:27:31,13,Saturday,1,5,33.8,63.1,27.573334,90.37389,0.0,55.466667,3.0607278
2026-06-27 13:28:31,13,Saturday,1,5,33.8,63.3,27.561666,90.43565,0.0,54.733334,3.0842717
2026-06-27 13:29:31,13,Saturday,1,5,33.8,63.1,27.55,90.49741,0.0,54.0,3.1078155
2026-06-27 13:30:31,13,Saturday,1,5,33.8,63.0,27.538334,90.55917,0.0,53.266666,3.1313593
2026-06-27 13:31:31,13,Saturday,1,5,33.8,63.0,27.526667,90.62093,0.0,52.533333,3.1549032
2026-06-27 13:32:31,13,Saturday,1,5,33.8,63.2,27.515,90.68269,0.0,51.8,3.178447
2026-06-27 13:33:31,13,Saturday,1,5,33.8,63.3,27.503334,90.74445,0.0,51.066666,3.201991
2026-06-27 13:34:31,13,Saturday,1,5,33.9,63.3,27.491667,90.80621,0.0,50.333332,3.225535
2026-06-27 13:35:31,13,Saturday,1,5,33.9,63.3,27.48,90.86797,0.0,49.6,3.2490788
2026-06-27 13:36:32,13,Saturday,1,5,33.8,63.2,27.468334,90.92973,0.0,48.866665,3.2726226
2026-06-27 13:37:32,13,Saturday,1,5,33.9,63.1,27.456667,90.991486,0.0,48.133335,3.2961664
2026-06-27 13:38:32,13,Saturday,1,5,33.9,63.1,27.445,91.053246,0.0,47.4,3.3197103
2026-06-27 13:39:32,13,Saturday,1,5,33.9,63.1,27.433334,91.115005,0.0,46.666668,3.343254
2026-06-27 13:40:32,13,Saturday,1,5,33.9,63.2,27.421667,91.176765,0.0,45.933334,3.366798
2026-06-27 13:41:32,13,Saturday,1,5,33.9,63.1,27.41,91.238525,0.0,45.2,3.390342
2026-06-27 13:42:32,13,Saturday,1,5,33.9,63.2,27.398335,91.300285,0.0,44.466667,3.4138858
2026-06-27 13:43:32,13,Saturday,1,5,33.9,63.2,27.386667,91.362045,0.0,43.733334,3.4374297
2026-06-27 13:44:32,13,Saturday,1,5,33.9,63.4,27.375,91.423805,0.0,43.0,3.4609735
2026-06-27 13:45:32,13,Saturday,1,5,33.9,63.3,27.363335,91.485565,0.0,42.266666,3.4845173
2026-06-27 13:46:32,13,Saturday,1,5,33.9,63.3,27.351667,91.547325,0.0,41.533333,3.5080612
2026-06-27 13:47:32,13,Saturday,1,5,33.9,63.6,27.34,91.609085,0.0,40.8,3.531605
2026-06-27 13:48:32,13,Saturday,1,5,33.9,63.6,27.328335,91.670845,0.0,40.066666,3.555149
2026-06-27 13:49:32,13,Saturday,1,5,33.9,63.8,27.316668,91.732605,0.0,39.333332,3.578693
2026-06-27 13:50:32,13,Saturday,1,5,33.9,63.9,27.305,91.794365,0.0,38.6,3.6022367
2026-06-27 13:51:32,13,Saturday,1,5,33.9,63.8,27.293333,91.856125,0.0,37.866665,3.6257806
2026-06-27 13:52:32,13,Saturday,1,5,33.9,63.9,27.281668,91.91788,0.0,37.133335,3.6493244
2026-06-27 13:53:32,13,Saturday,1,5,33.9,64.1,27.27,91.97964,0.0,36.4,3.6728683
2026-06-27 13:54:32,13,Saturday,1,5,33.9,64.1,27.258333,92.0414,0.0,35.666668,3.696412
2026-06-27 13:55:32,13,Saturday,1,5,33.8,64.1,27.246668,92.10316,0.0,34.933334,3.719956
2026-06-27 13:56:32,13,Saturday,1,5,33.8,64.3,27.235,92.16492,0.0,34.2,3.7435
2026-06-27 13:57:32,13,Saturday,1,5,33.8,64.4,27.223333,92.22668,0.0,33.466667,3.7670438
2026-06-27 13:58:32,13,Saturday,1,5,33.8,64.5,27.211668,92.28844,0.0,32.733334,3.7905877
2026-06-27 13:59:32,13,Saturday,1,5,33.8,64.6,27.2,92.3502,0.0,32.0,3.8141315
2026-06-27 14:00:32,14,Saturday,1,5,33.8,64.4,27.190834,92.34969,0.0,32.766666,3.8129885
2026-06-27 14:01:32,14,Saturday,1,5,33.8,64.6,27.181667,92.3492,0.0,33.533333,3.8118458
2026-06-27 14:02:32,14,Saturday,1,5,33.8,64.5,27.1725,92.348694,0.0,34.3,3.8107028
2026-06-27 14:03:32,14,Saturday,1,5,33.8,64.7,27.163334,92.34819,0.0,35.066666,3.8095598
2026-06-27 14:04:32,14,Saturday,1,5,33.8,64.8,27.154167,92.347694,0.0,35.833332,3.8084168
2026-06-27 14:05:32,14,Saturday,1,5,33.7,64.8,27.145,92.34719,0.0,36.6,3.807274
2026-06-27 14:06:32,14,Saturday,1,5,33.7,65.1,27.135834,92.34669,0.0,37.366665,3.8061311
2026-06-27 14:07:32,14,Saturday,1,5,33.7,65.0,27.126667,92.34619,0.0,38.133335,3.8049881
2026-06-27 14:08:32,14,Saturday,1,5,33.7,65.2,27.1175,92.34569,0.0,38.9,3.8038454
2026-06-27 14:09:32,14,Saturday,1,5,33.7,65.1,27.108334,92.345184,0.0,39.666668,3.8027024
2026-06-27 14:10:32,14,Saturday,1,5,33.7,65.2,27.099167,92.34468,0.0,40.433334,3.8015594
2026-06-27 14:11:32,14,Saturday,1,5,33.7,65.2,27.09,92.344185,0.0,41.2,3.8004167
2026-06-27 14:12:32,14,Saturday,1,5,33.7,65.4,27.080833,92.34368,0.0,41.966667,3.7992737
2026-06-27 14:13:32,14,Saturday,1,5,33.7,65.5,27.071667,92.34318,0.0,42.733334,3.7981308
2026-06-27 14:14:32,14,Saturday,1,5,33.6,65.6,27.0625,92.34268,0.0,43.5,3.796988
2026-06-27 14:15:32,14,Saturday,1,5,33.6,65.6,27.053333,92.34218,0.0,44.266666,3.795845
2026-06-27 14:16:32,14,Saturday,1,5,33.6,65.4,27.044167,92.341675,0.0,45.033333,3.794702
2026-06-27 14:17:32,14,Saturday,1,5,33.6,65.4,27.035,92.34118,0.0,45.8,3.793559
2026-06-27 14:18:32,14,Saturday,1,5,33.6,65.4,27.025833,92.340675,0.0,46.566666,3.7924163
2026-06-27 14:19:33,14,Saturday,1,5,33.6,65.5,27.016666,92.34017,0.0,47.333332,3.7912734
2026-06-27 14:20:33,14,Saturday,1,5,33.6,65.5,27.0075,92.339676,0.0,48.1,3.7901304
2026-06-27 14:21:33,14,Saturday,1,5,33.6,65.4,26.998333,92.33917,0.0,48.866665,3.7889876
2026-06-27 14:22:33,14,Saturday,1,5,33.6,65.3,26.989166,92.33867,0.0,49.633335,3.7878447
2026-06-27 14:23:33,14,Saturday,1,5,33.6,65.4,26.98,92.33817,0.0,50.4,3.7867017
2026-06-27 14:24:33,14,Saturday,1,5,33.5,65.5,26.970833,92.33767,0.0,51.166668,3.7855587
2026-06-27 14:25:33,14,Saturday,1,5,33.6,65.4,26.961666,92.337166,0.0,51.933334,3.784416
2026-06-27 14:26:33,14,Saturday,1,5,33.6,65.4,26.9525,92.33667,0.0,52.7,3.783273
2026-06-27 14:27:33,14,Saturday,1,5,33.6,65.5,26.943333,92.33617,0.0,53.466667,3.78213
2026-06-27 14:28:33,14,Saturday,1,5,33.6,65.5,26.934166,92.33566,0.0,54.233334,3.7809873
2026-06-27 14:29:33,14,Saturday,1,5,33.6,65.5,26.925,92.33516,0.0,55.0,3.7798443
2026-06-27 14:30:33,14,Saturday,1,5,33.6,65.4,26.915834,92.33466,0.0,55.766666,3.7787013
2026-06-27 14:31:33,14,Saturday,1,5,33.6,65.4,26.906668,92.33416,0.0,56.533333,3.7775586
2026-06-27 14:32:33,14,Saturday,1,5,33.6,65.4,26.897501,92.33366,0.0,57.3,3.7764156
2026-06-27 14:33:33,14,Saturday,1,5,33.6,65.3,26.888334,92.33316,0.0,58.066666,3.7752726
2026-06-27 14:34:33,14,Saturday,1,5,33.6,65.3,26.879168,92.33266,0.0,58.833332,3.7741299
2026-06-27 14:35:33,14,Saturday,1,5,33.6,65.2,26.87,92.33215,0.0,59.6,3.772987
2026-06-27 14:36:33,14,Saturday,1,5,33.6,65.4,26.860834,92.33166,0.0,60.366665,3.771844
2026-06-27 14:37:33,14,Saturday,1,5,33.6,65.3,26.851667,92.331154,0.0,61.133335,3.770701
2026-06-27 14:38:33,14,Saturday,1,5,33.6,65.3,26.8425,92.33065,0.0,61.9,3.7695582
2026-06-27 14:39:33,14,Saturday,1,5,33.6,65.2,26.833334,92.330154,0.0,62.666668,3.7684152
2026-06-27 14:40:33,14,Saturday,1,5,33.6,65.2,26.824167,92.32965,0.0,63.433334,3.7672722
2026-06-27 14:41:33,14,Saturday,1,5,33.6,65.1,26.815,92.32915,0.0,64.2,3.7661295
2026-06-27 14:42:33,14,Saturday,1,5,33.6,64.9,26.805834,92.32865,0.0,64.96667,3.7649865
2026-06-27 14:43:33,14,Saturday,1,5,33.6,65.0,26.796667,92.32815,0.0,65.73333,3.7638435
2026-06-27 14:44:33,14,Saturday,1,5,33.6,65.1,26.7875,92.327644,0.0,66.5,3.7627006
2026-06-27 14:45:33,14,Saturday,1,5,33.6,65.1,26.778334,92.32715,0.0,67.26667,3.7615578
2026-06-27 14:46:33,14,Saturday,1,5,33.6,65.1,26.769167,92.326645,0.0,68.03333,3.7604148
2026-06-27 14:47:33,14,Saturday,1,5,33.6,65.1,26.76,92.32614,0.0,68.8,3.7592719
2026-06-27 14:48:33,14,Saturday,1,5,33.6,65.1,26.750834,92.325645,0.0,69.566666,3.7581291
2026-06-27 14:49:33,14,Saturday,1,5,33.6,65.1,26.741667,92.32514,0.0,70.333336,3.7569861
2026-06-27 14:50:33,14,Saturday,1,5,33.6,65.0,26.7325,92.32464,0.0,71.1,3.7558432
2026-06-27 14:51:33,14,Saturday,1,5,33.6,65.1,26.723333,92.324135,0.0,71.86667,3.7547004
2026-06-27 14:52:33,14,Saturday,1,5,33.6,64.9,26.714167,92.32364,0.0,72.63333,3.7535574
2026-06-27 14:53:33,14,Saturday,1,5,33.6,64.8,26.705,92.323135,0.0,73.4,3.7524145
2026-06-27 14:54:33,14,Saturday,1,5,33.6,64.5,26.695833,92.32263,0.0,74.166664,3.7512717
2026-06-27 14:55:33,14,Saturday,1,5,33.6,64.6,26.686666,92.322136,0.0,74.933334,3.7501287
2026-06-27 14:56:33,14,Saturday,1,5,33.6,64.5,26.6775,92.32163,0.0,75.7,3.7489858
2026-06-27 14:57:33,14,Saturday,1,5,33.6,64.6,26.668333,92.32113,0.0,76.46667,3.7478428
2026-06-27 14:58:33,14,Saturday,1,5,33.6,64.5,26.659166,92.32063,0.0,77.23333,3.7467
2026-06-27 14:59:33,14,Saturday,1,5,33.6,64.6,26.65,92.32013,0.0,78.0,3.745557
2026-06-27 15:00:33,15,Saturday,1,5,33.6,64.5,26.638332,92.31031,0.0,77.9,3.7689333
2026-06-27 15:01:33,15,Saturday,1,5,33.6,64.6,26.626667,92.3005,0.0,77.8,3.7923093
2026-06-27 15:02:34,15,Saturday,1,5,33.6,64.5,26.615,92.29068,0.0,77.7,3.8156855
2026-06-27 15:03:34,15,Saturday,1,5,33.6,64.4,26.603333,92.28087,0.0,77.6,3.8390617
2026-06-27 15:04:34,15,Saturday,1,5,33.6,64.5,26.591667,92.27105,0.0,77.5,3.8624377
2026-06-27 15:05:34,15,Saturday,1,5,33.6,64.5,26.58,92.26124,0.0,77.4,3.885814
2026-06-27 15:06:34,15,Saturday,1,5,33.6,64.5,26.568333,92.25142,0.0,77.3,3.9091902
2026-06-27 15:07:34,15,Saturday,1,5,33.6,64.4,26.556667,92.2416,0.0,77.2,3.9325662
2026-06-27 15:08:34,15,Saturday,1,5,33.6,64.4,26.545,92.23179,0.0,77.1,3.9559424
2026-06-27 15:09:34,15,Saturday,1,5,33.7,64.2,26.533333,92.22197,0.0,77.0,3.9793186
2026-06-27 15:10:34,15,Saturday,1,5,33.7,64.3,26.521666,92.21216,0.0,76.9,4.0026946
2026-06-27 15:11:34,15,Saturday,1,5,33.7,64.4,26.51,92.20234,0.0,76.8,4.0260706
2026-06-27 15:12:34,15,Saturday,1,5,33.7,64.3,26.498333,92.19253,0.0,76.7,4.049447
2026-06-27 15:13:34,15,Saturday,1,5,33.7,64.1,26.486666,92.18271,0.0,76.6,4.072823
2026-06-27 15:14:34,15,Saturday,1,5,33.8,64.1,26.475,92.1729,0.0,76.5,4.096199
2026-06-27 15:15:34,15,Saturday,1,5,33.8,64.1,26.463333,92.16308,0.0,76.4,4.1195755
2026-06-27 15:16:34,15,Saturday,1,5,33.8,64.0,26.451666,92.15326,0.0,76.3,4.1429515
2026-06-27 15:17:34,15,Saturday,1,5,33.8,63.9,26.44,92.14345,0.0,76.2,4.1663275
2026-06-27 15:18:34,15,Saturday,1,5,33.8,64.0,26.428333,92.13363,0.0,76.1,4.189704
2026-06-27 15:19:34,15,Saturday,1,5,33.8,63.9,26.416666,92.12382,0.0,76.0,4.21308
2026-06-27 15:20:34,15,Saturday,1,5,33.9,63.8,26.405,92.114,0.0,75.9,4.236456
2026-06-27 15:21:34,15,Saturday,1,5,33.9,63.7,26.393333,92.10419,0.0,75.8,4.2598324
2026-06-27 15:22:34,15,Saturday,1,5,33.9,63.7,26.381666,92.09437,0.0,75.7,4.2832084
2026-06-27 15:23:34,15,Saturday,1,5,33.9,63.6,26.37,92.08455,0.0,75.6,4.3065844
2026-06-27 15:24:34,15,Saturday,1,5,33.9,63.6,26.358334,92.07474,0.0,75.5,4.329961
2026-06-27 15:25:34,15,Saturday,1,5,33.9,63.6,26.346666,92.06492,0.0,75.4,4.353337
2026-06-27 15:26:34,15,Saturday,1,5,34.0,63.5,26.335001,92.05511,0.0,75.3,4.376713
2026-06-27 15:27:34,15,Saturday,1,5,34.0,63.5,26.323334,92.04529,0.0,75.2,4.4000893
2026-06-27 15:28:34,15,Saturday,1,5,34.0,63.4,26.311666,92.03548,0.0,75.1,4.4234653
2026-06-27 15:29:34,15,Saturday,1,5,34.0,63.4,26.3,92.02566,0.0,75.0,4.4468412
2026-06-27 15:30:34,15,Saturday,1,5,34.0,63.2,26.288334,92.01584,0.0,74.9,4.4702177
2026-06-27 15:31:34,15,Saturday,1,5,34.1,63.2,26.276667,92.00603,0.0,74.8,4.4935937
2026-06-27 15:32:34,15,Saturday,1,5,34.1,63.2,26.265,91.99621,0.0,74.7,4.5169697
2026-06-27 15:33:34,15,Saturday,1,5,34.1,63.1,26.253334,91.9864,0.0,74.6,4.540346
2026-06-27 15:34:34,15,Saturday,1,5,34.1,63.2,26.241667,91.97658,0.0,74.5,4.563722
2026-06-27 15:35:34,15,Saturday,1,5,34.1,63.0,26.23,91.96677,0.0,74.4,4.587098
2026-06-27 15:36:34,15,Saturday,1,5,34.1,63.0,26.218334,91.95695,0.0,74.3,4.6104746
2026-06-27 15:37:34,15,Saturday,1,5,34.2,63.1,26.206667,91.94713,0.0,74.2,4.6338506
2026-06-27 15:38:34,15,Saturday,1,5,34.2,63.0,26.195,91.93732,0.0,74.1,4.6572266
2026-06-27 15:39:34,15,Saturday,1,5,34.2,63.0,26.183334,91.9275,0.0,74.0,4.680603
2026-06-27 15:40:34,15,Saturday,1,5,34.2,62.9,26.171667,91.91769,0.0,73.9,4.703979
2026-06-27 15:41:34,15,Saturday,1,5,34.2,62.8,26.16,91.90787,0.0,73.8,4.727355
2026-06-27 15:42:34,15,Saturday,1,5,34.2,63.0,26.148335,91.898056,0.0,73.7,4.750731
2026-06-27 15:43:34,15,Saturday,1,5,34.2,62.8,26.136667,91.88824,0.0,73.6,4.7741075
2026-06-27 15:44:34,15,Saturday,1,5,34.3,62.8,26.125,91.87842,0.0,73.5,4.7974834
2026-06-27 15:45:35,15,Saturday,1,5,34.3,62.8,26.113335,91.86861,0.0,73.4,4.8208594
2026-06-27 15:46:35,15,Saturday,1,5,34.3,62.8,26.101667,91.85879,0.0,73.3,4.844236
2026-06-27 15:47:35,15,Saturday,1,5,34.3,62.7,26.09,91.848976,0.0,73.2,4.867612
2026-06-27 15:48:35,15,Saturday,1,5,34.3,62.8,26.078335,91.83916,0.0,73.1,4.890988
2026-06-27 15:49:35,15,Saturday,1,5,34.4,62.9,26.066668,91.829346,0.0,73.0,4.9143643
2026-06-27 15:50:35,15,Saturday,1,5,34.4,63.0,26.055,91.81953,0.0,72.9,4.9377403
2026-06-27 15:51:35,15,Saturday,1,5,34.4,63.1,26.043333,91.809715,0.0,72.8,4.9611163
2026-06-27 15:52:35,15,Saturday,1,5,34.4,62.9,26.031668,91.7999,0.0,72.7,4.984493
2026-06-27 15:53:35,15,Saturday,1,5,34.4,63.0,26.02,91.79008,0.0,72.6,5.007869
2026-06-27 15:54:35,15,Saturday,1,5,34.4,63.0,26.008333,91.780266,0.0,72.5,5.0312448
2026-06-27 15:55:35,15,Saturday,1,5,34.4,63.1,25.996668,91.77045,0.0,72.4,5.054621
2026-06-27 15:56:35,15,Saturday,1,5,34.5,63.1,25.985,91.760635,0.0,72.3,5.077997
2026-06-27 15:57:35,15,Saturday,1,5,34.5,62.9,25.973333,91.75082,0.0,72.2,5.101373
2026-06-27 15:58:35,15,Saturday,1,5,34.5,63.0,25.961668,91.741005,0.0,72.1,5.1247497
2026-06-27 15:59:35,15,Saturday,1,5,34.5,62.8,25.95,91.731186,0.0,72.0,5.1481256
2026-06-27 16:00:35,16,Saturday,1,5,34.5,62.8,25.94,91.716866,0.0,72.2,5.1442623
2026-06-27 16:01:35,16,Saturday,1,5,34.5,62.9,25.93,91.70255,0.0,72.4,5.1403995
2026-06-27 16:02:35,16,Saturday,1,5,34.5,62.8,25.92,91.68823,0.0,72.6,5.1365366
2026-06-27 16:03:35,16,Saturday,1,5,34.6,62.7,25.91,91.67391,0.0,72.8,5.1326733
2026-06-27 16:04:35,16,Saturday,1,5,34.6,62.8,25.900002,91.65959,0.0,73.0,5.12881
2026-06-27 16:05:35,16,Saturday,1,5,34.6,62.9,25.890001,91.64528,0.0,73.2,5.124947
2026-06-27 16:06:35,16,Saturday,1,5,34.6,62.9,25.880001,91.63096,0.0,73.4,5.121084
2026-06-27 16:07:35,16,Saturday,1,5,34.6,62.7,25.87,91.61664,0.0,73.6,5.117221
2026-06-27 16:08:35,16,Saturday,1,5,34.6,62.8,25.86,91.60232,0.0,73.8,5.1133575
2026-06-27 16:09:35,16,Saturday,1,5,34.6,63.0,25.85,91.588005,0.0,74.0,5.1094947
2026-06-27 16:10:35,16,Saturday,1,5,34.6,62.8,25.84,91.573685,0.0,74.2,5.105632
2026-06-27 16:11:35,16,Saturday,1,5,34.6,62.8,25.83,91.559364,0.0,74.4,5.1017685
2026-06-27 16:12:35,16,Saturday,1,5,34.6,62.9,25.820002,91.545044,0.0,74.6,5.097905
2026-06-27 16:13:35,16,Saturday,1,5,34.6,62.8,25.810001,91.53073,0.0,74.8,5.0940423
2026-06-27 16:14:35,16,Saturday,1,5,34.6,62.9,25.800001,91.51641,0.0,75.0,5.0901794
2026-06-27 16:15:35,16,Saturday,1,5,34.6,62.8,25.79,91.50209,0.0,75.2,5.086316
2026-06-27 16:16:35,16,Saturday,1,5,34.6,62.8,25.78,91.48778,0.0,75.4,5.082453
2026-06-27 16:17:35,16,Saturday,1,5,34.6,62.8,25.77,91.47346,0.0,75.6,5.07859
2026-06-27 16:18:35,16,Saturday,1,5,34.6,62.7,25.76,91.45914,0.0,75.8,5.074727
2026-06-27 16:19:35,16,Saturday,1,5,34.6,62.6,25.75,91.44482,0.0,76.0,5.0708637
2026-06-27 16:20:35,16,Saturday,1,5,34.6,62.7,25.74,91.430504,0.0,76.2,5.0670004
2026-06-27 16:21:35,16,Saturday,1,5,34.6,62.8,25.730001,91.41618,0.0,76.4,5.0631375
2026-06-27 16:22:35,16,Saturday,1,5,34.6,62.7,25.720001,91.40186,0.0,76.6,5.0592747
2026-06-27 16:23:35,16,Saturday,1,5,34.6,62.7,25.710001,91.38754,0.0,76.8,5.0554113
2026-06-27 16:24:35,16,Saturday,1,5,34.7,62.7,25.7,91.37323,0.0,77.0,5.051548
2026-06-27 16:25:35,16,Saturday,1,5,34.7,62.7,25.69,91.35891,0.0,77.2,5.047685
2026-06-27 16:26:35,16,Saturday,1,5,34.7,62.6,25.68,91.34459,0.0,77.4,5.0438223
2026-06-27 16:27:36,16,Saturday,1,5,34.7,62.6,25.67,91.33027,0.0,77.6,5.039959
2026-06-27 16:28:36,16,Saturday,1,5,34.7,62.6,25.66,91.315956,0.0,77.8,5.0360956
2026-06-27 16:29:36,16,Saturday,1,5,34.7,62.6,25.650002,91.301636,0.0,78.0,5.0322328
2026-06-27 16:30:36,16,Saturday,1,5,34.7,62.7,25.640001,91.287315,0.0,78.2,5.02837
2026-06-27 16:31:36,16,Saturday,1,5,34.7,62.6,25.630001,91.273,0.0,78.4,5.0245066
2026-06-27 16:32:36,16,Saturday,1,5,34.7,62.6,25.62,91.25868,0.0,78.6,5.020643
2026-06-27 16:33:36,16,Saturday,1,5,34.7,62.5,25.61,91.24436,0.0,78.8,5.0167804
2026-06-27 16:34:36,16,Saturday,1,5,34.7,62.6,25.6,91.23004,0.0,79.0,5.0129175
2026-06-27 16:35:36,16,Saturday,1,5,34.7,62.5,25.59,91.21573,0.0,79.2,5.009054
2026-06-27 16:36:36,16,Saturday,1,5,34.7,62.5,25.58,91.20141,0.0,79.4,5.005191
2026-06-27 16:37:36,16,Saturday,1,5,34.7,62.5,25.57,91.18709,0.0,79.6,5.001328
2026-06-27 16:38:36,16,Saturday,1,5,34.7,62.5,25.560001,91.17277,0.0,79.8,4.997465
2026-06-27 16:39:36,16,Saturday,1,5,34.7,62.5,25.550001,91.158455,0.0,80.0,4.993602
2026-06-27 16:40:36,16,Saturday,1,5,34.7,62.6,25.54,91.144135,0.0,80.2,4.9897385
2026-06-27 16:41:36,16,Saturday,1,5,34.7,62.5,25.53,91.129814,0.0,80.4,4.9858756
2026-06-27 16:42:36,16,Saturday,1,5,34.7,62.7,25.52,91.11549,0.0,80.6,4.9820127
2026-06-27 16:43:36,16,Saturday,1,5,34.7,62.5,25.51,91.10118,0.0,80.8,4.9781494
2026-06-27 16:44:36,16,Saturday,1,5,34.7,62.7,25.5,91.08686,0.0,81.0,4.974286
2026-06-27 16:45:36,16,Saturday,1,5,34.7,62.6,25.49,91.07254,0.0,81.2,4.970423
2026-06-27 16:46:36,16,Saturday,1,5,34.7,62.6,25.48,91.05823,0.0,81.4,4.9665604
2026-06-27 16:47:36,16,Saturday,1,5,34.7,62.6,25.470001,91.04391,0.0,81.6,4.962697
2026-06-27 16:48:36,16,Saturday,1,5,34.7,62.6,25.460001,91.02959,0.0,81.8,4.9588337
2026-06-27 16:49:36,16,Saturday,1,5,34.7,62.6,25.45,91.01527,0.0,82.0,4.954971
2026-06-27 16:50:36,16,Saturday,1,5,34.7,62.7,25.44,91.00095,0.0,82.2,4.951108
2026-06-27 16:51:36,16,Saturday,1,5,34.7,62.7,25.43,90.98663,0.0,82.4,4.9472446
2026-06-27 16:52:36,16,Saturday,1,5,34.7,62.6,25.42,90.97231,0.0,82.6,4.9433813
2026-06-27 16:53:36,16,Saturday,1,5,34.7,62.6,25.41,90.95799,0.0,82.8,4.9395185
2026-06-27 16:54:36,16,Saturday,1,5,34.7,62.7,25.4,90.94368,0.0,83.0,4.9356556
2026-06-27 16:55:36,16,Saturday,1,5,34.7,62.5,25.390001,90.92936,0.0,83.2,4.9317923
2026-06-27 16:56:36,16,Saturday,1,5,34.7,62.6,25.380001,90.91504,0.0,83.4,4.927929
2026-06-27 16:57:36,16,Saturday,1,5,34.7,62.6,25.37,90.90072,0.0,83.6,4.924066
2026-06-27 16:58:36,16,Saturday,1,5,34.6,62.6,25.36,90.886406,0.0,83.8,4.920203
2026-06-27 16:59:36,16,Saturday,1,5,34.6,62.6,25.35,90.872086,0.0,84.0,4.91634
2026-06-27 17:00:36,17,Saturday,1,5,34.7,62.7,25.369167,90.70569,0.0,83.71667,4.8878145
2026-06-27 17:01:36,17,Saturday,1,5,34.6,62.5,25.388334,90.53928,0.0,83.433334,4.8592887
2026-06-27 17:02:36,17,Saturday,1,5,34.6,62.5,25.407501,90.37289,0.0,83.15,4.8307633
2026-06-27 17:03:36,17,Saturday,1,5,34.7,62.7,25.426666,90.20649,0.0,82.86667,4.802238
2026-06-27 17:04:36,17,Saturday,1,5,34.6,62.7,25.445833,90.04009,0.0,82.583336,4.773712
2026-06-27 17:05:36,17,Saturday,1,5,34.6,62.6,25.465,89.87369,0.0,82.3,4.745187
2026-06-27 17:06:36,17,Saturday,1,5,34.6,62.7,25.484167,89.70729,0.0,82.01667,4.7166615
2026-06-27 17:07:36,17,Saturday,1,5,34.6,62.7,25.503334,89.54089,0.0,81.73333,4.6881356
2026-06-27 17:08:36,17,Saturday,1,5,34.6,62.7,25.522501,89.3745,0.0,81.45,4.6596103
2026-06-27 17:09:37,17,Saturday,1,5,34.6,62.5,25.541668,89.20809,0.0,81.166664,4.6310844
2026-06-27 17:10:37,17,Saturday,1,5,34.6,62.6,25.560833,89.041695,0.0,80.88333,4.602559
2026-06-27 17:11:37,17,Saturday,1,5,34.6,62.6,25.58,88.8753,0.0,80.6,4.5740337
2026-06-27 17:12:37,17,Saturday,1,5,34.6,62.5,25.599167,88.7089,0.0,80.316666,4.545508
2026-06-27 17:13:37,17,Saturday,1,5,34.6,62.6,25.618334,88.542496,0.0,80.03333,4.5169826
2026-06-27 17:14:37,17,Saturday,1,5,34.6,62.6,25.6375,88.3761,0.0,79.75,4.488457
2026-06-27 17:15:37,17,Saturday,1,5,34.6,62.5,25.656668,88.2097,0.0,79.46667,4.4599314
2026-06-27 17:16:37,17,Saturday,1,5,34.6,62.6,25.675833,88.0433,0.0,79.183334,4.431406
2026-06-27 17:17:37,17,Saturday,1,5,34.6,62.5,25.695,87.8769,0.0,78.9,4.4028807
2026-06-27 17:18:37,17,Saturday,1,5,34.5,62.4,25.714167,87.7105,0.0,78.61667,4.374355
2026-06-27 17:19:37,17,Saturday,1,5,34.5,62.5,25.733334,87.544106,0.0,78.333336,4.3458295
2026-06-27 17:20:37,17,Saturday,1,5,34.5,62.5,25.7525,87.3777,0.0,78.05,4.317304
2026-06-27 17:21:37,17,Saturday,1,5,34.5,62.5,25.771667,87.2113,0.0,77.76667,4.2887783
2026-06-27 17:22:37,17,Saturday,1,5,34.5,62.4,25.790834,87.04491,0.0,77.48333,4.260253
2026-06-27 17:23:37,17,Saturday,1,5,34.5,62.4,25.81,86.87851,0.0,77.2,4.2317276
2026-06-27 17:24:37,17,Saturday,1,5,34.4,62.4,25.829166,86.712105,0.0,76.916664,4.203202
2026-06-27 17:25:37,17,Saturday,1,5,34.4,62.4,25.848333,86.54571,0.0,76.63333,4.1746764
2026-06-27 17:26:37,17,Saturday,1,5,34.4,62.4,25.8675,86.37931,0.0,76.35,4.146151
2026-06-27 17:27:37,17,Saturday,1,5,34.4,62.4,25.886667,86.21291,0.0,76.066666,4.117625
2026-06-27 17:28:37,17,Saturday,1,5,34.4,62.4,25.905834,86.04651,0.0,75.78333,4.0891
2026-06-27 17:29:37,17,Saturday,1,5,34.4,62.5,25.925,85.88011,0.0,75.5,4.0605745
2026-06-27 17:30:37,17,Saturday,1,5,34.4,62.5,25.944166,85.713715,0.0,75.21667,4.0320487
2026-06-27 17:31:37,17,Saturday,1,5,34.4,62.5,25.963333,85.54731,0.0,74.933334,4.0035233
2026-06-27 17:32:37,17,Saturday,1,5,34.4,62.4,25.9825,85.38091,0.0,74.65,3.9749978
2026-06-27 17:33:37,17,Saturday,1,5,34.4,62.3,26.001667,85.214516,0.0,74.36667,3.9464722
2026-06-27 17:34:37,17,Saturday,1,5,34.4,62.4,26.020834,85.04812,0.0,74.083336,3.9179468
2026-06-27 17:35:37,17,Saturday,1,5,34.4,62.4,26.04,84.881714,0.0,73.8,3.8894212
2026-06-27 17:36:37,17,Saturday,1,5,34.4,62.4,26.059166,84.71532,0.0,73.51667,3.8608956
2026-06-27 17:37:37,17,Saturday,1,5,34.4,62.4,26.078333,84.54892,0.0,73.23333,3.83237
2026-06-27 17:38:37,17,Saturday,1,5,34.4,62.4,26.0975,84.38252,0.0,72.95,3.8038447
2026-06-27 17:39:37,17,Saturday,1,5,34.4,62.6,26.116667,84.21612,0.0,72.666664,3.775319
2026-06-27 17:40:37,17,Saturday,1,5,34.4,62.4,26.135834,84.04972,0.0,72.38333,3.7467935
2026-06-27 17:41:37,17,Saturday,1,5,34.4,62.6,26.155,83.88332,0.0,72.1,3.7182682
2026-06-27 17:42:37,17,Saturday,1,5,34.4,62.5,26.174168,83.71693,0.0,71.816666,3.6897426
2026-06-27 17:43:37,17,Saturday,1,5,34.4,62.5,26.193333,83.55052,0.0,71.53333,3.661217
2026-06-27 17:44:37,17,Saturday,1,5,34.4,62.5,26.2125,83.384125,0.0,71.25,3.6326914
2026-06-27 17:45:37,17,Saturday,1,5,34.4,62.7,26.231667,83.21773,0.0,70.96667,3.604166
2026-06-27 17:46:37,17,Saturday,1,5,34.4,62.4,26.250834,83.05132,0.0,70.683334,3.5756404
2026-06-27 17:47:37,17,Saturday,1,5,34.4,62.6,26.27,82.884926,0.0,70.4,3.5471148
2026-06-27 17:48:37,17,Saturday,1,5,34.4,62.6,26.289167,82.71853,0.0,70.11667,3.5185895
2026-06-27 17:49:37,17,Saturday,1,5,34.4,62.5,26.308334,82.55213,0.0,69.833336,3.490064
2026-06-27 17:50:37,17,Saturday,1,5,34.4,62.6,26.3275,82.38573,0.0,69.55,3.4615383
2026-06-27 17:51:37,17,Saturday,1,5,34.4,62.6,26.346666,82.21933,0.0,69.26667,3.433013
2026-06-27 17:52:38,17,Saturday,1,5,34.4,62.5,26.365833,82.05293,0.0,68.98333,3.4044874
2026-06-27 17:53:38,17,Saturday,1,5,34.4,62.5,26.385,81.886536,0.0,68.7,3.3759618
2026-06-27 17:54:38,17,Saturday,1,5,34.4,62.5,26.404167,81.72013,0.0,68.416664,3.3474364
2026-06-27 17:55:38,17,Saturday,1,5,34.4,62.6,26.423334,81.553734,0.0,68.13333,3.3189108
2026-06-27 17:56:38,17,Saturday,1,5,34.4,62.6,26.4425,81.38734,0.0,67.85,3.2903852
2026-06-27 17:57:38,17,Saturday,1,5,34.3,62.6,26.461666,81.22094,0.0,67.566666,3.2618597
2026-06-27 17:58:38,17,Saturday,1,5,34.4,62.6,26.480833,81.054535,0.0,67.28333,3.2333343
2026-06-27 17:59:38,17,Saturday,1,5,34.3,62.5,26.5,80.88814,0.0,67.0,3.2048087
2026-06-27 18:00:38,18,Saturday,1,5,34.3,62.3,26.490833,80.874725,0.0,67.55,3.2090232
2026-06-27 18:01:38,18,Saturday,1,5,34.3,62.3,26.481667,80.86131,0.0,68.1,3.213238
2026-06-27 18:02:38,18,Saturday,1,5,34.3,62.4,26.4725,80.8479,0.0,68.65,3.2174525
2026-06-27 18:03:38,18,Saturday,1,5,34.3,62.4,26.463333,80.83449,0.0,69.2,3.2216673
2026-06-27 18:04:38,18,Saturday,1,5,34.3,62.4,26.454166,80.821075,0.0,69.75,3.2258818
2026-06-27 18:05:38,18,Saturday,1,5,34.3,62.4,26.445,80.80766,0.0,70.3,3.2300966
2026-06-27 18:06:38,18,Saturday,1,5,34.3,62.4,26.435833,80.79425,0.0,70.85,3.234311
2026-06-27 18:07:38,18,Saturday,1,5,34.3,62.5,26.426666,80.78084,0.0,71.4,3.2385259
2026-06-27 18:08:38,18,Saturday,1,5,34.3,62.3,26.4175,80.767426,0.0,71.95,3.2427404
2026-06-27 18:09:38,18,Saturday,1,5,34.3,62.6,26.408333,80.75401,0.0,72.5,3.2469552
2026-06-27 18:10:38,18,Saturday,1,5,34.2,62.3,26.399166,80.7406,0.0,73.05,3.2511697
2026-06-27 18:11:38,18,Saturday,1,5,34.2,62.4,26.39,80.72719,0.0,73.6,3.2553844
2026-06-27 18:12:38,18,Saturday,1,5,34.2,62.1,26.380833,80.713776,0.0,74.15,3.259599
2026-06-27 18:13:38,18,Saturday,1,5,34.2,61.9,26.371666,80.70036,0.0,74.7,3.2638137
2026-06-27 18:14:38,18,Saturday,1,5,34.2,62.0,26.3625,80.68695,0.0,75.25,3.2680283
2026-06-27 18:15:38,18,Saturday,1,5,34.2,62.0,26.353334,80.673546,0.0,75.8,3.272243
2026-06-27 18:16:38,18,Saturday,1,5,34.2,62.1,26.344168,80.66013,0.0,76.35,3.2764575
2026-06-27 18:17:38,18,Saturday,1,5,34.2,62.1,26.335001,80.64672,0.0,76.9,3.2806723
2026-06-27 18:18:38,18,Saturday,1,5,34.2,62.2,26.325834,80.63331,0.0,77.45,3.2848868
2026-06-27 18:19:38,18,Saturday,1,5,34.1,62.2,26.316668,80.619896,0.0,78.0,3.2891016
2026-06-27 18:20:38,18,Saturday,1,5,34.2,62.0,26.3075,80.60648,0.0,78.55,3.2933161
2026-06-27 18:21:38,18,Saturday,1,5,34.1,61.9,26.298334,80.59307,0.0,79.1,3.297531
2026-06-27 18:22:38,18,Saturday,1,5,34.1,62.0,26.289167,80.57966,0.0,79.65,3.3017454
2026-06-27 18:23:38,18,Saturday,1,5,34.1,62.0,26.28,80.566246,0.0,80.2,3.3059602
2026-06-27 18:24:38,18,Saturday,1,5,34.1,62.1,26.270834,80.55283,0.0,80.75,3.3101747
2026-06-27 18:25:38,18,Saturday,1,5,34.1,61.9,26.261667,80.53942,0.0,81.3,3.3143895
2026-06-27 18:26:38,18,Saturday,1,5,34.1,61.8,26.2525,80.52601,0.0,81.85,3.318604
2026-06-27 18:27:38,18,Saturday,1,5,34.1,62.0,26.243334,80.512596,0.0,82.4,3.3228188
2026-06-27 18:28:38,18,Saturday,1,5,34.1,62.2,26.234167,80.49918,0.0,82.95,3.3270333
2026-06-27 18:29:38,18,Saturday,1,5,34.1,62.1,26.225,80.48577,0.0,83.5,3.3312478
2026-06-27 18:30:38,18,Saturday,1,5,34.1,62.1,26.215834,80.47236,0.0,84.05,3.3354626
2026-06-27 18:31:38,18,Saturday,1,5,34.1,61.9,26.206667,80.45895,0.0,84.6,3.339677
2026-06-27 18:32:38,18,Saturday,1,5,34.1,61.4,26.1975,80.44553,0.0,85.15,3.3438919
2026-06-27 18:33:38,18,Saturday,1,5,34.0,61.4,26.188334,80.43212,0.0,85.7,3.3481064
2026-06-27 18:34:39,18,Saturday,1,5,34.1,61.8,26.179167,80.41871,0.0,86.25,3.3523211
2026-06-27 18:35:39,18,Saturday,1,5,34.1,61.4,26.17,80.4053,0.0,86.8,3.3565357
2026-06-27 18:36:39,18,Saturday,1,5,34.0,61.5,26.160833,80.391884,0.0,87.35,3.3607504
2026-06-27 18:37:39,18,Saturday,1,5,34.0,61.6,26.151667,80.37847,0.0,87.9,3.364965
2026-06-27 18:38:39,18,Saturday,1,5,34.0,61.6,26.1425,80.36506,0.0,88.45,3.3691797
2026-06-27 18:39:39,18,Saturday,1,5,34.0,61.6,26.133333,80.35165,0.0,89.0,3.3733943
2026-06-27 18:40:39,18,Saturday,1,5,34.0,61.5,26.124166,80.338234,0.0,89.55,3.377609
2026-06-27 18:41:39,18,Saturday,1,5,34.0,61.5,26.115,80.32482,0.0,90.1,3.3818235
2026-06-27 18:42:39,18,Saturday,1,5,34.0,61.3,26.105833,80.31141,0.0,90.65,3.3860383
2026-06-27 18:43:39,18,Saturday,1,5,34.0,61.4,26.096666,80.298,0.0,91.2,3.3902528
2026-06-27 18:44:39,18,Saturday,1,5,34.0,61.1,26.087502,80.28459,0.0,91.75,3.3944676
2026-06-27 18:45:39,18,Saturday,1,5,34.0,60.3,26.078335,80.27118,0.0,92.3,3.398682
2026-06-27 18:46:39,18,Saturday,1,5,34.0,60.6,26.069168,80.25777,0.0,92.85,3.402897
2026-06-27 18:47:39,18,Saturday,1,5,34.0,60.9,26.060001,80.244354,0.0,93.4,3.4071114
2026-06-27 18:48:39,18,Saturday,1,5,34.0,61.1,26.050835,80.23094,0.0,93.95,3.4113262
2026-06-27 18:49:39,18,Saturday,1,5,34.0,61.2,26.041668,80.21753,0.0,94.5,3.4155407
2026-06-27 18:50:39,18,Saturday,1,5,33.9,61.3,26.032501,80.20412,0.0,95.05,3.4197555
2026-06-27 18:51:39,18,Saturday,1,5,33.9,60.6,26.023335,80.190704,0.0,95.6,3.42397
2026-06-27 18:52:39,18,Saturday,1,5,33.9,60.9,26.014168,80.17729,0.0,96.15,3.4281847
2026-06-27 18:53:39,18,Saturday,1,5,33.9,59.8,26.005001,80.16388,0.0,96.7,3.4323993
2026-06-27 18:54:39,18,Saturday,1,5,33.9,60.4,25.995834,80.15047,0.0,97.25,3.436614
2026-06-27 18:55:39,18,Saturday,1,5,33.9,60.1,25.986668,80.137054,0.0,97.8,3.4408286
2026-06-27 18:56:39,18,Saturday,1,5,33.9,59.5,25.9775,80.12364,0.0,98.35,3.4450433
2026-06-27 18:57:39,18,Saturday,1,5,33.9,60.1,25.968334,80.11023,0.0,98.9,3.4492579
2026-06-27 18:58:39,18,Saturday,1,5,33.9,59.9,25.959167,80.09682,0.0,99.45,3.4534726
2026-06-27 18:59:39,18,Saturday,1,5,33.9,59.3,25.95,80.083405,0.0,100.0,3.4576871
2026-06-27 19:00:39,19,Saturday,1,5,33.9,59.1,25.944168,80.09489,0.0,99.98333,3.4684696
2026-06-27 19:01:39,19,Saturday,1,5,33.9,60.2,25.938334,80.10637,0.0,99.96667,3.4792519
2026-06-27 19:02:39,19,Saturday,1,5,33.8,60.5,25.9325,80.11785,0.0,99.95,3.4900343
2026-06-27 19:03:39,19,Saturday,1,5,33.8,59.6,25.926668,80.12933,0.0,99.933334,3.5008168
2026-06-27 19:04:39,19,Saturday,1,5,33.8,59.7,25.920834,80.14081,0.0,99.916664,3.511599
2026-06-27 19:05:39,19,Saturday,1,5,33.8,60.2,25.915,80.15229,0.0,99.9,3.5223815
2026-06-27 19:06:39,19,Saturday,1,5,33.8,59.4,25.909168,80.16377,0.0,99.88333,3.533164
2026-06-27 19:07:39,19,Saturday,1,5,33.8,59.8,25.903334,80.175255,0.0,99.86667,3.5439463
2026-06-27 19:08:39,19,Saturday,1,5,33.8,60.1,25.897501,80.18674,0.0,99.85,3.5547287
2026-06-27 19:09:39,19,Saturday,1,5,33.8,59.6,25.891666,80.19822,0.0,99.833336,3.5655112
2026-06-27 19:10:39,19,Saturday,1,5,33.8,59.7,25.885834,80.2097,0.0,99.816666,3.5762937
2026-06-27 19:11:39,19,Saturday,1,5,33.8,59.6,25.880001,80.22118,0.0,99.8,3.587076
2026-06-27 19:12:39,19,Saturday,1,5,33.8,59.6,25.874166,80.23266,0.0,99.78333,3.5978584
2026-06-27 19:13:39,19,Saturday,1,5,33.8,59.4,25.868334,80.24414,0.0,99.76667,3.608641
2026-06-27 19:14:39,19,Saturday,1,5,33.8,59.6,25.862501,80.25562,0.0,99.75,3.6194232
2026-06-27 19:15:39,19,Saturday,1,5,33.8,59.9,25.856667,80.267105,0.0,99.73333,3.6302056
2026-06-27 19:16:39,19,Saturday,1,5,33.7,60.2,25.850834,80.27859,0.0,99.71667,3.640988
2026-06-27 19:17:40,19,Saturday,1,5,33.7,60.0,25.845001,80.29007,0.0,99.7,3.6517704
2026-06-27 19:18:40,19,Saturday,1,5,33.7,60.0,25.839167,80.30155,0.0,99.683334,3.6625528
2026-06-27 19:19:40,19,Saturday,1,5,33.7,60.1,25.833334,80.313034,0.0,99.666664,3.6733353
2026-06-27 19:20:40,19,Saturday,1,5,33.7,60.1,25.827501,80.32452,0.0,99.65,3.6841176
2026-06-27 19:21:40,19,Saturday,1,5,33.7,59.8,25.821667,80.33599,0.0,99.63333,3.6949
2026-06-27 19:22:40,19,Saturday,1,5,33.7,60.1,25.815834,80.34747,0.0,99.61667,3.7056825
2026-06-27 19:23:40,19,Saturday,1,5,33.7,60.1,25.810001,80.358955,0.0,99.6,3.7164648
2026-06-27 19:24:40,19,Saturday,1,5,33.7,60.0,25.804167,80.37044,0.0,99.583336,3.7272472
2026-06-27 19:25:40,19,Saturday,1,5,33.7,60.0,25.798334,80.38192,0.0,99.566666,3.7380297
2026-06-27 19:26:40,19,Saturday,1,5,33.7,60.1,25.792501,80.3934,0.0,99.55,3.748812
2026-06-27 19:27:40,19,Saturday,1,5,33.6,59.9,25.786667,80.404884,0.0,99.53333,3.7595944
2026-06-27 19:28:40,19,Saturday,1,5,33.6,60.3,25.780834,80.41637,0.0,99.51667,3.770377
2026-06-27 19:29:40,19,Saturday,1,5,33.6,60.3,25.775002,80.42784,0.0,99.5,3.7811594
2026-06-27 19:30:40,19,Saturday,1,5,33.6,60.2,25.769167,80.43932,0.0,99.48333,3.7919416
2026-06-27 19:31:40,19,Saturday,1,5,33.6,60.3,25.763334,80.450806,0.0,99.46667,3.8027241
2026-06-27 19:32:40,19,Saturday,1,5,33.6,60.6,25.7575,80.46229,0.0,99.45,3.8135066
2026-06-27 19:33:40,19,Saturday,1,5,33.6,60.5,25.751667,80.47377,0.0,99.433334,3.8242888
2026-06-27 19:34:40,19,Saturday,1,5,33.6,60.5,25.745834,80.48525,0.0,99.416664,3.8350713
2026-06-27 19:35:40,19,Saturday,1,5,33.6,60.5,25.74,80.496735,0.0,99.4,3.8458538
2026-06-27 19:36:40,19,Saturday,1,5,33.6,60.4,25.734167,80.50822,0.0,99.38333,3.856636
2026-06-27 19:37:40,19,Saturday,1,5,33.6,60.4,25.728334,80.5197,0.0,99.36667,3.8674185
2026-06-27 19:38:40,19,Saturday,1,5,33.6,60.6,25.7225,80.53117,0.0,99.35,3.878201
2026-06-27 19:39:40,19,Saturday,1,5,33.6,60.5,25.716667,80.542656,0.0,99.333336,3.8889832
2026-06-27 19:40:40,19,Saturday,1,5,33.6,60.5,25.710835,80.55414,0.0,99.316666,3.8997657
2026-06-27 19:41:40,19,Saturday,1,5,33.6,60.6,25.705,80.56562,0.0,99.3,3.9105482
2026-06-27 19:42:40,19,Saturday,1,5,33.6,60.6,25.699167,80.5771,0.0,99.28333,3.9213305
2026-06-27 19:43:40,19,Saturday,1,5,33.6,60.6,25.693335,80.588585,0.0,99.26667,3.932113
2026-06-27 19:44:40,19,Saturday,1,5,33.6,60.7,25.6875,80.60007,0.0,99.25,3.9428954
2026-06-27 19:45:40,19,Saturday,1,5,33.6,60.7,25.681667,80.61155,0.0,99.23333,3.9536777
2026-06-27 19:46:40,19,Saturday,1,5,33.5,60.6,25.675835,80.62303,0.0,99.21667,3.9644601
2026-06-27 19:47:40,19,Saturday,1,5,33.5,60.6,25.67,80.63451,0.0,99.2,3.9752426
2026-06-27 19:48:40,19,Saturday,1,5,33.5,60.7,25.664167,80.64599,0.0,99.183334,3.9860249
2026-06-27 19:49:40,19,Saturday,1,5,33.5,60.6,25.658333,80.65747,0.0,99.166664,3.9968073
2026-06-27 19:50:40,19,Saturday,1,5,33.5,60.7,25.6525,80.66895,0.0,99.15,4.00759
2026-06-27 19:51:40,19,Saturday,1,5,33.5,60.7,25.646667,80.680435,0.0,99.13333,4.018372
2026-06-27 19:52:40,19,Saturday,1,5,33.5,60.9,25.640833,80.69192,0.0,99.11667,4.029155
2026-06-27 19:53:40,19,Saturday,1,5,33.5,61.1,25.635,80.7034,0.0,99.1,4.039937
2026-06-27 19:54:40,19,Saturday,1,5,33.5,61.1,25.629168,80.71488,0.0,99.083336,4.0507193
2026-06-27 19:55:40,19,Saturday,1,5,33.5,61.1,25.623333,80.72636,0.0,99.066666,4.061502
2026-06-27 19:56:40,19,Saturday,1,5,33.5,61.1,25.6175,80.73784,0.0,99.05,4.072284
2026-06-27 19:57:40,19,Saturday,1,5,33.5,61.1,25.611668,80.74932,0.0,99.03333,4.0830665
2026-06-27 19:58:40,19,Saturday,1,5,33.5,61.1,25.605833,80.7608,0.0,99.01667,4.093849
2026-06-27 19:59:40,19,Saturday,1,5,33.5,61.1,25.6,80.772285,0.0,99.0,4.1046314
2026-06-27 20:00:40,20,Saturday,1,5,33.4,61.4,25.595001,80.81329,0.0,99.0,4.0675416
2026-06-27 20:01:41,20,Saturday,1,5,33.4,61.3,25.59,80.85431,0.0,99.0,4.0304523
2026-06-27 20:02:41,20,Saturday,1,5,33.5,61.5,25.585001,80.89532,0.0,99.0,3.9933627
2026-06-27 20:03:41,20,Saturday,1,5,33.4,61.4,25.58,80.93633,0.0,99.0,3.956273
2026-06-27 20:04:41,20,Saturday,1,5,33.4,61.3,25.575,80.97734,0.0,99.0,3.9191835
2026-06-27 20:05:41,20,Saturday,1,5,33.5,61.3,25.57,81.01835,0.0,99.0,3.882094
2026-06-27 20:06:41,20,Saturday,1,5,33.4,61.4,25.565,81.059364,0.0,99.0,3.845004
2026-06-27 20:07:41,20,Saturday,1,5,33.4,61.4,25.56,81.10037,0.0,99.0,3.8079145
2026-06-27 20:08:41,20,Saturday,1,5,33.4,61.3,25.555,81.14138,0.0,99.0,3.770825
2026-06-27 20:09:41,20,Saturday,1,5,33.4,61.5,25.55,81.182396,0.0,99.0,3.7337353
2026-06-27 20:10:41,20,Saturday,1,5,33.4,61.4,25.545,81.223404,0.0,99.0,3.6966457
2026-06-27 20:11:41,20,Saturday,1,5,33.4,61.5,25.54,81.26442,0.0,99.0,3.6595562
2026-06-27 20:12:41,20,Saturday,1,5,33.4,61.5,25.535,81.30543,0.0,99.0,3.6224666
2026-06-27 20:13:41,20,Saturday,1,5,33.4,61.6,25.53,81.346436,0.0,99.0,3.585377
2026-06-27 20:14:41,20,Saturday,1,5,33.4,61.8,25.525,81.38745,0.0,99.0,3.5482874
2026-06-27 20:15:41,20,Saturday,1,5,33.4,61.7,25.52,81.42846,0.0,99.0,3.5111978
2026-06-27 20:16:41,20,Saturday,1,5,33.4,61.5,25.515,81.469475,0.0,99.0,3.4741082
2026-06-27 20:17:41,20,Saturday,1,5,33.4,61.6,25.51,81.51048,0.0,99.0,3.4370186
2026-06-27 20:18:41,20,Saturday,1,5,33.3,61.7,25.505,81.55149,0.0,99.0,3.399929
2026-06-27 20:19:41,20,Saturday,1,5,33.4,61.7,25.5,81.59251,0.0,99.0,3.3628392
2026-06-27 20:20:41,20,Saturday,1,5,33.4,61.7,25.495,81.633514,0.0,99.0,3.3257496
2026-06-27 20:21:41,20,Saturday,1,5,33.3,61.8,25.49,81.67452,0.0,99.0,3.28866
2026-06-27 20:22:41,20,Saturday,1,5,33.4,62.1,25.485,81.71554,0.0,99.0,3.2515705
2026-06-27 20:23:41,20,Saturday,1,5,33.3,62.1,25.48,81.756546,0.0,99.0,3.2144809
2026-06-27 20:24:41,20,Saturday,1,5,33.3,62.0,25.475,81.79756,0.0,99.0,3.1773913
2026-06-27 20:25:41,20,Saturday,1,5,33.3,61.7,25.47,81.83857,0.0,99.0,3.1403017
2026-06-27 20:26:41,20,Saturday,1,5,33.3,62.0,25.465,81.87958,0.0,99.0,3.103212
2026-06-27 20:27:41,20,Saturday,1,5,33.3,62.0,25.46,81.92059,0.0,99.0,3.0661225
2026-06-27 20:28:41,20,Saturday,1,5,33.3,61.9,25.455,81.9616,0.0,99.0,3.029033
2026-06-27 20:29:41,20,Saturday,1,5,33.3,61.9,25.45,82.00261,0.0,99.0,2.9919434
2026-06-27 20:30:41,20,Saturday,1,5,33.3,61.9,25.445,82.043625,0.0,99.0,2.9548538
2026-06-27 20:31:41,20,Saturday,1,5,33.3,62.0,25.44,82.08463,0.0,99.0,2.9177642
2026-06-27 20:32:41,20,Saturday,1,5,33.3,62.1,25.435,82.12565,0.0,99.0,2.8806746
2026-06-27 20:33:41,20,Saturday,1,5,33.3,62.3,25.43,82.16666,0.0,99.0,2.8435848
2026-06-27 20:34:41,20,Saturday,1,5,33.3,62.1,25.425,82.207664,0.0,99.0,2.8064952
2026-06-27 20:35:41,20,Saturday,1,5,33.3,62.1,25.42,82.24868,0.0,99.0,2.7694056
2026-06-27 20:36:41,20,Saturday,1,5,33.3,62.2,25.414999,82.28969,0.0,99.0,2.732316
2026-06-27 20:37:41,20,Saturday,1,5,33.3,62.2,25.41,82.3307,0.0,99.0,2.6952264
2026-06-27 20:38:41,20,Saturday,1,5,33.2,62.3,25.404999,82.37171,0.0,99.0,2.6581368
2026-06-27 20:39:41,20,Saturday,1,5,33.2,62.4,25.4,82.41272,0.0,99.0,2.6210473
2026-06-27 20:40:41,20,Saturday,1,5,33.2,62.3,25.395,82.453735,0.0,99.0,2.5839577
2026-06-27 20:41:41,20,Saturday,1,5,33.3,62.4,25.39,82.49474,0.0,99.0,2.546868
2026-06-27 20:42:41,20,Saturday,1,5,33.2,62.5,25.385,82.53575,0.0,99.0,2.5097785
2026-06-27 20:43:41,20,Saturday,1,5,33.2,62.5,25.38,82.57677,0.0,99.0,2.472689
2026-06-27 20:44:42,20,Saturday,1,5,33.2,62.4,25.375,82.617775,0.0,99.0,2.4355993
2026-06-27 20:45:42,20,Saturday,1,5,33.2,62.4,25.369999,82.65879,0.0,99.0,2.3985097
2026-06-27 20:46:42,20,Saturday,1,5,33.2,62.7,25.365,82.6998,0.0,99.0,2.36142
2026-06-27 20:47:42,20,Saturday,1,5,33.2,62.6,25.359999,82.74081,0.0,99.0,2.3243303
2026-06-27 20:48:42,20,Saturday,1,5,33.2,62.5,25.355,82.78182,0.0,99.0,2.2872407
2026-06-27 20:49:42,20,Saturday,1,5,33.2,62.7,25.349998,82.82283,0.0,99.0,2.2501512
2026-06-27 20:50:42,20,Saturday,1,5,33.2,62.7,25.345,82.863846,0.0,99.0,2.2130616
2026-06-27 20:51:42,20,Saturday,1,5,33.2,62.7,25.34,82.904854,0.0,99.0,2.175972
2026-06-27 20:52:42,20,Saturday,1,5,33.2,62.6,25.335,82.94586,0.0,99.0,2.1388824
2026-06-27 20:53:42,20,Saturday,1,5,33.2,62.6,25.33,82.98688,0.0,99.0,2.1017928
2026-06-27 20:54:42,20,Saturday,1,5,33.2,62.7,25.324999,83.027885,0.0,99.0,2.0647032
2026-06-27 20:55:42,20,Saturday,1,5,33.2,62.6,25.32,83.06889,0.0,99.0,2.0276136
2026-06-27 20:56:42,20,Saturday,1,5,33.2,62.8,25.314999,83.10991,0.0,99.0,1.9905239
2026-06-27 20:57:42,20,Saturday,1,5,33.2,62.7,25.31,83.15092,0.0,99.0,1.9534343
2026-06-27 20:58:42,20,Saturday,1,5,33.2,62.7,25.304998,83.19193,0.0,99.0,1.9163448
2026-06-27 20:59:42,20,Saturday,1,5,33.2,62.6,25.3,83.23294,0.0,99.0,1.8792552
2026-06-27 21:00:42,21,Saturday,1,5,33.2,62.7,25.295,83.27089,0.0,98.98333,1.932415
2026-06-27 21:01:42,21,Saturday,1,5,33.2,62.7,25.289999,83.308846,0.0,98.96667,1.9855748
2026-06-27 21:02:42,21,Saturday,1,5,33.1,62.5,25.285,83.346794,0.0,98.95,2.0387347
2026-06-27 21:03:42,21,Saturday,1,5,33.1,62.7,25.279999,83.38475,0.0,98.933334,2.0918946
2026-06-27 21:04:42,21,Saturday,1,5,33.1,62.7,25.275,83.4227,0.0,98.916664,2.1450543
2026-06-27 21:05:42,21,Saturday,1,5,33.1,62.7,25.269999,83.460655,0.0,98.9,2.1982143
2026-06-27 21:06:42,21,Saturday,1,5,33.1,62.7,25.265,83.498604,0.0,98.88333,2.2513742
2026-06-27 21:07:42,21,Saturday,1,5,33.1,62.8,25.26,83.53656,0.0,98.86667,2.304534
2026-06-27 21:08:42,21,Saturday,1,5,33.1,62.9,25.255,83.57451,0.0,98.85,2.357694
2026-06-27 21:09:42,21,Saturday,1,5,33.1,62.7,25.25,83.61246,0.0,98.833336,2.4108536
2026-06-27 21:10:42,21,Saturday,1,5,33.1,62.7,25.244999,83.65041,0.0,98.816666,2.4640136
2026-06-27 21:11:42,21,Saturday,1,5,33.1,62.9,25.24,83.68836,0.0,98.8,2.5171733
2026-06-27 21:12:42,21,Saturday,1,5,33.1,62.9,25.234999,83.72632,0.0,98.78333,2.5703332
2026-06-27 21:13:42,21,Saturday,1,5,33.1,62.9,25.23,83.76427,0.0,98.76667,2.6234932
2026-06-27 21:14:42,21,Saturday,1,5,33.1,63.0,25.224998,83.80222,0.0,98.75,2.676653
2026-06-27 21:15:42,21,Saturday,1,5,33.1,63.1,25.22,83.84017,0.0,98.73333,2.7298129
2026-06-27 21:16:42,21,Saturday,1,5,33.1,63.1,25.215,83.87813,0.0,98.71667,2.7829726
2026-06-27 21:17:42,21,Saturday,1,5,33.1,63.1,25.21,83.91608,0.0,98.7,2.8361325
2026-06-27 21:18:42,21,Saturday,1,5,33.1,63.1,25.205,83.95403,0.0,98.683334,2.8892922
2026-06-27 21:19:42,21,Saturday,1,5,33.1,63.1,25.199999,83.99198,0.0,98.666664,2.9424522
2026-06-27 21:20:42,21,Saturday,1,5,33.1,63.2,25.195,84.02993,0.0,98.65,2.9956121
2026-06-27 21:21:42,21,Saturday,1,5,33.1,63.3,25.189999,84.06789,0.0,98.63333,3.0487719
2026-06-27 21:22:42,21,Saturday,1,5,33.1,63.3,25.185,84.105835,0.0,98.61667,3.1019318
2026-06-27 21:23:42,21,Saturday,1,5,33.1,63.5,25.18,84.14379,0.0,98.6,3.1550915
2026-06-27 21:24:42,21,Saturday,1,5,33.1,63.5,25.175,84.18174,0.0,98.583336,3.2082515
2026-06-27 21:25:42,21,Saturday,1,5,33.0,63.8,25.17,84.219696,0.0,98.566666,3.2614112
2026-06-27 21:26:42,21,Saturday,1,5,33.1,63.7,25.164999,84.257645,0.0,98.55,3.3145711
2026-06-27 21:27:42,21,Saturday,1,5,33.1,63.8,25.16,84.2956,0.0,98.53333,3.367731
2026-06-27 21:28:43,21,Saturday,1,5,33.0,63.9,25.154999,84.33355,0.0,98.51667,3.4208908
2026-06-27 21:29:43,21,Saturday,1,5,33.0,64.0,25.15,84.371506,0.0,98.5,3.4740508
2026-06-27 21:30:43,21,Saturday,1,5,33.0,63.9,25.145,84.409454,0.0,98.48333,3.5272105
2026-06-27 21:31:43,21,Saturday,1,5,33.1,64.0,25.14,84.4474,0.0,98.46667,3.5803704
2026-06-27 21:32:43,21,Saturday,1,5,33.0,63.9,25.135,84.48536,0.0,98.45,3.6335301
2026-06-27 21:33:43,21,Saturday,1,5,33.0,63.8,25.13,84.52331,0.0,98.433334,3.68669
2026-06-27 21:34:43,21,Saturday,1,5,33.0,63.9,25.125,84.561264,0.0,98.416664,3.73985
2026-06-27 21:35:43,21,Saturday,1,5,33.0,64.0,25.119999,84.59921,0.0,98.4,3.7930098
2026-06-27 21:36:43,21,Saturday,1,5,33.0,64.3,25.115,84.63717,0.0,98.38333,3.8461697
2026-06-27 21:37:43,21,Saturday,1,5,33.0,64.1,25.11,84.67512,0.0,98.36667,3.8993294
2026-06-27 21:38:43,21,Saturday,1,5,33.0,64.0,25.105,84.71307,0.0,98.35,3.9524894
2026-06-27 21:39:43,21,Saturday,1,5,33.0,64.0,25.1,84.75102,0.0,98.333336,4.005649
2026-06-27 21:40:43,21,Saturday,1,5,33.0,63.9,25.095,84.78897,0.0,98.316666,4.0588093
2026-06-27 21:41:43,21,Saturday,1,5,33.0,64.0,25.09,84.82693,0.0,98.3,4.111969
2026-06-27 21:42:43,21,Saturday,1,5,33.0,64.0,25.085,84.864876,0.0,98.28333,4.1651287
2026-06-27 21:43:43,21,Saturday,1,5,33.0,64.2,25.08,84.90283,0.0,98.26667,4.2182884
2026-06-27 21:44:43,21,Saturday,1,5,33.0,64.2,25.075,84.94078,0.0,98.25,4.2714486
2026-06-27 21:45:43,21,Saturday,1,5,33.0,64.3,25.07,84.97874,0.0,98.23333,4.3246083
2026-06-27 21:46:43,21,Saturday,1,5,33.0,64.3,25.065,85.016685,0.0,98.21667,4.377768
2026-06-27 21:47:43,21,Saturday,1,5,33.0,64.4,25.06,85.05464,0.0,98.2,4.430928
2026-06-27 21:48:43,21,Saturday,1,5,33.0,64.4,25.055,85.09259,0.0,98.183334,4.484088
2026-06-27 21:49:43,21,Saturday,1,5,33.0,64.4,25.05,85.13054,0.0,98.166664,4.5372477
2026-06-27 21:50:43,21,Saturday,1,5,33.0,64.7,25.045,85.168495,0.0,98.15,4.5904074
2026-06-27 21:51:43,21,Saturday,1,5,33.0,64.7,25.039999,85.20644,0.0,98.13333,4.6435676
2026-06-27 21:52:43,21,Saturday,1,5,33.0,64.8,25.035,85.2444,0.0,98.11667,4.6967273
2026-06-27 21:53:43,21,Saturday,1,5,32.9,65.0,25.03,85.28235,0.0,98.1,4.749887
2026-06-27 21:54:43,21,Saturday,1,5,33.0,65.0,25.025,85.320305,0.0,98.083336,4.803047
2026-06-27 21:55:43,21,Saturday,1,5,32.9,65.1,25.02,85.35825,0.0,98.066666,4.856207
2026-06-27 21:56:43,21,Saturday,1,5,32.9,65.1,25.015,85.39621,0.0,98.05,4.9093666
2026-06-27 21:57:43,21,Saturday,1,5,32.9,65.1,25.01,85.43416,0.0,98.03333,4.9625263
2026-06-27 21:58:43,21,Saturday,1,5,32.9,65.2,25.005,85.472115,0.0,98.01667,5.0156865
2026-06-27 21:59:43,21,Saturday,1,5,32.9,65.1,25.0,85.51006,0.0,98.0,5.068846
2026-06-27 22:00:43,22,Saturday,1,5,32.9,65.0,25.001667,85.47596,0.0,97.86667,5.073864
2026-06-27 22:01:43,22,Saturday,1,5,32.9,65.0,25.003334,85.44186,0.0,97.73333,5.0788817
2026-06-27 22:02:43,22,Saturday,1,5,32.9,65.2,25.005,85.40776,0.0,97.6,5.0838995
2026-06-27 22:03:43,22,Saturday,1,5,32.9,65.0,25.006666,85.37366,0.0,97.46667,5.0889177
2026-06-27 22:04:43,22,Saturday,1,5,32.9,65.0,25.008333,85.339554,0.0,97.333336,5.0939355
2026-06-27 22:05:43,22,Saturday,1,5,32.9,65.2,25.01,85.30545,0.0,97.2,5.0989532
2026-06-27 22:06:43,22,Saturday,1,5,32.9,65.7,25.011667,85.27135,0.0,97.066666,5.103971
2026-06-27 22:07:43,22,Saturday,1,5,32.9,65.9,25.013334,85.23724,0.0,96.933334,5.108989
2026-06-27 22:08:43,22,Saturday,1,5,32.9,65.8,25.015,85.20314,0.0,96.8,5.114007
2026-06-27 22:09:43,22,Saturday,1,5,32.9,65.6,25.016666,85.169044,0.0,96.666664,5.1190248
2026-06-27 22:10:43,22,Saturday,1,5,32.9,65.8,25.018333,85.13494,0.0,96.53333,5.1240425
2026-06-27 22:11:43,22,Saturday,1,5,32.9,65.7,25.02,85.10084,0.0,96.4,5.1290603
2026-06-27 22:12:44,22,Saturday,1,5,32.9,65.7,25.021667,85.066734,0.0,96.26667,5.134078
2026-06-27 22:13:44,22,Saturday,1,5,32.9,65.7,25.023333,85.03263,0.0,96.13333,5.139096
2026-06-27 22:14:44,22,Saturday,1,5,32.9,65.8,25.025,84.998535,0.0,96.0,5.1441135
2026-06-27 22:15:44,22,Saturday,1,5,32.9,65.9,25.026667,84.96443,0.0,95.86667,5.149132
2026-06-27 22:16:44,22,Saturday,1,5,32.9,65.8,25.028334,84.93033,0.0,95.73333,5.1541495
2026-06-27 22:17:44,22,Saturday,1,5,32.9,65.8,25.03,84.896225,0.0,95.6,5.1591673
2026-06-27 22:18:44,22,Saturday,1,5,32.9,65.9,25.031668,84.86212,0.0,95.46667,5.164185
2026-06-27 22:19:44,22,Saturday,1,5,32.9,66.3,25.033333,84.82802,0.0,95.333336,5.169203
2026-06-27 22:20:44,22,Saturday,1,5,32.9,66.1,25.035,84.793915,0.0,95.2,5.174221
2026-06-27 22:21:44,22,Saturday,1,5,32.9,66.2,25.036667,84.75982,0.0,95.066666,5.179239
2026-06-27 22:22:44,22,Saturday,1,5,32.9,66.2,25.038334,84.725716,0.0,94.933334,5.1842566
2026-06-27 22:23:44,22,Saturday,1,5,32.9,66.4,25.04,84.69161,0.0,94.8,5.1892743
2026-06-27 22:24:44,22,Saturday,1,5,32.9,66.4,25.041666,84.65751,0.0,94.666664,5.194292
2026-06-27 22:25:44,22,Saturday,1,5,32.9,66.4,25.043333,84.623405,0.0,94.53333,5.19931
2026-06-27 22:26:44,22,Saturday,1,5,32.9,66.3,25.045,84.58931,0.0,94.4,5.2043276
2026-06-27 22:27:44,22,Saturday,1,5,32.9,66.4,25.046667,84.55521,0.0,94.26667,5.209346
2026-06-27 22:28:44,22,Saturday,1,5,32.9,66.5,25.048334,84.5211,0.0,94.13333,5.2143636
2026-06-27 22:29:44,22,Saturday,1,5,32.9,66.6,25.05,84.487,0.0,94.0,5.2193813
2026-06-27 22:30:44,22,Saturday,1,5,32.9,66.7,25.051666,84.452896,0.0,93.86667,5.224399
2026-06-27 22:31:44,22,Saturday,1,5,32.8,66.7,25.053333,84.41879,0.0,93.73333,5.229417
2026-06-27 22:32:44,22,Saturday,1,5,32.9,66.8,25.055,84.38469,0.0,93.6,5.234435
2026-06-27 22:33:44,22,Saturday,1,5,32.9,67.0,25.056667,84.35059,0.0,93.46667,5.239453
2026-06-27 22:34:44,22,Saturday,1,5,32.9,67.0,25.058334,84.31649,0.0,93.333336,5.2444706
2026-06-27 22:35:44,22,Saturday,1,5,32.9,66.9,25.06,84.28239,0.0,93.2,5.2494884
2026-06-27 22:36:44,22,Saturday,1,5,32.9,67.0,25.061666,84.24828,0.0,93.066666,5.254506
2026-06-27 22:37:44,22,Saturday,1,5,32.8,66.9,25.063334,84.21418,0.0,92.933334,5.259524
2026-06-27 22:38:44,22,Saturday,1,5,32.8,67.0,25.065,84.180084,0.0,92.8,5.2645416
2026-06-27 22:39:44,22,Saturday,1,5,32.8,67.1,25.066668,84.14598,0.0,92.666664,5.26956
2026-06-27 22:40:44,22,Saturday,1,5,32.8,67.3,25.068333,84.11188,0.0,92.53333,5.2745776
2026-06-27 22:41:44,22,Saturday,1,5,32.8,67.3,25.07,84.077774,0.0,92.4,5.2795954
2026-06-27 22:42:44,22,Saturday,1,5,32.8,67.5,25.071667,84.04367,0.0,92.26667,5.284613
2026-06-27 22:43:44,22,Saturday,1,5,32.8,67.4,25.073334,84.00957,0.0,92.13333,5.289631
2026-06-27 22:44:44,22,Saturday,1,5,32.8,67.3,25.075,83.975464,0.0,92.0,5.294649
2026-06-27 22:45:44,22,Saturday,1,5,32.8,67.4,25.076668,83.94137,0.0,91.86667,5.299667
2026-06-27 22:46:44,22,Saturday,1,5,32.8,67.8,25.078333,83.907265,0.0,91.73333,5.3046846
2026-06-27 22:47:44,22,Saturday,1,5,32.8,67.9,25.08,83.87316,0.0,91.6,5.3097024
2026-06-27 22:48:44,22,Saturday,1,5,32.8,67.9,25.081667,83.83906,0.0,91.46667,5.31472
2026-06-27 22:49:44,22,Saturday,1,5,32.8,67.8,25.083334,83.804955,0.0,91.333336,5.319738
2026-06-27 22:50:44,22,Saturday,1,5,32.8,67.8,25.085001,83.77086,0.0,91.2,5.3247557
2026-06-27 22:51:44,22,Saturday,1,5,32.8,67.7,25.086666,83.736755,0.0,91.066666,5.329774
2026-06-27 22:52:44,22,Saturday,1,5,32.8,68.0,25.088333,83.70265,0.0,90.933334,5.3347917
2026-06-27 22:53:44,22,Saturday,1,5,32.8,68.0,25.09,83.66855,0.0,90.8,5.3398094
2026-06-27 22:54:44,22,Saturday,1,5,32.8,68.0,25.091667,83.634445,0.0,90.666664,5.344827
2026-06-27 22:55:44,22,Saturday,1,5,32.8,67.9,25.093334,83.60034,0.0,90.53333,5.349845
2026-06-27 22:56:45,22,Saturday,1,5,32.8,68.1,25.095001,83.56624,0.0,90.4,5.354863
2026-06-27 22:57:45,22,Saturday,1,5,32.8,68.1,25.096666,83.53214,0.0,90.26667,5.359881
2026-06-27 22:58:45,22,Saturday,1,5,32.8,68.1,25.098333,83.49804,0.0,90.13333,5.3648987
2026-06-27 22:59:45,22,Saturday,1,5,32.8,68.1,25.1,83.463936,0.0,90.0,5.3699164
2026-06-27 23:00:45,23,Saturday,1,5,32.8,68.3,25.1175,83.4617,0.0,90.11667,5.3785048
2026-06-27 23:01:45,23,Saturday,1,5,32.8,68.3,25.135,83.459465,0.0,90.23333,5.3870926
2026-06-27 23:02:45,23,Saturday,1,5,32.8,68.2,25.1525,83.45723,0.0,90.35,5.395681
2026-06-27 23:03:45,23,Saturday,1,5,32.7,68.3,25.17,83.454994,0.0,90.46667,5.4042687
2026-06-27 23:04:45,23,Saturday,1,5,32.7,68.3,25.1875,83.45276,0.0,90.583336,5.412857
2026-06-27 23:05:45,23,Saturday,1,5,32.7,68.5,25.205,83.45053,0.0,90.7,5.421445
2026-06-27 23:06:45,23,Saturday,1,5,32.7,68.4,25.2225,83.448296,0.0,90.816666,5.430033
2026-06-27 23:07:45,23,Saturday,1,5,32.7,68.5,25.24,83.44606,0.0,90.933334,5.438621
2026-06-27 23:08:45,23,Saturday,1,5,32.7,68.5,25.2575,83.443825,0.0,91.05,5.4472094
2026-06-27 23:09:45,23,Saturday,1,5,32.7,68.6,25.275,83.44159,0.0,91.166664,5.455797
2026-06-27 23:10:45,23,Saturday,1,5,32.7,68.7,25.2925,83.439354,0.0,91.28333,5.4643855
2026-06-27 23:11:45,23,Saturday,1,5,32.7,68.6,25.31,83.43712,0.0,91.4,5.4729733
2026-06-27 23:12:45,23,Saturday,1,5,32.7,68.8,25.3275,83.43488,0.0,91.51667,5.4815617
2026-06-27 23:13:45,23,Saturday,1,5,32.7,68.9,25.345,83.43265,0.0,91.63333,5.4901495
2026-06-27 23:14:45,23,Saturday,1,5,32.7,68.8,25.3625,83.43042,0.0,91.75,5.498738
2026-06-27 23:15:45,23,Saturday,1,5,32.7,68.7,25.380001,83.428185,0.0,91.86667,5.5073256
2026-06-27 23:16:45,23,Saturday,1,5,32.7,68.8,25.397501,83.42595,0.0,91.98333,5.515914
2026-06-27 23:17:45,23,Saturday,1,5,32.7,68.8,25.415,83.42371,0.0,92.1,5.524502
2026-06-27 23:18:45,23,Saturday,1,5,32.7,68.7,25.4325,83.42148,0.0,92.21667,5.53309
2026-06-27 23:19:45,23,Saturday,1,5,32.7,68.9,25.45,83.41924,0.0,92.333336,5.541678
2026-06-27 23:20:45,23,Saturday,1,5,32.7,68.9,25.4675,83.41701,0.0,92.45,5.5502663
2026-06-27 23:21:45,23,Saturday,1,5,32.7,69.0,25.485,83.41477,0.0,92.566666,5.558854
2026-06-27 23:22:45,23,Saturday,1,5,32.7,69.1,25.5025,83.41254,0.0,92.683334,5.5674424
2026-06-27 23:23:45,23,Saturday,1,5,32.7,68.9,25.52,83.4103,0.0,92.8,5.5760303
2026-06-27 23:24:45,23,Saturday,1,5,32.7,69.0,25.5375,83.408066,0.0,92.916664,5.5846186
2026-06-27 23:25:45,23,Saturday,1,5,32.7,69.1,25.555,83.40584,0.0,93.03333,5.5932064
2026-06-27 23:26:45,23,Saturday,1,5,32.7,69.2,25.5725,83.4036,0.0,93.15,5.6017947
2026-06-27 23:27:45,23,Saturday,1,5,32.6,69.2,25.59,83.40137,0.0,93.26667,5.6103826
2026-06-27 23:28:45,23,Saturday,1,5,32.6,69.3,25.6075,83.39913,0.0,93.38333,5.618971
2026-06-27 23:29:45,23,Saturday,1,5,32.6,69.4,25.625,83.3969,0.0,93.5,5.6275587
2026-06-27 23:30:45,23,Saturday,1,5,32.6,69.4,25.6425,83.39466,0.0,93.61667,5.636147
2026-06-27 23:31:45,23,Saturday,1,5,32.6,69.4,25.66,83.392426,0.0,93.73333,5.6447353
2026-06-27 23:32:45,23,Saturday,1,5,32.6,69.5,25.6775,83.39019,0.0,93.85,5.653323
2026-06-27 23:33:45,23,Saturday,1,5,32.6,69.5,25.695,83.387955,0.0,93.96667,5.6619115
2026-06-27 23:34:45,23,Saturday,1,5,32.6,69.4,25.7125,83.38573,0.0,94.083336,5.6704993
2026-06-27 23:35:45,23,Saturday,1,5,32.6,69.5,25.73,83.38349,0.0,94.2,5.6790876
2026-06-27 23:36:45,23,Saturday,1,5,32.6,69.3,25.7475,83.381256,0.0,94.316666,5.6876755
2026-06-27 23:37:45,23,Saturday,1,5,32.6,69.4,25.765,83.37902,0.0,94.433334,5.696264
2026-06-27 23:38:45,23,Saturday,1,5,32.6,69.6,25.7825,83.376785,0.0,94.55,5.7048516
2026-06-27 23:39:46,23,Saturday,1,5,32.6,69.6,25.8,83.37455,0.0,94.666664,5.71344
2026-06-27 23:40:46,23,Saturday,1,5,32.6,69.6,25.8175,83.372314,0.0,94.78333,5.722028
2026-06-27 23:41:46,23,Saturday,1,5,32.6,69.6,25.835,83.37008,0.0,94.9,5.730616
2026-06-27 23:42:46,23,Saturday,1,5,32.6,69.6,25.852499,83.36784,0.0,95.01667,5.739204
2026-06-27 23:43:46,23,Saturday,1,5,32.6,69.7,25.869999,83.36561,0.0,95.13333,5.7477922
2026-06-27 23:44:46,23,Saturday,1,5,32.6,69.6,25.8875,83.36337,0.0,95.25,5.75638
2026-06-27 23:45:46,23,Saturday,1,5,32.6,69.6,25.905,83.361145,0.0,95.36667,5.7649684
2026-06-27 23:46:46,23,Saturday,1,5,32.6,69.5,25.9225,83.35891,0.0,95.48333,5.773556
2026-06-27 23:47:46,23,Saturday,1,5,32.6,69.7,25.94,83.356674,0.0,95.6,5.7821445
2026-06-27 23:48:46,23,Saturday,1,5,32.6,69.7,25.9575,83.35444,0.0,95.71667,5.7907324
2026-06-27 23:49:46,23,Saturday,1,5,32.5,69.8,25.975,83.3522,0.0,95.833336,5.7993207
2026-06-27 23:50:46,23,Saturday,1,5,32.6,69.9,25.9925,83.34997,0.0,95.95,5.8079085
2026-06-27 23:51:46,23,Saturday,1,5,32.5,69.8,26.01,83.34773,0.0,96.066666,5.816497
2026-06-27 23:52:46,23,Saturday,1,5,32.5,69.8,26.0275,83.3455,0.0,96.183334,5.8250847
2026-06-27 23:53:46,23,Saturday,1,5,32.5,69.7,26.045,83.34326,0.0,96.3,5.833673
2026-06-27 23:54:46,23,Saturday,1,5,32.5,69.8,26.0625,83.341034,0.0,96.416664,5.842261
2026-06-27 23:55:46,23,Saturday,1,5,32.5,69.8,26.08,83.3388,0.0,96.53333,5.850849
2026-06-27 23:56:46,23,Saturday,1,5,32.5,69.8,26.0975,83.33656,0.0,96.65,5.859437
2026-06-27 23:57:46,23,Saturday,1,5,32.5,69.8,26.115,83.33433,0.0,96.76667,5.8680253
2026-06-27 23:58:46,23,Saturday,1,5,32.5,69.9,26.1325,83.33209,0.0,96.88333,5.876613
2026-06-27 23:59:46,23,Saturday,1,5,32.5,69.9,26.15,83.32986,0.0,97.0,5.8852015
2026-06-28 00:00:46,0,Sunday,1,6,32.5,69.9,26.19,83.17345,0.0,97.01667,5.838729
2026-06-28 00:01:46,0,Sunday,1,6,32.5,69.9,26.23,83.017044,0.0,97.03333,5.792256
2026-06-28 00:02:46,0,Sunday,1,6,32.5,69.8,26.27,82.860634,0.0,97.05,5.7457833
2026-06-28 00:03:46,0,Sunday,1,6,32.5,70.0,26.31,82.70422,0.0,97.066666,5.6993103
2026-06-28 00:04:46,0,Sunday,1,6,32.5,70.0,26.35,82.54781,0.0,97.083336,5.6528378
2026-06-28 00:05:46,0,Sunday,1,6,32.5,70.0,26.39,82.39141,0.0,97.1,5.606365
2026-06-28 00:06:46,0,Sunday,1,6,32.5,70.1,26.43,82.235,0.0,97.11667,5.559892
2026-06-28 00:07:46,0,Sunday,1,6,32.5,70.2,26.47,82.07859,0.0,97.13333,5.5134196
2026-06-28 00:08:46,0,Sunday,1,6,32.4,70.2,26.51,81.92218,0.0,97.15,5.4669466
2026-06-28 00:09:46,0,Sunday,1,6,32.5,70.3,26.55,81.76578,0.0,97.166664,5.420474
2026-06-28 00:10:46,0,Sunday,1,6,32.4,70.4,26.59,81.60937,0.0,97.183334,5.3740015
2026-06-28 00:11:46,0,Sunday,1,6,32.5,70.5,26.63,81.45296,0.0,97.2,5.3275285
2026-06-28 00:12:46,0,Sunday,1,6,32.4,70.5,26.67,81.29655,0.0,97.21667,5.281056
2026-06-28 00:13:46,0,Sunday,1,6,32.4,70.5,26.71,81.140144,0.0,97.23333,5.234583
2026-06-28 00:14:46,0,Sunday,1,6,32.4,70.5,26.75,80.983734,0.0,97.25,5.1881104
2026-06-28 00:15:46,0,Sunday,1,6,32.4,70.4,26.789999,80.827324,0.0,97.26667,5.141638
2026-06-28 00:16:46,0,Sunday,1,6,32.4,70.5,26.83,80.67092,0.0,97.28333,5.095165
2026-06-28 00:17:46,0,Sunday,1,6,32.4,70.6,26.869999,80.51451,0.0,97.3,5.048692
2026-06-28 00:18:46,0,Sunday,1,6,32.4,70.5,26.91,80.3581,0.0,97.316666,5.002219
2026-06-28 00:19:46,0,Sunday,1,6,32.4,70.5,26.949999,80.20169,0.0,97.333336,4.9557467
2026-06-28 00:20:46,0,Sunday,1,6,32.4,70.6,26.99,80.04529,0.0,97.35,4.909274
2026-06-28 00:21:46,0,Sunday,1,6,32.4,70.5,27.029999,79.88888,0.0,97.36667,4.862801
2026-06-28 00:22:46,0,Sunday,1,6,32.4,70.5,27.07,79.73247,0.0,97.38333,4.8163285
2026-06-28 00:23:47,0,Sunday,1,6,32.4,70.4,27.109999,79.57606,0.0,97.4,4.7698555
2026-06-28 00:24:47,0,Sunday,1,6,32.4,70.4,27.15,79.419655,0.0,97.416664,4.723383
2026-06-28 00:25:47,0,Sunday,1,6,32.4,70.4,27.189999,79.263245,0.0,97.433334,4.6769104
2026-06-28 00:26:47,0,Sunday,1,6,32.4,70.5,27.23,79.106834,0.0,97.45,4.6304374
2026-06-28 00:27:47,0,Sunday,1,6,32.4,70.5,27.269999,78.950424,0.0,97.46667,4.583965
2026-06-28 00:28:47,0,Sunday,1,6,32.4,70.4,27.31,78.79402,0.0,97.48333,4.537492
2026-06-28 00:29:47,0,Sunday,1,6,32.4,70.6,27.349998,78.63761,0.0,97.5,4.4910192
2026-06-28 00:30:47,0,Sunday,1,6,32.4,70.5,27.39,78.4812,0.0,97.51667,4.4445467
2026-06-28 00:31:47,0,Sunday,1,6,32.4,70.6,27.43,78.3248,0.0,97.53333,4.3980737
2026-06-28 00:32:47,0,Sunday,1,6,32.4,70.6,27.47,78.16839,0.0,97.55,4.351601
2026-06-28 00:33:47,0,Sunday,1,6,32.4,70.6,27.51,78.01198,0.0,97.566666,4.305128
2026-06-28 00:34:47,0,Sunday,1,6,32.4,70.7,27.55,77.85557,0.0,97.583336,4.2586555
2026-06-28 00:35:47,0,Sunday,1,6,32.4,70.7,27.59,77.699165,0.0,97.6,4.212183
2026-06-28 00:36:47,0,Sunday,1,6,32.4,70.8,27.63,77.542755,0.0,97.61667,4.16571
2026-06-28 00:37:47,0,Sunday,1,6,32.4,70.8,27.67,77.386345,0.0,97.63333,4.1192374
2026-06-28 00:38:47,0,Sunday,1,6,32.4,70.7,27.71,77.229935,0.0,97.65,4.0727644
2026-06-28 00:39:47,0,Sunday,1,6,32.4,70.7,27.75,77.07353,0.0,97.666664,4.026292
2026-06-28 00:40:47,0,Sunday,1,6,32.4,70.7,27.789999,76.91712,0.0,97.683334,3.979819
2026-06-28 00:41:47,0,Sunday,1,6,32.4,70.8,27.83,76.76071,0.0,97.7,3.9333463
2026-06-28 00:42:47,0,Sunday,1,6,32.3,70.7,27.869999,76.6043,0.0,97.71667,3.8868737
2026-06-28 00:43:47,0,Sunday,1,6,32.3,70.7,27.91,76.4479,0.0,97.73333,3.840401
2026-06-28 00:44:47,0,Sunday,1,6,32.3,70.7,27.949999,76.29149,0.0,97.75,3.7939281
2026-06-28 00:45:47,0,Sunday,1,6,32.3,70.6,27.99,76.13508,0.0,97.76667,3.7474554
2026-06-28 00:46:47,0,Sunday,1,6,32.4,70.6,28.029999,75.978676,0.0,97.78333,3.7009826
2026-06-28 00:47:47,0,Sunday,1,6,32.3,70.7,28.07,75.822266,0.0,97.8,3.65451
2026-06-28 00:48:47,0,Sunday,1,6,32.3,70.6,28.109999,75.665855,0.0,97.816666,3.6080372
2026-06-28 00:49:47,0,Sunday,1,6,32.3,70.8,28.15,75.509445,0.0,97.833336,3.5615644
2026-06-28 00:50:47,0,Sunday,1,6,32.3,70.6,28.189999,75.35304,0.0,97.85,3.5150917
2026-06-28 00:51:47,0,Sunday,1,6,32.3,70.9,28.23,75.19663,0.0,97.86667,3.4686189
2026-06-28 00:52:47,0,Sunday,1,6,32.3,70.8,28.269999,75.04022,0.0,97.88333,3.4221463
2026-06-28 00:53:47,0,Sunday,1,6,32.3,71.0,28.31,74.88381,0.0,97.9,3.3756735
2026-06-28 00:54:47,0,Sunday,1,6,32.3,70.9,28.349998,74.72741,0.0,97.916664,3.3292007
2026-06-28 00:55:47,0,Sunday,1,6,32.3,71.1,28.39,74.571,0.0,97.933334,3.282728
2026-06-28 00:56:47,0,Sunday,1,6,32.3,71.0,28.429998,74.41459,0.0,97.95,3.2362552
2026-06-28 00:57:47,0,Sunday,1,6,32.3,71.0,28.47,74.25818,0.0,97.96667,3.1897826
2026-06-28 00:58:47,0,Sunday,1,6,32.3,70.9,28.509998,74.101776,0.0,97.98333,3.1433098
2026-06-28 00:59:47,0,Sunday,1,6,32.3,71.0,28.55,73.945366,0.0,98.0,3.096837
2026-06-28 01:00:47,1,Sunday,1,6,32.3,71.1,28.583332,73.73103,0.0,97.86667,3.0686538
2026-06-28 01:01:47,1,Sunday,1,6,32.3,71.1,28.616667,73.51671,0.0,97.73333,3.0404706
2026-06-28 01:02:47,1,Sunday,1,6,32.3,71.1,28.65,73.302376,0.0,97.6,3.0122874
2026-06-28 01:03:47,1,Sunday,1,6,32.3,71.1,28.683332,73.08804,0.0,97.46667,2.9841042
2026-06-28 01:04:47,1,Sunday,1,6,32.3,71.2,28.716665,72.87372,0.0,97.333336,2.955921
2026-06-28 01:05:47,1,Sunday,1,6,32.3,71.1,28.75,72.659386,0.0,97.2,2.9277377
2026-06-28 01:06:47,1,Sunday,1,6,32.3,71.1,28.783333,72.44506,0.0,97.066666,2.8995547
2026-06-28 01:07:47,1,Sunday,1,6,32.2,71.0,28.816666,72.23073,0.0,96.933334,2.8713715
2026-06-28 01:08:48,1,Sunday,1,6,32.3,71.1,28.849998,72.016396,0.0,96.8,2.8431883
2026-06-28 01:09:48,1,Sunday,1,6,32.3,71.1,28.883333,71.80207,0.0,96.666664,2.815005
2026-06-28 01:10:48,1,Sunday,1,6,32.3,71.1,28.916666,71.58774,0.0,96.53333,2.7868218
2026-06-28 01:11:48,1,Sunday,1,6,32.3,71.2,28.949999,71.373405,0.0,96.4,2.7586386
2026-06-28 01:12:48,1,Sunday,1,6,32.3,71.1,28.983332,71.15908,0.0,96.26667,2.7304554
2026-06-28 01:13:48,1,Sunday,1,6,32.2,71.2,29.016666,70.94475,0.0,96.13333,2.7022722
2026-06-28 01:14:48,1,Sunday,1,6,32.2,71.0,29.05,70.73042,0.0,96.0,2.674089
2026-06-28 01:15:48,1,Sunday,1,6,32.2,71.0,29.083332,70.51609,0.0,95.86667,2.6459057
2026-06-28 01:16:48,1,Sunday,1,6,32.2,71.1,29.116667,70.30176,0.0,95.73333,2.6177225
2026-06-28 01:17:48,1,Sunday,1,6,32.2,71.1,29.15,70.08743,0.0,95.6,2.5895395
2026-06-28 01:18:48,1,Sunday,1,6,32.3,71.0,29.183332,69.8731,0.0,95.46667,2.5613563
2026-06-28 01:19:48,1,Sunday,1,6,32.3,71.0,29.216665,69.65877,0.0,95.333336,2.533173
2026-06-28 01:20:48,1,Sunday,1,6,32.2,71.1,29.25,69.44444,0.0,95.2,2.5049899
2026-06-28 01:21:48,1,Sunday,1,6,32.2,71.1,29.283333,69.23011,0.0,95.066666,2.4768066
2026-06-28 01:22:48,1,Sunday,1,6,32.2,71.2,29.316666,69.01578,0.0,94.933334,2.4486234
2026-06-28 01:23:48,1,Sunday,1,6,32.2,71.1,29.349998,68.80145,0.0,94.8,2.4204402
2026-06-28 01:24:48,1,Sunday,1,6,32.2,71.1,29.383333,68.58712,0.0,94.666664,2.392257
2026-06-28 01:25:48,1,Sunday,1,6,32.2,71.2,29.416666,68.372795,0.0,94.53333,2.3640738
2026-06-28 01:26:48,1,Sunday,1,6,32.2,71.1,29.449999,68.15846,0.0,94.4,2.3358905
2026-06-28 01:27:48,1,Sunday,1,6,32.2,71.1,29.483332,67.94413,0.0,94.26667,2.3077073
2026-06-28 01:28:48,1,Sunday,1,6,32.2,71.1,29.516666,67.729805,0.0,94.13333,2.279524
2026-06-28 01:29:48,1,Sunday,1,6,32.2,71.0,29.55,67.51547,0.0,94.0,2.2513409
2026-06-28 01:30:48,1,Sunday,1,6,32.2,71.2,29.583332,67.30114,0.0,93.86667,2.223158
2026-06-28 01:31:48,1,Sunday,1,6,32.2,71.1,29.616667,67.086815,0.0,93.73333,2.1949747
2026-06-28 01:32:48,1,Sunday,1,6,32.2,71.2,29.65,66.87248,0.0,93.6,2.1667914
2026-06-28 01:33:48,1,Sunday,1,6,32.2,71.2,29.683332,66.65815,0.0,93.46667,2.1386082
2026-06-28 01:34:48,1,Sunday,1,6,32.2,71.1,29.716665,66.443825,0.0,93.333336,2.110425
2026-06-28 01:35:48,1,Sunday,1,6,32.2,71.2,29.75,66.22949,0.0,93.2,2.0822418
2026-06-28 01:36:48,1,Sunday,1,6,32.2,71.3,29.783333,66.01517,0.0,93.066666,2.0540586
2026-06-28 01:37:48,1,Sunday,1,6,32.2,71.2,29.816666,65.800835,0.0,92.933334,2.0258753
2026-06-28 01:38:48,1,Sunday,1,6,32.2,71.2,29.849998,65.5865,0.0,92.8,1.9976921
2026-06-28 01:39:48,1,Sunday,1,6,32.2,71.3,29.883333,65.37218,0.0,92.666664,1.969509
2026-06-28 01:40:48,1,Sunday,1,6,32.2,71.3,29.916666,65.157845,0.0,92.53333,1.9413258
2026-06-28 01:41:48,1,Sunday,1,6,32.2,71.3,29.949999,64.94351,0.0,92.4,1.9131426
2026-06-28 01:42:48,1,Sunday,1,6,32.2,71.3,29.983332,64.72919,0.0,92.26667,1.8849593
2026-06-28 01:43:48,1,Sunday,1,6,32.2,71.4,30.016666,64.514854,0.0,92.13333,1.8567761
2026-06-28 01:44:48,1,Sunday,1,6,32.2,71.3,30.05,64.30052,0.0,92.0,1.828593
2026-06-28 01:45:48,1,Sunday,1,6,32.1,71.4,30.083332,64.0862,0.0,91.86667,1.8004098
2026-06-28 01:46:48,1,Sunday,1,6,32.1,71.5,30.116667,63.871864,0.0,91.73333,1.7722266
2026-06-28 01:47:48,1,Sunday,1,6,32.1,71.5,30.15,63.657536,0.0,91.6,1.7440434
2026-06-28 01:48:48,1,Sunday,1,6,32.1,71.6,30.183332,63.443207,0.0,91.46667,1.7158601
2026-06-28 01:49:48,1,Sunday,1,6,32.1,71.6,30.216665,63.228878,0.0,91.333336,1.6876769
2026-06-28 01:50:48,1,Sunday,1,6,32.1,71.6,30.25,63.014545,0.0,91.2,1.6594937
2026-06-28 01:51:48,1,Sunday,1,6,32.1,71.6,30.283333,62.800217,0.0,91.066666,1.6313106
2026-06-28 01:52:48,1,Sunday,1,6,32.1,71.6,30.316666,62.585888,0.0,90.933334,1.6031274
2026-06-28 01:53:49,1,Sunday,1,6,32.1,71.7,30.349998,62.37156,0.0,90.8,1.5749441
2026-06-28 01:54:49,1,Sunday,1,6,32.1,71.7,30.383333,62.157227,0.0,90.666664,1.5467609
2026-06-28 01:55:49,1,Sunday,1,6,32.1,71.7,30.416666,61.942898,0.0,90.53333,1.5185777
2026-06-28 01:56:49,1,Sunday,1,6,32.1,71.8,30.449999,61.72857,0.0,90.4,1.4903946
2026-06-28 01:57:49,1,Sunday,1,6,32.1,71.8,30.483332,61.51424,0.0,90.26667,1.4622114
2026-06-28 01:58:49,1,Sunday,1,6,32.1,71.7,30.516666,61.299908,0.0,90.13333,1.4340281
2026-06-28 01:59:49,1,Sunday,1,6,32.1,71.6,30.55,61.08558,0.0,90.0,1.4058449
2026-06-28 02:00:49,2,Sunday,1,6,32.1,71.7,30.560833,61.04849,0.0,89.933334,1.4611607
2026-06-28 02:01:49,2,Sunday,1,6,32.1,71.6,30.571667,61.011402,0.0,89.86667,1.5164763
2026-06-28 02:02:49,2,Sunday,1,6,32.1,71.6,30.582499,60.97431,0.0,89.8,1.571792
2026-06-28 02:03:49,2,Sunday,1,6,32.1,71.7,30.593332,60.93722,0.0,89.73333,1.6271076
2026-06-28 02:04:49,2,Sunday,1,6,32.1,71.7,30.604166,60.90013,0.0,89.666664,1.6824234
2026-06-28 02:05:49,2,Sunday,1,6,32.1,71.5,30.615,60.863045,0.0,89.6,1.737739
2026-06-28 02:06:49,2,Sunday,1,6,32.1,71.6,30.625834,60.825954,0.0,89.53333,1.7930547
2026-06-28 02:07:49,2,Sunday,1,6,32.1,71.6,30.636665,60.788864,0.0,89.46667,1.8483704
2026-06-28 02:08:49,2,Sunday,1,6,32.1,71.6,30.6475,60.751778,0.0,89.4,1.903686
2026-06-28 02:09:49,2,Sunday,1,6,32.1,71.5,30.658333,60.714687,0.0,89.333336,1.9590018
2026-06-28 02:10:49,2,Sunday,1,6,32.0,71.6,30.669167,60.677597,0.0,89.26667,2.0143175
2026-06-28 02:11:49,2,Sunday,1,6,32.0,71.6,30.68,60.64051,0.0,89.2,2.069633
2026-06-28 02:12:49,2,Sunday,1,6,32.1,71.5,30.690832,60.60342,0.0,89.13333,2.1249487
2026-06-28 02:13:49,2,Sunday,1,6,32.0,71.5,30.701666,60.56633,0.0,89.066666,2.1802645
2026-06-28 02:14:49,2,Sunday,1,6,32.0,71.5,30.7125,60.529243,0.0,89.0,2.2355802
2026-06-28 02:15:49,2,Sunday,1,6,32.0,71.5,30.723333,60.492153,0.0,88.933334,2.290896
2026-06-28 02:16:49,2,Sunday,1,6,32.1,71.5,30.734167,60.455063,0.0,88.86667,2.3462114
2026-06-28 02:17:49,2,Sunday,1,6,32.0,71.5,30.744999,60.417973,0.0,88.8,2.4015272
2026-06-28 02:18:49,2,Sunday,1,6,32.0,71.6,30.755833,60.380886,0.0,88.73333,2.456843
2026-06-28 02:19:49,2,Sunday,1,6,32.0,71.6,30.766666,60.343796,0.0,88.666664,2.5121586
2026-06-28 02:20:49,2,Sunday,1,6,32.0,71.6,30.7775,60.306705,0.0,88.6,2.5674741
2026-06-28 02:21:49,2,Sunday,1,6,32.0,71.6,30.788334,60.26962,0.0,88.53333,2.6227899
2026-06-28 02:22:49,2,Sunday,1,6,32.0,71.6,30.799166,60.23253,0.0,88.46667,2.6781056
2026-06-28 02:23:49,2,Sunday,1,6,32.0,71.6,30.81,60.19544,0.0,88.4,2.7334213
2026-06-28 02:24:49,2,Sunday,1,6,32.0,71.7,30.820833,60.158348,0.0,88.333336,2.788737
2026-06-28 02:25:49,2,Sunday,1,6,32.0,71.7,30.831667,60.12126,0.0,88.26667,2.8440526
2026-06-28 02:26:49,2,Sunday,1,6,32.0,71.7,30.8425,60.08417,0.0,88.2,2.8993683
2026-06-28 02:27:49,2,Sunday,1,6,32.0,71.6,30.853333,60.04708,0.0,88.13333,2.954684
2026-06-28 02:28:49,2,Sunday,1,6,32.0,71.6,30.864166,60.009995,0.0,88.066666,3.0099998
2026-06-28 02:29:49,2,Sunday,1,6,32.0,71.6,30.875,59.972904,0.0,88.0,3.0653152
2026-06-28 02:30:49,2,Sunday,1,6,32.0,71.6,30.885834,59.935814,0.0,87.933334,3.120631
2026-06-28 02:31:49,2,Sunday,1,6,32.0,71.6,30.896667,59.898727,0.0,87.86667,3.1759467
2026-06-28 02:32:49,2,Sunday,1,6,32.0,71.6,30.9075,59.861637,0.0,87.8,3.2312624
2026-06-28 02:33:49,2,Sunday,1,6,32.0,71.7,30.918333,59.824547,0.0,87.73333,3.2865782
2026-06-28 02:34:49,2,Sunday,1,6,32.0,71.6,30.929167,59.78746,0.0,87.666664,3.3418937
2026-06-28 02:35:49,2,Sunday,1,6,32.0,71.6,30.94,59.75037,0.0,87.6,3.3972094
2026-06-28 02:36:49,2,Sunday,1,6,32.0,71.6,30.950834,59.71328,0.0,87.53333,3.4525251
2026-06-28 02:37:50,2,Sunday,1,6,32.0,71.7,30.961666,59.67619,0.0,87.46667,3.5078409
2026-06-28 02:38:50,2,Sunday,1,6,32.0,71.8,30.9725,59.639103,0.0,87.4,3.5631566
2026-06-28 02:39:50,2,Sunday,1,6,32.0,71.7,30.983334,59.602013,0.0,87.333336,3.618472
2026-06-28 02:40:50,2,Sunday,1,6,32.0,71.7,30.994167,59.564922,0.0,87.26667,3.6737878
2026-06-28 02:41:50,2,Sunday,1,6,32.0,71.7,31.005001,59.527836,0.0,87.2,3.7291036
2026-06-28 02:42:50,2,Sunday,1,6,32.0,71.7,31.015833,59.490746,0.0,87.13333,3.7844193
2026-06-28 02:43:50,2,Sunday,1,6,32.0,71.7,31.026667,59.453655,0.0,87.066666,3.8397348
2026-06-28 02:44:50,2,Sunday,1,6,32.0,71.6,31.0375,59.416565,0.0,87.0,3.8950505
2026-06-28 02:45:50,2,Sunday,1,6,32.0,71.6,31.048334,59.37948,0.0,86.933334,3.9503663
2026-06-28 02:46:50,2,Sunday,1,6,32.0,71.6,31.059168,59.34239,0.0,86.86667,4.005682
2026-06-28 02:47:50,2,Sunday,1,6,32.0,71.6,31.07,59.305298,0.0,86.8,4.0609975
2026-06-28 02:48:50,2,Sunday,1,6,32.0,71.6,31.080833,59.26821,0.0,86.73333,4.1163135
2026-06-28 02:49:50,2,Sunday,1,6,32.0,71.7,31.091667,59.23112,0.0,86.666664,4.171629
2026-06-28 02:50:50,2,Sunday,1,6,32.0,71.6,31.1025,59.19403,0.0,86.6,4.2269444
2026-06-28 02:51:50,2,Sunday,1,6,32.0,71.6,31.113335,59.156944,0.0,86.53333,4.2822604
2026-06-28 02:52:50,2,Sunday,1,6,32.0,71.6,31.124166,59.119854,0.0,86.46667,4.337576
2026-06-28 02:53:50,2,Sunday,1,6,32.0,71.6,31.135,59.082764,0.0,86.4,4.392892
2026-06-28 02:54:50,2,Sunday,1,6,32.0,71.6,31.145834,59.045677,0.0,86.333336,4.4482074
2026-06-28 02:55:50,2,Sunday,1,6,32.0,71.6,31.156668,59.008587,0.0,86.26667,4.503523
2026-06-28 02:56:50,2,Sunday,1,6,31.9,71.6,31.167501,58.971497,0.0,86.2,4.558839
2026-06-28 02:57:50,2,Sunday,1,6,31.9,71.6,31.178333,58.934406,0.0,86.13333,4.6141543
2026-06-28 02:58:50,2,Sunday,1,6,31.9,71.6,31.189167,58.89732,0.0,86.066666,4.6694703
2026-06-28 02:59:50,2,Sunday,1,6,31.9,71.5,31.2,58.86023,0.0,86.0,4.724786
2026-06-28 03:00:50,3,Sunday,1,6,31.9,71.6,31.210835,58.839146,0.0,86.083336,4.747907
2026-06-28 03:01:50,3,Sunday,1,6,31.9,71.6,31.221668,58.81806,0.0,86.166664,4.771028
2026-06-28 03:02:50,3,Sunday,1,6,31.9,71.6,31.2325,58.796978,0.0,86.25,4.7941494
2026-06-28 03:03:50,3,Sunday,1,6,31.9,71.6,31.243334,58.775894,0.0,86.333336,4.8172703
2026-06-28 03:04:50,3,Sunday,1,6,31.9,71.5,31.254168,58.75481,0.0,86.416664,4.8403916
2026-06-28 03:05:50,3,Sunday,1,6,31.9,71.7,31.265001,58.733727,0.0,86.5,4.8635125
2026-06-28 03:06:50,3,Sunday,1,6,31.9,71.6,31.275833,58.712643,0.0,86.583336,4.886634
2026-06-28 03:07:50,3,Sunday,1,6,31.9,71.6,31.286667,58.691555,0.0,86.666664,4.9097548
2026-06-28 03:08:50,3,Sunday,1,6,31.9,71.5,31.2975,58.67047,0.0,86.75,4.932876
2026-06-28 03:09:50,3,Sunday,1,6,31.9,71.5,31.308334,58.649387,0.0,86.833336,4.955997
2026-06-28 03:10:50,3,Sunday,1,6,31.9,71.5,31.319168,58.628304,0.0,86.916664,4.9791183
2026-06-28 03:11:50,3,Sunday,1,6,31.9,71.5,31.33,58.60722,0.0,87.0,5.002239
2026-06-28 03:12:50,3,Sunday,1,6,31.9,71.5,31.340834,58.586136,0.0,87.083336,5.0253606
2026-06-28 03:13:50,3,Sunday,1,6,31.9,71.6,31.351667,58.565052,0.0,87.166664,5.0484815
2026-06-28 03:14:50,3,Sunday,1,6,31.9,71.6,31.362501,58.54397,0.0,87.25,5.071603
2026-06-28 03:15:50,3,Sunday,1,6,31.9,71.5,31.373335,58.522884,0.0,87.333336,5.0947237
2026-06-28 03:16:50,3,Sunday,1,6,31.9,71.5,31.384167,58.5018,0.0,87.416664,5.117845
2026-06-28 03:17:50,3,Sunday,1,6,31.9,71.5,31.395,58.480717,0.0,87.5,5.140966
2026-06-28 03:18:50,3,Sunday,1,6,31.9,71.6,31.405834,58.459633,0.0,87.583336,5.1640873
2026-06-28 03:19:50,3,Sunday,1,6,31.9,71.5,31.416668,58.43855,0.0,87.666664,5.187208
2026-06-28 03:20:50,3,Sunday,1,6,31.9,71.5,31.4275,58.417465,0.0,87.75,5.2103295
2026-06-28 03:21:50,3,Sunday,1,6,31.8,71.5,31.438334,58.39638,0.0,87.833336,5.2334504
2026-06-28 03:22:51,3,Sunday,1,6,31.9,71.5,31.449167,58.375294,0.0,87.916664,5.256572
2026-06-28 03:23:51,3,Sunday,1,6,31.9,71.5,31.460001,58.35421,0.0,88.0,5.2796926
2026-06-28 03:24:51,3,Sunday,1,6,31.8,71.5,31.470835,58.333126,0.0,88.083336,5.302814
2026-06-28 03:25:51,3,Sunday,1,6,31.8,71.6,31.481667,58.312042,0.0,88.166664,5.325935
2026-06-28 03:26:51,3,Sunday,1,6,31.8,71.6,31.4925,58.29096,0.0,88.25,5.3490562
2026-06-28 03:27:51,3,Sunday,1,6,31.8,71.5,31.503334,58.269875,0.0,88.333336,5.372177
2026-06-28 03:28:51,3,Sunday,1,6,31.8,71.6,31.514168,58.24879,0.0,88.416664,5.3952985
2026-06-28 03:29:51,3,Sunday,1,6,31.8,71.6,31.525002,58.227707,0.0,88.5,5.41842
2026-06-28 03:30:51,3,Sunday,1,6,31.9,71.5,31.535833,58.206623,0.0,88.583336,5.4415407
2026-06-28 03:31:51,3,Sunday,1,6,31.8,71.6,31.546667,58.18554,0.0,88.666664,5.464662
2026-06-28 03:32:51,3,Sunday,1,6,31.8,71.6,31.5575,58.164455,0.0,88.75,5.487783
2026-06-28 03:33:51,3,Sunday,1,6,31.8,71.5,31.568335,58.14337,0.0,88.833336,5.5109043
2026-06-28 03:34:51,3,Sunday,1,6,31.9,71.5,31.579166,58.122288,0.0,88.916664,5.534025
2026-06-28 03:35:51,3,Sunday,1,6,31.9,71.5,31.59,58.101204,0.0,89.0,5.5571465
2026-06-28 03:36:51,3,Sunday,1,6,31.8,71.4,31.600834,58.08012,0.0,89.083336,5.5802674
2026-06-28 03:37:51,3,Sunday,1,6,31.8,71.3,31.611668,58.059032,0.0,89.166664,5.603389
2026-06-28 03:38:51,3,Sunday,1,6,31.8,71.4,31.622501,58.03795,0.0,89.25,5.6265097
2026-06-28 03:39:51,3,Sunday,1,6,31.8,71.4,31.633333,58.016865,0.0,89.333336,5.649631
2026-06-28 03:40:51,3,Sunday,1,6,31.8,71.4,31.644167,57.99578,0.0,89.416664,5.672752
2026-06-28 03:41:51,3,Sunday,1,6,31.8,71.3,31.655,57.974697,0.0,89.5,5.6958733
2026-06-28 03:42:51,3,Sunday,1,6,31.8,71.3,31.665834,57.953613,0.0,89.583336,5.718994
2026-06-28 03:43:51,3,Sunday,1,6,31.8,71.3,31.676666,57.93253,0.0,89.666664,5.7421155
2026-06-28 03:44:51,3,Sunday,1,6,31.8,71.3,31.6875,57.911446,0.0,89.75,5.7652364
2026-06-28 03:45:51,3,Sunday,1,6,31.8,71.2,31.698334,57.89036,0.0,89.833336,5.7883577
2026-06-28 03:46:51,3,Sunday,1,6,31.8,71.3,31.709167,57.869278,0.0,89.916664,5.8114786
2026-06-28 03:47:51,3,Sunday,1,6,31.8,71.3,31.720001,57.848194,0.0,90.0,5.8346
2026-06-28 03:48:51,3,Sunday,1,6,31.8,71.4,31.730833,57.82711,0.0,90.083336,5.857721
2026-06-28 03:49:51,3,Sunday,1,6,31.8,71.3,31.741667,57.806026,0.0,90.166664,5.880842
2026-06-28 03:50:51,3,Sunday,1,6,31.8,71.3,31.7525,57.784943,0.0,90.25,5.903963
2026-06-28 03:51:51,3,Sunday,1,6,31.8,71.2,31.763334,57.76386,0.0,90.333336,5.9270844
2026-06-28 03:52:51,3,Sunday,1,6,31.8,71.2,31.774168,57.74277,0.0,90.416664,5.9502053
2026-06-28 03:53:51,3,Sunday,1,6,31.8,71.3,31.785,57.721687,0.0,90.5,5.9733267
2026-06-28 03:54:51,3,Sunday,1,6,31.8,71.3,31.795834,57.700603,0.0,90.583336,5.9964476
2026-06-28 03:55:51,3,Sunday,1,6,31.8,71.3,31.806667,57.67952,0.0,90.666664,6.019569
2026-06-28 03:56:51,3,Sunday,1,6,31.8,71.4,31.817501,57.658436,0.0,90.75,6.04269
2026-06-28 03:57:51,3,Sunday,1,6,31.8,71.2,31.828333,57.637352,0.0,90.833336,6.065811
2026-06-28 03:58:51,3,Sunday,1,6,31.8,71.4,31.839167,57.61627,0.0,90.916664,6.088932
2026-06-28 03:59:51,3,Sunday,1,6,31.8,71.4,31.85,57.595184,0.0,91.0,6.1120534
2026-06-28 04:00:51,4,Sunday,1,6,31.8,71.3,31.8475,57.609283,0.010000001,90.88333,6.141981
2026-06-28 04:01:51,4,Sunday,1,6,31.7,71.4,31.845001,57.623386,0.020000001,90.76667,6.171909
2026-06-28 04:02:51,4,Sunday,1,6,31.8,71.3,31.8425,57.637486,0.030000001,90.65,6.2018366
2026-06-28 04:03:51,4,Sunday,1,6,31.7,71.3,31.84,57.65159,0.040000003,90.53333,6.2317643
2026-06-28 04:04:51,4,Sunday,1,6,31.7,71.3,31.8375,57.665688,0.05,90.416664,6.261692
2026-06-28 04:05:51,4,Sunday,1,6,31.7,71.3,31.835001,57.679787,0.060000002,90.3,6.29162
2026-06-28 04:06:51,4,Sunday,1,6,31.7,71.4,31.8325,57.69389,0.07,90.183334,6.3215475
2026-06-28 04:07:52,4,Sunday,1,6,31.7,71.3,31.83,57.70799,0.080000006,90.066666,6.3514752
2026-06-28 04:08:52,4,Sunday,1,6,31.7,71.2,31.827501,57.722088,0.09,89.95,6.381403
2026-06-28 04:09:52,4,Sunday,1,6,31.7,71.4,31.825,57.73619,0.1,89.833336,6.4113307
2026-06-28 04:10:52,4,Sunday,1,6,31.7,71.3,31.8225,57.75029,0.11000001,89.71667,6.4412584
2026-06-28 04:11:52,4,Sunday,1,6,31.7,71.3,31.82,57.764393,0.120000005,89.6,6.471186
2026-06-28 04:12:52,4,Sunday,1,6,31.7,71.4,31.817501,57.778492,0.13000001,89.48333,6.501114
2026-06-28 04:13:52,4,Sunday,1,6,31.7,71.4,31.815,57.79259,0.14,89.36667,6.5310416
2026-06-28 04:14:52,4,Sunday,1,6,31.7,71.3,31.8125,57.806694,0.15,89.25,6.5609694
2026-06-28 04:15:52,4,Sunday,1,6,31.7,71.4,31.810001,57.820793,0.16000001,89.13333,6.590897
2026-06-28 04:16:52,4,Sunday,1,6,31.7,71.4,31.8075,57.834896,0.17,89.01667,6.620825
2026-06-28 04:17:52,4,Sunday,1,6,31.7,71.4,31.805,57.848995,0.18,88.9,6.6507525
2026-06-28 04:18:52,4,Sunday,1,6,31.7,71.3,31.8025,57.863094,0.19000001,88.78333,6.6806803
2026-06-28 04:19:52,4,Sunday,1,6,31.7,71.3,31.800001,57.877197,0.2,88.666664,6.710608
2026-06-28 04:20:52,4,Sunday,1,6,31.7,71.3,31.7975,57.891296,0.21000001,88.55,6.7405357
2026-06-28 04:21:52,4,Sunday,1,6,31.7,71.2,31.795,57.905396,0.22000001,88.433334,6.7704635
2026-06-28 04:22:52,4,Sunday,1,6,31.7,71.2,31.792501,57.9195,0.23,88.316666,6.800391
2026-06-28 04:23:52,4,Sunday,1,6,31.7,71.3,31.79,57.933598,0.24000001,88.2,6.830319
2026-06-28 04:24:52,4,Sunday,1,6,31.7,71.2,31.7875,57.9477,0.25,88.083336,6.8602467
2026-06-28 04:25:52,4,Sunday,1,6,31.7,71.3,31.785,57.9618,0.26000002,87.96667,6.8901744
2026-06-28 04:26:52,4,Sunday,1,6,31.7,71.3,31.782501,57.9759,0.27,87.85,6.920102
2026-06-28 04:27:52,4,Sunday,1,6,31.7,71.2,31.78,57.99,0.28,87.73333,6.95003
2026-06-28 04:28:52,4,Sunday,1,6,31.7,71.3,31.7775,58.0041,0.29000002,87.61667,6.9799576
2026-06-28 04:29:52,4,Sunday,1,6,31.7,71.3,31.775002,58.018204,0.3,87.5,7.009886
2026-06-28 04:30:52,4,Sunday,1,6,31.7,71.2,31.772501,58.032303,0.31,87.38333,7.0398135
2026-06-28 04:31:52,4,Sunday,1,6,31.7,71.3,31.77,58.046402,0.32000002,87.26667,7.0697412
2026-06-28 04:32:52,4,Sunday,1,6,31.7,71.3,31.7675,58.060505,0.33,87.15,7.099669
2026-06-28 04:33:52,4,Sunday,1,6,31.6,71.3,31.765001,58.074604,0.34,87.03333,7.1295967
2026-06-28 04:34:52,4,Sunday,1,6,31.6,71.3,31.7625,58.088703,0.35000002,86.916664,7.1595244
2026-06-28 04:35:52,4,Sunday,1,6,31.6,71.2,31.76,58.102806,0.36,86.8,7.189452
2026-06-28 04:36:52,4,Sunday,1,6,31.6,71.4,31.7575,58.116905,0.37,86.683334,7.21938
2026-06-28 04:37:52,4,Sunday,1,6,31.6,71.3,31.755001,58.13101,0.38000003,86.566666,7.2493076
2026-06-28 04:38:52,4,Sunday,1,6,31.6,71.2,31.7525,58.145107,0.39000002,86.45,7.2792354
2026-06-28 04:39:52,4,Sunday,1,6,31.6,71.3,31.75,58.159206,0.4,86.333336,7.309163
2026-06-28 04:40:52,4,Sunday,1,6,31.6,71.3,31.747501,58.17331,0.41000003,86.21667,7.339091
2026-06-28 04:41:52,4,Sunday,1,6,31.6,71.3,31.745,58.18741,0.42000002,86.1,7.3690186
2026-06-28 04:42:52,4,Sunday,1,6,31.6,71.2,31.7425,58.201508,0.43,85.98333,7.3989463
2026-06-28 04:43:52,4,Sunday,1,6,31.6,71.3,31.74,58.21561,0.44000003,85.86667,7.428874
2026-06-28 04:44:52,4,Sunday,1,6,31.6,71.2,31.737501,58.22971,0.45000002,85.75,7.4588017
2026-06-28 04:45:52,4,Sunday,1,6,31.6,71.3,31.735,58.243813,0.46,85.63333,7.4887295
2026-06-28 04:46:52,4,Sunday,1,6,31.6,71.4,31.7325,58.25791,0.47000003,85.51667,7.518657
2026-06-28 04:47:52,4,Sunday,1,6,31.6,71.2,31.730001,58.27201,0.48000002,85.4,7.548585
2026-06-28 04:48:52,4,Sunday,1,6,31.6,71.4,31.7275,58.286114,0.49,85.28333,7.5785127
2026-06-28 04:49:52,4,Sunday,1,6,31.6,71.3,31.725,58.300213,0.5,85.166664,7.6084404
2026-06-28 04:50:52,4,Sunday,1,6,31.6,71.3,31.7225,58.314316,0.51,85.05,7.638368
2026-06-28 04:51:53,4,Sunday,1,6,31.6,71.3,31.720001,58.328415,0.52000004,84.933334,7.668296
2026-06-28 04:52:53,4,Sunday,1,6,31.6,71.3,31.7175,58.342514,0.53000003,84.816666,7.6982236
2026-06-28 04:53:53,4,Sunday,1,6,31.6,71.3,31.715,58.356617,0.54,84.7,7.7281513
2026-06-28 04:54:53,4,Sunday,1,6,31.6,71.3,31.712502,58.370716,0.55,84.583336,7.758079
2026-06-28 04:55:53,4,Sunday,1,6,31.6,71.3,31.710001,58.384815,0.56,84.46667,7.788007
2026-06-28 04:56:53,4,Sunday,1,6,31.6,71.3,31.7075,58.39892,0.57000005,84.35,7.8179345
2026-06-28 04:57:53,4,Sunday,1,6,31.5,71.4,31.705,58.413017,0.58000004,84.23333,7.8478622
2026-06-28 04:58:53,4,Sunday,1,6,31.6,71.4,31.702501,58.42712,0.59000003,84.11667,7.87779
2026-06-28 04:59:53,4,Sunday,1,6,31.5,71.4,31.7,58.44122,0.6,84.0,7.9077177
2026-06-28 05:00:53,5,Sunday,1,6,31.5,71.4,31.695833,58.513607,0.61,84.0,7.8696456
2026-06-28 05:01:53,5,Sunday,1,6,31.5,71.4,31.691668,58.585995,0.62,84.0,7.831573
2026-06-28 05:02:53,5,Sunday,1,6,31.5,71.4,31.6875,58.65838,0.63,84.0,7.793501
2026-06-28 05:03:53,5,Sunday,1,6,31.5,71.4,31.683334,58.730766,0.64000005,84.0,7.7554283
2026-06-28 05:04:53,5,Sunday,1,6,31.5,71.4,31.679167,58.803154,0.65000004,84.0,7.717356
2026-06-28 05:05:53,5,Sunday,1,6,31.5,71.4,31.675001,58.87554,0.66,84.0,7.679284
2026-06-28 05:06:53,5,Sunday,1,6,31.5,71.4,31.670834,58.947926,0.67,84.0,7.6412115
2026-06-28 05:07:53,5,Sunday,1,6,31.5,71.4,31.666668,59.020313,0.68,84.0,7.6031394
2026-06-28 05:08:53,5,Sunday,1,6,31.5,71.5,31.6625,59.0927,0.69000006,84.0,7.565067
2026-06-28 05:09:53,5,Sunday,1,6,31.5,71.5,31.658335,59.16509,0.70000005,84.0,7.5269947
2026-06-28 05:10:53,5,Sunday,1,6,31.5,71.5,31.654167,59.237476,0.71000004,84.0,7.4889226
2026-06-28 05:11:53,5,Sunday,1,6,31.5,71.5,31.650002,59.30986,0.72,84.0,7.45085
2026-06-28 05:12:53,5,Sunday,1,6,31.5,71.5,31.645834,59.382248,0.73,84.0,7.412778
2026-06-28 05:13:53,5,Sunday,1,6,31.5,71.4,31.641668,59.454636,0.74,84.0,7.3747053
2026-06-28 05:14:53,5,Sunday,1,6,31.5,71.4,31.6375,59.527023,0.75,84.0,7.336633
2026-06-28 05:15:53,5,Sunday,1,6,31.5,71.5,31.633333,59.59941,0.76000005,84.0,7.298561
2026-06-28 05:16:53,5,Sunday,1,6,31.5,71.5,31.629168,59.671795,0.77000004,84.0,7.2604885
2026-06-28 05:17:53,5,Sunday,1,6,31.5,71.5,31.625,59.744183,0.78000003,84.0,7.2224164
2026-06-28 05:18:53,5,Sunday,1,6,31.5,71.4,31.620834,59.81657,0.79,84.0,7.184344
2026-06-28 05:19:53,5,Sunday,1,6,31.5,71.5,31.616667,59.888958,0.8,84.0,7.1462717
2026-06-28 05:20:53,5,Sunday,1,6,31.4,71.6,31.612501,59.96134,0.81000006,84.0,7.1081996
2026-06-28 05:21:53,5,Sunday,1,6,31.5,71.6,31.608334,60.03373,0.82000005,84.0,7.070127
2026-06-28 05:22:53,5,Sunday,1,6,31.4,71.6,31.604168,60.106117,0.83000004,84.0,7.032055
2026-06-28 05:23:53,5,Sunday,1,6,31.5,71.6,31.6,60.178505,0.84000003,84.0,6.9939823
2026-06-28 05:24:53,5,Sunday,1,6,31.5,71.6,31.595835,60.250893,0.85,84.0,6.95591
2026-06-28 05:25:53,5,Sunday,1,6,31.4,71.6,31.591667,60.323277,0.86,84.0,6.917838
2026-06-28 05:26:53,5,Sunday,1,6,31.5,71.6,31.587502,60.395664,0.87,84.0,6.8797655
2026-06-28 05:27:53,5,Sunday,1,6,31.4,71.5,31.583334,60.468052,0.88000005,84.0,6.8416934
2026-06-28 05:28:53,5,Sunday,1,6,31.4,71.6,31.579168,60.54044,0.89000005,84.0,6.803621
2026-06-28 05:29:53,5,Sunday,1,6,31.4,71.6,31.575,60.612823,0.90000004,84.0,6.7655487
2026-06-28 05:30:53,5,Sunday,1,6,31.4,71.5,31.570833,60.68521,0.91,84.0,6.7274766
2026-06-28 05:31:53,5,Sunday,1,6,31.4,71.6,31.566668,60.7576,0.92,84.0,6.689404
2026-06-28 05:32:53,5,Sunday,1,6,31.4,71.6,31.5625,60.829987,0.93000007,84.0,6.651332
2026-06-28 05:33:53,5,Sunday,1,6,31.4,71.6,31.558334,60.902374,0.94000006,84.0,6.6132593
2026-06-28 05:34:53,5,Sunday,1,6,31.4,71.5,31.554167,60.97476,0.95000005,84.0,6.575187
2026-06-28 05:35:53,5,Sunday,1,6,31.4,71.6,31.550001,61.047146,0.96000004,84.0,6.537115
2026-06-28 05:36:54,5,Sunday,1,6,31.4,71.4,31.545834,61.119534,0.97,84.0,6.4990425
2026-06-28 05:37:54,5,Sunday,1,6,31.4,71.6,31.541668,61.19192,0.98,84.0,6.4609704
2026-06-28 05:38:54,5,Sunday,1,6,31.4,71.6,31.5375,61.26431,0.99,84.0,6.422898
2026-06-28 05:39:54,5,Sunday,1,6,31.4,71.5,31.533335,61.336693,1.0,84.0,6.3848257
2026-06-28 05:40:54,5,Sunday,1,6,31.4,71.5,31.529167,61.40908,1.01,84.0,6.3467536
2026-06-28 05:41:54,5,Sunday,1,6,31.4,71.6,31.525002,61.48147,1.02,84.0,6.308681
2026-06-28 05:42:54,5,Sunday,1,6,31.4,71.6,31.520834,61.553856,1.0300001,84.0,6.270609
2026-06-28 05:43:54,5,Sunday,1,6,31.4,71.6,31.516668,61.62624,1.0400001,84.0,6.2325363
2026-06-28 05:44:54,5,Sunday,1,6,31.4,71.5,31.5125,61.698627,1.0500001,84.0,6.194464
2026-06-28 05:45:54,5,Sunday,1,6,31.4,71.5,31.508333,61.771015,1.0600001,84.0,6.156392
2026-06-28 05:46:54,5,Sunday,1,6,31.4,71.6,31.504168,61.843403,1.07,84.0,6.1183195
2026-06-28 05:47:54,5,Sunday,1,6,31.4,71.6,31.5,61.91579,1.08,84.0,6.0802474
2026-06-28 05:48:54,5,Sunday,1,6,31.4,71.6,31.495834,61.988174,1.09,84.0,6.042175
2026-06-28 05:49:54,5,Sunday,1,6,31.4,71.6,31.491667,62.060562,1.1,84.0,6.0041027
2026-06-28 05:50:54,5,Sunday,1,6,31.4,71.6,31.487501,62.13295,1.11,84.0,5.9660306
2026-06-28 05:51:54,5,Sunday,1,6,31.4,71.6,31.483334,62.205338,1.12,84.0,5.927958
2026-06-28 05:52:54,5,Sunday,1,6,31.4,71.6,31.479168,62.277725,1.13,84.0,5.889886
2026-06-28 05:53:54,5,Sunday,1,6,31.4,71.5,31.475,62.35011,1.1400001,84.0,5.8518133
2026-06-28 05:54:54,5,Sunday,1,6,31.4,71.5,31.470835,62.422497,1.1500001,84.0,5.813741
2026-06-28 05:55:54,5,Sunday,1,6,31.4,71.6,31.466667,62.494884,1.1600001,84.0,5.775669
2026-06-28 05:56:54,5,Sunday,1,6,31.4,71.5,31.462502,62.567272,1.1700001,84.0,5.7375965
2026-06-28 05:57:54,5,Sunday,1,6,31.4,71.6,31.458334,62.639656,1.1800001,84.0,5.6995244
2026-06-28 05:58:54,5,Sunday,1,6,31.4,71.6,31.454168,62.712044,1.19,84.0,5.661452
2026-06-28 05:59:54,5,Sunday,1,6,31.4,71.6,31.45,62.78443,1.2,84.0,5.6233797
2026-06-28 06:00:54,6,Sunday,1,6,31.4,71.5,31.406668,62.989952,1.1983334,84.26667,5.6076565
2026-06-28 06:01:54,6,Sunday,1,6,31.3,71.5,31.363335,63.195473,1.1966667,84.53333,5.5919337
2026-06-28 06:02:54,6,Sunday,1,6,31.4,71.6,31.320002,63.400997,1.195,84.8,5.576211
2026-06-28 06:03:54,6,Sunday,1,6,31.3,71.5,31.276667,63.606518,1.1933334,85.066666,5.5604877
2026-06-28 06:04:54,6,Sunday,1,6,31.3,71.5,31.233334,63.81204,1.1916667,85.333336,5.5447645
2026-06-28 06:05:54,6,Sunday,1,6,31.4,71.6,31.19,64.01756,1.19,85.6,5.529042
2026-06-28 06:06:54,6,Sunday,1,6,31.4,71.6,31.146667,64.22308,1.1883334,85.86667,5.513319
2026-06-28 06:07:54,6,Sunday,1,6,31.3,71.5,31.103334,64.428604,1.1866667,86.13333,5.497596
2026-06-28 06:08:54,6,Sunday,1,6,31.3,71.5,31.060001,64.634125,1.1850001,86.4,5.4818726
2026-06-28 06:09:54,6,Sunday,1,6,31.3,71.6,31.016666,64.839645,1.1833334,86.666664,5.46615
2026-06-28 06:10:54,6,Sunday,1,6,31.3,71.6,30.973333,65.045166,1.1816667,86.933334,5.450427
2026-06-28 06:11:54,6,Sunday,1,6,31.3,71.5,30.93,65.25069,1.1800001,87.2,5.434704
2026-06-28 06:12:54,6,Sunday,1,6,31.3,71.6,30.886667,65.456215,1.1783334,87.46667,5.4189806
2026-06-28 06:13:54,6,Sunday,1,6,31.3,71.5,30.843334,65.661736,1.1766667,87.73333,5.403258
2026-06-28 06:14:54,6,Sunday,1,6,31.3,71.6,30.800001,65.867256,1.1750001,88.0,5.387535
2026-06-28 06:15:54,6,Sunday,1,6,31.3,71.6,30.756668,66.07278,1.1733334,88.26667,5.371812
2026-06-28 06:16:54,6,Sunday,1,6,31.3,71.6,30.713333,66.2783,1.1716667,88.53333,5.3560886
2026-06-28 06:17:54,6,Sunday,1,6,31.3,71.5,30.67,66.48382,1.1700001,88.8,5.340366
2026-06-28 06:18:54,6,Sunday,1,6,31.3,71.6,30.626667,66.68934,1.1683334,89.066666,5.324643
2026-06-28 06:19:54,6,Sunday,1,6,31.3,71.6,30.583334,66.89486,1.1666667,89.333336,5.30892
2026-06-28 06:20:54,6,Sunday,1,6,31.3,71.6,30.54,67.10038,1.1650001,89.6,5.2931967
2026-06-28 06:21:55,6,Sunday,1,6,31.3,71.7,30.496668,67.30591,1.1633334,89.86667,5.277474
2026-06-28 06:22:55,6,Sunday,1,6,31.3,71.6,30.453335,67.51143,1.1616668,90.13333,5.261751
2026-06-28 06:23:55,6,Sunday,1,6,31.3,71.6,30.41,67.71695,1.1600001,90.4,5.246028
2026-06-28 06:24:55,6,Sunday,1,6,31.3,71.7,30.366667,67.92247,1.1583334,90.666664,5.2303047
2026-06-28 06:25:55,6,Sunday,1,6,31.3,71.6,30.323334,68.12799,1.1566668,90.933334,5.214582
2026-06-28 06:26:55,6,Sunday,1,6,31.3,71.7,30.28,68.33351,1.1550001,91.2,5.198859
2026-06-28 06:27:55,6,Sunday,1,6,31.3,71.7,30.236668,68.53903,1.1533334,91.46667,5.183136
2026-06-28 06:28:55,6,Sunday,1,6,31.3,71.6,30.193335,68.74455,1.1516668,91.73333,5.1674128
2026-06-28 06:29:55,6,Sunday,1,6,31.3,71.7,30.150002,68.95007,1.1500001,92.0,5.15169
2026-06-28 06:30:55,6,Sunday,1,6,31.3,71.7,30.106667,69.1556,1.1483333,92.26667,5.1359673
2026-06-28 06:31:55,6,Sunday,1,6,31.3,71.7,30.063334,69.36112,1.1466666,92.53333,5.120244
2026-06-28 06:32:55,6,Sunday,1,6,31.3,71.8,30.02,69.56664,1.145,92.8,5.104521
2026-06-28 06:33:55,6,Sunday,1,6,31.3,71.8,29.976667,69.77216,1.1433333,93.066666,5.088798
2026-06-28 06:34:55,6,Sunday,1,6,31.3,71.8,29.933334,69.977684,1.1416667,93.333336,5.0730753
2026-06-28 06:35:55,6,Sunday,1,6,31.3,71.7,29.890001,70.183205,1.14,93.6,5.057352
2026-06-28 06:36:55,6,Sunday,1,6,31.3,71.8,29.846666,70.388725,1.1383333,93.86667,5.041629
2026-06-28 06:37:55,6,Sunday,1,6,31.3,71.8,29.803333,70.594246,1.1366667,94.13333,5.025906
2026-06-28 06:38:55,6,Sunday,1,6,31.3,71.8,29.76,70.799774,1.135,94.4,5.0101833
2026-06-28 06:39:55,6,Sunday,1,6,31.2,71.8,29.716667,71.005295,1.1333333,94.666664,4.99446
2026-06-28 06:40:55,6,Sunday,1,6,31.2,71.8,29.673334,71.210815,1.1316667,94.933334,4.978737
2026-06-28 06:41:55,6,Sunday,1,6,31.2,71.8,29.630001,71.416336,1.13,95.2,4.963014
2026-06-28 06:42:55,6,Sunday,1,6,31.3,71.8,29.586668,71.62186,1.1283333,95.46667,4.9472914
2026-06-28 06:43:55,6,Sunday,1,6,31.2,71.7,29.543333,71.82738,1.1266667,95.73333,4.931568
2026-06-28 06:44:55,6,Sunday,1,6,31.2,71.8,29.5,72.0329,1.125,96.0,4.915845
2026-06-28 06:45:55,6,Sunday,1,6,31.3,71.8,29.456667,72.23842,1.1233333,96.26667,4.900122
2026-06-28 06:46:55,6,Sunday,1,6,31.2,71.9,29.413334,72.44394,1.1216667,96.53333,4.8843994
2026-06-28 06:47:55,6,Sunday,1,6,31.2,71.8,29.37,72.64947,1.12,96.8,4.868676
2026-06-28 06:48:55,6,Sunday,1,6,31.2,71.7,29.326668,72.85499,1.1183333,97.066666,4.852953
2026-06-28 06:49:55,6,Sunday,1,6,31.2,71.9,29.283333,73.06051,1.1166667,97.333336,4.83723
2026-06-28 06:50:55,6,Sunday,1,6,31.2,71.8,29.24,73.26603,1.115,97.6,4.8215075
2026-06-28 06:51:55,6,Sunday,1,6,31.2,71.9,29.196667,73.47155,1.1133333,97.86667,4.805784
2026-06-28 06:52:55,6,Sunday,1,6,31.2,71.9,29.153334,73.67707,1.1116667,98.13333,4.790061
2026-06-28 06:53:55,6,Sunday,1,6,31.2,71.9,29.11,73.88259,1.11,98.4,4.7743382
2026-06-28 06:54:55,6,Sunday,1,6,31.2,71.8,29.066668,74.08811,1.1083333,98.666664,4.7586155
2026-06-28 06:55:55,6,Sunday,1,6,31.2,71.9,29.023335,74.29364,1.1066667,98.933334,4.7428923
2026-06-28 06:56:55,6,Sunday,1,6,31.2,71.9,28.98,74.49916,1.105,99.2,4.727169
2026-06-28 06:57:55,6,Sunday,1,6,31.2,71.9,28.936666,74.70468,1.1033334,99.46667,4.7114463
2026-06-28 06:58:55,6,Sunday,1,6,31.2,71.8,28.893333,74.9102,1.1016667,99.73333,4.6957235
2026-06-28 06:59:55,6,Sunday,1,6,31.2,71.8,28.85,75.11572,1.1,100.0,4.6800003
2026-06-28 07:00:55,7,Sunday,1,6,31.2,71.8,28.829166,75.22648,1.1333333,99.98333,4.6812024
2026-06-28 07:01:55,7,Sunday,1,6,31.2,71.9,28.808334,75.337234,1.1666667,99.96667,4.682405
2026-06-28 07:02:55,7,Sunday,1,6,31.2,71.9,28.7875,75.44799,1.2,99.95,4.683607
2026-06-28 07:03:55,7,Sunday,1,6,31.2,71.7,28.766666,75.55875,1.2333333,99.933334,4.684809
2026-06-28 07:04:55,7,Sunday,1,6,31.2,71.9,28.745834,75.6695,1.2666667,99.916664,4.686012
2026-06-28 07:05:55,7,Sunday,1,6,31.2,71.9,28.725,75.78026,1.3,99.9,4.687214
2026-06-28 07:06:56,7,Sunday,1,6,31.2,71.8,28.704166,75.891014,1.3333334,99.88333,4.688416
2026-06-28 07:07:56,7,Sunday,1,6,31.2,71.9,28.683334,76.00177,1.3666667,99.86667,4.6896186
2026-06-28 07:08:56,7,Sunday,1,6,31.2,71.9,28.6625,76.112526,1.4,99.85,4.6908207
2026-06-28 07:09:56,7,Sunday,1,6,31.2,71.9,28.641666,76.22328,1.4333334,99.833336,4.692023
2026-06-28 07:10:56,7,Sunday,1,6,31.2,71.9,28.620834,76.33404,1.4666667,99.816666,4.6932254
2026-06-28 07:11:56,7,Sunday,1,6,31.2,71.8,28.6,76.44479,1.5,99.8,4.6944275
2026-06-28 07:12:56,7,Sunday,1,6,31.2,71.9,28.579166,76.55555,1.5333333,99.78333,4.6956296
2026-06-28 07:13:56,7,Sunday,1,6,31.1,71.9,28.558334,76.666306,1.5666666,99.76667,4.696832
2026-06-28 07:14:56,7,Sunday,1,6,31.1,71.8,28.5375,76.77706,1.6,99.75,4.6980343
2026-06-28 07:15:56,7,Sunday,1,6,31.1,71.9,28.516666,76.88782,1.6333333,99.73333,4.6992364
2026-06-28 07:16:56,7,Sunday,1,6,31.1,72.0,28.495834,76.99857,1.6666666,99.71667,4.700439
2026-06-28 07:17:56,7,Sunday,1,6,31.1,72.0,28.475,77.10933,1.7,99.7,4.701641
2026-06-28 07:18:56,7,Sunday,1,6,31.1,72.0,28.454166,77.220085,1.7333333,99.683334,4.702843
2026-06-28 07:19:56,7,Sunday,1,6,31.1,72.0,28.433334,77.33084,1.7666667,99.666664,4.704046
2026-06-28 07:20:56,7,Sunday,1,6,31.1,71.9,28.4125,77.4416,1.8,99.65,4.705248
2026-06-28 07:21:56,7,Sunday,1,6,31.1,72.0,28.391666,77.55235,1.8333333,99.63333,4.70645
2026-06-28 07:22:56,7,Sunday,1,6,31.1,72.0,28.370834,77.66311,1.8666667,99.61667,4.7076526
2026-06-28 07:23:56,7,Sunday,1,6,31.1,71.9,28.35,77.773865,1.9,99.6,4.7088547
2026-06-28 07:24:56,7,Sunday,1,6,31.1,72.0,28.329166,77.88462,1.9333333,99.583336,4.710057
2026-06-28 07:25:56,7,Sunday,1,6,31.1,72.1,28.308334,77.99538,1.9666667,99.566666,4.7112594
2026-06-28 07:26:56,7,Sunday,1,6,31.1,72.0,28.2875,78.10613,2.0,99.55,4.7124615
2026-06-28 07:27:56,7,Sunday,1,6,31.1,72.1,28.266666,78.21689,2.0333333,99.53333,4.7136636
2026-06-28 07:28:56,7,Sunday,1,6,31.1,71.9,28.245834,78.327644,2.0666666,99.51667,4.714866
2026-06-28 07:29:56,7,Sunday,1,6,31.1,72.0,28.225,78.4384,2.1,99.5,4.7160683
2026-06-28 07:30:56,7,Sunday,1,6,31.1,72.0,28.204166,78.54916,2.1333332,99.48333,4.7172704
2026-06-28 07:31:56,7,Sunday,1,6,31.1,72.0,28.183334,78.65991,2.1666665,99.46667,4.718473
2026-06-28 07:32:56,7,Sunday,1,6,31.1,72.0,28.1625,78.77067,2.2,99.45,4.719675
2026-06-28 07:33:56,7,Sunday,1,6,31.1,72.0,28.141666,78.881424,2.2333333,99.433334,4.720877
2026-06-28 07:34:56,7,Sunday,1,6,31.1,72.0,28.120834,78.99218,2.2666667,99.416664,4.7220798
2026-06-28 07:35:56,7,Sunday,1,6,31.1,72.0,28.1,79.102936,2.3,99.4,4.723282
2026-06-28 07:36:56,7,Sunday,1,6,31.1,71.9,28.079166,79.21369,2.3333333,99.38333,4.724484
2026-06-28 07:37:56,7,Sunday,1,6,31.1,72.0,28.058334,79.32445,2.3666666,99.36667,4.7256866
2026-06-28 07:38:56,7,Sunday,1,6,31.1,72.0,28.0375,79.4352,2.3999999,99.35,4.7268887
2026-06-28 07:39:56,7,Sunday,1,6,31.1,71.9,28.016666,79.54596,2.4333334,99.333336,4.728091
2026-06-28 07:40:56,7,Sunday,1,6,31.2,71.9,27.995834,79.656715,2.4666667,99.316666,4.7292933
2026-06-28 07:41:56,7,Sunday,1,6,31.2,71.9,27.975,79.76747,2.5,99.3,4.7304955
2026-06-28 07:42:56,7,Sunday,1,6,31.2,71.9,27.954166,79.87823,2.5333333,99.28333,4.7316976
2026-06-28 07:43:56,7,Sunday,1,6,31.2,71.8,27.933334,79.98898,2.5666666,99.26667,4.7329
2026-06-28 07:44:56,7,Sunday,1,6,31.2,71.8,27.9125,80.09974,2.6,99.25,4.7341022
2026-06-28 07:45:56,7,Sunday,1,6,31.2,71.8,27.891666,80.210495,2.6333332,99.23333,4.7353044
2026-06-28 07:46:56,7,Sunday,1,6,31.2,71.7,27.870834,80.32125,2.6666665,99.21667,4.736507
2026-06-28 07:47:56,7,Sunday,1,6,31.2,71.7,27.85,80.43201,2.6999998,99.2,4.737709
2026-06-28 07:48:56,7,Sunday,1,6,31.2,71.8,27.829166,80.54276,2.7333333,99.183334,4.738911
2026-06-28 07:49:56,7,Sunday,1,6,31.2,71.7,27.808334,80.65352,2.7666667,99.166664,4.7401137
2026-06-28 07:50:56,7,Sunday,1,6,31.2,71.7,27.7875,80.764275,2.8,99.15,4.741316
2026-06-28 07:51:57,7,Sunday,1,6,31.2,71.6,27.766666,80.87503,2.8333333,99.13333,4.742518
2026-06-28 07:52:57,7,Sunday,1,6,31.3,71.6,27.745834,80.98579,2.8666666,99.11667,4.7437205
2026-06-28 07:53:57,7,Sunday,1,6,31.3,71.4,27.725,81.09654,2.8999999,99.1,4.7449226
2026-06-28 07:54:57,7,Sunday,1,6,31.4,71.4,27.704166,81.2073,2.9333332,99.083336,4.7461247
2026-06-28 07:55:57,7,Sunday,1,6,31.4,71.3,27.683334,81.318054,2.9666667,99.066666,4.7473273
2026-06-28 07:56:57,7,Sunday,1,6,31.4,71.3,27.6625,81.42881,3.0,99.05,4.7485294
2026-06-28 07:57:57,7,Sunday,1,6,31.4,71.3,27.641666,81.539566,3.0333333,99.03333,4.7497315
2026-06-28 07:58:57,7,Sunday,1,6,31.5,71.2,27.620834,81.65032,3.0666666,99.01667,4.750934
2026-06-28 07:59:57,7,Sunday,1,6,31.5,71.1,27.6,81.76108,3.1,99.0,4.752136
2026-06-28 08:00:57,8,Sunday,1,6,31.5,71.1,27.61,81.694595,3.0549998,98.98333,4.7005925
2026-06-28 08:01:57,8,Sunday,1,6,31.5,71.1,27.62,81.628105,3.01,98.96667,4.649049
2026-06-28 08:02:57,8,Sunday,1,6,31.5,71.1,27.630001,81.56162,2.965,98.95,4.597505
2026-06-28 08:03:57,8,Sunday,1,6,31.5,71.1,27.640001,81.49513,2.9199998,98.933334,4.545962
2026-06-28 08:04:57,8,Sunday,1,6,31.5,71.1,27.65,81.42865,2.875,98.916664,4.494418
2026-06-28 08:05:57,8,Sunday,1,6,31.6,71.0,27.66,81.36217,2.83,98.9,4.4428744
2026-06-28 08:06:57,8,Sunday,1,6,31.6,70.9,27.67,81.29568,2.7849998,98.88333,4.3913307
2026-06-28 08:07:57,8,Sunday,1,6,31.6,70.9,27.68,81.229195,2.74,98.86667,4.339787
2026-06-28 08:08:57,8,Sunday,1,6,31.6,70.9,27.69,81.162704,2.695,98.85,4.2882433
2026-06-28 08:09:57,8,Sunday,1,6,31.7,70.8,27.7,81.09622,2.6499999,98.833336,4.2367
2026-06-28 08:10:57,8,Sunday,1,6,31.7,70.7,27.710001,81.02974,2.605,98.816666,4.1851563
2026-06-28 08:11:57,8,Sunday,1,6,31.7,70.7,27.720001,80.96325,2.56,98.8,4.1336126
2026-06-28 08:12:57,8,Sunday,1,6,31.7,70.7,27.73,80.89677,2.5149999,98.78333,4.082069
2026-06-28 08:13:57,8,Sunday,1,6,31.8,70.6,27.74,80.83028,2.47,98.76667,4.030525
2026-06-28 08:14:57,8,Sunday,1,6,31.8,70.6,27.75,80.763794,2.425,98.75,3.9789817
2026-06-28 08:15:57,8,Sunday,1,6,31.8,70.6,27.76,80.69731,2.3799999,98.73333,3.927438
2026-06-28 08:16:57,8,Sunday,1,6,31.8,70.5,27.77,80.63082,2.335,98.71667,3.8758943
2026-06-28 08:17:57,8,Sunday,1,6,31.9,70.4,27.78,80.56434,2.29,98.7,3.8243508
2026-06-28 08:18:57,8,Sunday,1,6,31.9,70.2,27.79,80.49785,2.245,98.683334,3.7728071
2026-06-28 08:19:57,8,Sunday,1,6,31.9,70.3,27.800001,80.431366,2.2,98.666664,3.7212634
2026-06-28 08:20:57,8,Sunday,1,6,31.9,70.3,27.810001,80.36488,2.155,98.65,3.66972
2026-06-28 08:21:57,8,Sunday,1,6,32.0,70.2,27.82,80.29839,2.11,98.63333,3.6181762
2026-06-28 08:22:57,8,Sunday,1,6,32.0,70.3,27.83,80.23191,2.065,98.61667,3.5666325
2026-06-28 08:23:57,8,Sunday,1,6,32.0,70.3,27.84,80.16542,2.02,98.6,3.515089
2026-06-28 08:24:57,8,Sunday,1,6,32.0,70.2,27.85,80.09894,1.9749999,98.583336,3.4635453
2026-06-28 08:25:57,8,Sunday,1,6,32.0,70.2,27.86,80.032455,1.93,98.566666,3.4120016
2026-06-28 08:26:57,8,Sunday,1,6,32.1,70.1,27.87,79.965965,1.885,98.55,3.3604581
2026-06-28 08:27:57,8,Sunday,1,6,32.1,70.0,27.880001,79.89948,1.8399999,98.53333,3.3089144
2026-06-28 08:28:57,8,Sunday,1,6,32.1,70.1,27.890001,79.83299,1.795,98.51667,3.2573707
2026-06-28 08:29:57,8,Sunday,1,6,32.1,70.0,27.900002,79.76651,1.75,98.5,3.2058272
2026-06-28 08:30:57,8,Sunday,1,6,32.1,70.1,27.91,79.70003,1.7049999,98.48333,3.1542835
2026-06-28 08:31:57,8,Sunday,1,6,32.1,70.2,27.92,79.63354,1.66,98.46667,3.1027398
2026-06-28 08:32:57,8,Sunday,1,6,32.1,70.2,27.93,79.567055,1.615,98.45,3.051196
2026-06-28 08:33:57,8,Sunday,1,6,32.1,70.2,27.94,79.500565,1.5699999,98.433334,2.9996526
2026-06-28 08:34:57,8,Sunday,1,6,32.1,70.3,27.95,79.43408,1.525,98.416664,2.948109
2026-06-28 08:35:58,8,Sunday,1,6,32.1,70.1,27.960001,79.3676,1.48,98.4,2.8965652
2026-06-28 08:36:58,8,Sunday,1,6,32.1,70.2,27.970001,79.30111,1.435,98.38333,2.8450217
2026-06-28 08:37:58,8,Sunday,1,6,32.1,70.3,27.980001,79.23463,1.39,98.36667,2.793478
2026-06-28 08:38:58,8,Sunday,1,6,32.1,70.3,27.99,79.16814,1.345,98.35,2.7419343
2026-06-28 08:39:58,8,Sunday,1,6,32.1,70.2,28.0,79.101654,1.3,98.333336,2.6903908
2026-06-28 08:40:58,8,Sunday,1,6,32.1,70.3,28.01,79.03517,1.255,98.316666,2.638847
2026-06-28 08:41:58,8,Sunday,1,6,32.1,70.4,28.02,78.96868,1.2099999,98.3,2.5873034
2026-06-28 08:42:58,8,Sunday,1,6,32.2,70.3,28.03,78.9022,1.165,98.28333,2.53576
2026-06-28 08:43:58,8,Sunday,1,6,32.2,70.3,28.04,78.83571,1.12,98.26667,2.4842162
2026-06-28 08:44:58,8,Sunday,1,6,32.1,70.4,28.050001,78.769226,1.0749999,98.25,2.4326725
2026-06-28 08:45:58,8,Sunday,1,6,32.2,70.4,28.060001,78.70274,1.03,98.23333,2.381129
2026-06-28 08:46:58,8,Sunday,1,6,32.2,70.4,28.070002,78.63625,0.98499995,98.21667,2.3295853
2026-06-28 08:47:58,8,Sunday,1,6,32.2,70.4,28.08,78.56977,0.94,98.2,2.2780416
2026-06-28 08:48:58,8,Sunday,1,6,32.2,70.3,28.09,78.50328,0.895,98.183334,2.2264981
2026-06-28 08:49:58,8,Sunday,1,6,32.2,70.4,28.1,78.4368,0.84999996,98.166664,2.1749544
2026-06-28 08:50:58,8,Sunday,1,6,32.2,70.4,28.11,78.370316,0.805,98.15,2.1234107
2026-06-28 08:51:58,8,Sunday,1,6,32.2,70.3,28.12,78.303825,0.76,98.13333,2.071867
2026-06-28 08:52:58,8,Sunday,1,6,32.2,70.2,28.130001,78.23734,0.715,98.11667,2.0203235
2026-06-28 08:53:58,8,Sunday,1,6,32.2,70.3,28.140001,78.17085,0.67,98.1,1.9687798
2026-06-28 08:54:58,8,Sunday,1,6,32.2,70.4,28.150002,78.10437,0.625,98.083336,1.9172362
2026-06-28 08:55:58,8,Sunday,1,6,32.2,70.4,28.16,78.03789,0.58,98.066666,1.8656925
2026-06-28 08:56:58,8,Sunday,1,6,32.2,70.4,28.17,77.9714,0.535,98.05,1.8141489
2026-06-28 08:57:58,8,Sunday,1,6,32.1,70.6,28.18,77.904915,0.49,98.03333,1.7626053
2026-06-28 08:58:58,8,Sunday,1,6,32.1,70.6,28.19,77.838425,0.445,98.01667,1.7110616
2026-06-28 08:59:58,8,Sunday,1,6,32.1,70.6,28.2,77.77194,0.4,98.0,1.659518
2026-06-28 09:00:58,9,Sunday,1,6,32.1,70.6,28.199167,77.76793,0.39333335,97.95,1.6788168
2026-06-28 09:01:58,9,Sunday,1,6,32.1,70.6,28.198334,77.763916,0.3866667,97.9,1.6981156
2026-06-28 09:02:58,9,Sunday,1,6,32.1,70.6,28.1975,77.75991,0.38,97.85,1.7174144
2026-06-28 09:03:58,9,Sunday,1,6,32.1,70.6,28.196667,77.7559,0.37333333,97.8,1.7367132
2026-06-28 09:04:58,9,Sunday,1,6,32.1,70.6,28.195833,77.751884,0.36666667,97.75,1.756012
2026-06-28 09:05:58,9,Sunday,1,6,32.1,70.6,28.195,77.74787,0.36,97.7,1.7753108
2026-06-28 09:06:58,9,Sunday,1,6,32.2,70.6,28.194168,77.74386,0.35333332,97.65,1.7946095
2026-06-28 09:07:58,9,Sunday,1,6,32.2,70.5,28.193335,77.73985,0.34666666,97.6,1.8139083
2026-06-28 09:08:58,9,Sunday,1,6,32.2,70.5,28.192501,77.73584,0.34,97.55,1.8332071
2026-06-28 09:09:58,9,Sunday,1,6,32.2,70.3,28.191668,77.73183,0.33333334,97.5,1.8525059
2026-06-28 09:10:58,9,Sunday,1,6,32.2,70.4,28.190834,77.72781,0.32666668,97.45,1.8718047
2026-06-28 09:11:58,9,Sunday,1,6,32.3,70.3,28.19,77.7238,0.32,97.4,1.8911035
2026-06-28 09:12:58,9,Sunday,1,6,32.3,70.3,28.189167,77.719795,0.31333333,97.35,1.9104023
2026-06-28 09:13:58,9,Sunday,1,6,32.3,70.4,28.188334,77.71578,0.30666667,97.3,1.9297011
2026-06-28 09:14:58,9,Sunday,1,6,32.3,70.3,28.1875,77.71177,0.3,97.25,1.9489999
2026-06-28 09:15:58,9,Sunday,1,6,32.3,70.2,28.186666,77.707756,0.29333335,97.2,1.9682987
2026-06-28 09:16:58,9,Sunday,1,6,32.3,70.2,28.185833,77.70374,0.28666666,97.15,1.9875975
2026-06-28 09:17:58,9,Sunday,1,6,32.4,70.1,28.185001,77.69974,0.28,97.1,2.0068963
2026-06-28 09:18:58,9,Sunday,1,6,32.3,70.2,28.184168,77.695724,0.27333334,97.05,2.026195
2026-06-28 09:19:59,9,Sunday,1,6,32.3,70.1,28.183334,77.69171,0.26666668,97.0,2.0454938
2026-06-28 09:20:59,9,Sunday,1,6,32.4,70.1,28.1825,77.6877,0.26,96.95,2.0647926
2026-06-28 09:21:59,9,Sunday,1,6,32.4,70.0,28.181667,77.683685,0.25333333,96.9,2.0840914
2026-06-28 09:22:59,9,Sunday,1,6,32.3,70.0,28.180834,77.67968,0.24666667,96.85,2.1033902
2026-06-28 09:23:59,9,Sunday,1,6,32.4,70.0,28.18,77.67567,0.24000001,96.8,2.122689
2026-06-28 09:24:59,9,Sunday,1,6,32.3,70.0,28.179167,77.67165,0.23333333,96.75,2.1419878
2026-06-28 09:25:59,9,Sunday,1,6,32.3,70.1,28.178333,77.66764,0.22666667,96.7,2.1612866
2026-06-28 09:26:59,9,Sunday,1,6,32.4,70.1,28.1775,77.66363,0.22,96.65,2.1805854
2026-06-28 09:27:59,9,Sunday,1,6,32.4,70.0,28.176666,77.65962,0.21333334,96.6,2.1998842
2026-06-28 09:28:59,9,Sunday,1,6,32.4,69.9,28.175833,77.65561,0.20666666,96.55,2.219183
2026-06-28 09:29:59,9,Sunday,1,6,32.4,70.0,28.175,77.651596,0.2,96.5,2.2384818
2026-06-28 09:30:59,9,Sunday,1,6,32.4,70.0,28.174168,77.64758,0.19333334,96.45,2.2577806
2026-06-28 09:31:59,9,Sunday,1,6,32.4,70.0,28.173334,77.64357,0.18666667,96.4,2.2770793
2026-06-28 09:32:59,9,Sunday,1,6,32.4,70.0,28.1725,77.639565,0.18,96.35,2.2963781
2026-06-28 09:33:59,9,Sunday,1,6,32.4,69.9,28.171667,77.63555,0.17333333,96.3,2.315677
2026-06-28 09:34:59,9,Sunday,1,6,32.4,70.0,28.170834,77.63154,0.16666667,96.25,2.3349757
2026-06-28 09:35:59,9,Sunday,1,6,32.5,69.9,28.17,77.627525,0.16,96.2,2.3542745
2026-06-28 09:36:59,9,Sunday,1,6,32.5,70.0,28.169167,77.62351,0.15333334,96.15,2.3735733
2026-06-28 09:37:59,9,Sunday,1,6,32.5,69.9,28.168333,77.61951,0.14666668,96.1,2.392872
2026-06-28 09:38:59,9,Sunday,1,6,32.5,69.9,28.1675,77.61549,0.14,96.05,2.412171
2026-06-28 09:39:59,9,Sunday,1,6,32.5,69.8,28.166666,77.61148,0.13333334,96.0,2.4314697
2026-06-28 09:40:59,9,Sunday,1,6,32.5,69.8,28.165833,77.60747,0.12666667,95.95,2.4507685
2026-06-28 09:41:59,9,Sunday,1,6,32.5,69.7,28.165,77.603455,0.120000005,95.9,2.4700673
2026-06-28 09:42:59,9,Sunday,1,6,32.6,69.8,28.164167,77.59945,0.11333334,95.85,2.489366
2026-06-28 09:43:59,9,Sunday,1,6,32.6,69.7,28.163334,77.595436,0.10666667,95.8,2.5086648
2026-06-28 09:44:59,9,Sunday,1,6,32.6,69.7,28.1625,77.59142,0.1,95.75,2.5279636
2026-06-28 09:45:59,9,Sunday,1,6,32.6,69.8,28.161667,77.58741,0.093333334,95.7,2.5472624
2026-06-28 09:46:59,9,Sunday,1,6,32.7,69.7,28.160833,77.5834,0.086666666,95.65,2.5665612
2026-06-28 09:47:59,9,Sunday,1,6,32.7,69.6,28.16,77.57939,0.08,95.6,2.58586
2026-06-28 09:48:59,9,Sunday,1,6,32.7,69.6,28.159166,77.57538,0.07333334,95.55,2.6051588
2026-06-28 09:49:59,9,Sunday,1,6,32.7,69.6,28.158333,77.571365,0.06666667,95.5,2.6244576
2026-06-28 09:50:59,9,Sunday,1,6,32.7,69.5,28.1575,77.56735,0.060000002,95.45,2.6437564
2026-06-28 09:51:59,9,Sunday,1,6,32.7,69.6,28.156666,77.56334,0.053333335,95.4,2.6630552
2026-06-28 09:52:59,9,Sunday,1,6,32.7,69.6,28.155832,77.55933,0.046666667,95.35,2.682354
2026-06-28 09:53:59,9,Sunday,1,6,32.8,69.6,28.154999,77.55532,0.04,95.3,2.7016528
2026-06-28 09:54:59,9,Sunday,1,6,32.8,69.5,28.154167,77.55131,0.033333335,95.25,2.7209516
2026-06-28 09:55:59,9,Sunday,1,6,32.8,69.3,28.153334,77.547295,0.026666667,95.2,2.7402503
2026-06-28 09:56:59,9,Sunday,1,6,32.8,69.3,28.1525,77.54328,0.02,95.15,2.7595491
2026-06-28 09:57:59,9,Sunday,1,6,32.8,69.3,28.151667,77.539276,0.013333334,95.1,2.778848
2026-06-28 09:58:59,9,Sunday,1,6,32.8,69.2,28.150833,77.53526,0.006666667,95.05,2.7981467
2026-06-28 09:59:59,9,Sunday,1,6,32.8,69.3,28.15,77.53125,0.0,95.0,2.8174455
2026-06-28 10:00:59,10,Sunday,1,6,32.9,69.3,28.146666,77.56221,0.0,95.03333,2.8170607
2026-06-28 10:01:59,10,Sunday,1,6,32.9,69.2,28.143333,77.59317,0.0,95.066666,2.8166757
2026-06-28 10:03:00,10,Sunday,1,6,32.9,69.2,28.14,77.62412,0.0,95.1,2.8162909
2026-06-28 10:04:00,10,Sunday,1,6,32.9,69.1,28.136667,77.65508,0.0,95.13333,2.8159058
2026-06-28 10:05:00,10,Sunday,1,6,32.9,69.0,28.133333,77.68604,0.0,95.166664,2.815521
2026-06-28 10:06:00,10,Sunday,1,6,32.9,68.9,28.13,77.717,0.0,95.2,2.8151362
2026-06-28 10:07:00,10,Sunday,1,6,32.9,68.9,28.126667,77.74796,0.0,95.23333,2.8147511
2026-06-28 10:08:00,10,Sunday,1,6,33.0,68.9,28.123333,77.778915,0.0,95.26667,2.8143663
2026-06-28 10:09:00,10,Sunday,1,6,33.0,68.9,28.119999,77.809875,0.0,95.3,2.8139813
2026-06-28 10:10:00,10,Sunday,1,6,33.0,68.9,28.116667,77.840836,0.0,95.333336,2.8135965
2026-06-28 10:11:00,10,Sunday,1,6,33.0,68.9,28.113333,77.871796,0.0,95.36667,2.8132117
2026-06-28 10:12:00,10,Sunday,1,6,33.0,68.8,28.11,77.902756,0.0,95.4,2.8128266
2026-06-28 10:13:00,10,Sunday,1,6,33.0,68.8,28.106667,77.93371,0.0,95.433334,2.8124418
2026-06-28 10:14:00,10,Sunday,1,6,33.1,68.7,28.103333,77.96467,0.0,95.46667,2.8120568
2026-06-28 10:15:00,10,Sunday,1,6,33.1,68.6,28.1,77.99563,0.0,95.5,2.811672
2026-06-28 10:16:00,10,Sunday,1,6,33.1,68.5,28.096666,78.02659,0.0,95.53333,2.8112872
2026-06-28 10:17:00,10,Sunday,1,6,33.1,68.5,28.093334,78.05755,0.0,95.566666,2.810902
2026-06-28 10:18:00,10,Sunday,1,6,33.1,68.6,28.09,78.0885,0.0,95.6,2.8105173
2026-06-28 10:19:00,10,Sunday,1,6,33.1,68.6,28.086666,78.11946,0.0,95.63333,2.8101323
2026-06-28 10:20:00,10,Sunday,1,6,33.1,68.5,28.083334,78.15042,0.0,95.666664,2.8097475
2026-06-28 10:21:00,10,Sunday,1,6,33.1,68.5,28.08,78.18138,0.0,95.7,2.8093626
2026-06-28 10:22:00,10,Sunday,1,6,33.1,68.3,28.076666,78.21234,0.0,95.73333,2.8089776
2026-06-28 10:23:00,10,Sunday,1,6,33.1,68.4,28.073334,78.24329,0.0,95.76667,2.8085928
2026-06-28 10:24:00,10,Sunday,1,6,33.1,68.3,28.07,78.274254,0.0,95.8,2.8082078
2026-06-28 10:25:00,10,Sunday,1,6,33.1,68.5,28.066668,78.305214,0.0,95.833336,2.807823
2026-06-28 10:26:00,10,Sunday,1,6,33.1,68.4,28.063334,78.336174,0.0,95.86667,2.8074381
2026-06-28 10:27:00,10,Sunday,1,6,33.1,68.3,28.06,78.367134,0.0,95.9,2.807053
2026-06-28 10:28:00,10,Sunday,1,6,33.1,68.5,28.056667,78.39809,0.0,95.933334,2.8066683
2026-06-28 10:29:00,10,Sunday,1,6,33.1,68.5,28.053333,78.42905,0.0,95.96667,2.8062832
2026-06-28 10:30:00,10,Sunday,1,6,33.1,68.5,28.05,78.46001,0.0,96.0,2.8058984
2026-06-28 10:31:00,10,Sunday,1,6,33.1,68.5,28.046667,78.49097,0.0,96.03333,2.8055136
2026-06-28 10:32:00,10,Sunday,1,6,33.2,68.4,28.043333,78.52193,0.0,96.066666,2.8051286
2026-06-28 10:33:00,10,Sunday,1,6,33.2,68.4,28.04,78.55288,0.0,96.1,2.8047438
2026-06-28 10:34:00,10,Sunday,1,6,33.1,68.3,28.036667,78.58384,0.0,96.13333,2.8043587
2026-06-28 10:35:00,10,Sunday,1,6,33.1,68.3,28.033333,78.6148,0.0,96.166664,2.803974
2026-06-28 10:36:00,10,Sunday,1,6,33.1,68.4,28.03,78.64576,0.0,96.2,2.803589
2026-06-28 10:37:00,10,Sunday,1,6,33.2,68.3,28.026667,78.67672,0.0,96.23333,2.803204
2026-06-28 10:38:00,10,Sunday,1,6,33.1,68.3,28.023335,78.70767,0.0,96.26667,2.8028193
2026-06-28 10:39:00,10,Sunday,1,6,33.2,68.3,28.02,78.73863,0.0,96.3,2.8024342
2026-06-28 10:40:00,10,Sunday,1,6,33.2,68.3,28.016666,78.76959,0.0,96.333336,2.8020494
2026-06-28 10:41:00,10,Sunday,1,6,33.2,68.4,28.013334,78.80055,0.0,96.36667,2.8016646
2026-06-28 10:42:00,10,Sunday,1,6,33.1,68.3,28.01,78.83151,0.0,96.4,2.8012795
2026-06-28 10:43:00,10,Sunday,1,6,33.2,68.2,28.006666,78.862465,0.0,96.433334,2.8008947
2026-06-28 10:44:00,10,Sunday,1,6,33.2,68.2,28.003334,78.893425,0.0,96.46667,2.8005097
2026-06-28 10:45:01,10,Sunday,1,6,33.2,68.1,28.0,78.924385,0.0,96.5,2.800125
2026-06-28 10:46:01,10,Sunday,1,6,33.2,68.2,27.996668,78.955345,0.0,96.53333,2.79974
2026-06-28 10:47:01,10,Sunday,1,6,33.2,68.1,27.993334,78.986305,0.0,96.566666,2.799355
2026-06-28 10:48:01,10,Sunday,1,6,33.2,68.1,27.99,79.01726,0.0,96.6,2.7989702
2026-06-28 10:49:01,10,Sunday,1,6,33.3,68.1,27.986668,79.04822,0.0,96.63333,2.7985852
2026-06-28 10:50:01,10,Sunday,1,6,33.3,68.0,27.983334,79.07918,0.0,96.666664,2.7982004
2026-06-28 10:51:01,10,Sunday,1,6,33.3,67.9,27.980001,79.11014,0.0,96.7,2.7978156
2026-06-28 10:52:01,10,Sunday,1,6,33.3,67.8,27.976667,79.1411,0.0,96.73333,2.7974305
2026-06-28 10:53:01,10,Sunday,1,6,33.3,67.8,27.973333,79.17205,0.0,96.76667,2.7970457
2026-06-28 10:54:01,10,Sunday,1,6,33.4,68.0,27.970001,79.20301,0.0,96.8,2.7966607
2026-06-28 10:55:01,10,Sunday,1,6,33.4,67.7,27.966667,79.23397,0.0,96.833336,2.7962759
2026-06-28 10:56:01,10,Sunday,1,6,33.4,67.8,27.963333,79.26493,0.0,96.86667,2.795891
2026-06-28 10:57:01,10,Sunday,1,6,33.4,67.7,27.960001,79.29589,0.0,96.9,2.795506
2026-06-28 10:58:01,10,Sunday,1,6,33.4,67.7,27.956667,79.32684,0.0,96.933334,2.7951212
2026-06-28 10:59:01,10,Sunday,1,6,33.5,67.6,27.953335,79.3578,0.0,96.96667,2.7947361
2026-06-28 11:00:01,11,Sunday,1,6,33.5,67.5,27.95,79.38876,0.0,97.0,2.7943513
2026-06-28 11:01:01,11,Sunday,1,6,33.5,67.5,27.9375,79.477425,0.0,96.73333,2.8047
2026-06-28 11:02:01,11,Sunday,1,6,33.5,67.3,27.925001,79.566086,0.0,96.46667,2.8150482
2026-06-28 11:03:01,11,Sunday,1,6,33.5,67.5,27.9125,79.65475,0.0,96.2,2.8253968
2026-06-28 11:04:01,11,Sunday,1,6,33.5,67.4,27.900002,79.74341,0.0,95.933334,2.8357453
2026-06-28 11:05:01,11,Sunday,1,6,33.5,67.3,27.8875,79.83207,0.0,95.666664,2.8460937
2026-06-28 11:06:01,11,Sunday,1,6,33.5,67.1,27.875,79.92073,0.0,95.4,2.8564422
2026-06-28 11:07:01,11,Sunday,1,6,33.6,67.2,27.862501,80.00939,0.0,95.13333,2.8667905
2026-06-28 11:08:01,11,Sunday,1,6,33.5,67.2,27.85,80.09805,0.0,94.86667,2.877139
2026-06-28 11:09:01,11,Sunday,1,6,33.6,67.2,27.837502,80.186714,0.0,94.6,2.8874876
2026-06-28 11:10:01,11,Sunday,1,6,33.6,67.1,27.825,80.275375,0.0,94.333336,2.897836
2026-06-28 11:11:01,11,Sunday,1,6,33.6,67.2,27.8125,80.364044,0.0,94.066666,2.9081845
2026-06-28 11:12:01,11,Sunday,1,6,33.6,67.3,27.800001,80.452705,0.0,93.8,2.918533
2026-06-28 11:13:01,11,Sunday,1,6,33.6,67.2,27.7875,80.54137,0.0,93.53333,2.9288814
2026-06-28 11:14:01,11,Sunday,1,6,33.6,67.2,27.775002,80.63003,0.0,93.26667,2.93923
2026-06-28 11:15:01,11,Sunday,1,6,33.6,67.2,27.7625,80.71869,0.0,93.0,2.9495783
2026-06-28 11:16:01,11,Sunday,1,6,33.6,67.1,27.75,80.80735,0.0,92.73333,2.9599268
2026-06-28 11:17:01,11,Sunday,1,6,33.6,67.1,27.737501,80.89601,0.0,92.46667,2.9702754
2026-06-28 11:18:01,11,Sunday,1,6,33.6,67.1,27.725,80.98467,0.0,92.2,2.9806237
2026-06-28 11:19:01,11,Sunday,1,6,33.6,67.2,27.712502,81.07333,0.0,91.933334,2.9909723
2026-06-28 11:20:01,11,Sunday,1,6,33.7,67.1,27.7,81.161995,0.0,91.666664,3.0013208
2026-06-28 11:21:01,11,Sunday,1,6,33.7,67.0,27.6875,81.250656,0.0,91.4,3.0116692
2026-06-28 11:22:01,11,Sunday,1,6,33.7,67.0,27.675001,81.33932,0.0,91.13333,3.0220177
2026-06-28 11:23:01,11,Sunday,1,6,33.7,67.0,27.6625,81.42798,0.0,90.86667,3.0323663
2026-06-28 11:24:01,11,Sunday,1,6,33.7,67.1,27.650002,81.51664,0.0,90.6,3.0427146
2026-06-28 11:25:01,11,Sunday,1,6,33.6,67.0,27.6375,81.6053,0.0,90.333336,3.0530632
2026-06-28 11:26:01,11,Sunday,1,6,33.6,67.1,27.625,81.69396,0.0,90.066666,3.0634115
2026-06-28 11:27:02,11,Sunday,1,6,33.6,67.0,27.612501,81.78262,0.0,89.8,3.07376
2026-06-28 11:28:02,11,Sunday,1,6,33.6,66.9,27.6,81.871284,0.0,89.53333,3.0841086
2026-06-28 11:29:02,11,Sunday,1,6,33.6,67.1,27.587502,81.959946,0.0,89.26667,3.094457
2026-06-28 11:30:02,11,Sunday,1,6,33.6,67.1,27.575,82.048615,0.0,89.0,3.1048055
2026-06-28 11:31:02,11,Sunday,1,6,33.6,67.1,27.5625,82.137276,0.0,88.73333,3.115154
2026-06-28 11:32:02,11,Sunday,1,6,33.6,67.1,27.550001,82.22594,0.0,88.46667,3.1255023
2026-06-28 11:33:02,11,Sunday,1,6,33.6,67.1,27.5375,82.3146,0.0,88.2,3.135851
2026-06-28 11:34:02,11,Sunday,1,6,33.6,67.0,27.525002,82.40326,0.0,87.933334,3.1461995
2026-06-28 11:35:02,11,Sunday,1,6,33.6,67.0,27.5125,82.49192,0.0,87.666664,3.1565478
2026-06-28 11:36:02,11,Sunday,1,6,33.6,67.1,27.5,82.58058,0.0,87.4,3.1668963
2026-06-28 11:37:02,11,Sunday,1,6,33.6,67.1,27.487501,82.66924,0.0,87.13333,3.1772447
2026-06-28 11:38:02,11,Sunday,1,6,33.6,67.1,27.475,82.757904,0.0,86.86667,3.1875932
2026-06-28 11:39:02,11,Sunday,1,6,33.6,67.1,27.462502,82.846565,0.0,86.6,3.1979418
2026-06-28 11:40:02,11,Sunday,1,6,33.6,67.2,27.45,82.93523,0.0,86.333336,3.20829
2026-06-28 11:41:02,11,Sunday,1,6,33.6,67.2,27.4375,83.02389,0.0,86.066666,3.2186387
2026-06-28 11:42:02,11,Sunday,1,6,33.6,67.1,27.425001,83.11255,0.0,85.8,3.2289872
2026-06-28 11:43:02,11,Sunday,1,6,33.6,67.1,27.4125,83.20121,0.0,85.53333,3.2393355
2026-06-28 11:44:02,11,Sunday,1,6,33.6,67.2,27.400002,83.28987,0.0,85.26667,3.249684
2026-06-28 11:45:02,11,Sunday,1,6,33.6,67.2,27.3875,83.37853,0.0,85.0,3.2600327
2026-06-28 11:46:02,11,Sunday,1,6,33.7,67.2,27.375,83.46719,0.0,84.73333,3.270381
2026-06-28 11:47:02,11,Sunday,1,6,33.7,67.1,27.362501,83.555855,0.0,84.46667,3.2807295
2026-06-28 11:48:02,11,Sunday,1,6,33.7,67.1,27.35,83.644516,0.0,84.2,3.2910779
2026-06-28 11:49:02,11,Sunday,1,6,33.7,67.2,27.337502,83.73318,0.0,83.933334,3.3014264
2026-06-28 11:50:02,11,Sunday,1,6,33.7,67.1,27.325,83.82184,0.0,83.666664,3.311775
2026-06-28 11:51:02,11,Sunday,1,6,33.7,67.2,27.3125,83.91051,0.0,83.4,3.3221233
2026-06-28 11:52:02,11,Sunday,1,6,33.7,67.2,27.300001,83.99917,0.0,83.13333,3.3324718
2026-06-28 11:53:02,11,Sunday,1,6,33.8,67.2,27.2875,84.08783,0.0,82.86667,3.3428204
2026-06-28 11:54:02,11,Sunday,1,6,33.8,67.2,27.275002,84.17649,0.0,82.6,3.3531687
2026-06-28 11:55:02,11,Sunday,1,6,33.8,67.2,27.2625,84.26515,0.0,82.333336,3.3635173
2026-06-28 11:56:02,11,Sunday,1,6,33.8,67.2,27.25,84.35381,0.0,82.066666,3.3738656
2026-06-28 11:57:02,11,Sunday,1,6,33.8,67.2,27.237501,84.442474,0.0,81.8,3.3842142
2026-06-28 11:58:02,11,Sunday,1,6,33.8,67.2,27.225,84.531136,0.0,81.53333,3.3945627
2026-06-28 11:59:02,11,Sunday,1,6,33.8,67.1,27.212502,84.6198,0.0,81.26667,3.404911
2026-06-28 12:00:02,12,Sunday,1,6,33.9,67.0,27.2,84.70846,0.0,81.0,3.4152596
2026-06-28 12:01:02,12,Sunday,1,6,33.9,67.1,27.188334,84.78106,0.0,81.05,3.4195268
2026-06-28 12:02:02,12,Sunday,1,6,33.9,67.1,27.176668,84.85365,0.0,81.1,3.423794
2026-06-28 12:03:02,12,Sunday,1,6,33.9,67.1,27.165,84.926254,0.0,81.15,3.4280612
2026-06-28 12:04:02,12,Sunday,1,6,33.9,67.1,27.153334,84.99885,0.0,81.2,3.4323285
2026-06-28 12:05:02,12,Sunday,1,6,33.9,67.0,27.141666,85.07145,0.0,81.25,3.436596
2026-06-28 12:06:02,12,Sunday,1,6,33.9,67.1,27.130001,85.14405,0.0,81.3,3.4408631
2026-06-28 12:07:02,12,Sunday,1,6,33.9,67.0,27.118334,85.216644,0.0,81.35,3.4451303
2026-06-28 12:08:02,12,Sunday,1,6,34.0,67.1,27.106667,85.289246,0.0,81.4,3.4493976
2026-06-28 12:09:03,12,Sunday,1,6,33.9,67.1,27.095001,85.36185,0.0,81.45,3.4536648
2026-06-28 12:10:03,12,Sunday,1,6,34.0,67.0,27.083334,85.43444,0.0,81.5,3.457932
2026-06-28 12:11:03,12,Sunday,1,6,34.0,67.0,27.071667,85.50704,0.0,81.55,3.4621992
2026-06-28 12:12:03,12,Sunday,1,6,34.0,67.0,27.060001,85.579636,0.0,81.6,3.4664664
2026-06-28 12:13:03,12,Sunday,1,6,34.0,67.0,27.048334,85.65224,0.0,81.65,3.4707336
2026-06-28 12:14:03,12,Sunday,1,6,34.0,67.1,27.036667,85.72484,0.0,81.7,3.4750009
2026-06-28 12:15:03,12,Sunday,1,6,34.0,67.0,27.025002,85.79743,0.0,81.75,3.479268
2026-06-28 12:16:03,12,Sunday,1,6,34.0,67.0,27.013334,85.87003,0.0,81.8,3.4835355
2026-06-28 12:17:03,12,Sunday,1,6,34.0,67.0,27.001667,85.94263,0.0,81.85,3.4878027
2026-06-28 12:18:03,12,Sunday,1,6,34.0,66.9,26.99,86.01523,0.0,81.9,3.49207
2026-06-28 12:19:03,12,Sunday,1,6,34.0,67.0,26.978334,86.08783,0.0,81.95,3.4963372
2026-06-28 12:20:03,12,Sunday,1,6,34.0,67.0,26.966667,86.16042,0.0,82.0,3.5006044
2026-06-28 12:21:03,12,Sunday,1,6,34.0,67.0,26.955,86.233025,0.0,82.05,3.5048716
2026-06-28 12:22:03,12,Sunday,1,6,34.0,66.9,26.943335,86.305626,0.0,82.1,3.5091388
2026-06-28 12:23:03,12,Sunday,1,6,34.0,66.9,26.931667,86.37822,0.0,82.15,3.513406
2026-06-28 12:24:03,12,Sunday,1,6,34.0,67.0,26.92,86.45082,0.0,82.2,3.5176733
2026-06-28 12:25:03,12,Sunday,1,6,34.1,66.9,26.908333,86.523415,0.0,82.25,3.5219407
2026-06-28 12:26:03,12,Sunday,1,6,34.0,67.0,26.896667,86.596016,0.0,82.3,3.526208
2026-06-28 12:27:03,12,Sunday,1,6,34.0,66.9,26.885,86.66862,0.0,82.35,3.5304751
2026-06-28 12:28:03,12,Sunday,1,6,34.1,66.9,26.873333,86.74121,0.0,82.4,3.5347424
2026-06-28 12:29:03,12,Sunday,1,6,34.1,66.8,26.861668,86.81381,0.0,82.45,3.5390096
2026-06-28 12:30:03,12,Sunday,1,6,34.1,66.7,26.85,86.88641,0.0,82.5,3.5432768
2026-06-28 12:31:03,12,Sunday,1,6,34.1,66.8,26.838333,86.95901,0.0,82.55,3.547544
2026-06-28 12:32:03,12,Sunday,1,6,34.1,66.8,26.826668,87.03161,0.0,82.6,3.5518112
2026-06-28 12:33:03,12,Sunday,1,6,34.1,66.8,26.815,87.1042,0.0,82.65,3.5560784
2026-06-28 12:34:03,12,Sunday,1,6,34.1,66.7,26.803333,87.1768,0.0,82.7,3.5603456
2026-06-28 12:35:03,12,Sunday,1,6,34.2,66.7,26.791668,87.249405,0.0,82.75,3.5646129
2026-06-28 12:36:03,12,Sunday,1,6,34.2,66.7,26.78,87.322,0.0,82.8,3.5688803
2026-06-28 12:37:03,12,Sunday,1,6,34.2,66.6,26.768333,87.3946,0.0,82.85,3.5731475
2026-06-28 12:38:03,12,Sunday,1,6,34.2,66.6,26.756666,87.46719,0.0,82.9,3.5774148
2026-06-28 12:39:03,12,Sunday,1,6,34.2,66.6,26.745,87.539795,0.0,82.95,3.581682
2026-06-28 12:40:03,12,Sunday,1,6,34.2,66.6,26.733334,87.6124,0.0,83.0,3.5859492
2026-06-28 12:41:03,12,Sunday,1,6,34.2,66.5,26.721666,87.68499,0.0,83.05,3.5902164
2026-06-28 12:42:03,12,Sunday,1,6,34.2,66.5,26.710001,87.75759,0.0,83.1,3.5944836
2026-06-28 12:43:03,12,Sunday,1,6,34.3,66.5,26.698334,87.83019,0.0,83.15,3.5987508
2026-06-28 12:44:03,12,Sunday,1,6,34.3,66.4,26.686666,87.90279,0.0,83.2,3.603018
2026-06-28 12:45:03,12,Sunday,1,6,34.3,66.4,26.675,87.97539,0.0,83.25,3.6072855
2026-06-28 12:46:03,12,Sunday,1,6,34.3,66.4,26.663334,88.04798,0.0,83.3,3.6115527
2026-06-28 12:47:03,12,Sunday,1,6,34.3,66.3,26.651667,88.12058,0.0,83.35,3.61582
2026-06-28 12:48:03,12,Sunday,1,6,34.3,66.4,26.64,88.193184,0.0,83.4,3.6200871
2026-06-28 12:49:03,12,Sunday,1,6,34.3,66.4,26.628334,88.26578,0.0,83.45,3.6243544
2026-06-28 12:50:03,12,Sunday,1,6,34.3,66.4,26.616667,88.33838,0.0,83.5,3.6286216
2026-06-28 12:51:04,12,Sunday,1,6,34.3,66.3,26.605,88.41097,0.0,83.55,3.6328888
2026-06-28 12:52:04,12,Sunday,1,6,34.4,66.3,26.593334,88.483574,0.0,83.6,3.637156
2026-06-28 12:53:04,12,Sunday,1,6,34.4,66.4,26.581667,88.556175,0.0,83.65,3.6414232
2026-06-28 12:54:04,12,Sunday,1,6,34.4,66.3,26.57,88.62877,0.0,83.7,3.6456904
2026-06-28 12:55:04,12,Sunday,1,6,34.4,66.3,26.558334,88.70137,0.0,83.75,3.6499577
2026-06-28 12:56:04,12,Sunday,1,6,34.4,66.2,26.546667,88.77397,0.0,83.8,3.654225
2026-06-28 12:57:04,12,Sunday,1,6,34.4,66.2,26.535,88.846565,0.0,83.85,3.6584923
2026-06-28 12:58:04,12,Sunday,1,6,34.4,66.2,26.523333,88.91917,0.0,83.9,3.6627595
2026-06-28 12:59:04,12,Sunday,1,6,34.4,66.0,26.511667,88.99176,0.0,83.95,3.6670268
2026-06-28 13:00:04,13,Sunday,1,6,34.4,66.0,26.5,89.06436,0.0,84.0,3.671294
2026-06-28 13:01:04,13,Sunday,1,6,34.4,65.9,26.495832,89.118256,0.0,84.23333,3.6466024
2026-06-28 13:02:04,13,Sunday,1,6,34.4,65.9,26.491667,89.17215,0.0,84.46667,3.6219106
2026-06-28 13:03:04,13,Sunday,1,6,34.4,66.0,26.4875,89.22605,0.0,84.7,3.597219
2026-06-28 13:04:04,13,Sunday,1,6,34.4,66.0,26.483334,89.279945,0.0,84.933334,3.5725274
2026-06-28 13:05:04,13,Sunday,1,6,34.4,66.1,26.479166,89.33384,0.0,85.166664,3.5478356
2026-06-28 13:06:04,13,Sunday,1,6,34.4,66.0,26.475,89.38774,0.0,85.4,3.523144
2026-06-28 13:07:04,13,Sunday,1,6,34.4,66.1,26.470833,89.441635,0.0,85.63333,3.4984524
2026-06-28 13:08:04,13,Sunday,1,6,34.4,66.1,26.466667,89.49553,0.0,85.86667,3.4737606
2026-06-28 13:09:04,13,Sunday,1,6,34.4,66.0,26.4625,89.54942,0.0,86.1,3.449069
2026-06-28 13:10:04,13,Sunday,1,6,34.4,66.0,26.458334,89.60332,0.0,86.333336,3.4243774
2026-06-28 13:11:04,13,Sunday,1,6,34.3,66.0,26.454166,89.65722,0.0,86.566666,3.3996859
2026-06-28 13:12:04,13,Sunday,1,6,34.4,65.9,26.45,89.71111,0.0,86.8,3.374994
2026-06-28 13:13:04,13,Sunday,1,6,34.4,66.1,26.445833,89.76501,0.0,87.03333,3.3503025
2026-06-28 13:14:04,13,Sunday,1,6,34.3,66.1,26.441668,89.81891,0.0,87.26667,3.3256109
2026-06-28 13:15:04,13,Sunday,1,6,34.3,66.0,26.4375,89.8728,0.0,87.5,3.300919
2026-06-28 13:16:04,13,Sunday,1,6,34.3,66.1,26.433332,89.9267,0.0,87.73333,3.2762275
2026-06-28 13:17:04,13,Sunday,1,6,34.3,66.0,26.429167,89.98059,0.0,87.96667,3.251536
2026-06-28 13:18:04,13,Sunday,1,6,34.3,66.1,26.425,90.034485,0.0,88.2,3.226844
2026-06-28 13:19:04,13,Sunday,1,6,34.3,66.2,26.420834,90.08839,0.0,88.433334,3.2021525
2026-06-28 13:20:04,13,Sunday,1,6,34.2,66.2,26.416666,90.14228,0.0,88.666664,3.177461
2026-06-28 13:21:04,13,Sunday,1,6,34.2,66.3,26.4125,90.196175,0.0,88.9,3.152769
2026-06-28 13:22:04,13,Sunday,1,6,34.2,66.2,26.408333,90.25008,0.0,89.13333,3.1280775
2026-06-28 13:23:04,13,Sunday,1,6,34.2,66.3,26.404167,90.30397,0.0,89.36667,3.103386
2026-06-28 13:24:04,13,Sunday,1,6,34.2,66.4,26.4,90.357864,0.0,89.6,3.078694
2026-06-28 13:25:04,13,Sunday,1,6,34.2,66.3,26.395834,90.41176,0.0,89.833336,3.0540025
2026-06-28 13:26:04,13,Sunday,1,6,34.2,66.5,26.391666,90.46565,0.0,90.066666,3.029311
2026-06-28 13:27:04,13,Sunday,1,6,34.2,66.6,26.3875,90.519554,0.0,90.3,3.0046191
2026-06-28 13:28:04,13,Sunday,1,6,34.1,66.4,26.383333,90.57345,0.0,90.53333,2.9799275
2026-06-28 13:29:04,13,Sunday,1,6,34.1,66.6,26.379168,90.62734,0.0,90.76667,2.955236
2026-06-28 13:30:04,13,Sunday,1,6,34.1,66.6,26.375,90.681244,0.0,91.0,2.9305444
2026-06-28 13:31:04,13,Sunday,1,6,34.1,66.7,26.370832,90.73514,0.0,91.23333,2.9058526
2026-06-28 13:32:04,13,Sunday,1,6,34.1,66.8,26.366667,90.78903,0.0,91.46667,2.881161
2026-06-28 13:33:05,13,Sunday,1,6,34.1,66.9,26.3625,90.842926,0.0,91.7,2.8564694
2026-06-28 13:34:05,13,Sunday,1,6,34.1,67.0,26.358334,90.89682,0.0,91.933334,2.8317776
2026-06-28 13:35:05,13,Sunday,1,6,34.0,66.9,26.354166,90.95072,0.0,92.166664,2.807086
2026-06-28 13:36:05,13,Sunday,1,6,34.0,67.1,26.35,91.004616,0.0,92.4,2.7823944
2026-06-28 13:37:05,13,Sunday,1,6,34.0,67.1,26.345833,91.05851,0.0,92.63333,2.7577026
2026-06-28 13:38:05,13,Sunday,1,6,34.0,67.2,26.341667,91.11241,0.0,92.86667,2.733011
2026-06-28 13:39:05,13,Sunday,1,6,34.0,67.3,26.3375,91.166306,0.0,93.1,2.7083194
2026-06-28 13:40:05,13,Sunday,1,6,34.0,67.3,26.333334,91.2202,0.0,93.333336,2.6836276
2026-06-28 13:41:05,13,Sunday,1,6,34.0,67.4,26.329166,91.27409,0.0,93.566666,2.658936
2026-06-28 13:42:05,13,Sunday,1,6,34.0,67.6,26.325,91.32799,0.0,93.8,2.6342444
2026-06-28 13:43:05,13,Sunday,1,6,34.0,67.6,26.320833,91.38189,0.0,94.03333,2.6095526
2026-06-28 13:44:05,13,Sunday,1,6,33.9,67.9,26.316668,91.43578,0.0,94.26667,2.584861
2026-06-28 13:45:05,13,Sunday,1,6,33.9,67.9,26.3125,91.48968,0.0,94.5,2.5601695
2026-06-28 13:46:05,13,Sunday,1,6,33.9,68.0,26.308332,91.54358,0.0,94.73333,2.5354776
2026-06-28 13:47:05,13,Sunday,1,6,33.9,68.0,26.304167,91.59747,0.0,94.96667,2.510786
2026-06-28 13:48:05,13,Sunday,1,6,33.9,68.3,26.3,91.65137,0.0,95.2,2.4860945
2026-06-28 13:49:05,13,Sunday,1,6,33.9,68.3,26.295834,91.70526,0.0,95.433334,2.4614027
2026-06-28 13:50:05,13,Sunday,1,6,33.9,68.5,26.291666,91.759155,0.0,95.666664,2.436711
2026-06-28 13:51:05,13,Sunday,1,6,33.9,68.7,26.2875,91.81306,0.0,95.9,2.4120195
2026-06-28 13:52:05,13,Sunday,1,6,33.8,68.8,26.283333,91.86695,0.0,96.13333,2.387328
2026-06-28 13:53:05,13,Sunday,1,6,33.8,69.1,26.279167,91.920845,0.0,96.36667,2.362636
2026-06-28 13:54:05,13,Sunday,1,6,33.8,69.1,26.275,91.97475,0.0,96.6,2.3379445
2026-06-28 13:55:05,13,Sunday,1,6,33.8,69.2,26.270834,92.02864,0.0,96.833336,2.313253
2026-06-28 13:56:05,13,Sunday,1,6,33.8,69.2,26.266666,92.082535,0.0,97.066666,2.288561
2026-06-28 13:57:05,13,Sunday,1,6,33.8,69.4,26.2625,92.13643,0.0,97.3,2.2638695
2026-06-28 13:58:05,13,Sunday,1,6,33.7,69.5,26.258333,92.19032,0.0,97.53333,2.239178
2026-06-28 13:59:05,13,Sunday,1,6,33.7,69.4,26.254168,92.244225,0.0,97.76667,2.2144861
2026-06-28 14:00:05,14,Sunday,1,6,33.7,69.9,26.25,92.29812,0.0,98.0,2.1897945
2026-06-28 14:01:05,14,Sunday,1,6,33.7,70.2,26.244167,92.31165,0.0,98.01667,2.2169375
2026-06-28 14:02:05,14,Sunday,1,6,33.7,70.2,26.238333,92.32519,0.0,98.03333,2.2440805
2026-06-28 14:03:05,14,Sunday,1,6,33.7,70.0,26.2325,92.33872,0.0,98.05,2.2712235
2026-06-28 14:04:05,14,Sunday,1,6,33.6,70.0,26.226667,92.35226,0.0,98.066666,2.2983665
2026-06-28 14:05:05,14,Sunday,1,6,33.6,70.2,26.220833,92.36579,0.0,98.083336,2.3255098
2026-06-28 14:06:05,14,Sunday,1,6,33.6,70.4,26.215,92.37932,0.0,98.1,2.3526528
2026-06-28 14:07:05,14,Sunday,1,6,33.6,70.1,26.209167,92.39285,0.0,98.11667,2.3797958
2026-06-28 14:08:05,14,Sunday,1,6,33.6,70.1,26.203333,92.40639,0.0,98.13333,2.4069388
2026-06-28 14:09:05,14,Sunday,1,6,33.6,70.1,26.1975,92.41992,0.0,98.15,2.4340818
2026-06-28 14:10:05,14,Sunday,1,6,33.6,70.3,26.191666,92.43346,0.0,98.166664,2.4612248
2026-06-28 14:11:05,14,Sunday,1,6,33.6,70.3,26.185833,92.44699,0.0,98.183334,2.4883678
2026-06-28 14:12:05,14,Sunday,1,6,33.6,70.6,26.18,92.460526,0.0,98.2,2.5155108
2026-06-28 14:13:05,14,Sunday,1,6,33.6,70.5,26.174166,92.47406,0.0,98.21667,2.542654
2026-06-28 14:14:06,14,Sunday,1,6,33.6,70.7,26.168333,92.487595,0.0,98.23333,2.569797
2026-06-28 14:15:06,14,Sunday,1,6,33.6,70.6,26.1625,92.50113,0.0,98.25,2.59694
2026-06-28 14:16:06,14,Sunday,1,6,33.6,70.4,26.156666,92.51466,0.0,98.26667,2.624083
2026-06-28 14:17:06,14,Sunday,1,6,33.6,70.5,26.150833,92.5282,0.0,98.28333,2.651226
2026-06-28 14:18:06,14,Sunday,1,6,33.5,70.5,26.145,92.54173,0.0,98.3,2.678369
2026-06-28 14:19:06,14,Sunday,1,6,33.6,70.5,26.139166,92.55526,0.0,98.316666,2.705512
2026-06-28 14:20:06,14,Sunday,1,6,33.5,70.5,26.133333,92.568794,0.0,98.333336,2.732655
2026-06-28 14:21:06,14,Sunday,1,6,33.5,71.4,26.1275,92.58233,0.0,98.35,2.759798
2026-06-28 14:22:06,14,Sunday,1,6,33.5,71.4,26.121666,92.59586,0.0,98.36667,2.7869413
2026-06-28 14:23:06,14,Sunday,1,6,33.5,71.4,26.115833,92.6094,0.0,98.38333,2.8140843
2026-06-28 14:24:06,14,Sunday,1,6,33.5,71.4,26.11,92.62293,0.0,98.4,2.8412273
2026-06-28 14:25:06,14,Sunday,1,6,33.5,71.7,26.104166,92.63647,0.0,98.416664,2.8683703
2026-06-28 14:26:06,14,Sunday,1,6,33.6,71.8,26.098333,92.65,0.0,98.433334,2.8955133
2026-06-28 14:27:06,14,Sunday,1,6,33.5,71.8,26.0925,92.663536,0.0,98.45,2.9226563
2026-06-28 14:28:06,14,Sunday,1,6,33.5,71.9,26.086666,92.67707,0.0,98.46667,2.9497993
2026-06-28 14:29:06,14,Sunday,1,6,33.5,71.8,26.080833,92.690605,0.0,98.48333,2.9769423
2026-06-28 14:30:06,14,Sunday,1,6,33.5,71.8,26.075,92.70413,0.0,98.5,3.0040855
2026-06-28 14:31:06,14,Sunday,1,6,33.5,72.1,26.069166,92.71767,0.0,98.51667,3.0312285
2026-06-28 14:32:06,14,Sunday,1,6,33.5,72.1,26.063334,92.7312,0.0,98.53333,3.0583715
2026-06-28 14:33:06,14,Sunday,1,6,33.5,72.3,26.057499,92.744736,0.0,98.55,3.0855145
2026-06-28 14:34:06,14,Sunday,1,6,33.5,72.2,26.051666,92.75827,0.0,98.566666,3.1126575
2026-06-28 14:35:06,14,Sunday,1,6,33.5,72.2,26.045834,92.771805,0.0,98.583336,3.1398005
2026-06-28 14:36:06,14,Sunday,1,6,33.5,72.0,26.039999,92.78534,0.0,98.6,3.1669436
2026-06-28 14:37:06,14,Sunday,1,6,33.5,71.9,26.034166,92.798874,0.0,98.61667,3.1940866
2026-06-28 14:38:06,14,Sunday,1,6,33.5,72.1,26.028334,92.81241,0.0,98.63333,3.2212296
2026-06-28 14:39:06,14,Sunday,1,6,33.5,72.3,26.0225,92.82594,0.0,98.65,3.2483728
2026-06-28 14:40:06,14,Sunday,1,6,33.5,72.2,26.016666,92.83948,0.0,98.666664,3.2755158
2026-06-28 14:41:06,14,Sunday,1,6,33.5,72.2,26.010834,92.85301,0.0,98.683334,3.3026588
2026-06-28 14:42:06,14,Sunday,1,6,33.5,72.2,26.005,92.86655,0.0,98.7,3.3298018
2026-06-28 14:43:06,14,Sunday,1,6,33.5,72.2,25.999166,92.88007,0.0,98.71667,3.3569448
2026-06-28 14:44:06,14,Sunday,1,6,33.4,72.3,25.993334,92.89361,0.0,98.73333,3.3840878
2026-06-28 14:45:06,14,Sunday,1,6,33.4,72.2,25.9875,92.90714,0.0,98.75,3.4112308
2026-06-28 14:46:06,14,Sunday,1,6,33.4,72.3,25.981667,92.92068,0.0,98.76667,3.4383738
2026-06-28 14:47:06,14,Sunday,1,6,33.4,72.4,25.975834,92.93421,0.0,98.78333,3.4655168
2026-06-28 14:48:06,14,Sunday,1,6,33.4,72.3,25.97,92.94775,0.0,98.8,3.49266
2026-06-28 14:49:06,14,Sunday,1,6,33.4,72.3,25.964167,92.96128,0.0,98.816666,3.519803
2026-06-28 14:50:06,14,Sunday,1,6,33.4,72.3,25.958332,92.974815,0.0,98.833336,3.546946
2026-06-28 14:51:06,14,Sunday,1,6,33.4,72.2,25.9525,92.98835,0.0,98.85,3.574089
2026-06-28 14:52:06,14,Sunday,1,6,33.5,72.2,25.946667,93.001884,0.0,98.86667,3.601232
2026-06-28 14:53:06,14,Sunday,1,6,33.5,72.3,25.940832,93.01542,0.0,98.88333,3.628375
2026-06-28 14:54:06,14,Sunday,1,6,33.5,72.3,25.935,93.028946,0.0,98.9,3.655518
2026-06-28 14:55:06,14,Sunday,1,6,33.5,72.3,25.929167,93.04248,0.0,98.916664,3.682661
2026-06-28 14:56:06,14,Sunday,1,6,33.5,72.2,25.923332,93.056015,0.0,98.933334,3.7098043
2026-06-28 14:57:07,14,Sunday,1,6,33.5,72.2,25.9175,93.06955,0.0,98.95,3.7369473
2026-06-28 14:58:07,14,Sunday,1,6,33.5,72.2,25.911667,93.083084,0.0,98.96667,3.7640903
2026-06-28 14:59:07,14,Sunday,1,6,33.5,72.3,25.905832,93.09662,0.0,98.98333,3.7912333
2026-06-28 15:00:07,15,Sunday,1,6,33.5,72.4,25.9,93.11015,0.0,99.0,3.8183763
2026-06-28 15:01:07,15,Sunday,1,6,33.5,72.3,25.8675,93.17556,0.043333333,98.98333,3.8177366
2026-06-28 15:02:07,15,Sunday,1,6,33.5,72.3,25.835,93.24097,0.086666666,98.96667,3.8170972
2026-06-28 15:03:07,15,Sunday,1,6,33.5,72.4,25.8025,93.30637,0.13,98.95,3.8164575
2026-06-28 15:04:07,15,Sunday,1,6,33.5,72.4,25.77,93.37179,0.17333333,98.933334,3.8158178
2026-06-28 15:05:07,15,Sunday,1,6,33.5,72.4,25.7375,93.437195,0.21666665,98.916664,3.8151782
2026-06-28 15:06:07,15,Sunday,1,6,33.5,72.3,25.705,93.5026,0.26,98.9,3.8145387
2026-06-28 15:07:07,15,Sunday,1,6,33.5,72.3,25.6725,93.56801,0.3033333,98.88333,3.813899
2026-06-28 15:08:07,15,Sunday,1,6,33.5,72.2,25.64,93.633415,0.34666666,98.86667,3.8132594
2026-06-28 15:09:07,15,Sunday,1,6,33.5,72.3,25.6075,93.69882,0.39,98.85,3.81262
2026-06-28 15:10:07,15,Sunday,1,6,33.5,72.3,25.575,93.76423,0.4333333,98.833336,3.8119802
2026-06-28 15:11:07,15,Sunday,1,6,33.5,72.3,25.5425,93.829636,0.47666666,98.816666,3.8113406
2026-06-28 15:12:07,15,Sunday,1,6,33.5,72.3,25.51,93.89505,0.52,98.8,3.810701
2026-06-28 15:13:07,15,Sunday,1,6,33.5,72.2,25.477499,93.96046,0.56333333,98.78333,3.8100615
2026-06-28 15:14:07,15,Sunday,1,6,33.5,72.3,25.445,94.02586,0.6066666,98.76667,3.8094218
2026-06-28 15:15:07,15,Sunday,1,6,33.5,72.2,25.4125,94.09127,0.65,98.75,3.808782
2026-06-28 15:16:07,15,Sunday,1,6,33.5,72.3,25.38,94.15668,0.6933333,98.73333,3.8081427
2026-06-28 15:17:07,15,Sunday,1,6,33.5,72.3,25.3475,94.222084,0.7366666,98.71667,3.807503
2026-06-28 15:18:07,15,Sunday,1,6,33.5,72.3,25.315,94.28749,0.78,98.7,3.8068633
2026-06-28 15:19:07,15,Sunday,1,6,33.5,72.2,25.2825,94.352905,0.8233333,98.683334,3.8062236
2026-06-28 15:20:07,15,Sunday,1,6,33.5,72.3,25.25,94.41831,0.8666666,98.666664,3.8055842
2026-06-28 15:21:07,15,Sunday,1,6,33.5,72.2,25.2175,94.48372,0.90999997,98.65,3.8049445
2026-06-28 15:22:07,15,Sunday,1,6,33.5,72.3,25.185,94.549126,0.9533333,98.63333,3.8043048
2026-06-28 15:23:07,15,Sunday,1,6,33.5,72.3,25.1525,94.61453,0.9966666,98.61667,3.8036654
2026-06-28 15:24:07,15,Sunday,1,6,33.5,72.4,25.12,94.67994,1.04,98.6,3.8030257
2026-06-28 15:25:07,15,Sunday,1,6,33.5,72.5,25.0875,94.745346,1.0833333,98.583336,3.802386
2026-06-28 15:26:07,15,Sunday,1,6,33.5,72.5,25.055,94.81075,1.1266667,98.566666,3.8017464
2026-06-28 15:27:07,15,Sunday,1,6,33.5,72.6,25.022501,94.87617,1.17,98.55,3.801107
2026-06-28 15:28:07,15,Sunday,1,6,33.5,72.6,24.99,94.941574,1.2133332,98.53333,3.8004673
2026-06-28 15:29:07,15,Sunday,1,6,33.5,72.6,24.9575,95.00698,1.2566667,98.51667,3.7998276
2026-06-28 15:30:07,15,Sunday,1,6,33.5,72.6,24.925,95.07239,1.3,98.5,3.7991881
2026-06-28 15:31:07,15,Sunday,1,6,33.5,72.7,24.8925,95.137794,1.3433332,98.48333,3.7985485
2026-06-28 15:32:07,15,Sunday,1,6,33.4,72.7,24.86,95.2032,1.3866667,98.46667,3.7979088
2026-06-28 15:33:07,15,Sunday,1,6,33.4,72.5,24.8275,95.26861,1.43,98.45,3.797269
2026-06-28 15:34:07,15,Sunday,1,6,33.4,72.4,24.795,95.33402,1.4733332,98.433334,3.7966297
2026-06-28 15:35:07,15,Sunday,1,6,33.4,72.4,24.7625,95.39943,1.5166667,98.416664,3.79599
2026-06-28 15:36:07,15,Sunday,1,6,33.4,72.3,24.73,95.464836,1.56,98.4,3.7953503
2026-06-28 15:37:07,15,Sunday,1,6,33.3,72.3,24.6975,95.53024,1.6033332,98.38333,3.7947106
2026-06-28 15:38:07,15,Sunday,1,6,33.4,72.0,24.665,95.59565,1.6466666,98.36667,3.7940712
2026-06-28 15:39:08,15,Sunday,1,6,33.3,72.0,24.6325,95.66106,1.6899999,98.35,3.7934315
2026-06-28 15:40:08,15,Sunday,1,6,33.3,71.9,24.6,95.72646,1.7333332,98.333336,3.7927918
2026-06-28 15:41:08,15,Sunday,1,6,33.3,71.8,24.567501,95.79187,1.7766666,98.316666,3.7921524
2026-06-28 15:42:08,15,Sunday,1,6,33.3,71.7,24.535,95.857285,1.8199999,98.3,3.7915127
2026-06-28 15:43:08,15,Sunday,1,6,33.3,71.7,24.5025,95.92269,1.8633332,98.28333,3.790873
2026-06-28 15:44:08,15,Sunday,1,6,33.2,71.6,24.470001,95.9881,1.9066666,98.26667,3.7902334
2026-06-28 15:45:08,15,Sunday,1,6,33.2,71.6,24.4375,96.053505,1.9499999,98.25,3.789594
2026-06-28 15:46:08,15,Sunday,1,6,33.2,71.4,24.405,96.11891,1.9933332,98.23333,3.7889543
2026-06-28 15:47:08,15,Sunday,1,6,33.2,71.3,24.372501,96.18432,2.0366666,98.21667,3.7883146
2026-06-28 15:48:08,15,Sunday,1,6,33.1,71.2,24.34,96.249725,2.08,98.2,3.7876751
2026-06-28 15:49:08,15,Sunday,1,6,33.1,71.1,24.3075,96.31514,2.1233332,98.183334,3.7870355
2026-06-28 15:50:08,15,Sunday,1,6,33.1,70.9,24.275002,96.38055,2.1666665,98.166664,3.7863958
2026-06-28 15:51:08,15,Sunday,1,6,33.1,70.9,24.2425,96.44595,2.21,98.15,3.785756
2026-06-28 15:52:08,15,Sunday,1,6,33.0,70.8,24.210001,96.51136,2.2533333,98.13333,3.7851167
2026-06-28 15:53:08,15,Sunday,1,6,33.0,70.9,24.1775,96.57677,2.2966666,98.11667,3.784477
2026-06-28 15:54:08,15,Sunday,1,6,33.0,70.7,24.145,96.64217,2.34,98.1,3.7838373
2026-06-28 15:55:08,15,Sunday,1,6,33.0,70.5,24.112501,96.70758,2.3833332,98.083336,3.7831979
2026-06-28 15:56:08,15,Sunday,1,6,32.9,70.4,24.08,96.77299,2.4266665,98.066666,3.7825582
2026-06-28 15:57:08,15,Sunday,1,6,32.9,70.5,24.0475,96.8384,2.4699998,98.05,3.7819185
2026-06-28 15:58:08,15,Sunday,1,6,32.9,70.4,24.015001,96.90381,2.5133333,98.03333,3.7812788
2026-06-28 15:59:08,15,Sunday,1,6,32.9,70.4,23.9825,96.969215,2.5566666,98.01667,3.7806394
2026-06-28 16:00:08,16,Sunday,1,6,32.9,70.3,23.95,97.03462,2.6,98.0,3.7799997
2026-06-28 16:01:08,16,Sunday,1,6,32.9,70.3,23.9475,97.0542,2.5766666,97.95,3.7806394
2026-06-28 16:02:08,16,Sunday,1,6,32.9,70.2,23.945002,97.073784,2.5533333,97.9,3.7812788
2026-06-28 16:03:08,16,Sunday,1,6,32.9,70.3,23.942501,97.09336,2.53,97.85,3.7819185
2026-06-28 16:04:08,16,Sunday,1,6,32.9,70.4,23.94,97.112946,2.5066667,97.8,3.7825582
2026-06-28 16:05:08,16,Sunday,1,6,32.9,70.3,23.9375,97.13252,2.4833333,97.75,3.7831979
2026-06-28 16:06:08,16,Sunday,1,6,32.9,70.3,23.935001,97.1521,2.46,97.7,3.7838373
2026-06-28 16:07:08,16,Sunday,1,6,32.9,70.3,23.9325,97.171684,2.4366665,97.65,3.784477
2026-06-28 16:08:08,16,Sunday,1,6,32.9,70.2,23.93,97.19126,2.4133332,97.6,3.7851167
2026-06-28 16:09:08,16,Sunday,1,6,32.9,70.2,23.9275,97.210846,2.3899999,97.55,3.785756
2026-06-28 16:10:08,16,Sunday,1,6,32.9,70.1,23.925001,97.23042,2.3666666,97.5,3.7863958
2026-06-28 16:11:08,16,Sunday,1,6,32.9,70.1,23.9225,97.25,2.3433332,97.45,3.7870355
2026-06-28 16:12:08,16,Sunday,1,6,32.9,70.1,23.92,97.269585,2.32,97.4,3.7876751
2026-06-28 16:13:08,16,Sunday,1,6,32.9,70.1,23.9175,97.28916,2.2966666,97.35,3.7883146
2026-06-28 16:14:08,16,Sunday,1,6,32.9,69.9,23.915,97.30875,2.2733333,97.3,3.7889543
2026-06-28 16:15:08,16,Sunday,1,6,32.9,69.9,23.9125,97.32832,2.25,97.25,3.789594
2026-06-28 16:16:08,16,Sunday,1,6,32.9,70.0,23.91,97.3479,2.2266667,97.2,3.7902334
2026-06-28 16:17:08,16,Sunday,1,6,32.9,70.0,23.907501,97.367485,2.2033334,97.15,3.790873
2026-06-28 16:18:08,16,Sunday,1,6,32.9,70.1,23.905,97.38706,2.1799998,97.1,3.7915127
2026-06-28 16:19:08,16,Sunday,1,6,32.9,70.1,23.9025,97.40665,2.1566665,97.05,3.7921524
2026-06-28 16:20:08,16,Sunday,1,6,32.9,70.2,23.9,97.42622,2.1333332,97.0,3.7927918
2026-06-28 16:21:08,16,Sunday,1,6,32.9,70.2,23.897501,97.4458,2.11,96.95,3.7934315
2026-06-28 16:22:09,16,Sunday,1,6,32.9,70.2,23.895,97.465385,2.0866666,96.9,3.7940712
2026-06-28 16:23:09,16,Sunday,1,6,32.8,70.2,23.8925,97.48496,2.0633333,96.85,3.7947106
2026-06-28 16:24:09,16,Sunday,1,6,32.8,70.3,23.89,97.50455,2.04,96.8,3.7953503
2026-06-28 16:25:09,16,Sunday,1,6,32.8,70.3,23.8875,97.524124,2.0166667,96.75,3.79599
2026-06-28 16:26:09,16,Sunday,1,6,32.8,70.3,23.885,97.5437,1.9933333,96.7,3.7966297
2026-06-28 16:27:09,16,Sunday,1,6,32.8,70.3,23.8825,97.563286,1.97,96.65,3.797269
2026-06-28 16:28:09,16,Sunday,1,6,32.8,70.4,23.88,97.58286,1.9466666,96.6,3.7979088
2026-06-28 16:29:09,16,Sunday,1,6,32.8,70.4,23.8775,97.60245,1.9233333,96.55,3.7985485
2026-06-28 16:30:09,16,Sunday,1,6,32.8,70.4,23.875,97.622025,1.9,96.5,3.7991881
2026-06-28 16:31:09,16,Sunday,1,6,32.8,70.5,23.8725,97.6416,1.8766667,96.45,3.7998276
2026-06-28 16:32:09,16,Sunday,1,6,32.8,70.5,23.87,97.66119,1.8533334,96.4,3.8004673
2026-06-28 16:33:09,16,Sunday,1,6,32.8,70.6,23.8675,97.68076,1.8299999,96.35,3.801107
2026-06-28 16:34:09,16,Sunday,1,6,32.8,70.5,23.865,97.70035,1.8066666,96.3,3.8017464
2026-06-28 16:35:09,16,Sunday,1,6,32.8,70.6,23.8625,97.719925,1.7833333,96.25,3.802386
2026-06-28 16:36:09,16,Sunday,1,6,32.8,70.6,23.86,97.7395,1.76,96.2,3.8030257
2026-06-28 16:37:09,16,Sunday,1,6,32.8,70.7,23.8575,97.75909,1.7366667,96.15,3.8036654
2026-06-28 16:38:09,16,Sunday,1,6,32.8,70.7,23.855,97.77866,1.7133334,96.1,3.8043048
2026-06-28 16:39:09,16,Sunday,1,6,32.8,70.7,23.852499,97.79825,1.69,96.05,3.8049445
2026-06-28 16:40:09,16,Sunday,1,6,32.8,70.7,23.85,97.817825,1.6666666,96.0,3.8055842
2026-06-28 16:41:09,16,Sunday,1,6,32.8,70.7,23.8475,97.8374,1.6433333,95.95,3.8062236
2026-06-28 16:42:09,16,Sunday,1,6,32.8,70.8,23.845,97.85699,1.62,95.9,3.8068633
2026-06-28 16:43:09,16,Sunday,1,6,32.8,70.9,23.842499,97.876564,1.5966667,95.85,3.807503
2026-06-28 16:44:09,16,Sunday,1,6,32.8,70.9,23.84,97.89615,1.5733334,95.8,3.8081427
2026-06-28 16:45:09,16,Sunday,1,6,32.8,70.9,23.8375,97.915726,1.55,95.75,3.808782
2026-06-28 16:46:09,16,Sunday,1,6,32.8,70.9,23.835,97.9353,1.5266666,95.7,3.8094218
2026-06-28 16:47:09,16,Sunday,1,6,32.8,70.9,23.8325,97.95489,1.5033333,95.65,3.8100615
2026-06-28 16:48:09,16,Sunday,1,6,32.8,71.2,23.83,97.974464,1.48,95.6,3.810701
2026-06-28 16:49:09,16,Sunday,1,6,32.8,71.2,23.8275,97.99405,1.4566667,95.55,3.8113406
2026-06-28 16:50:09,16,Sunday,1,6,32.8,71.2,23.824999,98.013626,1.4333334,95.5,3.8119802
2026-06-28 16:51:09,16,Sunday,1,6,32.8,71.1,23.8225,98.0332,1.4100001,95.45,3.81262
2026-06-28 16:52:09,16,Sunday,1,6,32.8,71.2,23.82,98.05279,1.3866667,95.4,3.8132594
2026-06-28 16:53:09,16,Sunday,1,6,32.8,71.3,23.8175,98.072365,1.3633333,95.35,3.813899
2026-06-28 16:54:09,16,Sunday,1,6,32.8,71.2,23.814999,98.09195,1.34,95.3,3.8145387
2026-06-28 16:55:09,16,Sunday,1,6,32.8,71.3,23.8125,98.11153,1.3166667,95.25,3.8151782
2026-06-28 16:56:09,16,Sunday,1,6,32.8,71.3,23.81,98.1311,1.2933334,95.2,3.8158178
2026-06-28 16:57:09,16,Sunday,1,6,32.8,71.4,23.807499,98.15069,1.27,95.15,3.8164575
2026-06-28 16:58:09,16,Sunday,1,6,32.8,71.3,23.804998,98.170265,1.2466667,95.1,3.8170972
2026-06-28 16:59:09,16,Sunday,1,6,32.8,71.3,23.8025,98.18985,1.2233334,95.05,3.8177366
2026-06-28 17:00:09,17,Sunday,1,6,32.8,71.3,23.8,98.20943,1.2,95.0,3.8183763
2026-06-28 17:01:09,17,Sunday,1,6,32.8,71.2,23.8375,98.06089,1.23,95.0,3.8046668
2026-06-28 17:02:09,17,Sunday,1,6,32.8,71.3,23.875,97.91235,1.26,95.0,3.790957
2026-06-28 17:03:09,17,Sunday,1,6,32.8,71.3,23.912498,97.76382,1.2900001,95.0,3.7772474
2026-06-28 17:04:09,17,Sunday,1,6,32.8,71.4,23.949999,97.61529,1.32,95.0,3.7635376
2026-06-28 17:05:09,17,Sunday,1,6,32.8,71.4,23.9875,97.46675,1.35,95.0,3.749828
2026-06-28 17:06:10,17,Sunday,1,6,32.8,71.4,24.025,97.318214,1.38,95.0,3.7361183
2026-06-28 17:07:10,17,Sunday,1,6,32.8,71.3,24.0625,97.16968,1.4100001,95.0,3.7224088
2026-06-28 17:08:10,17,Sunday,1,6,32.8,71.5,24.099998,97.02114,1.44,95.0,3.708699
2026-06-28 17:09:10,17,Sunday,1,6,32.8,71.3,24.137499,96.872604,1.47,95.0,3.6949894
2026-06-28 17:10:10,17,Sunday,1,6,32.8,71.2,24.175,96.724075,1.5,95.0,3.6812797
2026-06-28 17:11:10,17,Sunday,1,6,32.8,71.3,24.2125,96.57554,1.5300001,95.0,3.66757
2026-06-28 17:12:10,17,Sunday,1,6,32.8,71.3,24.25,96.427,1.5600001,95.0,3.6538603
2026-06-28 17:13:10,17,Sunday,1,6,32.8,71.3,24.287498,96.278465,1.59,95.0,3.6401508
2026-06-28 17:14:10,17,Sunday,1,6,32.8,71.2,24.324999,96.12993,1.62,95.0,3.626441
2026-06-28 17:15:10,17,Sunday,1,6,32.8,71.2,24.3625,95.98139,1.6500001,95.0,3.6127315
2026-06-28 17:16:10,17,Sunday,1,6,32.8,71.2,24.4,95.832855,1.6800001,95.0,3.599022
2026-06-28 17:17:10,17,Sunday,1,6,32.8,71.2,24.4375,95.684326,1.71,95.0,3.5853121
2026-06-28 17:18:10,17,Sunday,1,6,32.8,71.3,24.474998,95.53579,1.74,95.0,3.5716026
2026-06-28 17:19:10,17,Sunday,1,6,32.8,71.3,24.512499,95.38725,1.77,95.0,3.5578928
2026-06-28 17:20:10,17,Sunday,1,6,32.8,71.3,24.55,95.238716,1.8000001,95.0,3.5441833
2026-06-28 17:21:10,17,Sunday,1,6,32.8,71.2,24.5875,95.09018,1.83,95.0,3.5304735
2026-06-28 17:22:10,17,Sunday,1,6,32.8,71.2,24.625,94.94164,1.86,95.0,3.516764
2026-06-28 17:23:10,17,Sunday,1,6,32.8,71.2,24.662498,94.793106,1.89,95.0,3.5030541
2026-06-28 17:24:10,17,Sunday,1,6,32.8,71.2,24.699999,94.64458,1.9200001,95.0,3.4893446
2026-06-28 17:25:10,17,Sunday,1,6,32.7,71.2,24.7375,94.49604,1.95,95.0,3.4756348
2026-06-28 17:26:10,17,Sunday,1,6,32.7,71.1,24.775,94.3475,1.98,95.0,3.4619253
2026-06-28 17:27:10,17,Sunday,1,6,32.8,71.2,24.8125,94.19897,2.01,95.0,3.4482155
2026-06-28 17:28:10,17,Sunday,1,6,32.8,71.3,24.849998,94.05043,2.04,95.0,3.434506
2026-06-28 17:29:10,17,Sunday,1,6,32.7,71.3,24.887499,93.90189,2.07,95.0,3.4207962
2026-06-28 17:30:10,17,Sunday,1,6,32.7,71.3,24.925,93.75336,2.1,95.0,3.4070866
2026-06-28 17:31:10,17,Sunday,1,6,32.8,71.4,24.9625,93.60483,2.13,95.0,3.393377
2026-06-28 17:32:10,17,Sunday,1,6,32.7,71.4,25.0,93.45629,2.16,95.0,3.3796673
2026-06-28 17:33:10,17,Sunday,1,6,32.7,71.4,25.037498,93.307755,2.19,95.0,3.3659577
2026-06-28 17:34:10,17,Sunday,1,6,32.7,71.3,25.074999,93.15922,2.22,95.0,3.352248
2026-06-28 17:35:10,17,Sunday,1,6,32.7,71.4,25.1125,93.01068,2.25,95.0,3.3385384
2026-06-28 17:36:10,17,Sunday,1,6,32.7,71.3,25.15,92.862144,2.28,95.0,3.3248286
2026-06-28 17:37:10,17,Sunday,1,6,32.7,71.4,25.1875,92.713615,2.31,95.0,3.311119
2026-06-28 17:38:10,17,Sunday,1,6,32.7,71.4,25.224998,92.56508,2.34,95.0,3.2974093
2026-06-28 17:39:10,17,Sunday,1,6,32.7,71.3,25.262499,92.41654,2.3700001,95.0,3.2836998
2026-06-28 17:40:10,17,Sunday,1,6,32.7,71.2,25.3,92.268005,2.4,95.0,3.26999
2026-06-28 17:41:10,17,Sunday,1,6,32.7,71.3,25.3375,92.11947,2.43,95.0,3.2562804
2026-06-28 17:42:10,17,Sunday,1,6,32.7,71.3,25.375,91.97093,2.46,95.0,3.2425706
2026-06-28 17:43:10,17,Sunday,1,6,32.7,71.3,25.412498,91.822395,2.49,95.0,3.228861
2026-06-28 17:44:10,17,Sunday,1,6,32.7,71.3,25.449999,91.67387,2.52,95.0,3.2151513
2026-06-28 17:45:10,17,Sunday,1,6,32.7,71.3,25.4875,91.52533,2.55,95.0,3.2014418
2026-06-28 17:46:10,17,Sunday,1,6,32.7,71.4,25.525,91.37679,2.58,95.0,3.1877322
2026-06-28 17:47:10,17,Sunday,1,6,32.7,71.4,25.5625,91.22826,2.61,95.0,3.1740224
2026-06-28 17:48:10,17,Sunday,1,6,32.7,71.4,25.599998,91.07972,2.64,95.0,3.160313
2026-06-28 17:49:11,17,Sunday,1,6,32.7,71.3,25.637499,90.93118,2.67,95.0,3.146603
2026-06-28 17:50:11,17,Sunday,1,6,32.7,71.4,25.675,90.78265,2.7,95.0,3.1328936
2026-06-28 17:51:11,17,Sunday,1,6,32.7,71.4,25.7125,90.63412,2.73,95.0,3.1191838
2026-06-28 17:52:11,17,Sunday,1,6,32.7,71.4,25.75,90.48558,2.76,95.0,3.1054742
2026-06-28 17:53:11,17,Sunday,1,6,32.7,71.5,25.787498,90.33704,2.79,95.0,3.0917645
2026-06-28 17:54:11,17,Sunday,1,6,32.7,71.5,25.824999,90.18851,2.82,95.0,3.078055
2026-06-28 17:55:11,17,Sunday,1,6,32.7,71.5,25.8625,90.03997,2.85,95.0,3.0643451
2026-06-28 17:56:11,17,Sunday,1,6,32.7,71.6,25.9,89.89143,2.88,95.0,3.0506356
2026-06-28 17:57:11,17,Sunday,1,6,32.7,71.5,25.9375,89.742905,2.91,95.0,3.0369258
2026-06-28 17:58:11,17,Sunday,1,6,32.7,71.6,25.974998,89.59437,2.94,95.0,3.0232162
2026-06-28 17:59:11,17,Sunday,1,6,32.7,71.7,26.012499,89.44583,2.97,95.0,3.0095065
2026-06-28 18:00:11,18,Sunday,1,6,32.7,71.6,26.05,89.297295,3.0,95.0,2.995797
2026-06-28 18:01:11,18,Sunday,1,6,32.7,71.5,26.044167,89.27021,2.95,94.98333,3.0184894
2026-06-28 18:02:11,18,Sunday,1,6,32.7,71.6,26.038332,89.24313,2.9,94.96667,3.0411816
2026-06-28 18:03:11,18,Sunday,1,6,32.7,71.5,26.0325,89.21605,2.85,94.95,3.063874
2026-06-28 18:04:11,18,Sunday,1,6,32.7,71.5,26.026667,89.188965,2.8,94.933334,3.0865664
2026-06-28 18:05:11,18,Sunday,1,6,32.7,71.6,26.020832,89.16188,2.75,94.916664,3.1092587
2026-06-28 18:06:11,18,Sunday,1,6,32.7,71.5,26.015,89.1348,2.7,94.9,3.131951
2026-06-28 18:07:11,18,Sunday,1,6,32.7,71.6,26.009167,89.10772,2.65,94.88333,3.1546435
2026-06-28 18:08:11,18,Sunday,1,6,32.6,71.6,26.003332,89.080635,2.6,94.86667,3.1773357
2026-06-28 18:09:11,18,Sunday,1,6,32.7,71.6,25.9975,89.05356,2.55,94.85,3.2000282
2026-06-28 18:10:11,18,Sunday,1,6,32.6,71.6,25.991667,89.026474,2.5,94.833336,3.2227206
2026-06-28 18:11:11,18,Sunday,1,6,32.6,71.6,25.985832,88.99939,2.45,94.816666,3.2454128
2026-06-28 18:12:11,18,Sunday,1,6,32.6,71.6,25.98,88.97231,2.4,94.8,3.2681053
2026-06-28 18:13:11,18,Sunday,1,6,32.6,71.7,25.974167,88.94523,2.35,94.78333,3.2907975
2026-06-28 18:14:11,18,Sunday,1,6,32.6,71.7,25.968332,88.918144,2.3,94.76667,3.31349
2026-06-28 18:15:11,18,Sunday,1,6,32.6,71.8,25.9625,88.89107,2.25,94.75,3.3361824
2026-06-28 18:16:11,18,Sunday,1,6,32.6,71.9,25.956667,88.86398,2.2,94.73333,3.3588746
2026-06-28 18:17:11,18,Sunday,1,6,32.6,71.9,25.950832,88.8369,2.15,94.71667,3.381567
2026-06-28 18:18:11,18,Sunday,1,6,32.6,71.9,25.945,88.809814,2.1,94.7,3.4042594
2026-06-28 18:19:11,18,Sunday,1,6,32.6,71.9,25.939167,88.78274,2.05,94.683334,3.4269516
2026-06-28 18:20:11,18,Sunday,1,6,32.6,72.0,25.933332,88.75565,2.0,94.666664,3.449644
2026-06-28 18:21:11,18,Sunday,1,6,32.6,71.9,25.9275,88.72857,1.95,94.65,3.4723365
2026-06-28 18:22:11,18,Sunday,1,6,32.6,72.0,25.921667,88.70149,1.9,94.63333,3.4950287
2026-06-28 18:23:11,18,Sunday,1,6,32.6,72.1,25.915833,88.67441,1.85,94.61667,3.5177212
2026-06-28 18:24:11,18,Sunday,1,6,32.6,72.1,25.91,88.64732,1.8,94.6,3.5404136
2026-06-28 18:25:11,18,Sunday,1,6,32.6,72.1,25.904167,88.62024,1.75,94.583336,3.5631058
2026-06-28 18:26:11,18,Sunday,1,6,32.6,72.0,25.898333,88.59316,1.7,94.566666,3.5857983
2026-06-28 18:27:11,18,Sunday,1,6,32.6,72.1,25.8925,88.56608,1.65,94.55,3.6084907
2026-06-28 18:28:11,18,Sunday,1,6,32.6,72.1,25.886667,88.538994,1.6,94.53333,3.631183
2026-06-28 18:29:11,18,Sunday,1,6,32.6,72.2,25.880833,88.51192,1.55,94.51667,3.6538754
2026-06-28 18:30:11,18,Sunday,1,6,32.6,72.2,25.875,88.48483,1.5,94.5,3.6765676
2026-06-28 18:31:11,18,Sunday,1,6,32.6,72.3,25.869167,88.45775,1.45,94.48333,3.69926
2026-06-28 18:32:11,18,Sunday,1,6,32.6,72.3,25.863333,88.43067,1.4,94.46667,3.7219524
2026-06-28 18:33:12,18,Sunday,1,6,32.6,72.3,25.8575,88.40359,1.35,94.45,3.7446446
2026-06-28 18:34:12,18,Sunday,1,6,32.6,72.3,25.851667,88.3765,1.3,94.433334,3.767337
2026-06-28 18:35:12,18,Sunday,1,6,32.6,72.3,25.845833,88.34943,1.25,94.416664,3.7900295
2026-06-28 18:36:12,18,Sunday,1,6,32.6,72.3,25.84,88.32234,1.2,94.4,3.8127217
2026-06-28 18:37:12,18,Sunday,1,6,32.6,72.3,25.834167,88.29526,1.15,94.38333,3.8354142
2026-06-28 18:38:12,18,Sunday,1,6,32.6,72.3,25.828333,88.26817,1.1,94.36667,3.8581066
2026-06-28 18:39:12,18,Sunday,1,6,32.6,72.4,25.8225,88.2411,1.05,94.35,3.8807988
2026-06-28 18:40:12,18,Sunday,1,6,32.6,72.4,25.816668,88.21401,1.0,94.333336,3.9034913
2026-06-28 18:41:12,18,Sunday,1,6,32.6,72.4,25.810833,88.18693,0.95,94.316666,3.9261837
2026-06-28 18:42:12,18,Sunday,1,6,32.6,72.4,25.805,88.15985,0.9,94.3,3.948876
2026-06-28 18:43:12,18,Sunday,1,6,32.6,72.4,25.799168,88.13277,0.85,94.28333,3.9715683
2026-06-28 18:44:12,18,Sunday,1,6,32.6,72.4,25.793333,88.10568,0.8,94.26667,3.9942608
2026-06-28 18:45:12,18,Sunday,1,6,32.6,72.4,25.7875,88.0786,0.75,94.25,4.016953
2026-06-28 18:46:12,18,Sunday,1,6,32.6,72.5,25.781668,88.05152,0.7,94.23333,4.039645
2026-06-28 18:47:12,18,Sunday,1,6,32.6,72.5,25.775833,88.02444,0.65,94.21667,4.062338
2026-06-28 18:48:12,18,Sunday,1,6,32.6,72.5,25.77,87.99735,0.6,94.2,4.08503
2026-06-28 18:49:12,18,Sunday,1,6,32.6,72.4,25.764168,87.970276,0.55,94.183334,4.1077223
2026-06-28 18:50:12,18,Sunday,1,6,32.6,72.5,25.758333,87.94319,0.5,94.166664,4.130415
2026-06-28 18:51:12,18,Sunday,1,6,32.6,72.6,25.7525,87.91611,0.45,94.15,4.153107
2026-06-28 18:52:12,18,Sunday,1,6,32.6,72.4,25.746668,87.88903,0.4,94.13333,4.1757994
2026-06-28 18:53:12,18,Sunday,1,6,32.6,72.6,25.740833,87.861946,0.35,94.11667,4.198492
2026-06-28 18:54:12,18,Sunday,1,6,32.5,72.6,25.735,87.83486,0.3,94.1,4.2211843
2026-06-28 18:55:12,18,Sunday,1,6,32.5,72.5,25.729168,87.807785,0.25,94.083336,4.2438765
2026-06-28 18:56:12,18,Sunday,1,6,32.5,72.5,25.723333,87.7807,0.2,94.066666,4.266569
2026-06-28 18:57:12,18,Sunday,1,6,32.5,72.6,25.7175,87.75362,0.15,94.05,4.2892613
2026-06-28 18:58:12,18,Sunday,1,6,32.5,72.5,25.711668,87.72653,0.1,94.03333,4.3119535
2026-06-28 18:59:12,18,Sunday,1,6,32.6,72.5,25.705833,87.699455,0.05,94.01667,4.334646
2026-06-28 19:00:12,19,Sunday,1,6,32.6,72.6,25.7,87.67237,0.0,94.0,4.3573384
2026-06-28 19:01:12,19,Sunday,1,6,32.6,72.7,25.693335,87.68955,0.0,93.73333,4.3063493
2026-06-28 19:02:12,19,Sunday,1,6,32.5,72.6,25.686666,87.70674,0.0,93.46667,4.2553606
2026-06-28 19:03:12,19,Sunday,1,6,32.5,72.6,25.68,87.72392,0.0,93.2,4.2043715
2026-06-28 19:04:12,19,Sunday,1,6,32.5,72.6,25.673334,87.74111,0.0,92.933334,4.1533823
2026-06-28 19:05:12,19,Sunday,1,6,32.5,72.6,25.666668,87.75829,0.0,92.666664,4.1023936
2026-06-28 19:06:12,19,Sunday,1,6,32.5,72.6,25.66,87.77548,0.0,92.4,4.0514045
2026-06-28 19:07:12,19,Sunday,1,6,32.5,72.6,25.653334,87.79266,0.0,92.13333,4.0004153
2026-06-28 19:08:12,19,Sunday,1,6,32.5,72.6,25.646667,87.809845,0.0,91.86667,3.9494264
2026-06-28 19:09:12,19,Sunday,1,6,32.5,72.6,25.640001,87.827034,0.0,91.6,3.8984375
2026-06-28 19:10:12,19,Sunday,1,6,32.5,72.8,25.633333,87.844215,0.0,91.333336,3.8474483
2026-06-28 19:11:12,19,Sunday,1,6,32.5,72.8,25.626667,87.861404,0.0,91.066666,3.7964594
2026-06-28 19:12:12,19,Sunday,1,6,32.5,72.8,25.62,87.878586,0.0,90.8,3.7454705
2026-06-28 19:13:12,19,Sunday,1,6,32.5,72.7,25.613335,87.895775,0.0,90.53333,3.6944814
2026-06-28 19:14:12,19,Sunday,1,6,32.5,72.8,25.606667,87.91296,0.0,90.26667,3.6434925
2026-06-28 19:15:12,19,Sunday,1,6,32.5,72.8,25.6,87.930145,0.0,90.0,3.5925035
2026-06-28 19:16:13,19,Sunday,1,6,32.5,72.8,25.593334,87.94733,0.0,89.73333,3.5415144
2026-06-28 19:17:13,19,Sunday,1,6,32.5,72.7,25.586666,87.96451,0.0,89.46667,3.4905255
2026-06-28 19:18:13,19,Sunday,1,6,32.5,72.8,25.58,87.9817,0.0,89.2,3.4395363
2026-06-28 19:19:13,19,Sunday,1,6,32.5,72.8,25.573334,87.99888,0.0,88.933334,3.3885474
2026-06-28 19:20:13,19,Sunday,1,6,32.5,72.8,25.566668,88.01607,0.0,88.666664,3.3375585
2026-06-28 19:21:13,19,Sunday,1,6,32.5,72.8,25.56,88.03325,0.0,88.4,3.2865694
2026-06-28 19:22:13,19,Sunday,1,6,32.5,72.8,25.553333,88.05044,0.0,88.13333,3.2355804
2026-06-28 19:23:13,19,Sunday,1,6,32.5,72.8,25.546667,88.06762,0.0,87.86667,3.1845915
2026-06-28 19:24:13,19,Sunday,1,6,32.5,72.8,25.54,88.0848,0.0,87.6,3.1336024
2026-06-28 19:25:13,19,Sunday,1,6,32.5,72.8,25.533333,88.10199,0.0,87.333336,3.0826135
2026-06-28 19:26:13,19,Sunday,1,6,32.5,72.7,25.526667,88.11917,0.0,87.066666,3.0316243
2026-06-28 19:27:13,19,Sunday,1,6,32.5,72.7,25.52,88.13636,0.0,86.8,2.9806354
2026-06-28 19:28:13,19,Sunday,1,6,32.5,72.7,25.513334,88.15354,0.0,86.53333,2.9296465
2026-06-28 19:29:13,19,Sunday,1,6,32.5,72.8,25.506666,88.17073,0.0,86.26667,2.8786573
2026-06-28 19:30:13,19,Sunday,1,6,32.4,72.8,25.5,88.18791,0.0,86.0,2.8276684
2026-06-28 19:31:13,19,Sunday,1,6,32.4,72.8,25.493334,88.20509,0.0,85.73333,2.7766795
2026-06-28 19:32:13,19,Sunday,1,6,32.5,72.8,25.486666,88.22228,0.0,85.46667,2.7256904
2026-06-28 19:33:13,19,Sunday,1,6,32.4,72.9,25.48,88.23946,0.0,85.2,2.6747015
2026-06-28 19:34:13,19,Sunday,1,6,32.4,72.8,25.473333,88.25665,0.0,84.933334,2.6237125
2026-06-28 19:35:13,19,Sunday,1,6,32.4,72.9,25.466667,88.273834,0.0,84.666664,2.5727234
2026-06-28 19:36:13,19,Sunday,1,6,32.4,72.8,25.46,88.29102,0.0,84.4,2.5217345
2026-06-28 19:37:13,19,Sunday,1,6,32.5,72.9,25.453333,88.308205,0.0,84.13333,2.4707453
2026-06-28 19:38:13,19,Sunday,1,6,32.4,72.9,25.446667,88.325386,0.0,83.86667,2.4197564
2026-06-28 19:39:13,19,Sunday,1,6,32.4,72.9,25.44,88.342575,0.0,83.6,2.3687675
2026-06-28 19:40:13,19,Sunday,1,6,32.4,72.8,25.433332,88.35976,0.0,83.333336,2.3177783
2026-06-28 19:41:13,19,Sunday,1,6,32.4,72.9,25.426666,88.376945,0.0,83.066666,2.2667894
2026-06-28 19:42:13,19,Sunday,1,6,32.4,72.9,25.42,88.39413,0.0,82.8,2.2158005
2026-06-28 19:43:13,19,Sunday,1,6,32.4,72.9,25.413334,88.411316,0.0,82.53333,2.1648114
2026-06-28 19:44:13,19,Sunday,1,6,32.4,72.8,25.406666,88.4285,0.0,82.26667,2.1138225
2026-06-28 19:45:13,19,Sunday,1,6,32.4,72.9,25.4,88.44568,0.0,82.0,2.0628333
2026-06-28 19:46:13,19,Sunday,1,6,32.4,72.9,25.393333,88.46287,0.0,81.73333,2.0118444
2026-06-28 19:47:13,19,Sunday,1,6,32.4,72.9,25.386665,88.48005,0.0,81.46667,1.9608555
2026-06-28 19:48:13,19,Sunday,1,6,32.4,72.9,25.38,88.49724,0.0,81.2,1.9098665
2026-06-28 19:49:13,19,Sunday,1,6,32.4,73.0,25.373333,88.51442,0.0,80.933334,1.8588774
2026-06-28 19:50:13,19,Sunday,1,6,32.4,73.0,25.366667,88.53161,0.0,80.666664,1.8078884
2026-06-28 19:51:13,19,Sunday,1,6,32.4,73.0,25.359999,88.54879,0.0,80.4,1.7568995
2026-06-28 19:52:13,19,Sunday,1,6,32.4,73.0,25.353333,88.56598,0.0,80.13333,1.7059104
2026-06-28 19:53:13,19,Sunday,1,6,32.4,73.1,25.346666,88.58316,0.0,79.86667,1.6549214
2026-06-28 19:54:13,19,Sunday,1,6,32.4,73.0,25.34,88.60034,0.0,79.6,1.6039324
2026-06-28 19:55:13,19,Sunday,1,6,32.3,73.1,25.333332,88.61753,0.0,79.333336,1.5529435
2026-06-28 19:56:13,19,Sunday,1,6,32.3,73.2,25.326666,88.63471,0.0,79.066666,1.5019544
2026-06-28 19:57:13,19,Sunday,1,6,32.3,73.2,25.32,88.6519,0.0,78.8,1.4509654
2026-06-28 19:58:13,19,Sunday,1,6,32.3,73.2,25.313334,88.66908,0.0,78.53333,1.3999764
2026-06-28 19:59:13,19,Sunday,1,6,32.3,73.2,25.306665,88.68627,0.0,78.26667,1.3489875
2026-06-28 20:00:14,20,Sunday,1,6,32.4,73.2,25.3,88.70345,0.0,78.0,1.2979984
2026-06-28 20:01:14,20,Sunday,1,6,32.3,73.2,25.3,88.68569,0.0,77.78333,1.2887344
2026-06-28 20:02:14,20,Sunday,1,6,32.3,73.2,25.3,88.66793,0.0,77.566666,1.2794704
2026-06-28 20:03:14,20,Sunday,1,6,32.3,73.2,25.3,88.65017,0.0,77.35,1.2702065
2026-06-28 20:04:14,20,Sunday,1,6,32.3,73.3,25.3,88.632416,0.0,77.13333,1.2609425
2026-06-28 20:05:14,20,Sunday,1,6,32.3,73.2,25.3,88.614655,0.0,76.916664,1.2516785
2026-06-28 20:06:14,20,Sunday,1,6,32.3,73.3,25.3,88.59689,0.0,76.7,1.2424145
2026-06-28 20:07:14,20,Sunday,1,6,32.3,73.3,25.3,88.57913,0.0,76.48333,1.2331505
2026-06-28 20:08:14,20,Sunday,1,6,32.3,73.3,25.3,88.56137,0.0,76.26667,1.2238865
2026-06-28 20:09:14,20,Sunday,1,6,32.3,73.4,25.3,88.54361,0.0,76.05,1.2146225
2026-06-28 20:10:14,20,Sunday,1,6,32.3,73.4,25.3,88.52585,0.0,75.833336,1.2053585
2026-06-28 20:11:14,20,Sunday,1,6,32.3,73.4,25.3,88.50809,0.0,75.61667,1.1960945
2026-06-28 20:12:14,20,Sunday,1,6,32.3,73.5,25.3,88.49033,0.0,75.4,1.1868305
2026-06-28 20:13:14,20,Sunday,1,6,32.3,73.5,25.3,88.47257,0.0,75.183334,1.1775665
2026-06-28 20:14:14,20,Sunday,1,6,32.3,73.5,25.3,88.45481,0.0,74.96667,1.1683025
2026-06-28 20:15:14,20,Sunday,1,6,32.3,73.4,25.3,88.43705,0.0,74.75,1.1590385
2026-06-28 20:16:14,20,Sunday,1,6,32.3,73.6,25.3,88.41929,0.0,74.53333,1.1497746
2026-06-28 20:17:14,20,Sunday,1,6,32.3,73.5,25.3,88.40153,0.0,74.316666,1.1405106
2026-06-28 20:18:14,20,Sunday,1,6,32.3,73.8,25.3,88.383766,0.0,74.1,1.1312466
2026-06-28 20:19:14,20,Sunday,1,6,32.3,73.6,25.3,88.36601,0.0,73.88333,1.1219826
2026-06-28 20:20:14,20,Sunday,1,6,32.3,73.7,25.3,88.34825,0.0,73.666664,1.1127186
2026-06-28 20:21:14,20,Sunday,1,6,32.3,73.7,25.3,88.33049,0.0,73.45,1.1034546
2026-06-28 20:22:14,20,Sunday,1,6,32.3,73.8,25.3,88.31273,0.0,73.23333,1.0941906
2026-06-28 20:23:14,20,Sunday,1,6,32.2,73.7,25.3,88.29497,0.0,73.01667,1.0849266
2026-06-28 20:24:14,20,Sunday,1,6,32.3,73.6,25.3,88.27721,0.0,72.8,1.0756626
2026-06-28 20:25:14,20,Sunday,1,6,32.3,73.6,25.3,88.259445,0.0,72.583336,1.0663986
2026-06-28 20:26:14,20,Sunday,1,6,32.2,73.7,25.3,88.241684,0.0,72.36667,1.0571346
2026-06-28 20:27:14,20,Sunday,1,6,32.2,73.7,25.3,88.22393,0.0,72.15,1.0478706
2026-06-28 20:28:14,20,Sunday,1,6,32.2,73.7,25.3,88.20617,0.0,71.933334,1.0386066
2026-06-28 20:29:14,20,Sunday,1,6,32.2,73.7,25.3,88.18841,0.0,71.71667,1.0293427
2026-06-28 20:30:14,20,Sunday,1,6,32.2,73.7,25.3,88.17065,0.0,71.5,1.0200787
2026-06-28 20:31:14,20,Sunday,1,6,32.3,73.7,25.3,88.152885,0.0,71.28333,1.0108148
2026-06-28 20:32:14,20,Sunday,1,6,32.2,73.7,25.3,88.135124,0.0,71.066666,1.0015508
2026-06-28 20:33:14,20,Sunday,1,6,32.2,73.8,25.3,88.11736,0.0,70.85,0.99228674
2026-06-28 20:34:14,20,Sunday,1,6,32.2,73.9,25.3,88.09961,0.0,70.63333,0.98302275
2026-06-28 20:35:14,20,Sunday,1,6,32.2,73.8,25.3,88.08185,0.0,70.416664,0.97375876
2026-06-28 20:36:14,20,Sunday,1,6,32.2,73.7,25.3,88.06409,0.0,70.2,0.96449476
2026-06-28 20:37:14,20,Sunday,1,6,32.2,73.9,25.3,88.046326,0.0,69.98333,0.9552308
2026-06-28 20:38:14,20,Sunday,1,6,32.2,73.8,25.3,88.028564,0.0,69.76667,0.9459668
2026-06-28 20:39:14,20,Sunday,1,6,32.2,74.1,25.3,88.0108,0.0,69.55,0.9367028
2026-06-28 20:40:14,20,Sunday,1,6,32.2,73.9,25.3,87.99304,0.0,69.333336,0.9274388
2026-06-28 20:41:14,20,Sunday,1,6,32.2,73.9,25.3,87.97528,0.0,69.11667,0.9181748
2026-06-28 20:42:14,20,Sunday,1,6,32.2,73.9,25.3,87.95753,0.0,68.9,0.9089108
2026-06-28 20:43:14,20,Sunday,1,6,32.2,73.9,25.3,87.939766,0.0,68.683334,0.8996468
2026-06-28 20:44:15,20,Sunday,1,6,32.2,73.9,25.3,87.922005,0.0,68.46667,0.8903828
2026-06-28 20:45:15,20,Sunday,1,6,32.2,73.8,25.3,87.90424,0.0,68.25,0.8811189
2026-06-28 20:46:15,20,Sunday,1,6,32.2,73.8,25.3,87.88648,0.0,68.03333,0.8718549
2026-06-28 20:47:15,20,Sunday,1,6,32.2,73.9,25.3,87.86872,0.0,67.816666,0.8625909
2026-06-28 20:48:15,20,Sunday,1,6,32.2,73.8,25.3,87.85096,0.0,67.6,0.8533269
2026-06-28 20:49:15,20,Sunday,1,6,32.2,73.9,25.3,87.833206,0.0,67.38333,0.8440629
2026-06-28 20:50:15,20,Sunday,1,6,32.2,73.9,25.3,87.815445,0.0,67.166664,0.83479893
2026-06-28 20:51:15,20,Sunday,1,6,32.1,73.9,25.3,87.79768,0.0,66.95,0.82553494
2026-06-28 20:52:15,20,Sunday,1,6,32.1,73.9,25.3,87.77992,0.0,66.73333,0.81627095
2026-06-28 20:53:15,20,Sunday,1,6,32.1,74.0,25.3,87.76216,0.0,66.51667,0.80700696
2026-06-28 20:54:15,20,Sunday,1,6,32.1,74.1,25.3,87.7444,0.0,66.3,0.79774296
2026-06-28 20:55:15,20,Sunday,1,6,32.2,74.2,25.3,87.72664,0.0,66.083336,0.788479
2026-06-28 20:56:15,20,Sunday,1,6,32.1,74.1,25.3,87.70888,0.0,65.86667,0.779215
2026-06-28 20:57:15,20,Sunday,1,6,32.1,74.1,25.3,87.691124,0.0,65.65,0.769951
2026-06-28 20:58:15,20,Sunday,1,6,32.2,74.0,25.3,87.67336,0.0,65.433334,0.760687
2026-06-28 20:59:15,20,Sunday,1,6,32.1,74.1,25.3,87.6556,0.0,65.21667,0.751423
2026-06-28 21:00:15,21,Sunday,1,6,32.1,74.1,25.3,87.63784,0.0,65.0,0.742159
2026-06-28 21:01:15,21,Sunday,1,6,32.1,74.1,25.297499,87.62441,0.0,65.28333,0.76399493
2026-06-28 21:02:15,21,Sunday,1,6,32.1,74.1,25.295,87.610985,0.0,65.566666,0.7858309
2026-06-28 21:03:15,21,Sunday,1,6,32.1,74.1,25.2925,87.59756,0.0,65.85,0.80766684
2026-06-28 21:04:15,21,Sunday,1,6,32.1,74.1,25.289999,87.58413,0.0,66.13333,0.82950276
2026-06-28 21:05:15,21,Sunday,1,6,32.1,74.2,25.287498,87.5707,0.0,66.416664,0.85133874
2026-06-28 21:06:15,21,Sunday,1,6,32.1,74.1,25.285,87.557274,0.0,66.7,0.87317467
2026-06-28 21:07:15,21,Sunday,1,6,32.1,74.2,25.2825,87.543846,0.0,66.98333,0.89501065
2026-06-28 21:08:15,21,Sunday,1,6,32.1,74.1,25.279999,87.530426,0.0,67.26667,0.9168466
2026-06-28 21:09:15,21,Sunday,1,6,32.1,74.3,25.2775,87.517,0.0,67.55,0.9386825
2026-06-28 21:10:15,21,Sunday,1,6,32.1,74.3,25.275,87.50357,0.0,67.833336,0.9605185
2026-06-28 21:11:15,21,Sunday,1,6,32.1,74.3,25.2725,87.49014,0.0,68.11667,0.9823544
2026-06-28 21:12:15,21,Sunday,1,6,32.1,74.4,25.269999,87.476715,0.0,68.4,1.0041903
2026-06-28 21:13:15,21,Sunday,1,6,32.1,74.5,25.2675,87.46329,0.0,68.683334,1.0260262
2026-06-28 21:14:15,21,Sunday,1,6,32.1,74.5,25.265,87.44986,0.0,68.96667,1.0478623
2026-06-28 21:15:15,21,Sunday,1,6,32.0,74.4,25.262499,87.43643,0.0,69.25,1.0696982
2026-06-28 21:16:15,21,Sunday,1,6,32.1,74.4,25.26,87.423004,0.0,69.53333,1.0915341
2026-06-28 21:17:15,21,Sunday,1,6,32.1,74.6,25.2575,87.40958,0.0,69.816666,1.1133701
2026-06-28 21:18:15,21,Sunday,1,6,32.1,74.6,25.255,87.39615,0.0,70.1,1.135206
2026-06-28 21:19:15,21,Sunday,1,6,32.1,74.6,25.252499,87.38272,0.0,70.38333,1.1570419
2026-06-28 21:20:15,21,Sunday,1,6,32.1,74.5,25.25,87.36929,0.0,70.666664,1.178878
2026-06-28 21:21:15,21,Sunday,1,6,32.1,74.4,25.2475,87.355865,0.0,70.95,1.2007139
2026-06-28 21:22:15,21,Sunday,1,6,32.0,74.6,25.244999,87.34244,0.0,71.23333,1.2225498
2026-06-28 21:23:15,21,Sunday,1,6,32.1,74.5,25.2425,87.32902,0.0,71.51667,1.2443857
2026-06-28 21:24:15,21,Sunday,1,6,32.0,74.5,25.24,87.31559,0.0,71.8,1.2662216
2026-06-28 21:25:15,21,Sunday,1,6,32.0,74.5,25.2375,87.30216,0.0,72.083336,1.2880577
2026-06-28 21:26:15,21,Sunday,1,6,32.0,74.6,25.234999,87.288734,0.0,72.36667,1.3098936
2026-06-28 21:27:15,21,Sunday,1,6,32.0,74.6,25.2325,87.27531,0.0,72.65,1.3317295
2026-06-28 21:28:16,21,Sunday,1,6,32.0,74.5,25.23,87.26188,0.0,72.933334,1.3535655
2026-06-28 21:29:16,21,Sunday,1,6,32.0,74.6,25.227499,87.24845,0.0,73.21667,1.3754014
2026-06-28 21:30:16,21,Sunday,1,6,32.1,74.7,25.224998,87.23502,0.0,73.5,1.3972373
2026-06-28 21:31:16,21,Sunday,1,6,32.0,74.7,25.2225,87.221596,0.0,73.78333,1.4190733
2026-06-28 21:32:16,21,Sunday,1,6,32.0,74.6,25.22,87.20817,0.0,74.066666,1.4409093
2026-06-28 21:33:16,21,Sunday,1,6,32.0,74.6,25.217499,87.19474,0.0,74.35,1.4627452
2026-06-28 21:34:16,21,Sunday,1,6,32.0,74.7,25.215,87.18131,0.0,74.63333,1.4845811
2026-06-28 21:35:16,21,Sunday,1,6,32.0,74.7,25.2125,87.167885,0.0,74.916664,1.506417
2026-06-28 21:36:16,21,Sunday,1,6,32.0,74.6,25.21,87.15446,0.0,75.2,1.5282531
2026-06-28 21:37:16,21,Sunday,1,6,32.0,74.7,25.207499,87.14103,0.0,75.48333,1.550089
2026-06-28 21:38:16,21,Sunday,1,6,32.0,74.6,25.205,87.12761,0.0,75.76667,1.5719249
2026-06-28 21:39:16,21,Sunday,1,6,32.0,74.5,25.2025,87.11418,0.0,76.05,1.5937608
2026-06-28 21:40:16,21,Sunday,1,6,32.0,74.5,25.199999,87.10075,0.0,76.333336,1.6155968
2026-06-28 21:41:16,21,Sunday,1,6,32.0,74.5,25.1975,87.087326,0.0,76.61667,1.6374328
2026-06-28 21:42:16,21,Sunday,1,6,32.0,74.5,25.195,87.0739,0.0,76.9,1.6592687
2026-06-28 21:43:16,21,Sunday,1,6,32.0,74.6,25.1925,87.06047,0.0,77.183334,1.6811047
2026-06-28 21:44:16,21,Sunday,1,6,32.0,74.7,25.189999,87.04704,0.0,77.46667,1.7029406
2026-06-28 21:45:16,21,Sunday,1,6,32.0,74.7,25.1875,87.033615,0.0,77.75,1.7247765
2026-06-28 21:46:16,21,Sunday,1,6,32.0,74.7,25.185,87.02019,0.0,78.03333,1.7466124
2026-06-28 21:47:16,21,Sunday,1,6,32.0,74.6,25.182499,87.00676,0.0,78.316666,1.7684485
2026-06-28 21:48:16,21,Sunday,1,6,32.0,74.6,25.18,86.99333,0.0,78.6,1.7902844
2026-06-28 21:49:16,21,Sunday,1,6,32.0,74.7,25.1775,86.979904,0.0,78.88333,1.8121203
2026-06-28 21:50:16,21,Sunday,1,6,32.0,74.8,25.175,86.96648,0.0,79.166664,1.8339562
2026-06-28 21:51:16,21,Sunday,1,6,32.0,74.7,25.172499,86.95305,0.0,79.45,1.8557922
2026-06-28 21:52:16,21,Sunday,1,6,32.0,74.6,25.17,86.93962,0.0,79.73333,1.8776282
2026-06-28 21:53:16,21,Sunday,1,6,32.0,74.7,25.1675,86.9262,0.0,80.01667,1.8994641
2026-06-28 21:54:16,21,Sunday,1,6,31.9,74.7,25.164999,86.91277,0.0,80.3,1.9213
2026-06-28 21:55:16,21,Sunday,1,6,31.9,74.7,25.1625,86.899345,0.0,80.583336,1.943136
2026-06-28 21:56:16,21,Sunday,1,6,32.0,74.6,25.16,86.88592,0.0,80.86667,1.9649719
2026-06-28 21:57:16,21,Sunday,1,6,32.0,74.8,25.1575,86.87249,0.0,81.15,1.9868078
2026-06-28 21:58:16,21,Sunday,1,6,31.9,74.8,25.154999,86.85906,0.0,81.433334,2.0086439
2026-06-28 21:59:16,21,Sunday,1,6,32.0,74.8,25.1525,86.845634,0.0,81.71667,2.0304797
2026-06-28 22:00:16,22,Sunday,1,6,32.0,74.7,25.15,86.83221,0.0,82.0,2.0523157
2026-06-28 22:01:16,22,Sunday,1,6,32.0,74.8,25.15,86.79749,0.0,82.1,2.050001
2026-06-28 22:02:16,22,Sunday,1,6,32.0,74.7,25.15,86.76277,0.0,82.2,2.047686
2026-06-28 22:03:16,22,Sunday,1,6,31.9,74.8,25.15,86.72806,0.0,82.3,2.0453713
2026-06-28 22:04:16,22,Sunday,1,6,31.9,74.9,25.15,86.69334,0.0,82.4,2.0430565
2026-06-28 22:05:16,22,Sunday,1,6,31.9,74.9,25.15,86.65862,0.0,82.5,2.0407417
2026-06-28 22:06:16,22,Sunday,1,6,32.0,74.7,25.15,86.6239,0.0,82.6,2.0384269
2026-06-28 22:07:16,22,Sunday,1,6,31.9,74.8,25.15,86.58919,0.0,82.7,2.0361118
2026-06-28 22:08:16,22,Sunday,1,6,31.9,74.8,25.15,86.55447,0.0,82.8,2.033797
2026-06-28 22:09:16,22,Sunday,1,6,31.9,74.7,25.15,86.51975,0.0,82.9,2.0314822
2026-06-28 22:10:16,22,Sunday,1,6,31.9,74.8,25.15,86.48503,0.0,83.0,2.0291674
2026-06-28 22:11:17,22,Sunday,1,6,31.9,74.9,25.15,86.45032,0.0,83.1,2.0268526
2026-06-28 22:12:17,22,Sunday,1,6,31.9,74.9,25.15,86.415596,0.0,83.2,2.0245378
2026-06-28 22:13:17,22,Sunday,1,6,31.9,74.9,25.15,86.38088,0.0,83.3,2.022223
2026-06-28 22:14:17,22,Sunday,1,6,31.9,75.0,25.15,86.34616,0.0,83.4,2.0199082
2026-06-28 22:15:17,22,Sunday,1,6,31.9,74.9,25.15,86.31145,0.0,83.5,2.0175934
2026-06-28 22:16:17,22,Sunday,1,6,31.9,74.9,25.15,86.27673,0.0,83.6,2.0152786
2026-06-28 22:17:17,22,Sunday,1,6,31.9,74.9,25.15,86.24201,0.0,83.7,2.0129638
2026-06-28 22:18:17,22,Sunday,1,6,31.9,75.0,25.15,86.2073,0.0,83.8,2.010649
2026-06-28 22:19:17,22,Sunday,1,6,31.9,74.9,25.15,86.17258,0.0,83.9,2.0083342
2026-06-28 22:20:17,22,Sunday,1,6,31.9,75.0,25.15,86.13786,0.0,84.0,2.006019
2026-06-28 22:21:17,22,Sunday,1,6,31.9,75.1,25.15,86.10314,0.0,84.1,2.0037043
2026-06-28 22:22:17,22,Sunday,1,6,31.9,75.0,25.15,86.06843,0.0,84.2,2.0013895
2026-06-28 22:23:17,22,Sunday,1,6,31.9,75.0,25.15,86.03371,0.0,84.3,1.9990748
2026-06-28 22:24:17,22,Sunday,1,6,31.9,75.0,25.15,85.99899,0.0,84.4,1.9967599
2026-06-28 22:25:17,22,Sunday,1,6,31.9,75.0,25.15,85.96427,0.0,84.5,1.9944451
2026-06-28 22:26:17,22,Sunday,1,6,31.9,75.1,25.15,85.92956,0.0,84.6,1.9921303
2026-06-28 22:27:17,22,Sunday,1,6,31.9,75.1,25.15,85.89484,0.0,84.7,1.9898155
2026-06-28 22:28:17,22,Sunday,1,6,31.9,75.1,25.15,85.86012,0.0,84.8,1.9875007
2026-06-28 22:29:17,22,Sunday,1,6,31.8,75.0,25.15,85.8254,0.0,84.9,1.9851859
2026-06-28 22:30:17,22,Sunday,1,6,31.9,75.2,25.15,85.79069,0.0,85.0,1.982871
2026-06-28 22:31:17,22,Sunday,1,6,31.9,75.2,25.15,85.755974,0.0,85.1,1.9805561
2026-06-28 22:32:17,22,Sunday,1,6,31.9,75.1,25.15,85.72125,0.0,85.2,1.9782413
2026-06-28 22:33:17,22,Sunday,1,6,31.9,75.1,25.15,85.68654,0.0,85.3,1.9759265
2026-06-28 22:34:17,22,Sunday,1,6,31.9,75.2,25.15,85.65182,0.0,85.4,1.9736117
2026-06-28 22:35:17,22,Sunday,1,6,31.9,75.1,25.15,85.6171,0.0,85.5,1.9712969
2026-06-28 22:36:17,22,Sunday,1,6,31.8,75.1,25.15,85.58238,0.0,85.6,1.9689821
2026-06-28 22:37:17,22,Sunday,1,6,31.8,75.2,25.15,85.54767,0.0,85.7,1.9666672
2026-06-28 22:38:17,22,Sunday,1,6,31.9,75.2,25.15,85.51295,0.0,85.8,1.9643524
2026-06-28 22:39:17,22,Sunday,1,6,31.8,75.3,25.15,85.47823,0.0,85.9,1.9620376
2026-06-28 22:40:17,22,Sunday,1,6,31.8,75.2,25.15,85.44351,0.0,86.0,1.9597228
2026-06-28 22:41:17,22,Sunday,1,6,31.8,75.2,25.15,85.4088,0.0,86.1,1.957408
2026-06-28 22:42:17,22,Sunday,1,6,31.8,75.2,25.15,85.37408,0.0,86.2,1.9550931
2026-06-28 22:43:17,22,Sunday,1,6,31.8,75.1,25.15,85.33936,0.0,86.3,1.9527783
2026-06-28 22:44:17,22,Sunday,1,6,31.8,75.2,25.15,85.30464,0.0,86.4,1.9504634
2026-06-28 22:45:17,22,Sunday,1,6,31.8,75.2,25.15,85.26993,0.0,86.5,1.9481486
2026-06-28 22:46:17,22,Sunday,1,6,31.8,75.2,25.15,85.235214,0.0,86.6,1.9458338
2026-06-28 22:47:17,22,Sunday,1,6,31.8,75.2,25.15,85.20049,0.0,86.7,1.943519
2026-06-28 22:48:17,22,Sunday,1,6,31.8,75.2,25.15,85.16578,0.0,86.8,1.9412042
2026-06-28 22:49:17,22,Sunday,1,6,31.8,75.2,25.15,85.13106,0.0,86.9,1.9388894
2026-06-28 22:50:17,22,Sunday,1,6,31.8,75.2,25.15,85.096344,0.0,87.0,1.9365745
2026-06-28 22:51:17,22,Sunday,1,6,31.8,75.3,25.15,85.06162,0.0,87.1,1.9342597
2026-06-28 22:52:17,22,Sunday,1,6,31.8,75.2,25.15,85.02691,0.0,87.2,1.9319448
2026-06-28 22:53:17,22,Sunday,1,6,31.8,75.3,25.15,84.99219,0.0,87.3,1.92963
2026-06-28 22:54:17,22,Sunday,1,6,31.8,75.3,25.15,84.95747,0.0,87.4,1.9273152
2026-06-28 22:55:18,22,Sunday,1,6,31.8,75.3,25.15,84.92275,0.0,87.5,1.9250004
2026-06-28 22:56:18,22,Sunday,1,6,31.8,75.4,25.15,84.88804,0.0,87.6,1.9226856
2026-06-28 22:57:18,22,Sunday,1,6,31.8,75.3,25.15,84.85332,0.0,87.7,1.9203707
2026-06-28 22:58:18,22,Sunday,1,6,31.8,75.4,25.15,84.8186,0.0,87.8,1.9180559
2026-06-28 22:59:18,22,Sunday,1,6,31.8,75.2,25.15,84.78388,0.0,87.9,1.9157411
2026-06-28 23:00:18,23,Sunday,1,6,31.8,75.2,25.15,84.74917,0.0,88.0,1.9134263
2026-06-28 23:01:18,23,Sunday,1,6,31.8,75.2,25.164165,84.75922,0.0033333334,88.2,1.9593626
2026-06-28 23:02:18,23,Sunday,1,6,31.8,75.3,25.178333,84.769264,0.006666667,88.4,2.0052989
2026-06-28 23:03:18,23,Sunday,1,6,31.8,75.2,25.1925,84.77931,0.01,88.6,2.0512352
2026-06-28 23:04:18,23,Sunday,1,6,31.8,75.2,25.206667,84.78936,0.013333334,88.8,2.0971715
2026-06-28 23:05:18,23,Sunday,1,6,31.8,75.2,25.220833,84.79941,0.016666668,89.0,2.1431077
2026-06-28 23:06:18,23,Sunday,1,6,31.7,75.1,25.235,84.80945,0.02,89.2,2.189044
2026-06-28 23:07:18,23,Sunday,1,6,31.7,75.2,25.249166,84.819496,0.023333333,89.4,2.2349803
2026-06-28 23:08:18,23,Sunday,1,6,31.7,75.1,25.263332,84.829544,0.026666667,89.6,2.2809167
2026-06-28 23:09:18,23,Sunday,1,6,31.7,75.2,25.2775,84.83959,0.030000001,89.8,2.3268528
2026-06-28 23:10:18,23,Sunday,1,6,31.7,75.2,25.291666,84.84964,0.033333335,90.0,2.3727891
2026-06-28 23:11:18,23,Sunday,1,6,31.7,75.3,25.305834,84.85969,0.03666667,90.2,2.4187255
2026-06-28 23:12:18,23,Sunday,1,6,31.7,75.2,25.32,84.869736,0.04,90.4,2.4646618
2026-06-28 23:13:18,23,Sunday,1,6,31.7,75.2,25.334166,84.87978,0.043333333,90.6,2.5105982
2026-06-28 23:14:18,23,Sunday,1,6,31.7,75.3,25.348333,84.88983,0.046666667,90.8,2.5565343
2026-06-28 23:15:18,23,Sunday,1,6,31.7,75.3,25.3625,84.89987,0.05,91.0,2.6024706
2026-06-28 23:16:18,23,Sunday,1,6,31.7,75.2,25.376667,84.90992,0.053333335,91.2,2.648407
2026-06-28 23:17:18,23,Sunday,1,6,31.7,75.1,25.390833,84.91997,0.05666667,91.4,2.6943433
2026-06-28 23:18:18,23,Sunday,1,6,31.7,75.2,25.404999,84.930016,0.060000002,91.6,2.7402794
2026-06-28 23:19:18,23,Sunday,1,6,31.7,75.1,25.419167,84.94006,0.06333333,91.8,2.7862158
2026-06-28 23:20:18,23,Sunday,1,6,31.7,75.1,25.433332,84.95011,0.06666667,92.0,2.8321521
2026-06-28 23:21:18,23,Sunday,1,6,31.7,75.1,25.4475,84.96016,0.07,92.2,2.8780885
2026-06-28 23:22:18,23,Sunday,1,6,31.7,75.1,25.461666,84.97021,0.07333334,92.4,2.9240248
2026-06-28 23:23:18,23,Sunday,1,6,31.7,74.9,25.475834,84.980255,0.07666667,92.6,2.969961
2026-06-28 23:24:18,23,Sunday,1,6,31.7,75.0,25.49,84.9903,0.08,92.8,3.0158973
2026-06-28 23:25:18,23,Sunday,1,6,31.7,75.0,25.504166,85.00035,0.083333336,93.0,3.0618336
2026-06-28 23:26:18,23,Sunday,1,6,31.7,75.0,25.518333,85.01039,0.086666666,93.2,3.10777
2026-06-28 23:27:18,23,Sunday,1,6,31.7,75.0,25.5325,85.02044,0.09,93.4,3.153706
2026-06-28 23:28:18,23,Sunday,1,6,31.6,74.9,25.546667,85.03049,0.093333334,93.6,3.1996424
2026-06-28 23:29:18,23,Sunday,1,6,31.7,75.0,25.560833,85.040535,0.09666667,93.8,3.2455788
2026-06-28 23:30:18,23,Sunday,1,6,31.6,75.0,25.575,85.05058,0.1,94.0,3.291515
2026-06-28 23:31:18,23,Sunday,1,6,31.7,75.1,25.589167,85.06063,0.10333333,94.2,3.3374515
2026-06-28 23:32:18,23,Sunday,1,6,31.6,75.0,25.603333,85.07068,0.10666667,94.4,3.3833876
2026-06-28 23:33:18,23,Sunday,1,6,31.6,74.9,25.6175,85.08073,0.11,94.6,3.429324
2026-06-28 23:34:18,23,Sunday,1,6,31.6,74.9,25.631666,85.090775,0.11333334,94.8,3.4752603
2026-06-28 23:35:18,23,Sunday,1,6,31.6,75.0,25.645834,85.100815,0.11666667,95.0,3.5211966
2026-06-28 23:36:18,23,Sunday,1,6,31.6,74.9,25.66,85.11086,0.120000005,95.2,3.5671327
2026-06-28 23:37:18,23,Sunday,1,6,31.6,74.9,25.674166,85.12091,0.123333335,95.4,3.613069
2026-06-28 23:38:18,23,Sunday,1,6,31.6,74.8,25.688334,85.13096,0.12666667,95.6,3.6590054
2026-06-28 23:39:19,23,Sunday,1,6,31.6,74.8,25.7025,85.14101,0.13,95.8,3.7049417
2026-06-28 23:40:19,23,Sunday,1,6,31.6,74.8,25.716667,85.151054,0.13333334,96.0,3.7508779
2026-06-28 23:41:19,23,Sunday,1,6,31.6,74.8,25.730833,85.1611,0.13666667,96.2,3.7968142
2026-06-28 23:42:19,23,Sunday,1,6,31.6,74.8,25.744999,85.17115,0.14,96.4,3.8427505
2026-06-28 23:43:19,23,Sunday,1,6,31.6,74.8,25.759167,85.1812,0.14333333,96.6,3.888687
2026-06-28 23:44:19,23,Sunday,1,6,31.6,74.8,25.773333,85.191246,0.14666668,96.8,3.9346232
2026-06-28 23:45:19,23,Sunday,1,6,31.6,74.8,25.7875,85.201294,0.15,97.0,3.9805593
2026-06-28 23:46:19,23,Sunday,1,6,31.6,74.8,25.801666,85.211334,0.15333334,97.2,4.026496
2026-06-28 23:47:19,23,Sunday,1,6,31.6,74.7,25.815834,85.22138,0.15666667,97.4,4.072432
2026-06-28 23:48:19,23,Sunday,1,6,31.6,74.8,25.83,85.23143,0.16,97.6,4.118368
2026-06-28 23:49:19,23,Sunday,1,6,31.6,74.7,25.844166,85.24148,0.16333334,97.8,4.1643047
2026-06-28 23:50:19,23,Sunday,1,6,31.6,74.7,25.858334,85.251526,0.16666667,98.0,4.210241
2026-06-28 23:51:19,23,Sunday,1,6,31.6,74.8,25.8725,85.26157,0.17,98.2,4.2561774
2026-06-28 23:52:19,23,Sunday,1,6,31.6,74.7,25.886667,85.27162,0.17333333,98.4,4.3021135
2026-06-28 23:53:19,23,Sunday,1,6,31.6,74.6,25.900833,85.28167,0.17666666,98.6,4.3480496
2026-06-28 23:54:19,23,Sunday,1,6,31.6,74.6,25.915,85.29172,0.18,98.8,4.393986
2026-06-28 23:55:19,23,Sunday,1,6,31.6,74.7,25.929167,85.30176,0.18333334,99.0,4.4399223
2026-06-28 23:56:19,23,Sunday,1,6,31.5,74.6,25.943333,85.311806,0.18666667,99.2,4.4858584
2026-06-28 23:57:19,23,Sunday,1,6,31.5,74.7,25.9575,85.32185,0.19,99.4,4.531795
2026-06-28 23:58:19,23,Sunday,1,6,31.5,74.5,25.971666,85.3319,0.19333334,99.6,4.577731
2026-06-28 23:59:19,23,Sunday,1,6,31.5,74.6,25.985834,85.34195,0.19666667,99.8,4.6236677
2026-06-29 00:00:19,0,Monday,0,0,31.5,74.6,26.0,85.352,0.2,100.0,4.669604
2026-06-29 00:01:19,0,Monday,0,0,31.5,74.6,26.014166,85.31962,0.2,99.98333,4.651174
2026-06-29 00:02:19,0,Monday,0,0,31.5,74.6,26.028334,85.28723,0.2,99.96667,4.6327443
2026-06-29 00:03:19,0,Monday,0,0,31.5,74.6,26.0425,85.25485,0.2,99.95,4.6143146
2026-06-29 00:04:19,0,Monday,0,0,31.5,74.6,26.056667,85.222466,0.2,99.933334,4.595885
2026-06-29 00:05:19,0,Monday,0,0,31.5,74.6,26.070833,85.19009,0.2,99.916664,4.577455
2026-06-29 00:06:19,0,Monday,0,0,31.5,74.6,26.085,85.1577,0.2,99.9,4.5590253
2026-06-29 00:07:19,0,Monday,0,0,31.5,74.5,26.099167,85.12532,0.2,99.88333,4.5405955
2026-06-29 00:08:19,0,Monday,0,0,31.5,74.4,26.113333,85.09293,0.2,99.86667,4.522166
2026-06-29 00:09:19,0,Monday,0,0,31.5,74.4,26.1275,85.060555,0.2,99.85,4.503736
2026-06-29 00:10:19,0,Monday,0,0,31.5,74.4,26.141666,85.02817,0.2,99.833336,4.4853063
2026-06-29 00:11:19,0,Monday,0,0,31.5,74.3,26.155834,84.99579,0.2,99.816666,4.4668765
2026-06-29 00:12:19,0,Monday,0,0,31.5,74.3,26.17,84.96341,0.2,99.8,4.4484468
2026-06-29 00:13:19,0,Monday,0,0,31.5,74.4,26.184166,84.93102,0.2,99.78333,4.430017
2026-06-29 00:14:19,0,Monday,0,0,31.5,74.3,26.198334,84.89864,0.2,99.76667,4.411587
2026-06-29 00:15:19,0,Monday,0,0,31.5,74.3,26.2125,84.86626,0.2,99.75,4.3931575
2026-06-29 00:16:19,0,Monday,0,0,31.5,74.3,26.226667,84.83388,0.2,99.73333,4.3747277
2026-06-29 00:17:19,0,Monday,0,0,31.5,74.3,26.240833,84.80149,0.2,99.71667,4.356298
2026-06-29 00:18:19,0,Monday,0,0,31.4,74.4,26.255001,84.76911,0.2,99.7,4.337868
2026-06-29 00:19:19,0,Monday,0,0,31.5,74.4,26.269167,84.736725,0.2,99.683334,4.3194385
2026-06-29 00:20:19,0,Monday,0,0,31.5,74.4,26.283333,84.704346,0.2,99.666664,4.3010087
2026-06-29 00:21:19,0,Monday,0,0,31.5,74.3,26.2975,84.67197,0.2,99.65,4.282579
2026-06-29 00:22:19,0,Monday,0,0,31.5,74.5,26.311666,84.63958,0.2,99.63333,4.264149
2026-06-29 00:23:20,0,Monday,0,0,31.4,74.4,26.325834,84.6072,0.2,99.61667,4.2457194
2026-06-29 00:24:20,0,Monday,0,0,31.5,74.4,26.34,84.574814,0.2,99.6,4.2272897
2026-06-29 00:25:20,0,Monday,0,0,31.4,74.3,26.354166,84.542435,0.2,99.583336,4.20886
2026-06-29 00:26:20,0,Monday,0,0,31.4,74.3,26.368334,84.51005,0.2,99.566666,4.19043
2026-06-29 00:27:20,0,Monday,0,0,31.4,74.3,26.3825,84.47767,0.2,99.55,4.1720004
2026-06-29 00:28:20,0,Monday,0,0,31.4,74.3,26.396667,84.44528,0.2,99.53333,4.1535707
2026-06-29 00:29:20,0,Monday,0,0,31.4,74.3,26.410833,84.4129,0.2,99.51667,4.135141
2026-06-29 00:30:20,0,Monday,0,0,31.4,74.3,26.425,84.38052,0.2,99.5,4.1167107
2026-06-29 00:31:20,0,Monday,0,0,31.4,74.2,26.439167,84.34814,0.2,99.48333,4.098281
2026-06-29 00:32:20,0,Monday,0,0,31.4,74.2,26.453333,84.31576,0.2,99.46667,4.079851
2026-06-29 00:33:20,0,Monday,0,0,31.4,74.2,26.4675,84.28337,0.2,99.45,4.0614214
2026-06-29 00:34:20,0,Monday,0,0,31.4,74.3,26.481667,84.25099,0.2,99.433334,4.0429916
2026-06-29 00:35:20,0,Monday,0,0,31.4,74.2,26.495834,84.218605,0.2,99.416664,4.024562
2026-06-29 00:36:20,0,Monday,0,0,31.4,74.2,26.51,84.186226,0.2,99.4,4.006132
2026-06-29 00:37:20,0,Monday,0,0,31.4,74.2,26.524166,84.15384,0.2,99.38333,3.9877026
2026-06-29 00:38:20,0,Monday,0,0,31.4,74.2,26.538334,84.12146,0.2,99.36667,3.9692729
2026-06-29 00:39:20,0,Monday,0,0,31.4,74.1,26.5525,84.08907,0.2,99.35,3.950843
2026-06-29 00:40:20,0,Monday,0,0,31.4,74.2,26.566668,84.056694,0.2,99.333336,3.9324133
2026-06-29 00:41:20,0,Monday,0,0,31.4,74.2,26.580833,84.024315,0.2,99.316666,3.9139836
2026-06-29 00:42:20,0,Monday,0,0,31.4,74.2,26.595001,83.99193,0.2,99.3,3.8955538
2026-06-29 00:43:20,0,Monday,0,0,31.4,74.2,26.609167,83.95955,0.2,99.28333,3.877124
2026-06-29 00:44:20,0,Monday,0,0,31.4,74.3,26.623333,83.92716,0.2,99.26667,3.8586943
2026-06-29 00:45:20,0,Monday,0,0,31.4,74.2,26.6375,83.89478,0.2,99.25,3.8402643
2026-06-29 00:46:20,0,Monday,0,0,31.4,74.1,26.651667,83.8624,0.2,99.23333,3.8218346
2026-06-29 00:47:20,0,Monday,0,0,31.4,74.2,26.665834,83.83002,0.2,99.21667,3.8034048
2026-06-29 00:48:20,0,Monday,0,0,31.4,74.2,26.68,83.79763,0.2,99.2,3.784975
2026-06-29 00:49:20,0,Monday,0,0,31.4,74.1,26.694166,83.76525,0.2,99.183334,3.7665453
2026-06-29 00:50:20,0,Monday,0,0,31.4,74.1,26.708334,83.732864,0.2,99.166664,3.7481155
2026-06-29 00:51:20,0,Monday,0,0,31.4,74.2,26.7225,83.700485,0.2,99.15,3.7296858
2026-06-29 00:52:20,0,Monday,0,0,31.4,74.1,26.736668,83.668106,0.2,99.13333,3.711256
2026-06-29 00:53:20,0,Monday,0,0,31.3,74.1,26.750834,83.63572,0.2,99.11667,3.6928263
2026-06-29 00:54:20,0,Monday,0,0,31.3,74.2,26.765,83.60334,0.2,99.1,3.6743965
2026-06-29 00:55:20,0,Monday,0,0,31.3,74.1,26.779167,83.57095,0.2,99.083336,3.6559668
2026-06-29 00:56:20,0,Monday,0,0,31.3,74.0,26.793333,83.538574,0.2,99.066666,3.637537
2026-06-29 00:57:20,0,Monday,0,0,31.3,74.2,26.8075,83.50619,0.2,99.05,3.6191072
2026-06-29 00:58:20,0,Monday,0,0,31.3,74.1,26.821667,83.47381,0.2,99.03333,3.6006775
2026-06-29 00:59:20,0,Monday,0,0,31.3,74.1,26.835835,83.44142,0.2,99.01667,3.5822477
2026-06-29 01:00:20,1,Monday,0,0,31.3,74.2,26.85,83.40904,0.2,99.0,3.563818
2026-06-29 01:01:20,1,Monday,0,0,31.3,74.2,26.849167,83.38817,0.19833334,98.86667,3.6638732
2026-06-29 01:02:20,1,Monday,0,0,31.3,74.1,26.848333,83.3673,0.19666667,98.73333,3.7639284
2026-06-29 01:03:20,1,Monday,0,0,31.3,74.1,26.8475,83.34643,0.19500001,98.6,3.8639836
2026-06-29 01:04:20,1,Monday,0,0,31.3,74.0,26.846666,83.32556,0.19333334,98.46667,3.9640388
2026-06-29 01:05:20,1,Monday,0,0,31.3,74.1,26.845833,83.30469,0.19166666,98.333336,4.064094
2026-06-29 01:06:20,1,Monday,0,0,31.3,74.0,26.845001,83.28382,0.19,98.2,4.1641493
2026-06-29 01:07:20,1,Monday,0,0,31.3,74.0,26.844168,83.26295,0.18833333,98.066666,4.2642045
2026-06-29 01:08:21,1,Monday,0,0,31.3,74.1,26.843334,83.24208,0.18666667,97.933334,4.3642597
2026-06-29 01:09:21,1,Monday,0,0,31.3,74.1,26.8425,83.22121,0.185,97.8,4.464315
2026-06-29 01:10:21,1,Monday,0,0,31.3,74.0,26.841667,83.20034,0.18333334,97.666664,4.56437
2026-06-29 01:11:21,1,Monday,0,0,31.3,74.1,26.840834,83.17947,0.18166667,97.53333,4.6644254
2026-06-29 01:12:21,1,Monday,0,0,31.3,74.1,26.84,83.1586,0.18,97.4,4.7644806
2026-06-29 01:13:21,1,Monday,0,0,31.3,74.1,26.839167,83.137726,0.17833334,97.26667,4.864536
2026-06-29 01:14:21,1,Monday,0,0,31.3,74.1,26.838333,83.11686,0.17666666,97.13333,4.964591
2026-06-29 01:15:21,1,Monday,0,0,31.3,74.1,26.8375,83.095985,0.175,97.0,5.064646
2026-06-29 01:16:21,1,Monday,0,0,31.3,74.0,26.836666,83.07511,0.17333333,96.86667,5.164701
2026-06-29 01:17:21,1,Monday,0,0,31.3,74.1,26.835833,83.054245,0.17166667,96.73333,5.264756
2026-06-29 01:18:21,1,Monday,0,0,31.3,74.2,26.835,83.03337,0.17,96.6,5.3648114
2026-06-29 01:19:21,1,Monday,0,0,31.3,74.1,26.834167,83.012505,0.16833334,96.46667,5.4648666
2026-06-29 01:20:21,1,Monday,0,0,31.3,74.2,26.833334,82.99163,0.16666667,96.333336,5.564922
2026-06-29 01:21:21,1,Monday,0,0,31.3,74.1,26.8325,82.970764,0.165,96.2,5.664977
2026-06-29 01:22:21,1,Monday,0,0,31.3,74.2,26.831667,82.94989,0.16333334,96.066666,5.7650323
2026-06-29 01:23:21,1,Monday,0,0,31.3,74.1,26.830833,82.92902,0.16166668,95.933334,5.8650875
2026-06-29 01:24:21,1,Monday,0,0,31.2,74.1,26.83,82.90815,0.16,95.8,5.9651427
2026-06-29 01:25:21,1,Monday,0,0,31.2,74.0,26.829166,82.88728,0.15833333,95.666664,6.065198
2026-06-29 01:26:21,1,Monday,0,0,31.3,74.1,26.828333,82.86641,0.15666667,95.53333,6.165253
2026-06-29 01:27:21,1,Monday,0,0,31.3,74.1,26.8275,82.84554,0.155,95.4,6.2653084
2026-06-29 01:28:21,1,Monday,0,0,31.3,74.1,26.826666,82.82467,0.15333334,95.26667,6.3653636
2026-06-29 01:29:21,1,Monday,0,0,31.2,74.2,26.825832,82.8038,0.15166667,95.13333,6.465419
2026-06-29 01:30:21,1,Monday,0,0,31.2,74.2,26.825,82.78293,0.15,95.0,6.565474
2026-06-29 01:31:21,1,Monday,0,0,31.2,74.1,26.824167,82.762054,0.14833334,94.86667,6.6655293
2026-06-29 01:32:21,1,Monday,0,0,31.2,74.2,26.823334,82.74119,0.14666668,94.73333,6.7655845
2026-06-29 01:33:21,1,Monday,0,0,31.2,74.2,26.8225,82.720314,0.145,94.6,6.8656397
2026-06-29 01:34:21,1,Monday,0,0,31.2,74.3,26.821667,82.69945,0.14333333,94.46667,6.965695
2026-06-29 01:35:21,1,Monday,0,0,31.2,74.2,26.820833,82.67857,0.14166667,94.333336,7.06575
2026-06-29 01:36:21,1,Monday,0,0,31.2,74.3,26.82,82.65771,0.14,94.2,7.1658053
2026-06-29 01:37:21,1,Monday,0,0,31.2,74.3,26.819166,82.63683,0.13833334,94.066666,7.2658606
2026-06-29 01:38:21,1,Monday,0,0,31.2,74.4,26.818333,82.61597,0.13666667,93.933334,7.365916
2026-06-29 01:39:21,1,Monday,0,0,31.2,74.3,26.8175,82.59509,0.135,93.8,7.465971
2026-06-29 01:40:21,1,Monday,0,0,31.2,74.3,26.816666,82.57423,0.13333334,93.666664,7.566026
2026-06-29 01:41:21,1,Monday,0,0,31.2,74.3,26.815832,82.55335,0.13166668,93.53333,7.6660814
2026-06-29 01:42:21,1,Monday,0,0,31.2,74.3,26.814999,82.532486,0.13,93.4,7.7661366
2026-06-29 01:43:21,1,Monday,0,0,31.2,74.3,26.814167,82.51161,0.12833333,93.26667,7.866192
2026-06-29 01:44:21,1,Monday,0,0,31.2,74.3,26.813334,82.490746,0.12666667,93.13333,7.966247
2026-06-29 01:45:21,1,Monday,0,0,31.2,74.3,26.8125,82.46987,0.125,93.0,8.066302
2026-06-29 01:46:21,1,Monday,0,0,31.2,74.3,26.811666,82.449,0.123333335,92.86667,8.166357
2026-06-29 01:47:21,1,Monday,0,0,31.2,74.3,26.810833,82.42813,0.12166667,92.73333,8.266413
2026-06-29 01:48:21,1,Monday,0,0,31.2,74.3,26.81,82.40726,0.120000005,92.6,8.366467
2026-06-29 01:49:21,1,Monday,0,0,31.2,74.3,26.809166,82.38639,0.11833333,92.46667,8.466523
2026-06-29 01:50:21,1,Monday,0,0,31.2,74.2,26.808332,82.36552,0.11666667,92.333336,8.566578
2026-06-29 01:51:21,1,Monday,0,0,31.2,74.3,26.807499,82.34465,0.115,92.2,8.666634
2026-06-29 01:52:21,1,Monday,0,0,31.2,74.2,26.806665,82.32378,0.11333334,92.066666,8.766688
2026-06-29 01:53:22,1,Monday,0,0,31.2,74.2,26.805832,82.30291,0.11166667,91.933334,8.866744
2026-06-29 01:54:22,1,Monday,0,0,31.2,74.3,26.805,82.282036,0.11,91.8,8.966799
2026-06-29 01:55:22,1,Monday,0,0,31.2,74.2,26.804167,82.26117,0.108333334,91.666664,9.0668545
2026-06-29 01:56:22,1,Monday,0,0,31.2,74.1,26.803333,82.240295,0.10666667,91.53333,9.166909
2026-06-29 01:57:22,1,Monday,0,0,31.2,74.2,26.8025,82.21943,0.105000004,91.4,9.266965
2026-06-29 01:58:22,1,Monday,0,0,31.2,74.2,26.801666,82.198555,0.10333333,91.26667,9.36702
2026-06-29 01:59:22,1,Monday,0,0,31.2,74.3,26.800833,82.17769,0.10166667,91.13333,9.467075
2026-06-29 02:00:22,2,Monday,0,0,31.2,74.2,26.8,82.156815,0.1,91.0,9.56713
2026-06-29 02:01:22,2,Monday,0,0,31.2,74.2,26.81,82.12546,0.1,90.76667,9.473746
2026-06-29 02:02:22,2,Monday,0,0,31.1,74.2,26.82,82.09409,0.1,90.53333,9.380362
2026-06-29 02:03:22,2,Monday,0,0,31.1,74.2,26.83,82.06274,0.1,90.3,9.286978
2026-06-29 02:04:22,2,Monday,0,0,31.1,74.3,26.84,82.03137,0.1,90.066666,9.193594
2026-06-29 02:05:22,2,Monday,0,0,31.1,74.2,26.849998,82.000015,0.1,89.833336,9.10021
2026-06-29 02:06:22,2,Monday,0,0,31.1,74.2,26.859999,81.96865,0.1,89.6,9.006826
2026-06-29 02:07:22,2,Monday,0,0,31.1,74.3,26.869999,81.937294,0.1,89.36667,8.913442
2026-06-29 02:08:22,2,Monday,0,0,31.1,74.2,26.88,81.90593,0.1,89.13333,8.820058
2026-06-29 02:09:22,2,Monday,0,0,31.1,74.3,26.89,81.87457,0.1,88.9,8.726674
2026-06-29 02:10:22,2,Monday,0,0,31.1,74.3,26.9,81.84321,0.1,88.666664,8.633289
2026-06-29 02:11:22,2,Monday,0,0,31.1,74.4,26.91,81.81185,0.1,88.433334,8.539906
2026-06-29 02:12:22,2,Monday,0,0,31.1,74.4,26.92,81.78049,0.1,88.2,8.446522
2026-06-29 02:13:22,2,Monday,0,0,31.1,74.3,26.929998,81.74913,0.1,87.96667,8.353138
2026-06-29 02:14:22,2,Monday,0,0,31.1,74.3,26.939999,81.717766,0.1,87.73333,8.259754
2026-06-29 02:15:22,2,Monday,0,0,31.1,74.3,26.949999,81.68641,0.1,87.5,8.166369
2026-06-29 02:16:22,2,Monday,0,0,31.1,74.3,26.96,81.655045,0.1,87.26667,8.072986
2026-06-29 02:17:22,2,Monday,0,0,31.1,74.3,26.97,81.62369,0.1,87.03333,7.979602
2026-06-29 02:18:22,2,Monday,0,0,31.1,74.4,26.98,81.59232,0.1,86.8,7.8862176
2026-06-29 02:19:22,2,Monday,0,0,31.1,74.4,26.99,81.56097,0.1,86.566666,7.7928333
2026-06-29 02:20:22,2,Monday,0,0,31.1,74.4,27.0,81.5296,0.1,86.333336,7.6994495
2026-06-29 02:21:22,2,Monday,0,0,31.1,74.4,27.01,81.498245,0.1,86.1,7.6060658
2026-06-29 02:22:22,2,Monday,0,0,31.1,74.4,27.019999,81.46688,0.1,85.86667,7.5126815
2026-06-29 02:23:22,2,Monday,0,0,31.1,74.4,27.029999,81.435524,0.1,85.63333,7.419297
2026-06-29 02:24:22,2,Monday,0,0,31.1,74.4,27.039999,81.40416,0.1,85.4,7.3259134
2026-06-29 02:25:22,2,Monday,0,0,31.1,74.4,27.05,81.3728,0.1,85.166664,7.2325296
2026-06-29 02:26:22,2,Monday,0,0,31.1,74.4,27.06,81.34144,0.1,84.933334,7.1391454
2026-06-29 02:27:22,2,Monday,0,0,31.1,74.5,27.07,81.31008,0.1,84.7,7.045761
2026-06-29 02:28:22,2,Monday,0,0,31.1,74.4,27.08,81.27872,0.1,84.46667,6.9523773
2026-06-29 02:29:22,2,Monday,0,0,31.0,74.5,27.09,81.24736,0.1,84.23333,6.8589935
2026-06-29 02:30:22,2,Monday,0,0,31.0,74.4,27.099998,81.216,0.1,84.0,6.7656093
2026-06-29 02:31:22,2,Monday,0,0,31.0,74.4,27.109999,81.18464,0.1,83.76667,6.672225
2026-06-29 02:32:22,2,Monday,0,0,31.1,74.5,27.119999,81.15328,0.1,83.53333,6.578841
2026-06-29 02:33:22,2,Monday,0,0,31.1,74.5,27.13,81.12192,0.1,83.3,6.4854574
2026-06-29 02:34:22,2,Monday,0,0,31.1,74.5,27.14,81.09056,0.1,83.066666,6.392073
2026-06-29 02:35:22,2,Monday,0,0,31.0,74.5,27.15,81.0592,0.1,82.833336,6.298689
2026-06-29 02:36:22,2,Monday,0,0,31.0,74.6,27.16,81.02784,0.1,82.6,6.205305
2026-06-29 02:37:23,2,Monday,0,0,31.0,74.6,27.17,80.996475,0.1,82.36667,6.1119213
2026-06-29 02:38:23,2,Monday,0,0,31.0,74.6,27.18,80.96512,0.1,82.13333,6.018537
2026-06-29 02:39:23,2,Monday,0,0,31.0,74.5,27.189999,80.933754,0.1,81.9,5.925153
2026-06-29 02:40:23,2,Monday,0,0,31.0,74.5,27.199999,80.9024,0.1,81.666664,5.831769
2026-06-29 02:41:23,2,Monday,0,0,31.0,74.6,27.21,80.87103,0.1,81.433334,5.738385
2026-06-29 02:42:23,2,Monday,0,0,31.0,74.6,27.22,80.839676,0.1,81.2,5.645001
2026-06-29 02:43:23,2,Monday,0,0,31.0,74.6,27.23,80.80831,0.1,80.96667,5.5516167
2026-06-29 02:44:23,2,Monday,0,0,31.0,74.6,27.24,80.776955,0.1,80.73333,5.458233
2026-06-29 02:45:23,2,Monday,0,0,31.0,74.6,27.25,80.74559,0.1,80.5,5.364849
2026-06-29 02:46:23,2,Monday,0,0,31.0,74.6,27.26,80.71423,0.1,80.26667,5.271465
2026-06-29 02:47:23,2,Monday,0,0,31.0,74.7,27.27,80.68287,0.1,80.03333,5.1780806
2026-06-29 02:48:23,2,Monday,0,0,31.0,74.7,27.279999,80.65151,0.1,79.8,5.084697
2026-06-29 02:49:23,2,Monday,0,0,31.0,74.7,27.289999,80.62015,0.1,79.566666,4.991313
2026-06-29 02:50:23,2,Monday,0,0,31.0,74.7,27.3,80.58879,0.1,79.333336,4.8979287
2026-06-29 02:51:23,2,Monday,0,0,31.0,74.7,27.31,80.55743,0.1,79.1,4.8045444
2026-06-29 02:52:23,2,Monday,0,0,31.0,74.7,27.32,80.52607,0.1,78.86667,4.7111607
2026-06-29 02:53:23,2,Monday,0,0,31.0,74.8,27.33,80.494705,0.1,78.63333,4.617777
2026-06-29 02:54:23,2,Monday,0,0,31.0,74.9,27.34,80.46335,0.1,78.4,4.5243926
2026-06-29 02:55:23,2,Monday,0,0,31.0,74.8,27.35,80.431984,0.1,78.166664,4.4310083
2026-06-29 02:56:23,2,Monday,0,0,31.0,74.7,27.359999,80.40063,0.1,77.933334,4.3376245
2026-06-29 02:57:23,2,Monday,0,0,31.0,74.8,27.369999,80.36926,0.1,77.7,4.2442408
2026-06-29 02:58:23,2,Monday,0,0,31.0,74.8,27.38,80.337906,0.1,77.46667,4.1508565
2026-06-29 02:59:23,2,Monday,0,0,31.0,74.8,27.39,80.30654,0.1,77.23333,4.057472
2026-06-29 03:00:23,3,Monday,0,0,31.0,74.9,27.4,80.275185,0.1,77.0,3.9640884
2026-06-29 03:01:23,3,Monday,0,0,31.0,74.9,27.430834,80.15322,0.09833334,77.26667,3.9289072
2026-06-29 03:02:23,3,Monday,0,0,31.0,74.9,27.461666,80.03126,0.09666667,77.53333,3.8937259
2026-06-29 03:03:23,3,Monday,0,0,31.0,74.8,27.4925,79.909294,0.095,77.8,3.8585446
2026-06-29 03:04:23,3,Monday,0,0,31.0,74.9,27.523333,79.78734,0.093333334,78.066666,3.8233635
2026-06-29 03:05:23,3,Monday,0,0,31.0,74.9,27.554167,79.665375,0.09166667,78.333336,3.7881823
2026-06-29 03:06:23,3,Monday,0,0,31.0,75.0,27.585,79.54341,0.09,78.6,3.753001
2026-06-29 03:07:23,3,Monday,0,0,31.0,75.0,27.615833,79.42145,0.08833333,78.86667,3.7178197
2026-06-29 03:08:23,3,Monday,0,0,30.9,75.1,27.646666,79.299484,0.086666666,79.13333,3.6826384
2026-06-29 03:09:23,3,Monday,0,0,30.9,75.0,27.6775,79.17752,0.085,79.4,3.6474571
2026-06-29 03:10:23,3,Monday,0,0,30.9,75.0,27.708332,79.05556,0.083333336,79.666664,3.6122758
2026-06-29 03:11:23,3,Monday,0,0,30.9,75.0,27.739166,78.93359,0.08166667,79.933334,3.5770946
2026-06-29 03:12:23,3,Monday,0,0,30.9,75.0,27.77,78.81164,0.08,80.2,3.5419135
2026-06-29 03:13:23,3,Monday,0,0,30.9,75.0,27.800833,78.689674,0.07833333,80.46667,3.5067322
2026-06-29 03:14:23,3,Monday,0,0,30.9,75.1,27.831667,78.56771,0.07666667,80.73333,3.471551
2026-06-29 03:15:23,3,Monday,0,0,31.0,75.1,27.8625,78.44575,0.075,81.0,3.4363697
2026-06-29 03:16:23,3,Monday,0,0,30.9,75.2,27.893333,78.323784,0.07333334,81.26667,3.4011884
2026-06-29 03:17:23,3,Monday,0,0,30.9,75.0,27.924166,78.20182,0.071666665,81.53333,3.366007
2026-06-29 03:18:23,3,Monday,0,0,30.9,75.1,27.955,78.07986,0.07,81.8,3.3308258
2026-06-29 03:19:23,3,Monday,0,0,30.9,75.1,27.985832,77.9579,0.068333335,82.066666,3.2956448
2026-06-29 03:20:23,3,Monday,0,0,30.9,75.1,28.016666,77.83594,0.06666667,82.333336,3.2604635
2026-06-29 03:21:23,3,Monday,0,0,30.9,75.2,28.0475,77.713974,0.065,82.6,3.2252822
2026-06-29 03:22:24,3,Monday,0,0,30.9,75.2,28.078333,77.59201,0.06333333,82.86667,3.190101
2026-06-29 03:23:24,3,Monday,0,0,30.9,75.2,28.109167,77.47005,0.061666667,83.13333,3.1549196
2026-06-29 03:24:24,3,Monday,0,0,30.9,75.2,28.14,77.34808,0.060000002,83.4,3.1197383
2026-06-29 03:25:24,3,Monday,0,0,30.9,75.2,28.170834,77.22612,0.058333334,83.666664,3.084557
2026-06-29 03:26:24,3,Monday,0,0,30.9,75.2,28.201666,77.10416,0.05666667,83.933334,3.0493758
2026-06-29 03:27:24,3,Monday,0,0,30.9,75.1,28.2325,76.9822,0.055,84.2,3.0141947
2026-06-29 03:28:24,3,Monday,0,0,30.9,75.1,28.263332,76.86024,0.053333335,84.46667,2.9790134
2026-06-29 03:29:24,3,Monday,0,0,30.9,75.1,28.294167,76.73827,0.051666666,84.73333,2.9438322
2026-06-29 03:30:24,3,Monday,0,0,30.9,75.2,28.325,76.61631,0.05,85.0,2.9086509
2026-06-29 03:31:24,3,Monday,0,0,30.9,75.2,28.355833,76.49435,0.048333336,85.26667,2.8734696
2026-06-29 03:32:24,3,Monday,0,0,30.9,75.1,28.386667,76.37238,0.046666667,85.53333,2.8382883
2026-06-29 03:33:24,3,Monday,0,0,30.9,75.3,28.4175,76.25042,0.045,85.8,2.803107
2026-06-29 03:34:24,3,Monday,0,0,30.9,75.2,28.448334,76.12846,0.043333333,86.066666,2.767926
2026-06-29 03:35:24,3,Monday,0,0,30.9,75.2,28.479166,76.0065,0.041666668,86.333336,2.7327447
2026-06-29 03:36:24,3,Monday,0,0,30.9,75.2,28.51,75.88454,0.04,86.6,2.6975634
2026-06-29 03:37:24,3,Monday,0,0,30.9,75.2,28.540833,75.76257,0.038333334,86.86667,2.6623821
2026-06-29 03:38:24,3,Monday,0,0,30.9,75.1,28.571667,75.64061,0.03666667,87.13333,2.6272008
2026-06-29 03:39:24,3,Monday,0,0,30.9,75.2,28.602499,75.51865,0.035,87.4,2.5920196
2026-06-29 03:40:24,3,Monday,0,0,30.9,75.2,28.633333,75.39668,0.033333335,87.666664,2.5568383
2026-06-29 03:41:24,3,Monday,0,0,30.9,75.1,28.664167,75.27472,0.031666666,87.933334,2.521657
2026-06-29 03:42:24,3,Monday,0,0,30.9,75.2,28.695,75.15276,0.030000001,88.2,2.486476
2026-06-29 03:43:24,3,Monday,0,0,30.9,75.2,28.725834,75.0308,0.028333334,88.46667,2.4512947
2026-06-29 03:44:24,3,Monday,0,0,30.9,75.2,28.756666,74.90884,0.026666667,88.73333,2.4161134
2026-06-29 03:45:24,3,Monday,0,0,30.9,75.2,28.7875,74.78687,0.025,89.0,2.380932
2026-06-29 03:46:24,3,Monday,0,0,30.9,75.3,28.818333,74.66491,0.023333333,89.26667,2.3457508
2026-06-29 03:47:24,3,Monday,0,0,30.9,75.4,28.849167,74.542946,0.021666666,89.53333,2.3105695
2026-06-29 03:48:24,3,Monday,0,0,30.9,75.4,28.88,74.42098,0.02,89.8,2.2753882
2026-06-29 03:49:24,3,Monday,0,0,30.8,75.3,28.910833,74.29903,0.018333334,90.066666,2.2402072
2026-06-29 03:50:24,3,Monday,0,0,30.8,75.2,28.941666,74.17706,0.016666668,90.333336,2.205026
2026-06-29 03:51:24,3,Monday,0,0,30.8,75.3,28.9725,74.0551,0.015000001,90.6,2.1698446
2026-06-29 03:52:24,3,Monday,0,0,30.9,75.3,29.003334,73.933136,0.013333334,90.86667,2.1346633
2026-06-29 03:53:24,3,Monday,0,0,30.9,75.3,29.034166,73.81117,0.011666667,91.13333,2.099482
2026-06-29 03:54:24,3,Monday,0,0,30.9,75.2,29.065,73.68921,0.01,91.4,2.0643008
2026-06-29 03:55:24,3,Monday,0,0,30.9,75.3,29.095833,73.567245,0.008333334,91.666664,2.0291195
2026-06-29 03:56:24,3,Monday,0,0,30.8,75.2,29.126667,73.44528,0.006666667,91.933334,1.9939383
2026-06-29 03:57:24,3,Monday,0,0,30.8,75.3,29.1575,73.323326,0.005,92.2,1.958757
2026-06-29 03:58:24,3,Monday,0,0,30.8,75.3,29.188334,73.20136,0.0033333334,92.46667,1.9235758
2026-06-29 03:59:24,3,Monday,0,0,30.8,75.3,29.219166,73.0794,0.0016666667,92.73333,1.8883946
2026-06-29 04:00:24,4,Monday,0,0,30.8,75.2,29.25,72.957436,0.0,93.0,1.8532133
2026-06-29 04:01:24,4,Monday,0,0,30.8,75.2,29.268333,72.89665,0.0,93.083336,1.8757399
2026-06-29 04:02:24,4,Monday,0,0,30.8,75.2,29.286667,72.83586,0.0,93.166664,1.8982664
2026-06-29 04:03:24,4,Monday,0,0,30.8,75.3,29.305,72.77508,0.0,93.25,1.920793
2026-06-29 04:04:24,4,Monday,0,0,30.8,75.3,29.323334,72.714294,0.0,93.333336,1.9433197
2026-06-29 04:05:24,4,Monday,0,0,30.8,75.2,29.341667,72.6535,0.0,93.416664,1.9658463
2026-06-29 04:06:24,4,Monday,0,0,30.8,75.2,29.36,72.59272,0.0,93.5,1.9883728
2026-06-29 04:07:25,4,Monday,0,0,30.8,75.2,29.378334,72.53193,0.0,93.583336,2.0108995
2026-06-29 04:08:25,4,Monday,0,0,30.8,75.3,29.396667,72.471146,0.0,93.666664,2.033426
2026-06-29 04:09:25,4,Monday,0,0,30.8,75.2,29.415,72.41036,0.0,93.75,2.0559525
2026-06-29 04:10:25,4,Monday,0,0,30.8,75.3,29.433334,72.34957,0.0,93.833336,2.0784793
2026-06-29 04:11:25,4,Monday,0,0,30.8,75.4,29.451666,72.28879,0.0,93.916664,2.1010058
2026-06-29 04:12:25,4,Monday,0,0,30.8,75.3,29.47,72.228004,0.0,94.0,2.1235323
2026-06-29 04:13:25,4,Monday,0,0,30.8,75.3,29.488333,72.16721,0.0,94.083336,2.146059
2026-06-29 04:14:25,4,Monday,0,0,30.8,75.4,29.506666,72.10643,0.0,94.166664,2.1685855
2026-06-29 04:15:25,4,Monday,0,0,30.8,75.3,29.525,72.04564,0.0,94.25,2.191112
2026-06-29 04:16:25,4,Monday,0,0,30.8,75.4,29.543333,71.984856,0.0,94.333336,2.2136388
2026-06-29 04:17:25,4,Monday,0,0,30.8,75.4,29.561666,71.92407,0.0,94.416664,2.2361653
2026-06-29 04:18:25,4,Monday,0,0,30.8,75.3,29.58,71.86328,0.0,94.5,2.258692
2026-06-29 04:19:25,4,Monday,0,0,30.8,75.3,29.598333,71.8025,0.0,94.583336,2.2812185
2026-06-29 04:20:25,4,Monday,0,0,30.8,75.2,29.616667,71.741714,0.0,94.666664,2.303745
2026-06-29 04:21:25,4,Monday,0,0,30.8,75.3,29.635,71.68092,0.0,94.75,2.3262718
2026-06-29 04:22:25,4,Monday,0,0,30.8,75.3,29.653334,71.62014,0.0,94.833336,2.3487983
2026-06-29 04:23:25,4,Monday,0,0,30.8,75.3,29.671667,71.55936,0.0,94.916664,2.3713248
2026-06-29 04:24:25,4,Monday,0,0,30.8,75.2,29.69,71.498566,0.0,95.0,2.3938515
2026-06-29 04:25:25,4,Monday,0,0,30.7,75.2,29.708334,71.43778,0.0,95.083336,2.416378
2026-06-29 04:26:25,4,Monday,0,0,30.7,75.3,29.726667,71.37699,0.0,95.166664,2.4389048
2026-06-29 04:27:25,4,Monday,0,0,30.7,75.3,29.745,71.31621,0.0,95.25,2.4614313
2026-06-29 04:28:25,4,Monday,0,0,30.7,75.4,29.763334,71.255424,0.0,95.333336,2.4839578
2026-06-29 04:29:25,4,Monday,0,0,30.7,75.4,29.781668,71.19463,0.0,95.416664,2.5064845
2026-06-29 04:30:25,4,Monday,0,0,30.7,75.4,29.8,71.13385,0.0,95.5,2.529011
2026-06-29 04:31:25,4,Monday,0,0,30.7,75.4,29.818333,71.07307,0.0,95.583336,2.5515375
2026-06-29 04:32:25,4,Monday,0,0,30.7,75.3,29.836666,71.012276,0.0,95.666664,2.5740643
2026-06-29 04:33:25,4,Monday,0,0,30.7,75.4,29.855,70.95149,0.0,95.75,2.5965908
2026-06-29 04:34:25,4,Monday,0,0,30.7,75.3,29.873333,70.89071,0.0,95.833336,2.6191173
2026-06-29 04:35:25,4,Monday,0,0,30.7,75.3,29.891666,70.82992,0.0,95.916664,2.641644
2026-06-29 04:36:25,4,Monday,0,0,30.7,75.2,29.91,70.769135,0.0,96.0,2.6641705
2026-06-29 04:37:25,4,Monday,0,0,30.7,75.4,29.928333,70.70834,0.0,96.083336,2.6866972
2026-06-29 04:38:25,4,Monday,0,0,30.7,75.3,29.946667,70.64756,0.0,96.166664,2.7092237
2026-06-29 04:39:25,4,Monday,0,0,30.7,75.3,29.965,70.58678,0.0,96.25,2.7317502
2026-06-29 04:40:25,4,Monday,0,0,30.7,75.4,29.983334,70.525986,0.0,96.333336,2.754277
2026-06-29 04:41:25,4,Monday,0,0,30.7,75.3,30.001667,70.4652,0.0,96.416664,2.7768035
2026-06-29 04:42:25,4,Monday,0,0,30.7,75.3,30.02,70.40442,0.0,96.5,2.79933
2026-06-29 04:43:25,4,Monday,0,0,30.7,75.4,30.038334,70.34363,0.0,96.583336,2.8218567
2026-06-29 04:44:25,4,Monday,0,0,30.7,75.4,30.056667,70.282845,0.0,96.666664,2.8443832
2026-06-29 04:45:25,4,Monday,0,0,30.7,75.3,30.075,70.22206,0.0,96.75,2.86691
2026-06-29 04:46:25,4,Monday,0,0,30.7,75.4,30.093334,70.16127,0.0,96.833336,2.8894365
2026-06-29 04:47:25,4,Monday,0,0,30.7,75.3,30.111668,70.10049,0.0,96.916664,2.911963
2026-06-29 04:48:25,4,Monday,0,0,30.7,75.4,30.130001,70.039696,0.0,97.0,2.9344897
2026-06-29 04:49:25,4,Monday,0,0,30.7,75.4,30.148335,69.97891,0.0,97.083336,2.9570162
2026-06-29 04:50:25,4,Monday,0,0,30.7,75.3,30.166668,69.91813,0.0,97.166664,2.9795427
2026-06-29 04:51:25,4,Monday,0,0,30.7,75.4,30.185,69.85734,0.0,97.25,3.0020695
2026-06-29 04:52:26,4,Monday,0,0,30.7,75.3,30.203333,69.796555,0.0,97.333336,3.024596
2026-06-29 04:53:26,4,Monday,0,0,30.7,75.4,30.221666,69.73577,0.0,97.416664,3.0471225
2026-06-29 04:54:26,4,Monday,0,0,30.7,75.3,30.24,69.67498,0.0,97.5,3.0696492
2026-06-29 04:55:26,4,Monday,0,0,30.6,75.3,30.258333,69.6142,0.0,97.583336,3.0921757
2026-06-29 04:56:26,4,Monday,0,0,30.6,75.4,30.276667,69.553406,0.0,97.666664,3.1147025
2026-06-29 04:57:26,4,Monday,0,0,30.6,75.3,30.295,69.49262,0.0,97.75,3.137229
2026-06-29 04:58:26,4,Monday,0,0,30.7,75.4,30.313334,69.43184,0.0,97.833336,3.1597555
2026-06-29 04:59:26,4,Monday,0,0,30.7,75.4,30.331667,69.37105,0.0,97.916664,3.1822822
2026-06-29 05:00:26,5,Monday,0,0,30.7,75.3,30.35,69.310265,0.0,98.0,3.2048087
2026-06-29 05:01:26,5,Monday,0,0,30.7,75.4,30.305,69.47359,0.053333335,98.01667,3.2563953
2026-06-29 05:02:26,5,Monday,0,0,30.6,75.4,30.26,69.6369,0.10666667,98.03333,3.3079817
2026-06-29 05:03:26,5,Monday,0,0,30.7,75.4,30.215,69.800224,0.16,98.05,3.359568
2026-06-29 05:04:26,5,Monday,0,0,30.7,75.4,30.17,69.96354,0.21333334,98.066666,3.4111547
2026-06-29 05:05:26,5,Monday,0,0,30.6,75.3,30.125,70.12686,0.26666668,98.083336,3.4627414
2026-06-29 05:06:26,5,Monday,0,0,30.6,75.3,30.08,70.29018,0.32,98.1,3.5143278
2026-06-29 05:07:26,5,Monday,0,0,30.6,75.4,30.035,70.4535,0.37333333,98.11667,3.5659142
2026-06-29 05:08:26,5,Monday,0,0,30.6,75.5,29.99,70.61682,0.42666668,98.13333,3.6175008
2026-06-29 05:09:26,5,Monday,0,0,30.6,75.3,29.945,70.780136,0.48000002,98.15,3.6690874
2026-06-29 05:10:26,5,Monday,0,0,30.6,75.3,29.9,70.94346,0.53333336,98.166664,3.7206738
2026-06-29 05:11:26,5,Monday,0,0,30.6,75.4,29.855,71.10677,0.5866667,98.183334,3.7722602
2026-06-29 05:12:26,5,Monday,0,0,30.6,75.4,29.81,71.270096,0.64,98.2,3.8238468
2026-06-29 05:13:26,5,Monday,0,0,30.6,75.3,29.765,71.43341,0.6933333,98.21667,3.8754334
2026-06-29 05:14:26,5,Monday,0,0,30.6,75.4,29.72,71.59673,0.74666667,98.23333,3.9270198
2026-06-29 05:15:26,5,Monday,0,0,30.6,75.4,29.675,71.760056,0.8,98.25,3.9786062
2026-06-29 05:16:26,5,Monday,0,0,30.6,75.4,29.630001,71.92337,0.85333335,98.26667,4.030193
2026-06-29 05:17:26,5,Monday,0,0,30.6,75.5,29.585001,72.08669,0.9066667,98.28333,4.0817795
2026-06-29 05:18:26,5,Monday,0,0,30.6,75.4,29.54,72.25001,0.96000004,98.3,4.1333656
2026-06-29 05:19:26,5,Monday,0,0,30.6,75.5,29.495,72.41333,1.0133333,98.316666,4.1849523
2026-06-29 05:20:26,5,Monday,0,0,30.6,75.4,29.45,72.576645,1.0666667,98.333336,4.236539
2026-06-29 05:21:26,5,Monday,0,0,30.6,75.5,29.405,72.73997,1.12,98.35,4.2881255
2026-06-29 05:22:26,5,Monday,0,0,30.6,75.5,29.36,72.90328,1.1733334,98.36667,4.339712
2026-06-29 05:23:26,5,Monday,0,0,30.6,75.6,29.315,73.066605,1.2266667,98.38333,4.3912983
2026-06-29 05:24:26,5,Monday,0,0,30.6,75.5,29.27,73.22993,1.28,98.4,4.442885
2026-06-29 05:25:26,5,Monday,0,0,30.6,75.5,29.225,73.39324,1.3333334,98.416664,4.4944715
2026-06-29 05:26:26,5,Monday,0,0,30.6,75.5,29.18,73.556564,1.3866667,98.433334,4.5460577
2026-06-29 05:27:26,5,Monday,0,0,30.6,75.5,29.135,73.71988,1.44,98.45,4.5976443
2026-06-29 05:28:26,5,Monday,0,0,30.6,75.5,29.09,73.8832,1.4933333,98.46667,4.649231
2026-06-29 05:29:26,5,Monday,0,0,30.6,75.5,29.045,74.04652,1.5466667,98.48333,4.7008176
2026-06-29 05:30:26,5,Monday,0,0,30.6,75.5,29.0,74.20984,1.6,98.5,4.752404
2026-06-29 05:31:26,5,Monday,0,0,30.6,75.5,28.955,74.37316,1.6533333,98.51667,4.8039904
2026-06-29 05:32:26,5,Monday,0,0,30.6,75.5,28.91,74.536476,1.7066667,98.53333,4.855577
2026-06-29 05:33:26,5,Monday,0,0,30.6,75.4,28.865,74.6998,1.76,98.55,4.9071636
2026-06-29 05:34:26,5,Monday,0,0,30.6,75.4,28.82,74.86311,1.8133334,98.566666,4.95875
2026-06-29 05:35:26,5,Monday,0,0,30.6,75.6,28.775,75.026436,1.8666667,98.583336,5.0103364
2026-06-29 05:36:26,5,Monday,0,0,30.6,75.5,28.73,75.18975,1.9200001,98.6,5.061923
2026-06-29 05:37:26,5,Monday,0,0,30.6,75.4,28.685,75.35307,1.9733334,98.61667,5.1135097
2026-06-29 05:38:27,5,Monday,0,0,30.6,75.6,28.64,75.516396,2.0266666,98.63333,5.1650963
2026-06-29 05:39:27,5,Monday,0,0,30.6,75.6,28.595,75.67971,2.08,98.65,5.2166824
2026-06-29 05:40:27,5,Monday,0,0,30.6,75.5,28.55,75.84303,2.1333334,98.666664,5.268269
2026-06-29 05:41:27,5,Monday,0,0,30.5,75.5,28.505,76.00635,2.1866667,98.683334,5.3198557
2026-06-29 05:42:27,5,Monday,0,0,30.6,75.5,28.46,76.16967,2.24,98.7,5.371442
2026-06-29 05:43:27,5,Monday,0,0,30.5,75.6,28.414999,76.332985,2.2933333,98.71667,5.4230285
2026-06-29 05:44:27,5,Monday,0,0,30.5,75.5,28.369999,76.49631,2.3466668,98.73333,5.474615
2026-06-29 05:45:27,5,Monday,0,0,30.5,75.6,28.325,76.65962,2.4,98.75,5.5262017
2026-06-29 05:46:27,5,Monday,0,0,30.5,75.5,28.28,76.822945,2.4533334,98.76667,5.5777884
2026-06-29 05:47:27,5,Monday,0,0,30.5,75.5,28.235,76.98627,2.5066667,98.78333,5.6293745
2026-06-29 05:48:27,5,Monday,0,0,30.5,75.5,28.19,77.14958,2.56,98.8,5.680961
2026-06-29 05:49:27,5,Monday,0,0,30.5,75.6,28.145,77.312904,2.6133335,98.816666,5.7325478
2026-06-29 05:50:27,5,Monday,0,0,30.6,75.5,28.1,77.47622,2.6666667,98.833336,5.784134
2026-06-29 05:51:27,5,Monday,0,0,30.5,75.6,28.055,77.63954,2.72,98.85,5.8357205
2026-06-29 05:52:27,5,Monday,0,0,30.5,75.6,28.01,77.80286,2.7733333,98.86667,5.887307
2026-06-29 05:53:27,5,Monday,0,0,30.5,75.7,27.965,77.96618,2.8266666,98.88333,5.938894
2026-06-29 05:54:27,5,Monday,0,0,30.5,75.7,27.92,78.1295,2.88,98.9,5.9904804
2026-06-29 05:55:27,5,Monday,0,0,30.5,75.5,27.875,78.292816,2.9333334,98.916664,6.0420666
2026-06-29 05:56:27,5,Monday,0,0,30.5,75.6,27.83,78.45614,2.9866667,98.933334,6.093653
2026-06-29 05:57:27,5,Monday,0,0,30.5,75.5,27.785,78.61945,3.04,98.95,6.14524
2026-06-29 05:58:27,5,Monday,0,0,30.5,75.5,27.74,78.782776,3.0933335,98.96667,6.196826
2026-06-29 05:59:27,5,Monday,0,0,30.5,75.6,27.695,78.94609,3.1466668,98.98333,6.2484126
2026-06-29 06:00:27,6,Monday,0,0,30.5,75.5,27.65,79.10941,3.2,99.0,6.299999
2026-06-29 06:01:27,6,Monday,0,0,30.5,75.6,27.6675,79.05759,3.1616666,98.96667,6.2358036
2026-06-29 06:02:27,6,Monday,0,0,30.5,75.6,27.685,79.00575,3.1233335,98.933334,6.171608
2026-06-29 06:03:27,6,Monday,0,0,30.5,75.6,27.7025,78.953926,3.085,98.9,6.1074123
2026-06-29 06:04:27,6,Monday,0,0,30.5,75.6,27.72,78.9021,3.0466666,98.86667,6.0432167
2026-06-29 06:05:27,6,Monday,0,0,30.5,75.5,27.7375,78.850266,3.0083334,98.833336,5.9790215
2026-06-29 06:06:27,6,Monday,0,0,30.5,75.7,27.755,78.79844,2.97,98.8,5.914826
2026-06-29 06:07:27,6,Monday,0,0,30.5,75.6,27.7725,78.74661,2.9316666,98.76667,5.8506303
2026-06-29 06:08:27,6,Monday,0,0,30.5,75.6,27.789999,78.69478,2.8933334,98.73333,5.7864347
2026-06-29 06:09:27,6,Monday,0,0,30.5,75.6,27.807499,78.64295,2.855,98.7,5.722239
2026-06-29 06:10:27,6,Monday,0,0,30.5,75.5,27.825,78.591125,2.8166666,98.666664,5.6580434
2026-06-29 06:11:27,6,Monday,0,0,30.5,75.6,27.8425,78.5393,2.7783334,98.63333,5.5938478
2026-06-29 06:12:27,6,Monday,0,0,30.5,75.6,27.86,78.487465,2.74,98.6,5.529652
2026-06-29 06:13:27,6,Monday,0,0,30.5,75.6,27.8775,78.43564,2.7016666,98.566666,5.465457
2026-06-29 06:14:27,6,Monday,0,0,30.5,75.6,27.895,78.38381,2.6633334,98.53333,5.4012613
2026-06-29 06:15:27,6,Monday,0,0,30.5,75.6,27.9125,78.33198,2.625,98.5,5.3370657
2026-06-29 06:16:27,6,Monday,0,0,30.5,75.6,27.93,78.28015,2.5866666,98.46667,5.27287
2026-06-29 06:17:27,6,Monday,0,0,30.5,75.6,27.9475,78.228325,2.5483334,98.433334,5.2086744
2026-06-29 06:18:27,6,Monday,0,0,30.5,75.6,27.965,78.17649,2.51,98.4,5.144479
2026-06-29 06:19:27,6,Monday,0,0,30.5,75.6,27.9825,78.124664,2.4716666,98.36667,5.080283
2026-06-29 06:20:27,6,Monday,0,0,30.5,75.5,28.0,78.07284,2.4333334,98.333336,5.0160875
2026-06-29 06:21:27,6,Monday,0,0,30.5,75.6,28.0175,78.021,2.395,98.3,4.951892
2026-06-29 06:22:27,6,Monday,0,0,30.5,75.6,28.035,77.96918,2.3566668,98.26667,4.8876967
2026-06-29 06:23:28,6,Monday,0,0,30.5,75.7,28.0525,77.91735,2.3183334,98.23333,4.823501
2026-06-29 06:24:28,6,Monday,0,0,30.5,75.6,28.07,77.86552,2.28,98.2,4.7593055
2026-06-29 06:25:28,6,Monday,0,0,30.5,75.7,28.0875,77.81369,2.2416668,98.166664,4.69511
2026-06-29 06:26:28,6,Monday,0,0,30.5,75.6,28.105,77.76186,2.2033334,98.13333,4.630914
2026-06-29 06:27:28,6,Monday,0,0,30.4,75.6,28.1225,77.71003,2.165,98.1,4.5667186
2026-06-29 06:28:28,6,Monday,0,0,30.5,75.5,28.14,77.6582,2.1266668,98.066666,4.502523
2026-06-29 06:29:28,6,Monday,0,0,30.5,75.6,28.1575,77.60638,2.0883334,98.03333,4.4383273
2026-06-29 06:30:28,6,Monday,0,0,30.5,75.6,28.175,77.55455,2.05,98.0,4.374132
2026-06-29 06:31:28,6,Monday,0,0,30.5,75.5,28.192501,77.502716,2.0116668,97.96667,4.3099365
2026-06-29 06:32:28,6,Monday,0,0,30.4,75.6,28.210001,77.45089,1.9733334,97.933334,4.245741
2026-06-29 06:33:28,6,Monday,0,0,30.4,75.5,28.2275,77.39906,1.9350001,97.9,4.1815453
2026-06-29 06:34:28,6,Monday,0,0,30.5,75.7,28.245,77.34723,1.8966666,97.86667,4.1173496
2026-06-29 06:35:28,6,Monday,0,0,30.4,75.7,28.2625,77.2954,1.8583333,97.833336,4.053154
2026-06-29 06:36:28,6,Monday,0,0,30.4,75.7,28.28,77.243576,1.82,97.8,3.9889584
2026-06-29 06:37:28,6,Monday,0,0,30.4,75.6,28.2975,77.19174,1.7816666,97.76667,3.924763
2026-06-29 06:38:28,6,Monday,0,0,30.4,75.7,28.315,77.139915,1.7433333,97.73333,3.8605673
2026-06-29 06:39:28,6,Monday,0,0,30.4,75.6,28.3325,77.08809,1.705,97.7,3.7963717
2026-06-29 06:40:28,6,Monday,0,0,30.4,75.7,28.35,77.036255,1.6666666,97.666664,3.732176
2026-06-29 06:41:28,6,Monday,0,0,30.4,75.6,28.3675,76.98443,1.6283333,97.63333,3.6679807
2026-06-29 06:42:28,6,Monday,0,0,30.4,75.7,28.385,76.9326,1.59,97.6,3.603785
2026-06-29 06:43:28,6,Monday,0,0,30.4,75.7,28.4025,76.88077,1.5516666,97.566666,3.5395894
2026-06-29 06:44:28,6,Monday,0,0,30.4,75.7,28.42,76.82894,1.5133333,97.53333,3.4753938
2026-06-29 06:45:28,6,Monday,0,0,30.4,75.8,28.4375,76.777115,1.475,97.5,3.4111981
2026-06-29 06:46:28,6,Monday,0,0,30.4,75.7,28.455,76.72528,1.4366666,97.46667,3.3470027
2026-06-29 06:47:28,6,Monday,0,0,30.4,75.8,28.4725,76.673454,1.3983333,97.433334,3.282807
2026-06-29 06:48:28,6,Monday,0,0,30.4,75.7,28.49,76.62163,1.36,97.4,3.2186115
2026-06-29 06:49:28,6,Monday,0,0,30.4,75.8,28.5075,76.56979,1.3216666,97.36667,3.1544158
2026-06-29 06:50:28,6,Monday,0,0,30.4,75.8,28.525002,76.51797,1.2833333,97.333336,3.0902205
2026-06-29 06:51:28,6,Monday,0,0,30.4,75.8,28.542501,76.46614,1.245,97.3,3.0260248
2026-06-29 06:52:28,6,Monday,0,0,30.4,75.7,28.560001,76.414314,1.2066667,97.26667,2.9618292
2026-06-29 06:53:28,6,Monday,0,0,30.4,75.8,28.577501,76.36248,1.1683333,97.23333,2.8976336
2026-06-29 06:54:28,6,Monday,0,0,30.4,75.7,28.595001,76.31065,1.13,97.2,2.8334382
2026-06-29 06:55:28,6,Monday,0,0,30.4,75.6,28.612501,76.25883,1.0916667,97.166664,2.7692425
2026-06-29 06:56:28,6,Monday,0,0,30.4,75.8,28.630001,76.20699,1.0533333,97.13333,2.705047
2026-06-29 06:57:28,6,Monday,0,0,30.4,75.7,28.647501,76.15517,1.015,97.1,2.6408513
2026-06-29 06:58:28,6,Monday,0,0,30.4,75.7,28.665,76.10334,0.9766666,97.066666,2.5766559
2026-06-29 06:59:28,6,Monday,0,0,30.4,75.6,28.6825,76.051506,0.93833333,97.03333,2.5124602
2026-06-29 07:00:28,7,Monday,0,0,30.4,75.7,28.7,75.99968,0.9,97.0,2.4482646
2026-06-29 07:01:28,7,Monday,0,0,30.4,75.7,28.709167,75.94169,0.89,97.05,2.4806995
2026-06-29 07:02:28,7,Monday,0,0,30.4,75.7,28.718334,75.88369,0.88,97.1,2.5131345
2026-06-29 07:03:28,7,Monday,0,0,30.4,75.7,28.7275,75.8257,0.87,97.15,2.5455694
2026-06-29 07:04:28,7,Monday,0,0,30.4,75.7,28.736668,75.7677,0.85999995,97.2,2.5780044
2026-06-29 07:05:28,7,Monday,0,0,30.4,75.7,28.745834,75.70971,0.84999996,97.25,2.6104393
2026-06-29 07:06:28,7,Monday,0,0,30.4,75.7,28.755001,75.65171,0.84,97.3,2.6428742
2026-06-29 07:07:28,7,Monday,0,0,30.4,75.7,28.764168,75.59372,0.83,97.35,2.6753092
2026-06-29 07:08:28,7,Monday,0,0,30.4,75.6,28.773335,75.53572,0.82,97.4,2.707744
2026-06-29 07:09:29,7,Monday,0,0,30.4,75.7,28.782501,75.47773,0.81,97.45,2.7401788
2026-06-29 07:10:29,7,Monday,0,0,30.4,75.8,28.791668,75.41974,0.79999995,97.5,2.7726138
2026-06-29 07:11:29,7,Monday,0,0,30.4,75.7,28.800835,75.36174,0.78999996,97.55,2.8050487
2026-06-29 07:12:29,7,Monday,0,0,30.4,75.8,28.810001,75.30375,0.78,97.6,2.8374836
2026-06-29 07:13:29,7,Monday,0,0,30.4,75.7,28.819168,75.24575,0.77,97.65,2.8699186
2026-06-29 07:14:29,7,Monday,0,0,30.4,75.7,28.828335,75.18776,0.76,97.7,2.9023535
2026-06-29 07:15:29,7,Monday,0,0,30.4,75.7,28.837502,75.12976,0.75,97.75,2.9347885
2026-06-29 07:16:29,7,Monday,0,0,30.4,75.6,28.846666,75.07177,0.74,97.8,2.9672234
2026-06-29 07:17:29,7,Monday,0,0,30.4,75.8,28.855833,75.01377,0.72999996,97.85,2.9996583
2026-06-29 07:18:29,7,Monday,0,0,30.4,75.6,28.865,74.95578,0.71999997,97.9,3.0320933
2026-06-29 07:19:29,7,Monday,0,0,30.4,75.7,28.874166,74.89778,0.71,97.95,3.0645282
2026-06-29 07:20:29,7,Monday,0,0,30.4,75.6,28.883333,74.83979,0.7,98.0,3.0969632
2026-06-29 07:21:29,7,Monday,0,0,30.4,75.7,28.8925,74.7818,0.69,98.05,3.129398
2026-06-29 07:22:29,7,Monday,0,0,30.4,75.6,28.901667,74.7238,0.68,98.1,3.161833
2026-06-29 07:23:29,7,Monday,0,0,30.4,75.6,28.910833,74.66581,0.67,98.15,3.1942677
2026-06-29 07:24:29,7,Monday,0,0,30.4,75.8,28.92,74.60781,0.65999997,98.2,3.2267027
2026-06-29 07:25:29,7,Monday,0,0,30.4,75.7,28.929167,74.54982,0.65,98.25,3.2591376
2026-06-29 07:26:29,7,Monday,0,0,30.4,75.8,28.938334,74.49182,0.64,98.3,3.2915726
2026-06-29 07:27:29,7,Monday,0,0,30.4,75.7,28.9475,74.43383,0.63,98.35,3.3240075
2026-06-29 07:28:29,7,Monday,0,0,30.4,75.7,28.956667,74.37583,0.62,98.4,3.3564425
2026-06-29 07:29:29,7,Monday,0,0,30.4,75.7,28.965834,74.31784,0.61,98.45,3.3888774
2026-06-29 07:30:29,7,Monday,0,0,30.4,75.8,28.975,74.25984,0.6,98.5,3.4213123
2026-06-29 07:31:29,7,Monday,0,0,30.4,75.6,28.984167,74.20185,0.59,98.55,3.4537473
2026-06-29 07:32:29,7,Monday,0,0,30.4,75.8,28.993334,74.14386,0.58,98.6,3.4861822
2026-06-29 07:33:29,7,Monday,0,0,30.3,75.7,29.0025,74.08586,0.57,98.65,3.5186172
2026-06-29 07:34:29,7,Monday,0,0,30.4,75.8,29.011667,74.02787,0.56,98.7,3.551052
2026-06-29 07:35:29,7,Monday,0,0,30.3,75.8,29.020834,73.96987,0.55,98.75,3.583487
2026-06-29 07:36:29,7,Monday,0,0,30.4,75.8,29.03,73.91188,0.54,98.8,3.615922
2026-06-29 07:37:29,7,Monday,0,0,30.3,75.8,29.039167,73.85388,0.53,98.85,3.648357
2026-06-29 07:38:29,7,Monday,0,0,30.3,75.8,29.048334,73.79589,0.52,98.9,3.6807916
2026-06-29 07:39:29,7,Monday,0,0,30.4,75.8,29.0575,73.73789,0.51,98.95,3.7132266
2026-06-29 07:40:29,7,Monday,0,0,30.4,75.9,29.066668,73.6799,0.5,99.0,3.7456615
2026-06-29 07:41:29,7,Monday,0,0,30.3,75.9,29.075834,73.62191,0.49,99.05,3.7780964
2026-06-29 07:42:29,7,Monday,0,0,30.3,75.8,29.085001,73.56391,0.48,99.1,3.8105314
2026-06-29 07:43:29,7,Monday,0,0,30.3,75.9,29.094168,73.50592,0.47,99.15,3.8429663
2026-06-29 07:44:29,7,Monday,0,0,30.3,75.9,29.103334,73.44792,0.46,99.2,3.8754013
2026-06-29 07:45:29,7,Monday,0,0,30.3,75.9,29.1125,73.38993,0.45,99.25,3.9078362
2026-06-29 07:46:29,7,Monday,0,0,30.3,75.9,29.121666,73.33193,0.44,99.3,3.9402711
2026-06-29 07:47:29,7,Monday,0,0,30.3,75.9,29.130833,73.27394,0.43,99.35,3.972706
2026-06-29 07:48:29,7,Monday,0,0,30.4,76.0,29.14,73.21594,0.42000002,99.4,4.005141
2026-06-29 07:49:29,7,Monday,0,0,30.4,75.9,29.149166,73.15795,0.41,99.45,4.0375757
2026-06-29 07:50:29,7,Monday,0,0,30.3,75.9,29.158333,73.09996,0.4,99.5,4.0700107
2026-06-29 07:51:29,7,Monday,0,0,30.3,76.0,29.1675,73.04196,0.39000002,99.55,4.1024456
2026-06-29 07:52:29,7,Monday,0,0,30.3,75.9,29.176666,72.98397,0.38,99.6,4.1348805
2026-06-29 07:53:29,7,Monday,0,0,30.4,75.9,29.185833,72.92597,0.37,99.65,4.1673155
2026-06-29 07:54:30,7,Monday,0,0,30.3,75.9,29.195,72.86798,0.36,99.7,4.1997504
2026-06-29 07:55:30,7,Monday,0,0,30.4,75.9,29.204166,72.80998,0.35000002,99.75,4.2321854
2026-06-29 07:56:30,7,Monday,0,0,30.4,75.9,29.213333,72.75199,0.34,99.8,4.2646203
2026-06-29 07:57:30,7,Monday,0,0,30.3,76.0,29.2225,72.69399,0.33,99.85,4.2970552
2026-06-29 07:58:30,7,Monday,0,0,30.3,76.0,29.231667,72.636,0.32000002,99.9,4.32949
2026-06-29 07:59:30,7,Monday,0,0,30.4,75.9,29.240833,72.578,0.31,99.95,4.361925
2026-06-29 08:00:30,8,Monday,0,0,30.4,75.9,29.25,72.52001,0.3,100.0,4.39436
2026-06-29 08:01:30,8,Monday,0,0,30.4,76.0,29.188334,72.78118,0.35000002,99.916664,4.484476
2026-06-29 08:02:30,8,Monday,0,0,30.4,76.0,29.126667,73.04234,0.4,99.833336,4.574592
2026-06-29 08:03:30,8,Monday,0,0,30.4,76.0,29.065,73.30351,0.45000002,99.75,4.664708
2026-06-29 08:04:30,8,Monday,0,0,30.4,76.1,29.003334,73.564674,0.5,99.666664,4.7548246
2026-06-29 08:05:30,8,Monday,0,0,30.4,76.1,28.941666,73.82584,0.55,99.583336,4.8449407
2026-06-29 08:06:30,8,Monday,0,0,30.4,76.1,28.88,74.08701,0.6,99.5,4.9350567
2026-06-29 08:07:30,8,Monday,0,0,30.4,76.0,28.818333,74.348175,0.65,99.416664,5.0251727
2026-06-29 08:08:30,8,Monday,0,0,30.4,76.1,28.756666,74.609344,0.7,99.333336,5.1152887
2026-06-29 08:09:30,8,Monday,0,0,30.4,76.1,28.695,74.870514,0.75,99.25,5.2054048
2026-06-29 08:10:30,8,Monday,0,0,30.4,76.1,28.633333,75.131676,0.8,99.166664,5.295521
2026-06-29 08:11:30,8,Monday,0,0,30.4,76.0,28.571667,75.392845,0.85,99.083336,5.3856373
2026-06-29 08:12:30,8,Monday,0,0,30.4,76.0,28.51,75.65401,0.9,99.0,5.4757533
2026-06-29 08:13:30,8,Monday,0,0,30.4,76.0,28.448334,75.91518,0.95,98.916664,5.5658693
2026-06-29 08:14:30,8,Monday,0,0,30.4,76.0,28.386667,76.176346,1.0,98.833336,5.6559854
2026-06-29 08:15:30,8,Monday,0,0,30.4,76.0,28.325,76.43751,1.05,98.75,5.7461014
2026-06-29 08:16:30,8,Monday,0,0,30.4,76.1,28.263332,76.69868,1.1,98.666664,5.8362174
2026-06-29 08:17:30,8,Monday,0,0,30.4,76.1,28.201666,76.95984,1.15,98.583336,5.926334
2026-06-29 08:18:30,8,Monday,0,0,30.4,76.1,28.14,77.22101,1.2,98.5,6.01645
2026-06-29 08:19:30,8,Monday,0,0,30.4,76.1,28.078333,77.48218,1.25,98.416664,6.106566
2026-06-29 08:20:30,8,Monday,0,0,30.4,76.1,28.016666,77.74334,1.3,98.333336,6.196682
2026-06-29 08:21:30,8,Monday,0,0,30.4,76.1,27.955,78.00451,1.35,98.25,6.286798
2026-06-29 08:22:30,8,Monday,0,0,30.4,76.1,27.893333,78.26568,1.4,98.166664,6.376914
2026-06-29 08:23:30,8,Monday,0,0,30.4,75.9,27.831667,78.52684,1.45,98.083336,6.46703
2026-06-29 08:24:30,8,Monday,0,0,30.4,75.9,27.77,78.78801,1.5,98.0,6.5571465
2026-06-29 08:25:30,8,Monday,0,0,30.4,76.0,27.708332,79.04917,1.55,97.916664,6.6472626
2026-06-29 08:26:30,8,Monday,0,0,30.4,76.3,27.646666,79.31034,1.6,97.833336,6.7373786
2026-06-29 08:27:30,8,Monday,0,0,30.5,76.2,27.585,79.57151,1.65,97.75,6.8274946
2026-06-29 08:28:30,8,Monday,0,0,30.5,76.2,27.523333,79.83267,1.6999999,97.666664,6.9176106
2026-06-29 08:29:30,8,Monday,0,0,30.5,76.0,27.461666,80.09384,1.75,97.583336,7.0077267
2026-06-29 08:30:30,8,Monday,0,0,30.5,76.0,27.4,80.35501,1.8,97.5,7.097843
2026-06-29 08:31:30,8,Monday,0,0,30.5,76.1,27.338333,80.61617,1.85,97.416664,7.187959
2026-06-29 08:32:30,8,Monday,0,0,30.5,76.0,27.276667,80.87734,1.9,97.333336,7.278075
2026-06-29 08:33:30,8,Monday,0,0,30.5,75.9,27.215,81.138504,1.9499999,97.25,7.3681912
2026-06-29 08:34:30,8,Monday,0,0,30.5,75.9,27.153334,81.39967,2.0,97.166664,7.4583073
2026-06-29 08:35:30,8,Monday,0,0,30.6,75.8,27.091667,81.66084,2.05,97.083336,7.5484233
2026-06-29 08:36:30,8,Monday,0,0,30.6,75.9,27.029999,81.922005,2.1,97.0,7.6385393
2026-06-29 08:37:30,8,Monday,0,0,30.6,75.9,26.968332,82.183174,2.1499999,96.916664,7.728656
2026-06-29 08:38:30,8,Monday,0,0,30.6,75.9,26.906666,82.444336,2.2,96.833336,7.818772
2026-06-29 08:39:30,8,Monday,0,0,30.6,76.2,26.845,82.705505,2.25,96.75,7.908888
2026-06-29 08:40:31,8,Monday,0,0,30.5,76.2,26.721666,83.22784,2.35,96.583336,8.08912
2026-06-29 08:41:31,8,Monday,0,0,30.5,76.3,26.66,83.489006,2.3999999,96.5,8.179236
2026-06-29 08:42:31,8,Monday,0,0,30.5,76.5,26.598333,83.750175,2.45,96.416664,8.269352
2026-06-29 08:43:31,8,Monday,0,0,30.4,75.2,26.536667,84.01134,2.5,96.333336,8.359468
2026-06-29 08:44:31,8,Monday,0,0,30.3,73.7,26.474998,84.27251,2.55,96.25,8.449584
2026-06-29 08:45:31,8,Monday,0,0,30.0,72.9,26.413332,84.53367,2.6,96.166664,8.5397005
2026-06-29 08:46:31,8,Monday,0,0,29.8,72.0,26.351665,84.79484,2.6499999,96.083336,8.629817
2026-06-29 08:47:31,8,Monday,0,0,29.5,71.3,26.289999,85.05601,2.7,96.0,8.719933
2026-06-29 08:48:31,8,Monday,0,0,29.3,70.8,26.228333,85.31717,2.75,95.916664,8.810049
2026-06-29 08:49:31,8,Monday,0,0,29.1,69.5,26.166666,85.57834,2.8,95.833336,8.900165
2026-06-29 08:50:31,8,Monday,0,0,28.9,69.1,26.105,85.8395,2.85,95.75,8.990281
2026-06-29 08:51:31,8,Monday,0,0,28.7,68.4,26.043333,86.10067,2.8999999,95.666664,9.080397
2026-06-29 08:52:31,8,Monday,0,0,28.5,67.5,25.981667,86.36184,2.95,95.583336,9.170513
2026-06-29 08:53:31,8,Monday,0,0,28.3,68.3,25.92,86.623,3.0,95.5,9.26063
2026-06-29 08:54:31,8,Monday,0,0,28.2,69.3,25.858334,86.88417,3.05,95.416664,9.350745
2026-06-29 08:55:31,8,Monday,0,0,28.1,68.6,25.796665,87.14534,3.1,95.333336,9.440862
2026-06-29 08:56:31,8,Monday,0,0,28.0,67.5,25.734999,87.4065,3.1499999,95.25,9.530977
2026-06-29 08:57:31,8,Monday,0,0,27.8,67.2,25.673332,87.66767,3.2,95.166664,9.621094
2026-06-29 08:58:31,8,Monday,0,0,27.7,66.7,25.611666,87.92883,3.25,95.083336,9.711209
2026-06-29 08:59:31,8,Monday,0,0,27.6,66.3,25.55,88.19,3.3,95.0,9.801326
2026-06-29 09:00:31,9,Monday,0,0,27.5,67.2,25.553333,88.21256,3.2633333,94.683334,9.771125
2026-06-29 09:01:31,9,Monday,0,0,27.4,66.9,25.556665,88.235115,3.2266667,94.36667,9.740923
2026-06-29 09:02:31,9,Monday,0,0,27.3,66.2,25.56,88.257675,3.19,94.05,9.710722
2026-06-29 09:03:31,9,Monday,0,0,27.2,65.5,25.563334,88.28023,3.1533332,93.73333,9.68052
2026-06-29 09:04:31,9,Monday,0,0,27.1,65.6,25.566666,88.30279,3.1166666,93.416664,9.650319
2026-06-29 09:05:31,9,Monday,0,0,27.0,66.0,25.57,88.32534,3.08,93.1,9.620117
2026-06-29 09:06:31,9,Monday,0,0,26.9,66.5,25.573332,88.3479,3.0433333,92.78333,9.589916
2026-06-29 09:07:31,9,Monday,0,0,26.9,65.5,25.576666,88.37046,3.0066667,92.46667,9.559714
2026-06-29 09:08:31,9,Monday,0,0,26.8,64.8,25.58,88.39301,2.97,92.15,9.529513
2026-06-29 09:09:31,9,Monday,0,0,26.7,64.8,25.583332,88.41557,2.9333334,91.833336,9.499312
2026-06-29 09:10:31,9,Monday,0,0,26.6,65.3,25.586666,88.438126,2.8966665,91.51667,9.4691105
2026-06-29 09:11:31,9,Monday,0,0,26.6,65.0,25.59,88.460686,2.86,91.2,9.43891
2026-06-29 09:12:31,9,Monday,0,0,26.5,64.6,25.593332,88.48324,2.8233333,90.88333,9.408708
2026-06-29 09:13:31,9,Monday,0,0,26.4,64.7,25.596666,88.5058,2.7866666,90.566666,9.378507
2026-06-29 09:14:31,9,Monday,0,0,26.4,65.9,25.599998,88.52835,2.75,90.25,9.348305
2026-06-29 09:15:31,9,Monday,0,0,26.3,65.9,25.603333,88.55091,2.7133334,89.933334,9.318104
2026-06-29 09:16:31,9,Monday,0,0,26.3,66.0,25.606667,88.57347,2.6766667,89.61667,9.287902
2026-06-29 09:17:31,9,Monday,0,0,26.2,66.1,25.609999,88.59602,2.6399999,89.3,9.257701
2026-06-29 09:18:31,9,Monday,0,0,26.2,66.4,25.613333,88.61858,2.6033332,88.98333,9.2275
2026-06-29 09:19:31,9,Monday,0,0,26.2,65.8,25.616667,88.641136,2.5666666,88.666664,9.197298
2026-06-29 09:20:31,9,Monday,0,0,26.1,65.7,25.619999,88.6637,2.53,88.35,9.167097
2026-06-29 09:21:31,9,Monday,0,0,26.1,65.5,25.623333,88.68625,2.4933333,88.03333,9.136895
2026-06-29 09:22:31,9,Monday,0,0,26.0,67.0,25.626667,88.70881,2.4566667,87.71667,9.106694
2026-06-29 09:23:31,9,Monday,0,0,26.0,68.0,25.63,88.73137,2.42,87.4,9.076492
2026-06-29 09:24:31,9,Monday,0,0,26.1,67.2,25.633333,88.75392,2.3833332,87.083336,9.046291
2026-06-29 09:25:31,9,Monday,0,0,26.1,67.6,25.636665,88.77648,2.3466666,86.76667,9.01609
2026-06-29 09:26:31,9,Monday,0,0,26.1,68.4,25.64,88.799034,2.31,86.45,8.9858885
2026-06-29 09:27:31,9,Monday,0,0,26.1,69.2,25.643333,88.821594,2.2733333,86.13333,8.9556875
2026-06-29 09:28:32,9,Monday,0,0,26.1,69.3,25.646666,88.84415,2.2366667,85.816666,8.925486
2026-06-29 09:29:32,9,Monday,0,0,26.1,69.2,25.65,88.86671,2.2,85.5,8.895285
2026-06-29 09:30:32,9,Monday,0,0,26.2,69.2,25.653334,88.88927,2.1633334,85.183334,8.865083
2026-06-29 09:31:32,9,Monday,0,0,26.2,68.8,25.656666,88.91182,2.1266665,84.86667,8.834882
2026-06-29 09:32:32,9,Monday,0,0,26.2,68.9,25.66,88.93438,2.09,84.55,8.80468
2026-06-29 09:33:32,9,Monday,0,0,26.1,69.3,25.663334,88.95693,2.0533333,84.23333,8.774479
2026-06-29 09:34:32,9,Monday,0,0,26.1,69.8,25.666666,88.97949,2.0166667,83.916664,8.744278
2026-06-29 09:35:32,9,Monday,0,0,26.1,69.4,25.67,89.002045,1.98,83.6,8.714076
2026-06-29 09:36:32,9,Monday,0,0,26.1,68.6,25.673332,89.024605,1.9433334,83.28333,8.683875
2026-06-29 09:37:32,9,Monday,0,0,26.1,68.7,25.676666,89.047165,1.9066666,82.96667,8.653673
2026-06-29 09:38:32,9,Monday,0,0,26.1,70.2,25.68,89.06972,1.87,82.65,8.623472
2026-06-29 09:39:32,9,Monday,0,0,26.2,70.2,25.683332,89.09228,1.8333334,82.333336,8.59327
2026-06-29 09:40:32,9,Monday,0,0,26.2,70.3,25.686666,89.11483,1.7966666,82.01667,8.563069
2026-06-29 09:41:32,9,Monday,0,0,26.2,70.0,25.69,89.13739,1.76,81.7,8.532867
2026-06-29 09:42:32,9,Monday,0,0,26.2,70.0,25.693333,89.15994,1.7233334,81.38333,8.502666
2026-06-29 09:43:32,9,Monday,0,0,26.2,69.7,25.696667,89.1825,1.6866667,81.066666,8.4724655
2026-06-29 09:44:32,9,Monday,0,0,26.1,69.2,25.7,89.20506,1.65,80.75,8.442264
2026-06-29 09:45:32,9,Monday,0,0,26.2,69.3,25.703333,89.227615,1.6133333,80.433334,8.412063
2026-06-29 09:46:32,9,Monday,0,0,26.2,69.5,25.706667,89.250175,1.5766667,80.11667,8.381861
2026-06-29 09:47:32,9,Monday,0,0,26.3,69.3,25.71,89.27273,1.54,79.8,8.35166
2026-06-29 09:48:32,9,Monday,0,0,26.3,69.1,25.713333,89.29529,1.5033333,79.48333,8.321458
2026-06-29 09:49:32,9,Monday,0,0,26.3,68.5,25.716667,89.31784,1.4666667,79.166664,8.291257
2026-06-29 09:50:32,9,Monday,0,0,26.2,67.8,25.72,89.3404,1.4300001,78.85,8.261055
2026-06-29 09:51:32,9,Monday,0,0,26.1,68.1,25.723333,89.36295,1.3933333,78.53333,8.230854
2026-06-29 09:52:32,9,Monday,0,0,26.0,68.5,25.726667,89.38551,1.3566667,78.21667,8.200653
2026-06-29 09:53:32,9,Monday,0,0,26.1,70.1,25.73,89.40807,1.32,77.9,8.170451
2026-06-29 09:54:32,9,Monday,0,0,26.1,70.2,25.733334,89.430626,1.2833333,77.583336,8.14025
2026-06-29 09:55:32,9,Monday,0,0,26.1,71.5,25.736666,89.453186,1.2466667,77.26667,8.110048
2026-06-29 09:56:32,9,Monday,0,0,26.2,71.4,25.74,89.47574,1.21,76.95,8.079847
2026-06-29 09:57:32,9,Monday,0,0,26.2,71.5,25.743334,89.4983,1.1733334,76.63333,8.049645
2026-06-29 09:58:32,9,Monday,0,0,26.3,71.3,25.746666,89.52085,1.1366667,76.316666,8.019444
2026-06-29 09:59:32,9,Monday,0,0,26.3,71.4,25.75,89.54341,1.1,76.0,7.989243
2026-06-29 10:00:32,10,Monday,0,0,26.3,71.4,25.749166,89.547844,1.085,76.13333,7.9197288
2026-06-29 10:01:32,10,Monday,0,0,26.3,71.0,25.748333,89.55228,1.07,76.26667,7.850214
2026-06-29 10:02:32,10,Monday,0,0,26.3,70.7,25.7475,89.55671,1.0550001,76.4,7.7806997
2026-06-29 10:03:32,10,Monday,0,0,26.3,71.0,25.746666,89.561134,1.0400001,76.53333,7.7111855
2026-06-29 10:04:32,10,Monday,0,0,26.4,71.2,25.745834,89.56557,1.025,76.666664,7.6416707
2026-06-29 10:05:32,10,Monday,0,0,26.3,71.6,25.745,89.57,1.01,76.8,7.5721564
2026-06-29 10:06:32,10,Monday,0,0,26.4,72.3,25.744167,89.57443,0.995,76.933334,7.5026417
2026-06-29 10:07:32,10,Monday,0,0,26.4,73.2,25.743334,89.578865,0.98,77.066666,7.4331274
2026-06-29 10:08:32,10,Monday,0,0,26.4,73.8,25.7425,89.5833,0.96500003,77.2,7.363613
2026-06-29 10:09:32,10,Monday,0,0,26.4,73.6,25.741667,89.58772,0.95000005,77.333336,7.2940984
2026-06-29 10:10:32,10,Monday,0,0,26.5,75.1,25.740833,89.592155,0.935,77.46667,7.224584
2026-06-29 10:11:32,10,Monday,0,0,26.5,76.2,25.74,89.59659,0.92,77.6,7.15507
2026-06-29 10:12:32,10,Monday,0,0,26.6,75.8,25.739166,89.60102,0.90500003,77.73333,7.085555
2026-06-29 10:13:32,10,Monday,0,0,26.6,73.3,25.738333,89.60545,0.89000005,77.86667,7.016041
2026-06-29 10:14:32,10,Monday,0,0,26.5,71.6,25.7375,89.609886,0.875,78.0,6.9465265
2026-06-29 10:15:32,10,Monday,0,0,26.4,71.2,25.736668,89.61432,0.86,78.13333,6.877012
2026-06-29 10:16:32,10,Monday,0,0,26.5,71.9,25.735834,89.618744,0.845,78.26667,6.8074975
2026-06-29 10:17:32,10,Monday,0,0,26.5,72.9,25.735,89.62318,0.83000004,78.4,6.737983
2026-06-29 10:18:33,10,Monday,0,0,26.5,74.0,25.734167,89.62761,0.815,78.53333,6.6684685
2026-06-29 10:19:33,10,Monday,0,0,26.6,74.5,25.733334,89.63204,0.8,78.666664,6.598954
2026-06-29 10:20:33,10,Monday,0,0,26.7,74.4,25.7325,89.636475,0.785,78.8,6.5294394
2026-06-29 10:21:33,10,Monday,0,0,26.7,74.0,25.731667,89.64091,0.77000004,78.933334,6.459925
2026-06-29 10:22:33,10,Monday,0,0,26.7,73.1,25.730833,89.64534,0.755,79.066666,6.390411
2026-06-29 10:23:33,10,Monday,0,0,26.7,71.8,25.73,89.649765,0.74,79.2,6.320896
2026-06-29 10:24:33,10,Monday,0,0,26.6,70.3,25.729168,89.6542,0.725,79.333336,6.251382
2026-06-29 10:25:33,10,Monday,0,0,26.5,71.5,25.728334,89.65863,0.71000004,79.46667,6.1818676
2026-06-29 10:26:33,10,Monday,0,0,26.6,73.2,25.7275,89.66306,0.695,79.6,6.112353
2026-06-29 10:27:33,10,Monday,0,0,26.6,73.2,25.726667,89.667496,0.68,79.73333,6.0428386
2026-06-29 10:28:33,10,Monday,0,0,26.6,71.7,25.725834,89.67193,0.665,79.86667,5.9733243
2026-06-29 10:29:33,10,Monday,0,0,26.6,71.0,25.725,89.67636,0.65000004,80.0,5.9038095
2026-06-29 10:30:33,10,Monday,0,0,26.6,71.8,25.724167,89.680786,0.635,80.13333,5.8342953
2026-06-29 10:31:33,10,Monday,0,0,26.6,72.6,25.723333,89.68522,0.62,80.26667,5.764781
2026-06-29 10:32:33,10,Monday,0,0,26.7,75.2,25.7225,89.68965,0.605,80.4,5.6952662
2026-06-29 10:33:33,10,Monday,0,0,26.8,74.7,25.721666,89.694084,0.59000003,80.53333,5.625752
2026-06-29 10:34:33,10,Monday,0,0,26.8,73.5,25.720833,89.69852,0.575,80.666664,5.556237
2026-06-29 10:35:33,10,Monday,0,0,26.8,73.3,25.720001,89.70295,0.56,80.8,5.486723
2026-06-29 10:36:33,10,Monday,0,0,26.8,73.7,25.719168,89.707375,0.545,80.933334,5.4172087
2026-06-29 10:37:33,10,Monday,0,0,26.8,74.3,25.718334,89.71181,0.53000003,81.066666,5.347694
2026-06-29 10:38:33,10,Monday,0,0,26.9,73.9,25.7175,89.71624,0.515,81.2,5.2781796
2026-06-29 10:39:33,10,Monday,0,0,27.0,74.1,25.716667,89.72067,0.5,81.333336,5.2086654
2026-06-29 10:40:33,10,Monday,0,0,27.0,73.6,25.715834,89.725105,0.485,81.46667,5.1391506
2026-06-29 10:41:33,10,Monday,0,0,26.9,72.4,25.715,89.72954,0.47,81.6,5.0696363
2026-06-29 10:42:33,10,Monday,0,0,26.9,71.8,25.714167,89.73397,0.455,81.73333,5.000122
2026-06-29 10:43:33,10,Monday,0,0,26.9,71.1,25.713333,89.738396,0.44,81.86667,4.9306073
2026-06-29 10:44:33,10,Monday,0,0,26.8,71.4,25.712502,89.74283,0.425,82.0,4.861093
2026-06-29 10:45:33,10,Monday,0,0,26.8,70.7,25.711668,89.74726,0.41,82.13333,4.791579
2026-06-29 10:46:33,10,Monday,0,0,26.8,72.1,25.710835,89.75169,0.395,82.26667,4.722064
2026-06-29 10:47:33,10,Monday,0,0,26.7,71.3,25.710001,89.75613,0.38,82.4,4.6525497
2026-06-29 10:48:33,10,Monday,0,0,26.7,70.2,25.709167,89.76056,0.365,82.53333,4.583035
2026-06-29 10:49:33,10,Monday,0,0,26.7,70.4,25.708334,89.764984,0.35,82.666664,4.5135207
2026-06-29 10:50:33,10,Monday,0,0,26.7,70.5,25.7075,89.76942,0.335,82.8,4.4440064
2026-06-29 10:51:33,10,Monday,0,0,26.7,69.6,25.706667,89.77385,0.32,82.933334,4.3744917
2026-06-29 10:52:33,10,Monday,0,0,26.7,69.6,25.705833,89.77828,0.305,83.066666,4.3049774
2026-06-29 10:53:33,10,Monday,0,0,26.8,70.4,25.705,89.782715,0.29,83.2,4.235463
2026-06-29 10:54:33,10,Monday,0,0,26.7,70.4,25.704166,89.78715,0.275,83.333336,4.1659484
2026-06-29 10:55:33,10,Monday,0,0,26.7,70.7,25.703335,89.79158,0.26,83.46667,4.096434
2026-06-29 10:56:33,10,Monday,0,0,26.8,70.9,25.702501,89.796005,0.245,83.6,4.02692
2026-06-29 10:57:33,10,Monday,0,0,26.8,71.2,25.701668,89.80044,0.23,83.73333,3.957405
2026-06-29 10:58:33,10,Monday,0,0,26.8,70.1,25.700834,89.80487,0.215,83.86667,3.8878908
2026-06-29 10:59:33,10,Monday,0,0,26.8,70.8,25.7,89.8093,0.2,84.0,3.8183763
2026-06-29 11:00:33,11,Monday,0,0,26.8,70.3,25.701668,89.80493,0.19666667,84.083336,3.854145
2026-06-29 11:01:33,11,Monday,0,0,26.8,69.9,25.703335,89.80057,0.19333334,84.166664,3.8899136
2026-06-29 11:02:33,11,Monday,0,0,26.8,69.7,25.705,89.796196,0.19,84.25,3.9256823
2026-06-29 11:03:33,11,Monday,0,0,26.8,69.7,25.706667,89.791824,0.18666667,84.333336,3.9614508
2026-06-29 11:04:33,11,Monday,0,0,26.8,69.3,25.708334,89.78745,0.18333334,84.416664,3.9972196
2026-06-29 11:05:33,11,Monday,0,0,26.8,69.6,25.710001,89.78309,0.18,84.5,4.032988
2026-06-29 11:06:33,11,Monday,0,0,26.8,70.6,25.711668,89.77872,0.17666666,84.583336,4.0687566
2026-06-29 11:07:33,11,Monday,0,0,26.8,71.1,25.713333,89.774345,0.17333333,84.666664,4.1045256
2026-06-29 11:08:34,11,Monday,0,0,26.9,72.1,25.715,89.76998,0.17,84.75,4.140294
2026-06-29 11:09:34,11,Monday,0,0,26.9,71.9,25.716667,89.76561,0.16666667,84.833336,4.1760626
2026-06-29 11:10:34,11,Monday,0,0,27.0,71.8,25.718334,89.76124,0.16333334,84.916664,4.2118316
2026-06-29 11:11:34,11,Monday,0,0,27.0,72.1,25.720001,89.75687,0.16,85.0,4.2476
2026-06-29 11:12:34,11,Monday,0,0,27.0,71.8,25.721666,89.7525,0.15666667,85.083336,4.2833686
2026-06-29 11:13:34,11,Monday,0,0,27.0,71.7,25.723333,89.74813,0.15333334,85.166664,4.319137
2026-06-29 11:14:34,11,Monday,0,0,27.0,71.8,25.725,89.74376,0.15,85.25,4.354906
2026-06-29 11:15:34,11,Monday,0,0,27.1,71.9,25.726667,89.739395,0.14666668,85.333336,4.3906746
2026-06-29 11:16:34,11,Monday,0,0,27.1,72.1,25.728334,89.73502,0.14333333,85.416664,4.426443
2026-06-29 11:17:34,11,Monday,0,0,27.0,72.4,25.73,89.73065,0.14,85.5,4.4622116
2026-06-29 11:18:34,11,Monday,0,0,27.1,71.9,25.731667,89.72628,0.13666667,85.583336,4.4979806
2026-06-29 11:19:34,11,Monday,0,0,27.1,71.6,25.733334,89.72192,0.13333334,85.666664,4.533749
2026-06-29 11:20:34,11,Monday,0,0,27.0,71.5,25.735,89.717545,0.13,85.75,4.5695176
2026-06-29 11:21:34,11,Monday,0,0,27.0,71.4,25.736668,89.71317,0.12666667,85.833336,4.6052866
2026-06-29 11:22:34,11,Monday,0,0,27.0,70.9,25.738333,89.70881,0.123333335,85.916664,4.641055
2026-06-29 11:23:34,11,Monday,0,0,27.1,71.1,25.74,89.70444,0.120000005,86.0,4.6768236
2026-06-29 11:24:34,11,Monday,0,0,27.1,72.4,25.741667,89.700066,0.11666667,86.083336,4.712592
2026-06-29 11:25:34,11,Monday,0,0,27.1,72.5,25.743334,89.695694,0.11333334,86.166664,4.748361
2026-06-29 11:26:34,11,Monday,0,0,27.1,70.7,25.745,89.69133,0.11,86.25,4.7841296
2026-06-29 11:27:34,11,Monday,0,0,27.0,70.7,25.746666,89.68696,0.10666667,86.333336,4.819898
2026-06-29 11:28:34,11,Monday,0,0,27.0,70.8,25.748333,89.68259,0.10333333,86.416664,4.8556666
2026-06-29 11:29:34,11,Monday,0,0,27.0,70.4,25.75,89.67822,0.1,86.5,4.8914356
2026-06-29 11:30:34,11,Monday,0,0,26.9,71.0,25.751667,89.67385,0.09666667,86.583336,4.927204
2026-06-29 11:31:34,11,Monday,0,0,26.9,72.7,25.753334,89.66948,0.093333334,86.666664,4.9629726
2026-06-29 11:32:34,11,Monday,0,0,27.0,74.7,25.755,89.66511,0.09,86.75,4.9987416
2026-06-29 11:33:34,11,Monday,0,0,27.1,74.5,25.756666,89.66074,0.086666666,86.833336,5.03451
2026-06-29 11:34:34,11,Monday,0,0,27.1,73.6,25.758333,89.65637,0.083333336,86.916664,5.0702786
2026-06-29 11:35:34,11,Monday,0,0,27.1,73.7,25.76,89.652,0.08,87.0,5.106047
2026-06-29 11:36:34,11,Monday,0,0,27.1,73.6,25.761667,89.64763,0.07666667,87.083336,5.141816
2026-06-29 11:37:34,11,Monday,0,0,27.1,73.2,25.763332,89.643265,0.07333334,87.166664,5.1775846
2026-06-29 11:38:34,11,Monday,0,0,27.1,73.0,25.765,89.63889,0.07,87.25,5.213353
2026-06-29 11:39:34,11,Monday,0,0,27.0,72.2,25.766666,89.63452,0.06666667,87.333336,5.2491217
2026-06-29 11:40:34,11,Monday,0,0,27.0,71.5,25.768333,89.63016,0.06333333,87.416664,5.2848907
2026-06-29 11:41:34,11,Monday,0,0,27.0,71.3,25.77,89.625786,0.060000002,87.5,5.320659
2026-06-29 11:42:34,11,Monday,0,0,27.0,71.9,25.771666,89.621414,0.05666667,87.583336,5.3564277
2026-06-29 11:43:34,11,Monday,0,0,27.0,72.2,25.773333,89.61704,0.053333335,87.666664,5.3921967
2026-06-29 11:44:34,11,Monday,0,0,27.1,71.3,25.775,89.61268,0.05,87.75,5.427965
2026-06-29 11:45:34,11,Monday,0,0,27.1,70.5,25.776667,89.60831,0.046666667,87.833336,5.4637337
2026-06-29 11:46:34,11,Monday,0,0,27.1,70.5,25.778334,89.603935,0.043333333,87.916664,5.499502
2026-06-29 11:47:34,11,Monday,0,0,27.1,71.3,25.779999,89.59957,0.04,88.0,5.535271
2026-06-29 11:48:34,11,Monday,0,0,27.1,72.1,25.781666,89.5952,0.03666667,88.083336,5.5710397
2026-06-29 11:49:34,11,Monday,0,0,27.2,72.4,25.783333,89.59083,0.033333335,88.166664,5.606808
2026-06-29 11:50:34,11,Monday,0,0,27.2,71.5,25.785,89.58646,0.030000001,88.25,5.642577
2026-06-29 11:51:34,11,Monday,0,0,27.1,70.5,25.786667,89.58209,0.026666667,88.333336,5.6783457
2026-06-29 11:52:34,11,Monday,0,0,27.1,70.8,25.788332,89.57772,0.023333333,88.416664,5.714114
2026-06-29 11:53:34,11,Monday,0,0,27.1,71.7,25.789999,89.57335,0.02,88.5,5.7498827
2026-06-29 11:54:34,11,Monday,0,0,27.2,72.7,25.791666,89.568985,0.016666668,88.583336,5.7856517
2026-06-29 11:55:34,11,Monday,0,0,27.2,72.9,25.793333,89.56461,0.013333334,88.666664,5.82142
2026-06-29 11:56:34,11,Monday,0,0,27.2,71.8,25.795,89.56024,0.01,88.75,5.8571887
2026-06-29 11:57:35,11,Monday,0,0,27.1,71.0,25.796665,89.55587,0.006666667,88.833336,5.892957
2026-06-29 11:58:35,11,Monday,0,0,27.1,69.9,25.798332,89.551506,0.0033333334,88.916664,5.928726
2026-06-29 11:59:35,11,Monday,0,0,27.0,69.9,25.8,89.547134,0.0,89.0,5.9644947
2026-06-29 12:00:35,12,Monday,0,0,26.9,69.2,25.798332,89.58329,0.006666667,89.15,5.9026766
2026-06-29 12:01:35,12,Monday,0,0,26.9,70.2,25.796665,89.619446,0.013333334,89.3,5.840858
2026-06-29 12:02:35,12,Monday,0,0,27.0,71.9,25.795,89.6556,0.02,89.45,5.77904
2026-06-29 12:03:35,12,Monday,0,0,27.1,73.5,25.793333,89.69175,0.026666667,89.6,5.7172213
2026-06-29 12:04:35,12,Monday,0,0,27.3,75.1,25.791666,89.727905,0.033333335,89.75,5.655403
2026-06-29 12:05:35,12,Monday,0,0,27.4,75.7,25.789999,89.76406,0.04,89.9,5.5935845
2026-06-29 12:06:35,12,Monday,0,0,27.5,75.6,25.788332,89.80022,0.046666667,90.05,5.5317664
2026-06-29 12:07:35,12,Monday,0,0,27.5,73.8,25.786667,89.83637,0.053333335,90.2,5.469948
2026-06-29 12:08:35,12,Monday,0,0,27.5,72.9,25.785,89.87253,0.060000002,90.35,5.4081297
2026-06-29 12:09:35,12,Monday,0,0,27.5,72.1,25.783333,89.90868,0.06666667,90.5,5.346311
2026-06-29 12:10:35,12,Monday,0,0,27.5,71.6,25.781666,89.94484,0.07333334,90.65,5.284493
2026-06-29 12:11:35,12,Monday,0,0,27.5,73.2,25.779999,89.98099,0.08,90.8,5.2226744
2026-06-29 12:12:35,12,Monday,0,0,27.6,74.4,25.778334,90.01714,0.086666666,90.95,5.1608562
2026-06-29 12:13:35,12,Monday,0,0,27.8,77.0,25.776667,90.0533,0.093333334,91.1,5.0990376
2026-06-29 12:14:35,12,Monday,0,0,28.0,77.2,25.775,90.089455,0.1,91.25,5.0372195
2026-06-29 12:15:35,12,Monday,0,0,28.1,75.7,25.773333,90.12561,0.10666667,91.4,4.975401
2026-06-29 12:16:35,12,Monday,0,0,28.0,73.4,25.771666,90.161766,0.11333334,91.55,4.913583
2026-06-29 12:17:35,12,Monday,0,0,28.0,72.3,25.77,90.19792,0.120000005,91.7,4.851764
2026-06-29 12:18:35,12,Monday,0,0,27.8,71.3,25.768333,90.23407,0.12666667,91.85,4.789946
2026-06-29 12:19:35,12,Monday,0,0,27.8,70.6,25.766666,90.270226,0.13333334,92.0,4.7281275
2026-06-29 12:20:35,12,Monday,0,0,27.7,70.4,25.765,90.30638,0.14,92.15,4.6663094
2026-06-29 12:21:35,12,Monday,0,0,27.6,69.6,25.763332,90.34254,0.14666668,92.3,4.6044908
2026-06-29 12:22:35,12,Monday,0,0,27.6,68.6,25.761667,90.37869,0.15333334,92.45,4.5426726
2026-06-29 12:23:35,12,Monday,0,0,27.5,68.7,25.76,90.41485,0.16,92.6,4.480854
2026-06-29 12:24:35,12,Monday,0,0,27.4,68.7,25.758333,90.451004,0.16666667,92.75,4.419036
2026-06-29 12:25:35,12,Monday,0,0,27.3,69.5,25.756666,90.48716,0.17333333,92.9,4.3572173
2026-06-29 12:26:35,12,Monday,0,0,27.3,69.8,25.755,90.52331,0.18,93.05,4.295399
2026-06-29 12:27:35,12,Monday,0,0,27.3,69.8,25.753334,90.55946,0.18666667,93.2,4.2335806
2026-06-29 12:28:35,12,Monday,0,0,27.3,69.9,25.751667,90.59562,0.19333334,93.35,4.1717625
2026-06-29 12:29:35,12,Monday,0,0,27.3,69.4,25.75,90.631775,0.2,93.5,4.1099443
2026-06-29 12:30:35,12,Monday,0,0,27.3,69.1,25.748333,90.66793,0.20666666,93.65,4.0481257
2026-06-29 12:31:35,12,Monday,0,0,27.3,69.7,25.746666,90.70409,0.21333334,93.8,3.9863074
2026-06-29 12:32:35,12,Monday,0,0,27.3,69.0,25.745,90.74024,0.22,93.95,3.924489
2026-06-29 12:33:35,12,Monday,0,0,27.3,69.1,25.743334,90.77639,0.22666667,94.1,3.8626707
2026-06-29 12:34:35,12,Monday,0,0,27.4,69.5,25.741667,90.812546,0.23333333,94.25,3.8008523
2026-06-29 12:35:35,12,Monday,0,0,27.4,70.0,25.74,90.8487,0.24000001,94.4,3.739034
2026-06-29 12:36:35,12,Monday,0,0,27.4,70.4,25.738333,90.88486,0.24666667,94.55,3.6772156
2026-06-29 12:37:35,12,Monday,0,0,27.4,71.2,25.736668,90.92101,0.25333333,94.7,3.6153972
2026-06-29 12:38:35,12,Monday,0,0,27.5,71.9,25.735,90.95717,0.26,94.85,3.5535789
2026-06-29 12:39:35,12,Monday,0,0,27.6,71.8,25.733334,90.993324,0.26666668,95.0,3.4917605
2026-06-29 12:40:35,12,Monday,0,0,27.6,71.0,25.731667,91.02948,0.27333334,95.15,3.4299421
2026-06-29 12:41:35,12,Monday,0,0,27.6,69.6,25.73,91.06563,0.28,95.3,3.3681238
2026-06-29 12:42:35,12,Monday,0,0,27.5,68.1,25.728334,91.10178,0.28666666,95.45,3.3063054
2026-06-29 12:43:35,12,Monday,0,0,27.4,67.3,25.726667,91.13794,0.29333335,95.6,3.244487
2026-06-29 12:44:35,12,Monday,0,0,27.4,66.8,25.725,91.174095,0.3,95.75,3.1826687
2026-06-29 12:45:36,12,Monday,0,0,27.3,65.9,25.723333,91.21025,0.30666667,95.9,3.1208506
2026-06-29 12:46:36,12,Monday,0,0,27.2,65.0,25.721666,91.24641,0.31333333,96.05,3.0590322
2026-06-29 12:47:36,12,Monday,0,0,27.1,64.3,25.720001,91.28256,0.32,96.2,2.9972138
2026-06-29 12:48:36,12,Monday,0,0,26.9,63.8,25.718334,91.31871,0.32666668,96.35,2.9353955
2026-06-29 12:49:36,12,Monday,0,0,26.8,63.0,25.716667,91.354866,0.33333334,96.5,2.873577
2026-06-29 12:50:36,12,Monday,0,0,26.7,62.3,25.715,91.39102,0.34,96.65,2.8117588
2026-06-29 12:51:36,12,Monday,0,0,26.6,61.9,25.713333,91.42718,0.34666666,96.8,2.7499404
2026-06-29 12:52:36,12,Monday,0,0,26.4,61.4,25.711668,91.46333,0.35333332,96.95,2.688122
2026-06-29 12:53:36,12,Monday,0,0,26.4,61.0,25.710001,91.49949,0.36,97.1,2.6263037
2026-06-29 12:54:36,12,Monday,0,0,26.3,60.4,25.708334,91.535645,0.36666667,97.25,2.5644853
2026-06-29 12:55:36,12,Monday,0,0,26.2,59.9,25.706667,91.5718,0.37333333,97.4,2.502667
2026-06-29 12:56:36,12,Monday,0,0,26.1,59.6,25.705,91.60795,0.38,97.55,2.4408486
2026-06-29 12:57:36,12,Monday,0,0,26.1,59.2,25.703335,91.644104,0.3866667,97.7,2.3790302
2026-06-29 12:58:36,12,Monday,0,0,26.1,59.0,25.701668,91.68026,0.39333335,97.85,2.3172119
2026-06-29 12:59:36,12,Monday,0,0,26.0,58.8,25.7,91.716415,0.4,98.0,2.2553935
2026-06-29 13:00:36,13,Monday,0,0,25.9,58.8,25.7,91.71184,0.40166667,98.0,2.2691553
2026-06-29 13:01:36,13,Monday,0,0,25.9,58.7,25.7,91.70726,0.40333334,98.0,2.2829173
2026-06-29 13:02:36,13,Monday,0,0,25.8,58.5,25.7,91.70268,0.405,98.0,2.296679
2026-06-29 13:03:36,13,Monday,0,0,25.7,58.4,25.7,91.69811,0.40666667,98.0,2.3104408
2026-06-29 13:04:36,13,Monday,0,0,25.7,59.1,25.7,91.693535,0.40833333,98.0,2.3242028
2026-06-29 13:05:36,13,Monday,0,0,25.7,60.0,25.7,91.68896,0.41,98.0,2.3379645
2026-06-29 13:06:36,13,Monday,0,0,25.7,61.2,25.7,91.68438,0.41166666,98.0,2.3517263
2026-06-29 13:07:36,13,Monday,0,0,25.8,61.9,25.7,91.6798,0.41333333,98.0,2.3654883
2026-06-29 13:08:36,13,Monday,0,0,25.8,61.8,25.7,91.675224,0.415,98.0,2.37925
2026-06-29 13:09:36,13,Monday,0,0,25.8,62.7,25.7,91.67065,0.4166667,98.0,2.3930118
2026-06-29 13:10:36,13,Monday,0,0,25.9,63.8,25.7,91.66607,0.41833335,98.0,2.4067736
2026-06-29 13:11:36,13,Monday,0,0,26.0,65.2,25.7,91.6615,0.42000002,98.0,2.4205356
2026-06-29 13:12:36,13,Monday,0,0,26.0,66.2,25.7,91.65692,0.42166668,98.0,2.4342973
2026-06-29 13:13:36,13,Monday,0,0,26.1,65.8,25.7,91.65234,0.42333335,98.0,2.448059
2026-06-29 13:14:36,13,Monday,0,0,26.2,66.2,25.7,91.647766,0.425,98.0,2.461821
2026-06-29 13:15:36,13,Monday,0,0,26.2,66.5,25.7,91.64319,0.42666668,98.0,2.4755828
2026-06-29 13:16:36,13,Monday,0,0,26.2,65.7,25.7,91.63861,0.42833334,98.0,2.4893446
2026-06-29 13:17:36,13,Monday,0,0,26.2,64.5,25.7,91.63403,0.43,98.0,2.5031066
2026-06-29 13:18:36,13,Monday,0,0,26.1,63.4,25.7,91.62946,0.43166667,98.0,2.5168684
2026-06-29 13:19:36,13,Monday,0,0,26.0,62.7,25.7,91.624886,0.43333334,98.0,2.53063
2026-06-29 13:20:36,13,Monday,0,0,25.9,62.3,25.7,91.62031,0.435,98.0,2.544392
2026-06-29 13:21:36,13,Monday,0,0,25.7,61.8,25.7,91.61573,0.43666667,98.0,2.5581539
2026-06-29 13:22:36,13,Monday,0,0,25.6,61.4,25.7,91.61115,0.43833333,98.0,2.5719156
2026-06-29 13:23:36,13,Monday,0,0,25.6,63.2,25.7,91.606575,0.44,98.0,2.5856776
2026-06-29 13:24:36,13,Monday,0,0,25.7,66.6,25.7,91.602,0.44166666,98.0,2.5994394
2026-06-29 13:25:36,13,Monday,0,0,25.9,68.4,25.7,91.59742,0.44333333,98.0,2.6132011
2026-06-29 13:26:36,13,Monday,0,0,26.0,68.5,25.7,91.59285,0.445,98.0,2.6269631
