Datetime,IndoorTemp,IndoorHumidity,OutdoorTemp,OutdoorHumidity,Rain,CloudCover,WindSpeed,Hour,DayOfWeek,DayName,Weekend,dT,dH,Gradient,AC_State,TempDifference,HumidityDifference,CoolingRate,IndoorTemp_Lag1,IndoorHumidity_Lag1,RollingTemp_1hr,RollingHumidity_1hr,TempStd_1hr,AI_AC,AI_Probability,Baseline_AC
2026-06-22 11:30:00,25.9,68.6,27.342499,83.626135,0.0,99.491665,5.1052097,11,0,Monday,0,0.14999999999999858,0.9499999999999886,1.4424990000000015,0,-1.4424990000000015,-15.02613500000001,-0.14999999999999858,25.75,67.65,28.124528985507244,71.53365942028985,3.5606246529468413,0,9.07,1
2026-06-22 11:35:00,26.3,68.1,27.23749975,84.54850375,0.0,99.375,5.1018777,11,0,Monday,0,0.40000000000000213,-0.5,0.9374997500000006,0,-0.9374997500000006,-16.44850375,-0.40000000000000213,25.9,68.6,27.749166666666667,71.165,3.489142140811673,0,6.43,1
2026-06-22 11:40:00,25.925,66.3,27.1774995,85.0755735,0.0,99.308333,5.099973825,11,0,Monday,0,-0.375,-1.7999999999999972,1.252499499999999,1,-1.252499499999999,-18.775573500000007,0.375,26.3,68.1,27.32625,70.74,3.364637036347846,1,99.39,1
2026-06-22 11:45:00,25.35,63.550000000000004,27.07249975,85.99795125,0.0,99.191667,5.096642,11,0,Monday,0,-0.5749999999999993,-2.749999999999993,1.7224997499999972,1,-1.7224997499999972,-22.447951249999996,0.5749999999999993,25.925,66.3,26.872083333333336,70.01916666666666,3.217735269588145,1,99.72,1
2026-06-22 11:50:00,25.119999999999997,64.44,27.005000000000003,86.5909048,0.0,99.11666720000001,5.09450012,11,0,Monday,0,-0.23000000000000398,0.8899999999999935,1.8850000000000051,1,-1.8850000000000051,-22.150904800000006,0.23000000000000398,25.35,63.550000000000004,26.330000000000002,69.21,2.8737898638936965,1,99.82,1
2026-06-22 11:55:00,24.880000000000003,62.6,26.9299998,87.24974019999999,0.0,99.0333332,5.09212032,11,0,Monday,0,-0.23999999999999488,-1.8399999999999963,2.0499997999999984,1,-2.0499997999999984,-24.64974019999999,0.23999999999999488,25.119999999999997,64.44,25.736666666666668,68.325,2.2678467293621827,1,99.84,1
2026-06-22 12:00:00,24.96,64.26,26.867499600000002,87.75251899999999,0.0,98.9499996,5.01661002,12,0,Monday,0,0.0799999999999983,1.6600000000000037,1.9074996000000013,1,-1.9074996000000013,-23.492518999999987,-0.0799999999999983,24.880000000000003,62.6,25.131249999999998,67.60083333333334,0.98538438508208,1,98.84,1
2026-06-22 12:05:00,24.96,62.620000000000005,26.813333399999998,88.151253,0.0,98.86666720000001,4.8923459000000005,12,0,Monday,0,0.0,-1.6400000000000006,1.8533333999999968,1,-1.8533333999999968,-25.531252999999992,-0.0,24.96,64.26,25.277916666666666,66.73583333333333,0.7817389076264042,1,99.4,1
2026-06-22 12:10:00,24.86,63.9,26.759166399999998,88.549992,0.0,98.7833332,4.768081860000001,12,0,Monday,0,-0.10000000000000142,1.279999999999994,1.8991663999999986,1,-1.8991663999999986,-24.649992000000005,0.10000000000000142,24.96,62.620000000000005,25.41208333333333,65.88166666666666,0.4832158294993481,1,99.6,1
2026-06-22 12:15:00,24.880000000000003,63.64,26.7049994,88.948726,0.0,98.6999996,4.6438179,12,0,Monday,0,0.020000000000003126,-0.259999999999998,1.8249993999999958,1,-1.8249993999999958,-25.308725999999993,-0.020000000000003126,24.86,63.9,25.37875,65.31,0.5063960227116091,1,99.23,1
2026-06-22 12:20:00,24.62,63.9,26.6508332,89.3474654,0.0,98.61666720000001,4.51955374,12,0,Monday,0,-0.26000000000000156,0.259999999999998,2.0308332,1,-2.0308332,-25.447465400000006,0.26000000000000156,24.880000000000003,63.64,25.292083333333334,64.96333333333334,0.5416534380668608,1,99.86,1
2026-06-22 12:25:00,24.8,64.34,26.596666600000002,89.746204,0.0,98.5333332,4.39528982,12,0,Monday,0,0.17999999999999972,0.44000000000000483,1.7966666000000018,1,-1.7966666000000018,-25.406204000000002,-0.17999999999999972,24.62,63.9,25.21291666666667,64.6875,0.5380539780851791,1,98.14,1
2026-06-22 12:30:00,24.68,63.17999999999999,26.5425,90.1449376,0.0,98.4499996,4.2710256200000005,12,0,Monday,0,-0.120000000000001,-1.1600000000000108,1.8625000000000007,1,-1.8625000000000007,-26.964937600000013,0.120000000000001,24.8,64.34,25.111250000000002,64.23583333333333,0.511006693604931,1,99.52,1
2026-06-22 12:35:00,24.8,64.9,26.504583,90.42405500000001,0.0,98.391665,4.184041000000001,12,0,Monday,0,0.120000000000001,1.720000000000013,1.7045829999999995,1,-1.7045829999999995,-25.524055000000004,-0.120000000000001,24.68,63.17999999999999,24.986250000000002,63.969166666666666,0.3527368643259413,1,98.67,1
2026-06-22 12:45:00,24.64,65.06,26.3908334,91.2614036,0.0,98.2166668,3.92308648,12,0,Monday,0,-0.16000000000000014,0.1599999999999966,1.7508334000000012,1,-1.7508334000000012,-26.201403599999992,0.16000000000000014,24.8,64.9,24.879166666666666,63.86583333333334,0.20663795010644545,1,99.47,1
2026-06-22 12:50:00,24.86,63.02,26.336666400000002,91.660136,0.0,98.13333279999999,3.7988224,12,0,Monday,0,0.21999999999999886,-2.039999999999999,1.4766664000000027,1,-1.4766664000000027,-28.64013599999999,-0.21999999999999886,24.64,65.06,24.838333333333335,63.821666666666665,0.144085412379453,1,99.57,1
2026-06-22 12:55:00,24.7,61.67999999999999,26.282500199999998,92.0588756,0.0,98.0500004,3.67455834,12,0,Monday,0,-0.16000000000000014,-1.3400000000000105,1.5825001999999984,1,-1.5825001999999984,-30.3788756,0.16000000000000014,24.86,63.02,24.80333333333333,63.59166666666667,0.11811653208364208,1,99.45,1
2026-06-22 13:00:00,24.62,62.9,26.2383334,92.36247399999999,0.0,97.76666600000001,3.60713772,13,0,Monday,0,-0.0799999999999983,1.220000000000006,1.6183333999999974,1,-1.6183333999999974,-29.462473999999993,0.0799999999999983,24.7,61.67999999999999,24.781666666666666,63.61666666666667,0.12633529222096548,1,99.52,1
2026-06-22 13:05:00,24.66,62.2,26.209166600000003,92.52335980000001,0.0,97.18333279999999,3.62498188,13,0,Monday,0,0.03999999999999915,-0.6999999999999957,1.549166600000003,1,-1.549166600000003,-30.323359800000006,-0.03999999999999915,24.62,62.9,24.756666666666664,63.445,0.11718930554143499,1,99.56,1
2026-06-22 13:10:00,24.6,62.279999999999994,26.179999600000002,92.684244,0.0,96.6000012,3.64282622,13,0,Monday,0,-0.05999999999999872,0.07999999999999119,1.5799996000000007,1,-1.5799996000000007,-30.404244000000013,0.05999999999999872,24.66,62.2,24.72666666666667,63.416666666666664,0.1059445252204786,1,99.5,1
2026-06-22 13:15:00,24.86,63.85999999999999,26.150833,92.8451298,0.0,96.01666600000001,3.6606704999999997,13,0,Monday,0,0.259999999999998,1.5799999999999983,1.2908329999999992,1,-1.2908329999999992,-28.985129800000003,-0.259999999999998,24.6,62.279999999999994,24.72666666666667,63.413333333333334,0.1059445252204786,1,99.55,1
2026-06-22 13:20:00,24.84,62.220000000000006,26.1216664,93.00601320000001,0.0,95.43333279999999,3.6785148,13,0,Monday,0,-0.019999999999999574,-1.6399999999999864,1.2816663999999989,1,-1.2816663999999989,-30.786013200000006,0.019999999999999574,24.86,63.85999999999999,24.723333333333333,63.294999999999995,0.10120486274075145,1,99.6,1
2026-06-22 13:25:00,24.72,61.160000000000004,26.092499600000004,93.166899,0.0,94.8500012,3.6963591800000004,13,0,Monday,0,-0.120000000000001,-1.0600000000000023,1.3724996000000047,1,-1.3724996000000047,-32.006899,0.120000000000001,24.84,62.220000000000006,24.73166666666667,63.06666666666666,0.09590083261849139,1,98.92,1
2026-06-22 13:30:00,24.660000000000004,61.82000000000001,26.063333,93.32778599999999,0.0,94.26666600000001,3.71420336,13,0,Monday,0,-0.05999999999999517,0.6600000000000037,1.4033329999999964,1,-1.4033329999999964,-31.50778599999998,0.05999999999999517,24.72,61.160000000000004,24.72,62.856666666666676,0.09534625892429714,1,99.2,1
2026-06-22 13:35:00,24.78,63.220000000000006,26.034166600000002,93.48867279999999,0.0,93.68333279999999,3.7320477600000004,13,0,Monday,0,0.11999999999999744,1.3999999999999986,1.2541666000000014,1,-1.2541666000000014,-30.268672799999983,-0.11999999999999744,24.660000000000004,61.82000000000001,24.728333333333335,62.86000000000001,0.09590083261849092,1,99.59,1
2026-06-22 13:40:00,24.68,61.94,26.005000000000003,93.649557,0.0,93.1000012,3.749892,13,0,Monday,0,-0.10000000000000142,-1.2800000000000082,1.3250000000000028,1,-1.3250000000000028,-31.709557000000004,0.10000000000000142,24.78,63.220000000000006,24.718333333333334,62.61333333333334,0.0939858145322118,1,99.18,1
2026-06-22 13:45:00,24.48,61.08,25.975833599999998,93.810442,0.0,92.51666600000001,3.76773632,13,0,Monday,0,-0.1999999999999993,-0.8599999999999994,1.4958335999999974,1,-1.4958335999999974,-32.730442,0.1999999999999993,24.68,61.94,24.705,62.281666666666666,0.115088898445525,1,99.59,1
2026-06-22 13:50:00,24.54,62.839999999999996,25.9466662,93.971327,0.0,91.93333279999999,3.78558062,13,0,Monday,0,0.05999999999999872,1.759999999999998,1.4066662,1,-1.4066662,-31.131327000000006,-0.05999999999999872,24.48,61.08,24.67833333333333,62.26666666666666,0.11296285256913258,1,99.51,1
2026-06-22 13:55:00,24.419999999999998,61.04,25.917499600000003,94.1322112,0.0,91.3500012,3.80342488,13,0,Monday,0,-0.120000000000001,-1.7999999999999972,1.4974996000000047,1,-1.4974996000000047,-33.0922112,0.120000000000001,24.54,62.839999999999996,24.655,62.21333333333334,0.13487367827288751,1,98.38,1
2026-06-22 14:00:00,24.36,62.98,25.888333199999998,94.19088,0.0,90.5333332,3.8729937199999993,14,0,Monday,0,-0.05999999999999872,1.9399999999999977,1.5283331999999987,1,-1.5283331999999987,-31.21088000000001,0.05999999999999872,24.419999999999998,61.04,24.633333333333336,62.220000000000006,0.15962076268060177,1,98.67,1
2026-06-22 14:05:00,24.36,61.5,25.8591664,94.0962172,0.0,89.36666720000001,4.02014946,14,0,Monday,0,0.0,-1.4799999999999969,1.4991664,1,-1.4991664,-32.5962172,-0.0,24.36,62.98,24.608333333333334,62.16166666666667,0.1775506756511821,1,98.0,1
2026-06-22 14:10:00,24.18,61.08,25.8299996,94.00155600000001,0.0,88.1999996,4.16730506,14,0,Monday,0,-0.17999999999999972,-0.4200000000000017,1.649999600000001,1,-1.649999600000001,-32.92155600000001,0.17999999999999972,24.36,61.5,24.573333333333334,62.06166666666667,0.21647310701459996,1,98.57,1
2026-06-22 14:15:00,24.240000000000002,62.82000000000001,25.8008326,93.906894,0.0,87.0333332,4.3144607399999995,14,0,Monday,0,0.060000000000002274,1.740000000000009,1.5608325999999977,1,-1.5608325999999977,-31.086893999999987,-0.060000000000002274,24.18,61.08,24.521666666666665,61.975,0.21582119422970367,1,98.33,1
2026-06-22 14:20:00,24.1,61.839999999999996,25.771666399999997,93.8122328,0.0,85.86666720000001,4.46161638,14,0,Monday,0,-0.14000000000000057,-0.9800000000000111,1.6716663999999959,1,-1.6716663999999959,-31.972232800000008,0.14000000000000057,24.240000000000002,62.82000000000001,24.460000000000004,61.94333333333333,0.22222020201089912,1,98.47,1
2026-06-22 14:25:00,24.259999999999998,64.34,25.742499600000002,93.717569,0.0,84.6999996,4.60877208,14,0,Monday,0,0.1599999999999966,2.500000000000007,1.4824996000000041,1,-1.4824996000000041,-29.377568999999994,-0.1599999999999966,24.1,61.839999999999996,24.421666666666667,62.208333333333336,0.2127667666005272,1,96.12,1
2026-06-22 14:30:00,24.18,62.06,25.713332400000002,93.622909,0.0,83.5333332,4.75592774,14,0,Monday,0,-0.0799999999999983,-2.280000000000001,1.5333324000000026,1,-1.5333324000000026,-31.562909000000005,0.0799999999999983,24.259999999999998,64.34,24.38166666666667,62.22833333333333,0.20897295750800496,1,97.51,1
2026-06-22 14:35:00,24.02,62.239999999999995,25.684165999999998,93.5282498,0.0,82.36666720000001,4.9030834,14,0,Monday,0,-0.16000000000000014,0.1799999999999926,1.664165999999998,1,-1.664165999999998,-31.288249800000003,0.16000000000000014,24.18,62.06,24.31833333333333,62.14666666666667,0.1917305558865116,1,97.24,1
2026-06-22 14:40:00,24.2,63.3,25.654999399999998,93.43358620000001,0.0,81.1999996,5.05023908,14,0,Monday,0,0.17999999999999972,1.0600000000000023,1.4549993999999984,1,-1.4549993999999984,-30.13358620000001,-0.17999999999999972,24.02,62.239999999999995,24.278333333333332,62.26,0.15619529345314434,1,96.17,1
2026-06-22 14:45:00,24.04,61.17999999999999,25.6258328,93.3389242,0.0,80.0333332,5.19739476,14,0,Monday,0,-0.16000000000000014,-2.1200000000000045,1.5858328000000022,1,-1.5858328000000022,-32.1589242,0.16000000000000014,24.2,63.3,24.24166666666667,62.268333333333324,0.15619529345314237,1,88.38,1
2026-06-22 14:50:00,23.88,61.379999999999995,25.596666199999998,93.244264,0.0,78.86666720000001,5.3445504800000005,14,0,Monday,0,-0.16000000000000014,0.20000000000000284,1.7166661999999988,0,-1.7166661999999988,-31.864264000000006,0.16000000000000014,24.04,61.17999999999999,24.186666666666667,62.14666666666667,0.1577877362056779,0,30.3,1
2026-06-22 14:55:00,24.48,67.53999999999999,25.5674992,93.149602,0.0,77.6999996,5.49170594,14,0,Monday,0,0.6000000000000014,6.159999999999997,1.0874991999999999,0,-1.0874991999999999,-25.60960200000001,-0.6000000000000014,23.88,61.379999999999995,24.191666666666663,62.68833333333333,0.16656057229238663,0,10.09,1
2026-06-22 15:00:00,24.98,67.17999999999999,25.5516664,92.9030308,0.0,77.36666679999999,5.5764822800000005,15,0,Monday,0,0.5,-0.35999999999999943,0.571666399999998,0,-0.571666399999998,-25.723030800000004,-0.5,24.48,67.53999999999999,24.24333333333333,63.03833333333333,0.2806270036034651,0,0.54,1
2026-06-22 15:05:00,25.16,66.52000000000001,25.5558326,92.4286,0.0,78.2833328,5.5676894599999995,15,0,Monday,0,0.17999999999999972,-0.6599999999999824,0.39583259999999854,0,-0.39583259999999854,-25.908599999999993,-0.17999999999999972,24.98,67.17999999999999,24.310000000000002,63.45666666666667,0.38607582863278395,0,0.95,1
2026-06-22 15:10:00,25.259999999999998,66.0,25.5599994,91.95417,0.0,79.2000004,5.558897,15,0,Monday,0,0.09999999999999787,-0.5200000000000102,0.2999994000000008,0,-0.2999994000000008,-25.954170000000005,-0.09999999999999787,25.16,66.52000000000001,24.400000000000002,63.86666666666667,0.4698162116479372,0,1.0,1
2026-06-22 15:15:00,25.380000000000003,66.16,25.564166399999998,91.479736,0.0,80.11666679999999,5.55010412,15,0,Monday,0,0.12000000000000455,0.1599999999999966,0.18416639999999518,0,-0.18416639999999518,-25.319736000000006,-0.12000000000000455,25.259999999999998,66.0,24.495,64.145,0.5439334852383934,0,1.16,1
2026-06-22 15:20:00,25.52,65.94000000000001,25.568333000000003,91.0053052,0.0,81.0333328,5.54131128,15,0,Monday,0,0.13999999999999702,-0.21999999999998465,0.04833300000000307,0,-0.04833300000000307,-25.065305199999983,-0.13999999999999702,25.380000000000003,66.16,24.61333333333333,64.48666666666666,0.6015938426505903,0,1.16,1
2026-06-22 15:25:00,25.560000000000002,65.74,25.5725002,90.5308752,0.0,81.9500004,5.53251838,15,0,Monday,0,0.0400000000000027,-0.20000000000001705,0.012500199999998074,0,-0.012500199999998074,-24.790875200000002,-0.0400000000000027,25.52,65.94000000000001,24.721666666666664,64.60333333333334,0.6474823034904411,0,16.09,1
2026-06-22 15:30:00,25.7,66.3,25.5766662,90.0564422,0.0,82.86666679999999,5.52372594,15,0,Monday,0,0.13999999999999702,0.5600000000000023,-0.12333380000000105,1,0.12333380000000105,-23.75644220000001,-0.13999999999999702,25.560000000000002,65.74,24.84833333333333,64.95666666666666,0.6797570867373537,1,76.92,1
2026-06-22 15:35:00,25.74,65.9,25.5808332,89.582011,0.0,83.7833328,5.5149330999999995,15,0,Monday,0,0.03999999999999915,-0.3999999999999915,-0.15916679999999772,1,0.15916679999999772,-23.68201099999999,-0.03999999999999915,25.7,66.3,24.991666666666664,65.26166666666667,0.6704928083585733,1,94.7,1
2026-06-22 15:40:00,25.7,65.6,25.585,89.1075822,0.0,84.7000004,5.506140220000001,15,0,Monday,0,-0.03999999999999915,-0.30000000000001137,-0.11499999999999844,1,0.11499999999999844,-23.5075822,0.03999999999999915,25.74,65.9,25.116666666666664,65.45333333333333,0.6489618749599072,1,98.21,1
2026-06-22 15:45:00,25.7,64.96000000000001,25.589166799999997,88.633148,0.0,85.61666679999999,5.49734738,15,0,Monday,0,0.0,-0.6399999999999864,-0.11083320000000185,1,0.11083320000000185,-23.673147999999998,-0.0,25.7,65.6,25.255,65.76833333333333,0.5708128175919305,1,99.42,1
2026-06-22 15:50:00,25.580000000000002,64.8,25.593334,88.1587178,0.0,86.5333328,5.48855498,15,0,Monday,0,-0.11999999999999744,-0.1600000000000108,0.013333999999996848,1,-0.013333999999996848,-23.358717800000008,0.11999999999999744,25.7,64.96000000000001,25.396666666666665,66.05333333333334,0.3763782752239746,1,99.52,1
2026-06-22 15:55:00,25.52,64.64,25.5974998,87.68428779999999,0.0,87.4500004,5.47976204,15,0,Monday,0,-0.060000000000002274,-0.1599999999999966,0.07749980000000178,1,-0.07749980000000178,-23.044287799999992,0.060000000000002274,25.580000000000002,64.8,25.48333333333333,65.81166666666667,0.24178628178739825,1,99.49,1
2026-06-22 16:00:00,25.54,65.34,25.591666800000002,87.3378108,0.0,88.4,5.49324956,16,0,Monday,0,0.019999999999999574,0.7000000000000028,0.05166680000000312,1,-0.05166680000000312,-21.997810799999996,-0.019999999999999574,25.52,64.64,25.53,65.65833333333333,0.18260737812428124,1,99.28,1
2026-06-22 16:05:00,25.5,64.46000000000001,25.5708334,87.18327,0.0,89.4,5.54015766,16,0,Monday,0,-0.03999999999999915,-0.8799999999999955,0.07083340000000149,1,-0.07083340000000149,-22.723269999999985,0.03999999999999915,25.54,65.34,25.558333333333334,65.48666666666666,0.14179584128609238,1,99.49,1
2026-06-22 16:10:00,25.46,64.53999999999999,25.5500008,87.0287292,0.0,90.4,5.58706576,16,0,Monday,0,-0.03999999999999915,0.07999999999998408,0.09000079999999855,1,-0.09000079999999855,-22.48872920000001,0.03999999999999915,25.5,64.46000000000001,25.575,65.365,0.11220922016875139,1,99.55,1
2026-06-22 16:15:00,25.6,66.36,25.529166800000002,86.874189,0.0,91.4,5.63397376,16,0,Monday,0,0.14000000000000057,1.8200000000000074,-0.07083319999999915,1,0.07083319999999915,-20.514189000000002,-0.14000000000000057,25.46,64.53999999999999,25.593333333333334,65.38166666666667,0.09393743888467981,1,97.8,1
2026-06-22 16:20:00,25.54,65.2,25.5083334,86.7196472,0.0,92.4,5.68088174,16,0,Monday,0,-0.060000000000002274,-1.1599999999999966,-0.03166659999999766,1,0.03166659999999766,-21.519647199999994,0.060000000000002274,25.6,66.36,25.595000000000002,65.32000000000001,0.09268715709783992,1,98.54,1
2026-06-22 16:25:00,25.419999999999998,65.08,25.4875008,86.5651062,0.0,93.4,5.72778992,16,0,Monday,0,-0.120000000000001,-0.12000000000000455,0.06750080000000125,1,-0.06750080000000125,-21.485106200000004,0.120000000000001,25.54,65.2,25.583333333333332,65.265,0.10542841891597372,1,99.34,1
2026-06-22 16:30:00,25.580000000000002,67.22,25.466666800000002,86.4105658,0.0,94.4,5.77469802,16,0,Monday,0,0.1600000000000037,2.1400000000000006,-0.11333319999999958,1,0.11333319999999958,-19.1905658,-0.1600000000000037,25.419999999999998,65.08,25.573333333333334,65.34166666666667,0.09884177745097167,1,97.67,1
2026-06-22 16:35:00,25.3,64.3,25.4458334,86.2560248,0.0,95.4,5.8216059,16,0,Monday,0,-0.28000000000000114,-2.9200000000000017,0.14583340000000078,1,-0.14583340000000078,-21.95602480000001,0.28000000000000114,25.580000000000002,67.22,25.536666666666665,65.20833333333333,0.1121146599230759,1,99.74,1
2026-06-22 16:40:00,25.04,64.38,25.4250008,86.101483,0.0,96.4,5.86851406,16,0,Monday,0,-0.26000000000000156,0.0799999999999983,0.38500080000000025,1,-0.38500080000000025,-21.721483000000006,0.26000000000000156,25.3,64.3,25.48166666666667,65.10666666666667,0.17108388869109348,1,99.84,1
2026-06-22 16:45:00,25.0,64.32000000000001,25.404166800000002,85.9469418,0.0,97.4,5.91542218,16,0,Monday,0,-0.03999999999999915,-0.05999999999998806,0.40416680000000227,1,-0.40416680000000227,-21.626941799999997,0.03999999999999915,25.04,64.38,25.423333333333332,65.05333333333333,0.2057064693078963,1,99.36,1
2026-06-22 16:50:00,24.72,62.839999999999996,25.3833334,85.7924008,0.0,98.4,5.96233018,16,0,Monday,0,-0.28000000000000114,-1.480000000000011,0.6633334000000026,1,-0.6633334000000026,-22.9524008,0.28000000000000114,25.0,64.32000000000001,25.35166666666667,64.89,0.28187145146588233,1,99.72,1
2026-06-22 16:55:00,24.740000000000002,64.94000000000001,25.3625008,85.63786,0.0,99.4,6.0092382,16,0,Monday,0,0.020000000000003126,2.1000000000000156,0.6225007999999974,1,-0.6225007999999974,-20.69785999999999,-0.020000000000003126,24.72,62.839999999999996,25.286666666666665,64.915,0.3260042758596195,1,97.6,1
2026-06-22 17:00:00,24.619999999999997,63.32000000000001,25.3750002,85.38002,0.0,100.0,6.0669616,17,0,Monday,0,-0.12000000000000455,-1.6200000000000045,0.7550002000000013,1,-0.7550002000000013,-22.060019999999994,0.12000000000000455,24.740000000000002,64.94000000000001,25.209999999999997,64.74666666666667,0.3666556472172904,1,98.31,1
2026-06-22 17:05:00,24.560000000000002,64.8,25.4375002,84.9672328,0.0,100.0,6.14090784,17,0,Monday,0,-0.05999999999999517,1.4799999999999898,0.8775001999999965,1,-0.8775001999999965,-20.167232800000008,0.05999999999999517,24.619999999999997,63.32000000000001,25.131666666666664,64.77499999999999,0.39812819619567985,1,98.4,1
2026-06-22 17:10:00,24.5,63.379999999999995,25.5000002,84.5544372,0.0,100.0,6.2148540400000005,17,0,Monday,0,-0.060000000000002274,-1.4200000000000017,1.0000001999999988,1,-1.0000001999999988,-21.1744372,0.060000000000002274,24.560000000000002,64.8,25.051666666666666,64.67833333333334,0.4218968709257436,1,98.05,1
2026-06-22 17:15:00,24.439999999999998,64.41999999999999,25.5625002,84.141647,0.0,100.0,6.2888003,17,0,Monday,0,-0.060000000000002274,1.039999999999992,1.122500200000001,1,-1.122500200000001,-19.72164700000002,0.060000000000002274,24.5,63.379999999999995,24.955,64.51666666666667,0.41771020837631007,1,91.9,1
2026-06-22 17:20:00,24.740000000000002,64.38,25.6250002,83.7288588,0.0,100.0,6.36274654,17,0,Monday,0,0.30000000000000426,-0.03999999999999204,0.8850001999999968,0,-0.8850001999999968,-19.348858800000002,-0.30000000000000426,24.439999999999998,64.41999999999999,24.888333333333332,64.44833333333334,0.3777886213535333,0,6.33,1
2026-06-22 17:25:00,25.78,63.260000000000005,25.6875002,83.31607019999998,0.0,100.0,6.436692740000001,17,0,Monday,0,1.0399999999999991,-1.1199999999999903,-0.09249980000000235,0,0.09249980000000235,-20.05607019999998,-1.0399999999999991,24.740000000000002,64.38,24.918333333333337,64.29666666666667,0.43396341138879957,0,4.62,1
2026-06-22 17:30:00,26.560000000000002,62.17999999999999,25.7500002,82.903275,0.0,100.0,6.51063896,17,0,Monday,0,0.7800000000000011,-1.0800000000000125,-0.8099998000000035,0,0.8099998000000035,-20.723275,-0.7800000000000011,25.78,63.260000000000005,25.0,63.876666666666665,0.6214938016219551,0,2.63,1
2026-06-22 17:35:00,27.18,63.4,25.8125002,82.490486,0.0,100.0,6.58458526,17,0,Monday,0,0.6199999999999974,1.220000000000006,-1.367499800000001,0,1.367499800000001,-19.090486000000006,-0.6199999999999974,26.560000000000002,62.17999999999999,25.156666666666666,63.801666666666655,0.8850612031567655,0,2.87,1
2026-06-22 17:40:00,27.619999999999997,66.58,25.8750002,82.077697,0.0,100.0,6.65853154,17,0,Monday,0,0.4399999999999977,3.1799999999999997,-1.7449997999999987,0,1.7449997999999987,-15.497697000000002,-0.4399999999999977,27.18,63.4,25.371666666666666,63.98499999999999,1.1328309938406669,0,1.34,1
2026-06-22 17:45:00,28.0,70.32000000000001,25.9375002,81.6649098,0.0,100.0,6.73247774,17,0,Monday,0,0.38000000000000256,3.740000000000009,-2.062499800000001,0,2.062499800000001,-11.344909799999996,-0.38000000000000256,27.619999999999997,66.58,25.621666666666666,64.485,1.3529888350902113,0,0.35,1
2026-06-22 17:50:00,28.28,71.76,26.0000002,81.2521152,0.0,100.0,6.80642392,17,0,Monday,0,0.28000000000000114,1.4399999999999977,-2.2799998000000024,0,2.2799998000000024,-9.4921152,-0.28000000000000114,28.0,70.32000000000001,25.918333333333337,65.22833333333334,1.5175927908328588,0,0.52,1
2026-06-22 17:55:00,28.52,71.88,26.0625002,80.839325,0.0,100.0,6.88037024,17,0,Monday,0,0.23999999999999844,0.11999999999999034,-2.457499800000001,0,2.457499800000001,-8.959325000000007,-0.23999999999999844,28.28,71.76,26.233333333333334,65.80666666666666,1.6382769958561678,0,0.52,1
2026-06-22 18:00:00,28.74,71.94,26.088333799999997,80.64790400000001,0.0,100.0,6.893362600000001,18,0,Monday,0,0.21999999999999886,0.060000000000002274,-2.651666200000001,0,2.651666200000001,-8.707904000000013,-0.21999999999999886,28.52,71.88,26.576666666666668,66.52499999999999,1.699985739690636,0,0.6,1
2026-06-22 18:05:00,28.98,72.2,26.059166800000003,80.7885428,0.0,100.0,6.8149241599999995,18,0,Monday,0,0.240000000000002,0.2600000000000051,-2.920833199999997,0,2.920833199999997,-8.588542799999999,-0.240000000000002,28.74,71.94,26.945000000000004,67.14166666666667,1.702151045535676,0,0.55,1
2026-06-22 18:10:00,29.139999999999997,72.16,26.03,80.9291816,0.0,100.0,6.73648558,18,0,Monday,0,0.1599999999999966,-0.04000000000000625,-3.109999999999996,0,3.109999999999996,-8.76918160000001,-0.1599999999999966,28.98,72.2,27.331666666666667,67.87333333333332,1.6213453074717388,0,0.87,1
2026-06-22 18:15:00,29.3,71.67999999999999,26.0008332,81.0698204,0.0,100.0,6.658047260000001,18,0,Monday,0,0.1600000000000037,-0.480000000000004,-3.299166800000002,0,3.299166800000002,-9.389820400000005,-0.1600000000000037,29.139999999999997,72.16,27.736666666666668,68.47833333333334,1.4289432416575603,0,0.78,1
2026-06-22 18:20:00,29.439999999999998,71.64,25.971667000000004,81.2104602,0.0,100.0,6.579608840000001,18,0,Monday,0,0.13999999999999702,-0.03999999999999204,-3.468332999999994,0,3.468332999999994,-9.5704602,-0.13999999999999702,29.3,71.67999999999999,28.128333333333334,69.08333333333333,1.1497496433677552,0,0.29,1
2026-06-22 18:25:00,29.560000000000002,71.38,25.9425002,81.35109800000001,0.0,100.0,6.5011702200000006,18,0,Monday,0,0.12000000000000455,-0.2600000000000051,-3.617499800000001,0,3.617499800000001,-9.971098000000012,-0.12000000000000455,29.439999999999998,71.64,28.44333333333333,69.76,0.9479867023744767,0,0.14,1
2026-06-22 18:30:00,29.660000000000004,71.26,25.913333599999998,81.491734,0.0,100.0,6.42273204,18,0,Monday,0,0.10000000000000142,-0.11999999999999034,-3.746666400000006,0,3.746666400000006,-10.231733999999989,-0.10000000000000142,29.560000000000002,71.38,28.701666666666664,70.51666666666667,0.7987471250007886,0,0.14,1
2026-06-22 18:35:00,29.7,71.1,25.884167,81.632372,0.0,100.0,6.34429346,18,0,Monday,0,0.039999999999995595,-0.1600000000000108,-3.815832999999998,0,3.815832999999998,-10.53237200000001,-0.039999999999995595,29.660000000000004,71.26,28.911666666666672,71.15833333333335,0.6855632499609581,0,0.17,1
2026-06-22 18:40:00,29.8,70.67999999999999,25.8550004,81.773008,0.0,100.0,6.265855,18,0,Monday,0,0.10000000000000142,-0.4200000000000017,-3.944999599999999,0,3.944999599999999,-11.093008000000012,-0.10000000000000142,29.7,71.1,29.093333333333334,71.5,0.595029920307098,0,0.12,1
2026-06-22 18:45:00,29.880000000000003,70.56,25.8258336,81.913644,0.0,100.0,6.18741662,18,0,Monday,0,0.08000000000000185,-0.11999999999999034,-4.054166400000003,0,4.054166400000003,-11.353644000000003,-0.08000000000000185,29.8,70.67999999999999,29.25,71.52,0.5242830602573352,0,0.12,1
2026-06-22 18:50:00,29.919999999999998,70.9,25.796666799999997,82.054282,0.0,100.0,6.1089782,18,0,Monday,0,0.039999999999995595,0.3400000000000034,-4.123333200000001,0,4.123333200000001,-11.154281999999995,-0.039999999999995595,29.880000000000003,70.56,29.386666666666667,71.44833333333334,0.45800621935708424,0,0.14,1
2026-06-22 18:55:00,30.0,71.0,25.767500000000002,82.1949206,0.0,100.0,6.0305396,18,0,Monday,0,0.08000000000000185,0.09999999999999432,-4.232499999999998,0,4.232499999999998,-11.194920600000003,-0.08000000000000185,29.919999999999998,70.9,29.51,71.375,0.39886201760882717,0,0.1,1
2026-06-22 19:00:00,30.0,71.36,25.744999999999997,82.329135,0.0,99.86666679999999,5.928526580000001,19,0,Monday,0,0.0,0.35999999999999943,-4.255000000000003,0,4.255000000000003,-10.969134999999994,-0.0,30.0,71.0,29.615,71.32666666666667,0.339103095077273,0,0.11,1
2026-06-22 19:05:00,30.1,71.4,25.732499999999998,82.453709,0.0,99.5333328,5.7911513,19,0,Monday,0,0.10000000000000142,0.04000000000000625,-4.367500000000003,0,4.367500000000003,-11.053708999999998,-0.10000000000000142,30.0,71.36,29.708333333333332,71.26,0.30035837180812897,0,0.09,1
2026-06-22 19:10:00,30.1,71.5,25.72,82.578288,0.0,99.2000004,5.65377614,19,0,Monday,0,0.0,0.09999999999999432,-4.380000000000003,0,4.380000000000003,-11.078288,-0.0,30.1,71.4,29.78833333333333,71.205,0.26041342422239183,0,0.11,1
2026-06-22 19:15:00,30.1,71.72,25.7075002,82.7028624,0.0,98.86666679999999,5.516401,19,0,Monday,0,0.0,0.21999999999999886,-4.392499800000003,0,4.392499800000003,-10.982862400000002,-0.0,30.1,71.5,29.855,71.20833333333333,0.22387090435843338,0,0.11,1
2026-06-22 19:20:00,30.139999999999997,71.74,25.6950002,82.8274384,0.0,98.5333328,5.3790258,19,0,Monday,0,0.039999999999995595,0.01999999999999602,-4.444999799999998,0,4.444999799999998,-11.08743840000001,-0.039999999999995595,30.1,71.72,29.91333333333333,71.21666666666665,0.1952775802118993,0,0.11,1
2026-06-22 19:25:00,30.2,71.9,25.682499999999997,82.95201399999999,0.0,98.2000004,5.24165062,19,0,Monday,0,0.060000000000002274,0.1600000000000108,-4.517500000000002,0,4.517500000000002,-11.052013999999986,-0.060000000000002274,30.139999999999997,71.74,29.966666666666665,71.26,0.17649791826420347,0,0.11,1
2026-06-22 19:30:00,30.2,72.0,25.669999999999998,83.0765916,0.0,97.86666679999999,5.10427538,19,0,Monday,0,0.0,0.09999999999999432,-4.530000000000001,0,4.530000000000001,-11.0765916,-0.0,30.2,71.9,30.01166666666667,71.32166666666667,0.159193040810543,0,0.09,1
2026-06-22 19:35:00,30.2,72.34,25.6575,83.2011676,0.0,97.5333328,4.9669000599999995,19,0,Monday,0,0.0,0.3400000000000034,-4.5425,0,4.5425,-10.861167600000002,-0.0,30.2,72.0,30.053333333333338,71.425,0.13357553759018723,0,0.08,1
2026-06-22 19:40:00,30.2,72.44,25.6450002,83.325742,0.0,97.2000004,4.8295249600000005,19,0,Monday,0,0.0,0.09999999999999432,-4.554999800000001,0,4.554999800000001,-10.885742000000008,-0.0,30.2,72.34,30.08666666666667,71.57166666666667,0.11292260691110007,0,0.08,1
2026-06-22 19:45:00,30.22,72.6,25.6325002,83.45031800000001,0.0,96.86666679999999,4.69214988,19,0,Monday,0,0.019999999999999574,0.1599999999999966,-4.5874998,0,4.5874998,-10.850318000000016,-0.019999999999999574,30.2,72.44,30.115,71.74166666666667,0.09802597058522247,0,0.08,1
2026-06-22 19:50:00,30.28,72.56,25.619999999999997,83.574895,0.0,96.5333328,4.55477456,19,0,Monday,0,0.060000000000002274,-0.03999999999999204,-4.660000000000004,0,4.660000000000004,-11.014894999999996,-0.060000000000002274,30.22,72.6,30.145,71.88,0.08743828992803386,0,0.08,1
2026-06-22 19:55:00,30.339999999999996,72.97999999999999,25.607500199999997,83.69946999999999,0.0,96.2000004,4.41739936,19,0,Monday,0,0.05999999999999517,0.4199999999999875,-4.732499799999999,0,4.732499799999999,-10.719470000000001,-0.05999999999999517,30.28,72.56,30.173333333333332,72.045,0.09118745261951482,0,0.08,1
2026-06-22 20:00:00,30.419999999999998,73.12,25.585000200000003,83.8761492,0.0,95.5333332,4.28439008,20,0,Monday,0,0.08000000000000185,0.14000000000001478,-4.834999799999995,0,4.834999799999995,-10.756149199999996,-0.08000000000000185,30.339999999999996,72.97999999999999,30.208333333333332,72.19166666666668,0.09888775393785201,0,0.1,0
2026-06-22 20:05:00,30.5,73.32000000000001,25.547500199999998,84.13098219999999,0.0,94.36666720000001,4.157929279999999,20,0,Monday,0,0.08000000000000185,0.20000000000000284,-4.952499800000002,0,4.952499800000002,-10.810982199999984,-0.08000000000000185,30.419999999999998,73.12,30.241666666666664,72.35166666666667,0.12342339054417253,0,0.05,0
2026-06-22 20:10:00,30.560000000000002,73.3,25.509999999999998,84.38581400000001,0.0,93.1999996,4.03146858,20,0,Monday,0,0.060000000000002274,-0.020000000000010232,-5.050000000000004,0,5.050000000000004,-11.085814000000013,-0.060000000000002274,30.5,73.32000000000001,30.28,72.50166666666667,0.14497648712211517,0,0.08,0
2026-06-22 20:15:00,30.6,73.36,25.4725,84.64064599999999,0.0,92.0333332,3.9050078399999997,20,0,Monday,0,0.03999999999999915,0.060000000000002274,-5.127500000000001,0,5.127500000000001,-11.28064599999999,-0.03999999999999915,30.560000000000002,73.3,30.32166666666667,72.63833333333334,0.1596492367284189,0,0.07,0
2026-06-22 20:20:00,30.619999999999997,73.58,25.435000199999998,84.89547999999999,0.0,90.86666720000001,3.7785470599999997,20,0,Monday,0,0.01999999999999602,0.21999999999999886,-5.1849998,0,5.1849998,-11.315479999999994,-0.01999999999999602,30.6,73.36,30.361666666666668,72.79166666666667,0.16980380835959424,0,0.08,0
2026-06-22 20:25:00,30.68,73.76,25.3975,85.1503108,0.0,89.6999996,3.65208626,20,0,Monday,0,0.060000000000002274,0.18000000000000682,-5.282499999999999,0,5.282499999999999,-11.390310799999995,-0.060000000000002274,30.619999999999997,73.58,30.401666666666667,72.94666666666666,0.18418534801751066,0,0.1,0
2026-06-22 20:30:00,30.439999999999998,75.54,25.36,85.40514399999999,0.0,88.5333332,3.5256257,20,0,Monday,0,-0.240000000000002,1.7800000000000011,-5.079999999999998,1,5.079999999999998,-9.865143999999987,0.240000000000002,30.68,73.76,30.421666666666663,73.24166666666666,0.17298624923482137,1,84.79,0
2026-06-22 20:35:00,29.5,70.78,25.3224998,85.6599758,0.0,87.36666720000001,3.3991649199999996,20,0,Monday,0,-0.9399999999999977,-4.760000000000005,-4.177500200000001,1,4.177500200000001,-14.879975799999997,0.9399999999999977,30.439999999999998,75.54,30.36333333333333,73.11166666666666,0.3145944960894665,1,96.55,0
2026-06-22 20:40:00,28.52,66.7,25.285,85.91480899999999,0.0,86.1999996,3.27270412,20,0,Monday,0,-0.9800000000000004,-4.079999999999998,-3.2349999999999994,1,3.2349999999999994,-19.21480899999999,0.9800000000000004,29.5,70.78,30.223333333333333,72.63333333333334,0.6197262347687832,1,97.11,0
2026-06-22 20:45:00,27.72,64.02000000000001,25.2475,86.1696422,0.0,85.0333332,3.1462433400000003,20,0,Monday,0,-0.8000000000000007,-2.6799999999999926,-2.4725,1,2.4725,-22.149642199999988,0.8000000000000007,28.52,66.7,30.015,71.91833333333334,0.9520551932052977,1,98.92,0
2026-06-22 20:50:00,27.119999999999997,62.239999999999995,25.2099998,86.424474,0.0,83.86666720000001,3.01978276,20,0,Monday,0,-0.6000000000000014,-1.7800000000000153,-1.910000199999999,1,1.910000199999999,-24.18447400000001,0.6000000000000014,27.72,64.02000000000001,29.751666666666665,71.05833333333334,1.2594792093512162,1,99.41,0
2026-06-22 20:55:00,26.639999999999997,61.3,25.1724998,86.6793072,0.0,82.6999996,2.89332198,20,0,Monday,0,-0.4800000000000004,-0.9399999999999977,-1.4675001999999964,1,1.4675001999999964,-25.3793072,0.4800000000000004,27.119999999999997,62.239999999999995,29.44333333333333,70.085,1.526870437638184,1,99.81,0
2026-06-22 21:00:00,26.380000000000003,62.58,25.141665999999997,86.875663,0.0,81.8,2.80688532,21,0,Monday,0,-0.25999999999999446,1.2800000000000011,-1.2383340000000054,1,1.2383340000000054,-24.295663000000005,0.25999999999999446,26.639999999999997,61.3,29.106666666666666,69.20666666666666,1.7245464928672378,1,99.76,0
2026-06-22 21:05:00,26.0,61.720000000000006,25.120832999999998,86.984307,0.0,81.3,2.78048486,21,0,Monday,0,-0.38000000000000256,-0.8599999999999923,-0.8791670000000025,1,0.8791670000000025,-25.264306999999995,0.38000000000000256,26.380000000000003,62.58,28.731666666666666,68.24000000000001,1.8765821607541435,1,99.75,0
2026-06-22 21:10:00,25.839999999999996,62.620000000000005,25.1,87.092957,0.0,80.8,2.7540844200000003,21,0,Monday,0,-0.1600000000000037,0.8999999999999986,-0.7399999999999949,1,0.7399999999999949,-24.472956999999994,0.1600000000000037,26.0,61.720000000000006,28.338333333333335,67.35000000000001,1.9516791527173718,1,98.72,0
2026-06-22 21:15:00,25.54,62.4,25.079165999999997,87.2015992,0.0,80.3,2.7276838999999997,21,0,Monday,0,-0.29999999999999716,-0.22000000000000597,-0.46083400000000196,1,0.46083400000000196,-24.801599200000005,0.29999999999999716,25.839999999999996,62.620000000000005,27.91666666666666,66.43666666666667,1.9651848552112332,1,99.75,0
2026-06-22 21:20:00,25.48,62.98,25.058332999999998,87.31024099999999,0.0,79.8,2.70128346,21,0,Monday,0,-0.05999999999999872,0.5799999999999983,-0.4216670000000029,1,0.4216670000000029,-24.330240999999994,0.05999999999999872,25.54,62.4,27.488333333333333,65.55333333333334,1.8807437278101047,1,98.15,0
2026-06-22 21:25:00,25.3,63.620000000000005,25.0375,87.418884,0.0,79.3,2.6748830200000002,21,0,Monday,0,-0.17999999999999972,0.6400000000000077,-0.2624999999999993,1,0.2624999999999993,-23.798884,0.17999999999999972,25.48,62.98,27.040000000000003,64.70833333333334,1.681427964558719,1,97.15,0
2026-06-22 21:30:00,25.28,63.36,25.016665999999997,87.527532,0.0,78.8,2.64848256,21,0,Monday,0,-0.019999999999999574,-0.2600000000000051,-0.26333400000000395,0,0.26333400000000395,-24.167531999999994,0.019999999999999574,25.3,63.620000000000005,26.61,63.693333333333335,1.3624176372103731,0,4.23,0
2026-06-22 21:35:00,25.12,64.44,24.995832999999998,87.636178,0.0,78.3,2.62208212,21,0,Monday,0,-0.16000000000000014,1.0799999999999983,-0.12416700000000347,0,0.12416700000000347,-23.196178000000003,0.16000000000000014,25.28,63.36,26.245,63.165,1.0739603852521686,0,5.65,0
2026-06-22 21:40:00,25.080000000000002,63.2,24.975,87.74482,0.0,77.8,2.59568158,21,0,Monday,0,-0.03999999999999915,-1.2399999999999949,-0.10500000000000043,0,0.10500000000000043,-24.54482,0.03999999999999915,25.12,64.44,25.958333333333332,62.873333333333335,0.8465312466266258,0,4.23,0
2026-06-22 21:45:00,25.04,65.0,24.954165999999997,87.853461,0.0,77.3,2.56928104,21,0,Monday,0,-0.0400000000000027,1.7999999999999972,-0.08583400000000196,0,0.08583400000000196,-22.853460999999996,0.0400000000000027,25.080000000000002,63.2,25.735,62.955000000000005,0.6758227309261231,0,2.34,0
2026-06-22 21:50:00,24.9,63.9,24.933332999999998,87.9621118,0.0,76.8,2.54288068,21,0,Monday,0,-0.14000000000000057,-1.1000000000000014,0.03333299999999895,0,-0.03333299999999895,-24.062111800000004,0.14000000000000057,25.04,65.0,25.55,63.093333333333334,0.5553377350766663,0,2.38,0
2026-06-22 21:55:00,24.86,65.78,24.9125,88.07075499999999,0.0,76.3,2.51648022,21,0,Monday,0,-0.03999999999999915,1.8800000000000026,0.05250000000000199,0,-0.05250000000000199,-22.29075499999999,0.03999999999999915,24.9,63.9,25.401666666666667,63.46666666666667,0.46868933950942465,0,1.41,0
2026-06-22 22:00:00,24.72,64.2,24.896666399999997,88.15353,0.00666666688,74.4,2.45523264,22,0,Monday,0,-0.14000000000000057,-1.5799999999999983,0.17666639999999845,0,-0.17666639999999845,-23.95353,0.14000000000000057,24.86,65.78,25.263333333333335,63.60166666666667,0.3924592239001739,0,2.15,0
2026-06-22 22:05:00,24.72,65.67999999999999,24.888332600000002,88.197498,0.0233333338,70.4,2.34171422,22,0,Monday,0,0.0,1.4799999999999898,0.16833260000000294,0,-0.16833260000000294,-22.517498000000003,-0.0,24.72,64.2,25.156666666666666,63.931666666666665,0.3451306296393245,0,0.95,0
2026-06-22 22:10:00,24.62,64.34,24.879999599999998,88.2414672,0.040000001,66.4,2.22819594,22,0,Monday,0,-0.09999999999999787,-1.3399999999999892,0.2599995999999969,0,-0.2599995999999969,-23.9014672,0.09999999999999787,24.72,65.67999999999999,25.054999999999996,64.075,0.3026098598407087,0,0.91,0
2026-06-22 22:15:00,24.64,65.8,24.871665999999998,88.2854368,0.056666667399999995,62.4,2.11467758,22,0,Monday,0,0.019999999999999574,1.4599999999999937,0.23166599999999704,0,-0.23166599999999704,-22.485436800000002,-0.019999999999999574,24.62,64.34,24.980000000000004,64.35833333333333,0.282327984636978,0,0.73,0
2026-06-22 22:20:00,24.5,64.5,24.863333,88.32940599999999,0.073333336,58.4,2.0011591799999997,22,0,Monday,0,-0.14000000000000057,-1.2999999999999972,0.3633330000000008,0,-0.3633330000000008,-23.82940599999999,0.14000000000000057,24.64,65.8,24.898333333333337,64.485,0.26580352734981233,0,0.79,0
2026-06-22 22:25:00,24.580000000000002,65.92,24.8549998,88.373375,0.0900000012,54.4,1.8876408999999998,22,0,Monday,0,0.08000000000000185,1.4200000000000017,0.2749997999999998,0,-0.2749997999999998,-22.453374999999994,-0.08000000000000185,24.5,64.5,24.838333333333335,64.67666666666666,0.24752716410484057,0,0.57,0
2026-06-22 22:30:00,24.4,65.26,24.8466658,88.41734679999999,0.10666666799999999,50.4,1.77412254,22,0,Monday,0,-0.18000000000000327,-0.6599999999999966,0.44666580000000167,0,-0.44666580000000167,-23.157346799999985,0.18000000000000327,24.580000000000002,65.92,24.765,64.835,0.23481133626052242,0,2.25,0
2026-06-22 22:35:00,24.46,66.44,24.8383328,88.4613142,0.123333336,46.4,1.66060424,22,0,Monday,0,0.060000000000002274,1.1799999999999926,0.378332799999999,0,-0.378332799999999,-22.021314200000006,-0.060000000000002274,24.4,65.26,24.710000000000004,65.00166666666667,0.2209895102407636,0,0.88,0
2026-06-22 22:40:00,24.4,65.7,24.8299996,88.505284,0.140000004,42.4,1.54708588,22,0,Monday,0,-0.060000000000002274,-0.7399999999999949,0.42999960000000215,0,-0.42999960000000215,-22.805284,0.060000000000002274,24.46,66.44,24.653333333333332,65.21,0.20402020102022173,0,0.66,0
2026-06-22 22:45:00,24.48,66.22,24.8216662,88.54925180000001,0.15666667,38.4,1.43356752,22,0,Monday,0,0.08000000000000185,0.519999999999996,0.3416661999999988,0,-0.3416661999999988,-22.32925180000001,-0.08000000000000185,24.4,65.7,24.60666666666667,65.31166666666667,0.16848702854513267,0,1.06,0
2026-06-22 22:50:00,24.32,65.97999999999999,24.813333,88.59322399999999,0.173333332,34.4,1.32004922,22,0,Monday,0,-0.16000000000000014,-0.2400000000000091,0.4933329999999998,0,-0.4933329999999998,-22.613224000000002,0.16000000000000014,24.48,66.22,24.558333333333334,65.485,0.15964923672842468,0,0.84,0
2026-06-22 22:55:00,24.3,65.85999999999999,24.8049988,88.6371922,0.190000004,30.4,1.20653086,22,0,Monday,0,-0.019999999999999574,-0.12000000000000455,0.5049987999999992,0,-0.5049987999999992,-22.777192200000016,0.019999999999999574,24.32,65.97999999999999,24.51166666666667,65.49166666666666,0.14458928247332312,0,0.61,0
2026-06-22 23:00:00,24.22,66.16,24.8149992,88.7461088,0.193333336,30.1,1.1863794200000002,23,0,Monday,0,-0.08000000000000185,0.30000000000001137,0.5949992000000002,0,-0.5949992000000002,-22.586108800000005,0.08000000000000185,24.3,65.85999999999999,24.47,65.65499999999999,0.1509966887057126,0,1.01,0
2026-06-22 23:05:00,24.28,65.86,24.852499599999998,88.95243719999999,0.176666666,35.35,1.30627848,23,0,Monday,0,0.060000000000002274,-0.29999999999999716,0.5724995999999969,0,-0.5724995999999969,-23.092437199999992,-0.060000000000002274,24.22,66.16,24.433333333333337,65.67,0.13759844960399473,0,0.49,0
2026-06-22 23:10:00,24.2,66.53999999999999,24.889999800000002,89.158772,0.160000004,40.6,1.4261774,23,0,Monday,0,-0.08000000000000185,0.6799999999999926,0.6899998000000025,0,-0.6899998000000025,-22.618772000000007,0.08000000000000185,24.28,65.86,24.398333333333337,65.85333333333332,0.1392077148683844,0,0.99,0
2026-06-22 23:15:00,24.259999999999998,66.0,24.927499599999997,89.365105,0.143333336,45.85,1.5460763800000001,23,0,Monday,0,0.05999999999999872,-0.539999999999992,0.6674995999999993,0,-0.6674995999999993,-23.365105,-0.05999999999999872,24.2,66.53999999999999,24.366666666666664,65.86999999999999,0.12130602423309735,0,0.52,0
2026-06-22 23:20:00,24.759999999999998,65.74,24.964999799999998,89.5714376,0.12666667,51.1,1.66597532,23,0,Monday,0,0.5,-0.2600000000000051,0.2049997999999995,0,-0.2049997999999995,-23.8314376,-0.5,24.259999999999998,66.0,24.388333333333332,65.97333333333333,0.16325291774300502,0,0.5,0
2026-06-22 23:25:00,25.76,67.64,25.0024996,89.7777712,0.110000002,56.35,1.78587436,23,0,Monday,0,1.0000000000000036,1.9000000000000057,-0.7575004000000014,0,0.7575004000000014,-22.137771200000003,-1.0000000000000036,24.759999999999998,65.74,24.486666666666665,66.11666666666666,0.4287260904192218,0,1.0,0
2026-06-22 23:30:00,26.4,68.96000000000001,25.039999799999997,89.9841002,0.093333334,61.6,1.90577328,23,0,Monday,0,0.639999999999997,1.3200000000000074,-1.3600002000000018,0,1.3600002000000018,-21.024100199999992,-0.639999999999997,25.76,67.64,24.653333333333336,66.425,0.696867449680592,0,2.33,0
2026-06-22 23:35:00,26.839999999999996,69.6,25.077499800000002,90.1904358,0.07666666920000001,66.85,2.0256722199999997,23,0,Monday,0,0.4399999999999977,0.6399999999999864,-1.7625001999999945,0,1.7625001999999945,-20.59043580000001,-0.4399999999999977,26.4,68.96000000000001,24.851666666666663,66.68833333333333,0.9348780507087862,0,3.57,0
2026-06-22 23:40:00,27.160000000000004,70.0,25.115000000000002,90.3967668,0.0600000014,72.1,2.14557128,23,0,Monday,0,0.3200000000000074,0.4000000000000057,-2.0450000000000017,0,2.0450000000000017,-20.396766799999995,-0.3200000000000074,26.839999999999996,69.6,25.081666666666667,67.04666666666667,1.132317280731208,0,0.56,0
2026-06-22 23:45:00,27.419999999999998,70.38000000000001,25.1525,90.60310000000001,0.043333334,77.35,2.26547024,23,0,Monday,0,0.25999999999999446,0.38000000000000966,-2.2674999999999983,0,2.2674999999999983,-20.223100000000002,-0.25999999999999446,27.160000000000004,70.0,25.326666666666664,67.39333333333333,1.2964660591100474,0,0.73,0
2026-06-22 23:50:00,27.660000000000004,70.72,25.189999800000002,90.8094332,0.0266666672,82.6,2.3853692200000003,23,0,Monday,0,0.24000000000000554,0.3399999999999892,-2.470000200000001,0,2.470000200000001,-20.089433200000002,-0.24000000000000554,27.419999999999998,70.38000000000001,25.605,67.78833333333334,1.4139081878383974,0,0.7,0
2026-06-22 23:55:00,27.860000000000003,70.82000000000001,25.2275,91.015764,0.01000000048,87.85,2.5052681199999998,23,0,Monday,0,0.1999999999999993,0.10000000000000853,-2.632500000000004,0,2.632500000000004,-20.195763999999997,-0.1999999999999993,27.660000000000004,70.72,25.901666666666667,68.20166666666667,1.486801529417726,0,1.57,0
2026-06-23 00:00:00,28.04,70.7,25.3066668,90.92432260000001,0.0,91.0,2.58502364,0,1,Tuesday,0,0.17999999999999616,-0.12000000000000455,-2.7333332000000006,0,2.7333332000000006,-20.224322600000008,-0.17999999999999616,27.860000000000003,70.82000000000001,26.22,68.58,1.5028699816744908,0,1.87,0
2026-06-23 00:05:00,28.2,70.58,25.4483336,90.38621520000001,0.0,91.0,2.60456386,0,1,Tuesday,0,0.16000000000000014,-0.12000000000000455,-2.7516663999999977,0,2.7516663999999977,-19.80621520000001,-0.16000000000000014,28.04,70.7,26.546666666666667,68.97333333333334,1.4684892257216982,0,1.68,0
2026-06-23 00:10:00,28.339999999999996,70.64,25.59,89.8481108,0.0,91.0,2.62410402,0,1,Tuesday,0,0.13999999999999702,0.060000000000002274,-2.7499999999999964,0,2.7499999999999964,-19.2081108,-0.13999999999999702,28.2,70.58,26.891666666666666,69.31500000000001,1.3484660196166283,0,1.03,0
2026-06-23 00:15:00,28.46,70.62,25.7316668,89.3100052,0.0,91.0,2.6436441999999998,0,1,Tuesday,0,0.12000000000000455,-0.01999999999999602,-2.7283332000000016,0,2.7283332000000016,-18.6900052,-0.12000000000000455,28.339999999999996,70.64,27.241666666666664,69.7,1.1308068988224071,0,1.03,0
2026-06-23 00:20:00,28.52,71.12,25.8733338,88.7719,0.0,91.0,2.6631844,0,1,Tuesday,0,0.05999999999999872,0.5,-2.6466661999999985,0,2.6466661999999985,-17.651899999999998,-0.05999999999999872,28.46,70.62,27.555000000000003,70.14833333333334,0.8719518335321668,0,1.29,0
2026-06-23 00:25:00,28.580000000000002,71.3,26.0150004,88.2337952,0.0,91.0,2.68272462,0,1,Tuesday,0,0.060000000000002274,0.1799999999999926,-2.5649996,0,2.5649996,-16.933795200000006,-0.060000000000002274,28.52,71.12,27.790000000000003,70.45333333333333,0.7089813435166358,0,0.9,0
2026-06-23 00:30:00,28.6,71.67999999999999,26.156667199999998,87.69568919999999,0.0,91.0,2.7022648,0,1,Tuesday,0,0.019999999999999574,0.37999999999999545,-2.443332800000004,0,2.443332800000004,-16.015689199999997,-0.019999999999999574,28.580000000000002,71.3,27.973333333333333,70.68,0.5915977339273601,0,1.29,0
2026-06-23 00:35:00,28.6,72.47999999999999,26.2983338,87.1575842,0.0,91.0,2.72180496,0,1,Tuesday,0,0.0,0.7999999999999972,-2.3016661999999997,0,2.3016661999999997,-14.677584200000013,-0.0,28.6,71.67999999999999,28.12,70.92,0.49543369430697193,0,0.93,0
2026-06-23 00:40:00,28.68,73.12,26.440000400000002,86.6194784,0.0,91.0,2.74134512,0,1,Tuesday,0,0.0799999999999983,0.6400000000000148,-2.2399995999999973,0,2.2399995999999973,-13.499478400000001,-0.0799999999999983,28.6,72.47999999999999,28.246666666666666,71.17999999999999,0.4155463727177727,0,0.55,0
2026-06-23 00:45:00,28.7,73.48,26.5816672,86.0813732,0.0,91.0,2.76088538,0,1,Tuesday,0,0.019999999999999574,0.35999999999999943,-2.118332800000001,0,2.118332800000001,-12.601373199999998,-0.019999999999999574,28.68,73.12,28.353333333333335,71.43833333333333,0.34179561498701727,0,0.91,0
2026-06-23 00:50:00,28.7,73.78,26.7233336,85.5432684,0.0,91.0,2.7804255400000004,0,1,Tuesday,0,0.0,0.29999999999999716,-1.9766663999999992,0,1.9766663999999992,-11.763268400000001,-0.0,28.7,73.48,28.439999999999998,71.69333333333333,0.2754170391509171,0,0.86,0
2026-06-23 00:55:00,28.8,73.94000000000001,26.8650008,85.0051612,0.0,91.0,2.7999657200000003,0,1,Tuesday,0,0.10000000000000142,0.1600000000000108,-1.9349992,0,1.9349992,-11.065161199999991,-0.10000000000000142,28.7,73.78,28.51833333333333,71.95333333333333,0.22441168877917184,0,0.46,0
2026-06-23 01:00:00,28.8,74.28,27.0066672,84.39262,0.0,90.0,2.8295733000000003,1,1,Tuesday,0,0.0,0.3399999999999892,-1.7933328000000017,0,1.7933328000000017,-10.112619999999993,-0.0,28.8,73.94000000000001,28.581666666666667,72.25166666666667,0.17999158229507378,0,2.52,0
2026-06-23 01:05:00,28.82,74.52000000000001,27.148334,83.6684272,0.0,87.5,2.874282,1,1,Tuesday,0,0.019999999999999574,0.2400000000000091,-1.6716660000000019,0,1.6716660000000019,-9.148427199999986,-0.019999999999999574,28.8,74.28,28.63333333333333,72.58,0.14630810164230793,0,1.48,0
2026-06-23 01:10:00,28.9,74.67999999999999,27.290000399999997,82.94423400000001,0.0,85.0,2.91899052,1,1,Tuesday,0,0.0799999999999983,0.15999999999998238,-1.6099996000000019,0,1.6099996000000019,-8.264234000000016,-0.0799999999999983,28.82,74.52000000000001,28.680000000000003,72.91666666666667,0.1329388102581147,0,1.26,0
2026-06-23 01:15:00,28.9,74.9,27.4316674,82.2200412,0.0,82.5,2.96369918,1,1,Tuesday,0,0.0,0.22000000000001307,-1.4683326,0,1.4683326,-7.3200411999999915,-0.0,28.9,74.67999999999999,28.71666666666667,73.27333333333333,0.12730302669684232,0,1.24,0
2026-06-23 01:20:00,28.9,74.92,27.5733336,81.4958464,0.0,80.0,3.00840784,1,1,Tuesday,0,0.0,0.01999999999999602,-1.326666399999997,0,1.326666399999997,-6.575846400000003,-0.0,28.9,74.9,28.74833333333333,73.58999999999999,0.12104344324097892,0,0.34,0
2026-06-23 01:25:00,28.98,75.06,27.714999999999996,80.7716552,0.0,77.5,3.05311648,1,1,Tuesday,0,0.08000000000000185,0.14000000000000057,-1.2650000000000041,0,1.2650000000000041,-5.711655199999996,-0.08000000000000185,28.9,74.92,28.781666666666666,73.90333333333334,0.12546881780961294,0,0.43,0
2026-06-23 01:30:00,29.0,75.12,27.8566668,80.0474612,0.0,75.0,3.09782508,1,1,Tuesday,0,0.019999999999999574,0.060000000000002274,-1.1433332000000007,0,1.1433332000000007,-4.927461199999996,-0.019999999999999574,28.98,75.06,28.814999999999998,74.19000000000001,0.1259509283957629,0,0.35,0
2026-06-23 01:35:00,29.0,75.05999999999999,27.998333600000002,79.3232692,0.0,72.5,3.14253368,1,1,Tuesday,0,0.0,-0.060000000000016485,-1.0016663999999977,0,1.0016663999999977,-4.2632692000000105,-0.0,29.0,75.12,28.848333333333333,74.405,0.11645001528864211,0,0.3,0
2026-06-23 01:40:00,29.0,75.24,28.139999999999997,78.5990762,0.0,70.0,3.18724238,1,1,Tuesday,0,0.0,0.18000000000000682,-0.860000000000003,0,0.860000000000003,-3.359076200000004,-0.0,29.0,75.05999999999999,28.875,74.58166666666666,0.11090536506463214,0,0.3,0
2026-06-23 01:45:00,29.1,75.28,28.2816666,77.8748822,0.0,67.5,3.2319509799999997,1,1,Tuesday,0,0.10000000000000142,0.04000000000000625,-0.8183334000000002,0,0.8183334000000002,-2.5948822000000007,-0.10000000000000142,29.0,75.24,28.908333333333335,74.73166666666667,0.11360484411406245,0,0.38,0
2026-06-23 01:50:00,29.1,75.22,28.423333000000003,77.150691,0.0,65.0,3.2766595799999996,1,1,Tuesday,0,0.0,-0.060000000000002274,-0.6766669999999984,0,0.6766669999999984,-1.930690999999996,-0.0,29.1,75.28,28.941666666666666,74.85166666666667,0.10529899708923617,0,0.43,0
2026-06-23 01:55:00,29.1,75.32000000000001,28.5649996,76.42649700000001,0.0,62.5,3.3213682400000004,1,1,Tuesday,0,0.0,0.10000000000000853,-0.5350004000000013,0,0.5350004000000013,-1.1064970000000045,-0.0,29.1,75.22,28.96666666666667,74.96666666666667,0.10421423156520676,0,1.12,0
2026-06-23 02:00:00,29.1,75.46000000000001,28.7066664,75.6606176,0.0,60.8,3.28820092,2,1,Tuesday,0,0.0,0.14000000000000057,-0.39333360000000184,0,0.39333360000000184,-0.20061759999998685,-0.0,29.1,75.32000000000001,28.991666666666664,75.06500000000001,0.09627926552387973,0,0.56,0
2026-06-23 02:05:00,29.160000000000004,75.47999999999999,28.848333000000004,74.832214,0.0,60.3,3.13821968,2,1,Tuesday,0,0.060000000000002274,0.01999999999998181,-0.3116669999999999,0,0.3116669999999999,0.6477859999999964,-0.060000000000002274,29.1,75.46000000000001,29.02,75.145,0.09105442927738419,0,0.58,0
2026-06-23 02:10:00,29.18,75.32000000000001,28.989999599999997,74.00381,0.0,59.8,2.98823844,2,1,Tuesday,0,0.01999999999999602,-0.15999999999998238,-0.1900004000000024,0,0.1900004000000024,1.316190000000006,-0.01999999999999602,29.160000000000004,75.47999999999999,29.043333333333333,75.19833333333334,0.09335497584635068,0,0.35,0
2026-06-23 02:15:00,29.2,75.28,29.1316666,73.1754,0.0,59.3,2.8382571800000003,2,1,Tuesday,0,0.019999999999999574,-0.04000000000000625,-0.06833340000000021,0,0.06833340000000021,2.104600000000005,-0.019999999999999574,29.18,75.32000000000001,29.06833333333333,75.23,0.09163498075020857,0,0.4,0
2026-06-23 02:20:00,29.2,75.24,29.273333,72.346994,0.0,58.8,2.68827596,2,1,Tuesday,0,0.0,-0.04000000000000625,0.07333300000000165,0,-0.07333300000000165,2.8930059999999997,-0.0,29.2,75.28,29.093333333333334,75.25666666666666,0.08194602806282378,0,0.33,0
2026-06-23 02:25:00,29.2,75.36,29.415,71.518587,0.0,58.3,2.53829468,2,1,Tuesday,0,0.0,0.12000000000000455,0.21499999999999986,0,-0.21499999999999986,3.841413000000003,-0.0,29.2,75.24,29.111666666666668,75.28166666666667,0.07883623224934831,0,0.31,0
2026-06-23 02:30:00,29.2,75.42,29.5566668,70.69018439999999,0.0,57.8,2.38831346,2,1,Tuesday,0,0.0,0.060000000000002274,0.3566667999999993,0,-0.3566667999999993,4.729815600000009,-0.0,29.2,75.36,29.128333333333334,75.30666666666666,0.07408021860119259,0,0.31,0
2026-06-23 02:35:00,29.26,75.61999999999999,29.6983336,69.861778,0.0,57.3,2.23833222,2,1,Tuesday,0,0.060000000000002274,0.19999999999998863,0.4383336,0,-0.4383336,5.758221999999989,-0.060000000000002274,29.2,75.42,29.150000000000002,75.35333333333334,0.07109532653182724,0,0.37,0
2026-06-23 02:40:00,29.26,75.52000000000001,29.839999999999996,69.03337,0.0,56.8,2.08835104,2,1,Tuesday,0,0.0,-0.0999999999999801,0.5799999999999947,0,-0.5799999999999947,6.486630000000005,-0.0,29.26,75.61999999999999,29.171666666666667,75.37666666666667,0.059974742159439556,0,0.28,0
2026-06-23 02:45:00,29.3,75.52000000000001,29.9816668,68.2049628,0.0,56.3,1.93836976,2,1,Tuesday,0,0.03999999999999915,0.0,0.6816667999999986,0,-0.6816667999999986,7.315037200000006,-0.03999999999999915,29.26,75.52000000000001,29.188333333333333,75.39666666666668,0.06575897219668081,0,0.28,0
2026-06-23 02:50:00,29.3,75.6,30.1233338,67.37656080000001,0.0,55.8,1.7883885,2,1,Tuesday,0,0.0,0.07999999999998408,0.8233338000000003,0,-0.8233338000000003,8.223439199999987,-0.0,29.3,75.52000000000001,29.205000000000002,75.42833333333334,0.06667424199475978,0,0.28,0
2026-06-23 02:55:00,29.3,75.62,30.2650004,66.54815599999999,0.0,55.3,1.6384072799999998,2,1,Tuesday,0,0.0,0.020000000000010232,0.965000400000001,0,-0.965000400000001,9.071844000000013,-0.0,29.3,75.6,29.221666666666668,75.45333333333333,0.06293334617456076,0,0.28,0
2026-06-23 03:00:00,29.3,75.53999999999999,30.385,65.8980928,0.0,54.633333400000005,1.55113688,3,1,Tuesday,0,0.0,-0.0800000000000125,1.0850000000000009,0,-1.0850000000000009,9.641907199999991,-0.0,29.3,75.62,29.238333333333333,75.46,0.05356955263783493,0,0.28,0
2026-06-23 03:05:00,29.3,75.8,30.472500000000004,65.5155488,0.0,53.716666399999994,1.55793278,3,1,Tuesday,0,0.0,0.2600000000000051,1.172500000000003,0,-1.172500000000003,10.284451199999992,-0.0,29.3,75.53999999999999,29.25,75.48666666666666,0.05009082659740793,0,0.28,0
2026-06-23 03:10:00,29.3,75.67999999999999,30.560000000000002,65.1330064,0.0,52.8000002,1.56472866,3,1,Tuesday,0,0.0,-0.12000000000000455,1.2600000000000016,0,-1.2600000000000016,10.546993599999993,-0.0,29.3,75.8,29.26,75.51666666666667,0.0467099366509814,0,0.28,0
2026-06-23 03:15:00,29.3,75.78,30.647500400000002,64.750463,0.0,51.883333400000005,1.5715245599999998,3,1,Tuesday,0,0.0,0.10000000000000853,1.3475004000000013,0,-1.3475004000000013,11.029537000000005,-0.0,29.3,75.67999999999999,29.268333333333334,75.55833333333334,0.04386618771175307,0,0.28,0
2026-06-23 03:20:00,29.339999999999996,75.96000000000001,30.735000000000003,64.36792,0.0,50.966666399999994,1.57832044,3,1,Tuesday,0,0.039999999999995595,0.18000000000000682,1.3950000000000067,0,-1.3950000000000067,11.59208000000001,-0.039999999999995595,29.3,75.78,29.28,75.61833333333334,0.042640143272528935,0,0.18,0
2026-06-23 03:25:00,29.339999999999996,76.5,30.8225,63.98538,0.0,50.0500002,1.58511634,3,1,Tuesday,0,0.0,0.539999999999992,1.4825000000000053,0,-1.4825000000000053,12.51462,-0.0,29.339999999999996,75.96000000000001,29.291666666666668,75.71333333333332,0.037618499641415164,0,0.24,0
2026-06-23 03:30:00,29.339999999999996,76.5,30.910000000000004,63.602833999999994,0.0,49.133333400000005,1.59191222,3,1,Tuesday,0,0.0,0.0,1.5700000000000074,0,-1.5700000000000074,12.897166000000006,-0.0,29.339999999999996,76.5,29.30333333333333,75.80333333333334,0.02674231693909195,0,0.25,0
2026-06-23 03:35:00,29.360000000000003,76.46000000000001,30.997500000000002,63.22029199999999,0.0,48.216666399999994,1.59870814,3,1,Tuesday,0,0.02000000000000668,-0.03999999999999204,1.6374999999999993,0,-1.6374999999999993,13.239708000000014,-0.02000000000000668,29.339999999999996,76.5,29.311666666666667,75.87333333333333,0.027579087380210525,0,0.24,0
2026-06-23 03:40:00,29.339999999999996,76.26,31.084999600000003,62.8377488,0.0,47.3000002,1.60550404,3,1,Tuesday,0,-0.02000000000000668,-0.20000000000000284,1.744999600000007,0,-1.744999600000007,13.422251200000005,0.02000000000000668,29.360000000000003,76.46000000000001,29.31833333333333,75.935,0.02329000306018378,0,0.26,0
2026-06-23 03:45:00,29.339999999999996,76.76,31.172500000000003,62.4552056,0.0,46.383333400000005,1.6122999,3,1,Tuesday,0,0.0,0.5,1.8325000000000067,0,-1.8325000000000067,14.304794400000006,-0.0,29.339999999999996,76.26,29.32166666666667,76.03833333333334,0.02329000306018259,0,0.31,0
2026-06-23 03:50:00,29.32,77.08,31.26,62.0726628,0.0,45.466666399999994,1.6190957999999998,3,1,Tuesday,0,-0.01999999999999602,0.3199999999999932,1.9400000000000013,0,-1.9400000000000013,15.007337199999995,0.01999999999999602,29.339999999999996,76.76,29.323333333333334,76.16166666666668,0.0222928171635787,0,0.35,0
2026-06-23 03:55:00,29.380000000000003,77.06,31.347500000000004,61.690119800000005,0.0,44.5500002,1.6258917199999998,3,1,Tuesday,0,0.060000000000002274,-0.01999999999999602,1.9675000000000011,0,-1.9675000000000011,15.369880199999997,-0.060000000000002274,29.32,77.08,29.33,76.28166666666667,0.026285149629173585,0,0.42,0
2026-06-23 04:00:00,29.380000000000003,77.32000000000001,31.4216664,61.38045040000001,0.00333333342,43.7,1.6993301200000002,4,1,Tuesday,0,0.0,0.2600000000000051,2.041666399999997,0,-2.041666399999997,15.9395496,-0.0,29.380000000000003,77.06,29.33666666666667,76.42999999999999,0.02806917861280643,0,0.35,0
2026-06-23 04:05:00,29.4,77.14,31.4758328,61.1800924,0.0116666672,42.95,1.87273224,4,1,Tuesday,0,0.01999999999999602,-0.18000000000000682,2.0758328000000006,0,-2.0758328000000006,15.959907600000001,-0.01999999999999602,29.380000000000003,77.32000000000001,29.345,76.54166666666667,0.030895719034586506,0,0.31,0
2026-06-23 04:10:00,29.4,76.94,31.529999600000004,60.9797334,0.0200000002,42.2,2.0461343800000003,4,1,Tuesday,0,0.0,-0.20000000000000284,2.129999600000005,0,-2.129999600000005,15.960266599999997,-0.0,29.4,77.14,29.353333333333335,76.64666666666666,0.031139957768363417,0,0.31,0
2026-06-23 04:15:00,29.4,76.97999999999999,31.584166599999996,60.779376400000004,0.0283333336,41.45,2.2195365199999997,4,1,Tuesday,0,0.0,0.03999999999999204,2.1841665999999975,0,-2.1841665999999975,16.200623599999986,-0.0,29.4,76.94,29.361666666666665,76.74666666666667,0.028867513461530922,0,0.33,0
2026-06-23 04:20:00,29.4,77.28,31.6383328,60.5790168,0.0366666678,40.7,2.39293868,4,1,Tuesday,0,0.0,0.30000000000001137,2.238332800000002,0,-2.238332800000002,16.700983200000003,-0.0,29.4,76.97999999999999,29.366666666666664,76.85666666666667,0.029949452367078657,0,0.25,0
2026-06-23 04:25:00,29.4,77.5,31.6924998,60.378659000000006,0.0450000008,39.95,2.5663408,4,1,Tuesday,0,0.0,0.21999999999999886,2.2924998000000016,0,-2.2924998000000016,17.121340999999994,-0.0,29.4,77.28,29.371666666666666,76.94,0.03010084062245958,0,0.4,0
2026-06-23 04:30:00,29.4,77.3,31.7466658,60.1783008,0.053333334200000006,39.2,2.73974294,4,1,Tuesday,0,0.0,-0.20000000000000284,2.3466658000000002,0,-2.3466658000000002,17.121699199999995,-0.0,29.4,77.5,29.376666666666665,77.00666666666666,0.029336088026934805,0,0.4,0
2026-06-23 04:35:00,29.4,77.3,31.8008326,59.9779424,0.061666666599999996,38.45,2.91314508,4,1,Tuesday,0,0.0,0.0,2.400832600000001,0,-2.400832600000001,17.322057599999994,-0.0,29.4,77.3,29.379999999999995,77.07666666666667,0.029541957837036722,0,0.62,0
2026-06-23 04:40:00,29.4,77.38,31.854999199999998,59.77758300000001,0.070000002,37.7,3.0865472,4,1,Tuesday,0,0.0,0.0799999999999983,2.4549991999999996,0,-2.4549991999999996,17.60241699999999,-0.0,29.4,77.3,29.385,77.17,0.027136021014171553,0,0.8,0
2026-06-23 04:45:00,29.4,77.44,31.909166,59.5772256,0.078333334,36.95,3.25994934,4,1,Tuesday,0,0.0,0.060000000000002274,2.5091660000000005,1,-2.5091660000000005,17.8627744,-0.0,29.4,77.38,29.389999999999997,77.22666666666666,0.02335496832736924,1,95.61,0
2026-06-23 04:50:00,29.4,77.46000000000001,31.963333,59.37686659999999,0.08666666640000001,36.2,3.4333514800000002,4,1,Tuesday,0,0.0,0.020000000000010232,2.563333,1,-2.563333,18.083133400000015,-0.0,29.4,77.44,29.396666666666665,77.25833333333334,0.007784989449184976,1,98.3,0
2026-06-23 04:55:00,29.4,77.42,32.0174978,59.1765092,0.09500000280000001,35.45,3.60675366,4,1,Tuesday,0,0.0,-0.04000000000000625,2.6174978000000024,1,-2.6174978000000024,18.243490800000004,-0.0,29.4,77.46000000000001,29.39833333333333,77.28833333333333,0.005773502702103699,1,98.3,0
2026-06-23 05:00:00,29.4,77.38000000000001,32.0866664,58.893615,0.0966666688,35.533333,3.83572198,5,1,Tuesday,0,0.0,-0.03999999999999204,2.6866664,1,-2.6866664,18.486385000000013,-0.0,29.4,77.42,29.4,77.29333333333334,0.0,1,99.33,0
2026-06-23 05:05:00,29.4,77.32000000000001,32.1783332,58.4869194,0.0883333332,36.8666664,4.1480394,5,1,Tuesday,0,0.0,-0.060000000000002274,2.7783331999999987,1,-2.7783331999999987,18.83308060000001,-0.0,29.4,77.38000000000001,29.4,77.30833333333334,0.0,1,99.33,0
2026-06-23 05:10:00,29.4,77.28,32.2700004,58.0802228,0.0800000012,38.200000599999996,4.46035698,5,1,Tuesday,0,0.0,-0.04000000000000625,2.870000400000002,1,-2.870000400000002,19.1997772,-0.0,29.4,77.32000000000001,29.4,77.33666666666666,0.0,1,99.45,0
2026-06-23 05:15:00,29.380000000000003,77.32000000000001,32.3616674,57.6735272,0.071666668,39.533333,4.77267466,5,1,Tuesday,0,-0.01999999999999602,0.04000000000000625,2.981667399999999,1,-2.981667399999999,19.646472800000005,0.01999999999999602,29.4,77.28,29.39833333333333,77.365,0.005773502702103699,1,99.58,0
2026-06-23 05:20:00,29.360000000000003,77.2,32.453334600000005,57.2668312,0.0633333338,40.8666664,5.08499232,5,1,Tuesday,0,-0.019999999999999574,-0.12000000000000455,3.093334600000002,1,-3.093334600000002,19.933168800000004,0.019999999999999574,29.380000000000003,77.32000000000001,29.395,77.35833333333333,0.012431631214900955,1,99.58,0
2026-06-23 05:25:00,29.360000000000003,77.26,32.5450024,56.86013440000001,0.055000001,42.200000599999996,5.3973099399999995,5,1,Tuesday,0,0.0,0.060000000000002274,3.1850023999999983,1,-3.1850023999999983,20.3998656,-0.0,29.360000000000003,77.2,29.391666666666666,77.33833333333334,0.01585922922568991,1,99.57,0
2026-06-23 05:30:00,29.339999999999996,77.17999999999999,32.6366658,56.4534396,0.0466666672,43.533333,5.70962732,5,1,Tuesday,0,-0.02000000000000668,-0.0800000000000125,3.2966658000000066,1,-3.2966658000000066,20.72656039999999,0.02000000000000668,29.360000000000003,77.26,29.386666666666667,77.32833333333333,0.021461734802292177,1,99.58,0
2026-06-23 05:35:00,29.380000000000003,77.17999999999999,32.728333,56.046742800000004,0.038333334399999995,44.8666664,6.021944899999999,5,1,Tuesday,0,0.04000000000000625,0.0,3.3483329999999967,1,-3.3483329999999967,21.13325719999999,-0.04000000000000625,29.339999999999996,77.17999999999999,29.385,77.31833333333333,0.021105794123235638,1,98.52,0
2026-06-23 05:40:00,29.360000000000003,77.24,32.8199998,55.640047,0.0300000006,46.200000599999996,6.33426242,5,1,Tuesday,0,-0.019999999999999574,0.060000000000002274,3.459999799999995,1,-3.459999799999995,21.599952999999992,0.019999999999999574,29.380000000000003,77.17999999999999,29.381666666666664,77.30666666666666,0.02167249339173594,1,99.54,0
2026-06-23 05:45:00,29.339999999999996,77.32000000000001,32.9116668,55.233350599999994,0.021666666600000002,47.533333,6.64658006,5,1,Tuesday,0,-0.02000000000000668,0.0800000000000125,3.5716668000000027,1,-3.5716668000000027,22.086649400000013,0.02000000000000668,29.360000000000003,77.24,29.37666666666667,77.29666666666667,0.023868325660064443,1,99.54,0
2026-06-23 05:50:00,29.380000000000003,77.36,33.003333600000005,54.826655800000005,0.013333333999999999,48.8666664,6.95889768,5,1,Tuesday,0,0.04000000000000625,0.03999999999999204,3.6233336000000023,1,-3.6233336000000023,22.533344199999995,-0.04000000000000625,29.339999999999996,77.32000000000001,29.375,77.28833333333334,0.02276360732177037,1,98.36,0
2026-06-23 05:55:00,29.4,77.34,33.095001,54.4199594,0.00500000022,50.200000599999996,7.27121534,5,1,Tuesday,0,0.01999999999999602,-0.01999999999999602,3.695001000000005,1,-3.695001000000005,22.9200406,-0.01999999999999602,29.380000000000003,77.36,29.375,77.28166666666668,0.02276360732177037,1,98.73,0
2026-06-23 06:00:00,29.360000000000003,77.38000000000001,33.114999999999995,54.223036,0.0200000012,51.733333200000004,7.58420466,6,1,Tuesday,0,-0.039999999999995595,0.04000000000000625,3.754999999999992,1,-3.754999999999992,23.15696400000001,0.039999999999995595,29.4,77.34,29.37166666666667,77.28166666666668,0.021672493391738393,1,99.54,0
2026-06-23 06:05:00,29.360000000000003,77.67999999999999,33.0275008,54.3407726,0.0700000016,53.566666399999995,7.898202100000001,6,1,Tuesday,0,0.0,0.29999999999998295,3.6675007999999956,1,-3.6675007999999956,23.33922739999999,-0.0,29.360000000000003,77.38000000000001,29.368333333333336,77.31166666666667,0.019924098400874522,1,99.51,0
2026-06-23 06:10:00,29.380000000000003,77.66,32.9400014,54.4585086,0.120000005,55.400000399999996,8.2121992,6,1,Tuesday,0,0.019999999999999574,-0.01999999999999602,3.5600013999999973,1,-3.5600013999999973,23.201491399999995,-0.019999999999999574,29.360000000000003,77.67999999999999,29.36666666666667,77.34333333333333,0.01775250729529775,1,99.0,0
2026-06-23 06:15:00,29.339999999999996,77.56,32.8525,54.5762448,0.17000000399999998,57.233333200000004,8.5261974,6,1,Tuesday,0,-0.04000000000000625,-0.09999999999999432,3.512500000000003,1,-3.512500000000003,22.983755200000004,0.04000000000000625,29.380000000000003,77.66,29.363333333333333,77.36333333333333,0.018748737334373374,1,99.55,0
2026-06-23 06:20:00,29.32,77.5,32.765,54.6939804,0.22000000599999997,59.066666399999995,8.8401948,6,1,Tuesday,0,-0.01999999999999602,-0.060000000000002274,3.4450000000000003,1,-3.4450000000000003,22.8060196,0.01999999999999602,29.339999999999996,77.56,29.36,77.38833333333334,0.02256304299533098,1,99.55,0
2026-06-23 06:25:00,29.3,77.47999999999999,32.677499999999995,54.811716000000004,0.270000008,60.900000399999996,9.1541919,6,1,Tuesday,0,-0.019999999999999574,-0.020000000000010232,3.377499999999994,1,-3.377499999999994,22.668283999999986,0.019999999999999574,29.32,77.5,29.355,77.40666666666665,0.028444523360556737,1,99.73,0
2026-06-23 06:30:00,29.3,77.58,32.589999999999996,54.9294538,0.320000004,62.733333200000004,9.468189200000001,6,1,Tuesday,0,0.0,0.10000000000000853,3.2899999999999956,1,-3.2899999999999956,22.6505462,-0.0,29.3,77.47999999999999,29.35166666666667,77.44,0.03242707436130468,1,99.73,0
2026-06-23 06:35:00,29.3,77.7,32.5025,55.047189200000005,0.37000001400000004,64.5666664,9.7821865,6,1,Tuesday,0,0.0,0.12000000000000455,3.202499999999997,1,-3.202499999999997,22.652810799999997,-0.0,29.3,77.58,29.345000000000002,77.48333333333333,0.03424510582325463,1,99.73,0
2026-06-23 06:40:00,29.3,77.86,32.415,55.164925200000006,0.42000001600000003,66.3999988,10.0961838,6,1,Tuesday,0,0.0,0.1599999999999966,3.1149999999999984,1,-3.1149999999999984,22.695074799999993,-0.0,29.3,77.7,29.340000000000003,77.53500000000001,0.03618136135097345,1,99.73,0
2026-06-23 06:45:00,29.3,78.08,32.327499,55.28266119999999,0.470000014,68.23333399999999,10.4101818,6,1,Tuesday,0,0.0,0.21999999999999886,3.0274990000000024,1,-3.0274990000000024,22.797338800000006,-0.0,29.3,77.86,29.336666666666662,77.59833333333333,0.03797926068979211,1,99.4,0
2026-06-23 06:50:00,29.3,78.24,32.2399988,55.4003976,0.5200000140000001,70.06666720000001,10.7241792,6,1,Tuesday,0,0.0,0.1599999999999966,2.9399988000000015,1,-2.9399988000000015,22.839602399999997,-0.0,29.3,78.08,29.33,77.67166666666667,0.03668043818677404,1,99.37,0
2026-06-23 06:55:00,29.3,78.12,32.152499999999996,55.518133999999996,0.570000024,71.8999988,11.0381766,6,1,Tuesday,0,0.0,-0.11999999999999034,2.8524999999999956,1,-2.8524999999999956,22.60186600000001,-0.0,29.3,78.24,29.32166666666667,77.73666666666666,0.03010084062248411,1,99.37,0
2026-06-23 07:00:00,29.3,78.14,32.0583324,55.93427440000001,0.590000022,72.6666672,11.179892,7,1,Tuesday,0,0.0,0.01999999999999602,2.758332399999997,1,-2.758332399999997,22.205725599999994,-0.0,29.3,78.12,29.316666666666666,77.8,0.028069178612823265,1,98.97,0
2026-06-23 07:05:00,29.3,78.0,31.954165,56.7980204,0.56500002,71.8333328,11.0631848,7,1,Tuesday,0,0.0,-0.14000000000000057,2.654164999999999,1,-2.654164999999999,21.2019796,-0.0,29.3,78.14,29.311666666666667,77.82666666666667,0.02480224818986161,1,98.02,0
2026-06-23 07:10:00,29.3,77.82000000000001,31.8499988,57.661767999999995,0.540000006,71.0,10.9464776,7,1,Tuesday,0,0.0,-0.1799999999999926,2.549998800000001,1,-2.549998800000001,20.158232000000012,-0.0,29.3,78.0,29.304999999999996,77.84,0.012431631214996318,1,98.02,0
2026-06-23 07:15:00,29.3,77.76,31.745832,58.5255144,0.515000026,70.1666672,10.8297702,7,1,Tuesday,0,0.0,-0.060000000000002274,2.4458319999999993,0,-2.4458319999999993,19.234485600000006,-0.0,29.3,77.82000000000001,29.301666666666666,77.85666666666667,0.00577350270232078,0,2.93,0
2026-06-23 07:20:00,29.3,77.78,31.6416652,59.3892604,0.490000004,69.3333328,10.7130628,7,1,Tuesday,0,0.0,0.01999999999999602,2.341665199999998,0,-2.341665199999998,18.390739600000003,-0.0,29.3,77.76,29.3,77.88,0.0,0,2.56,0
2026-06-23 07:25:00,29.3,77.78,31.5374988,60.253008,0.465000016,68.5,10.596355800000001,7,1,Tuesday,0,0.0,0.0,2.237498800000001,0,-2.237498800000001,17.526992,-0.0,29.3,77.78,29.3,77.90499999999999,0.0,0,1.12,0
2026-06-23 07:30:00,29.32,77.94000000000001,31.4333324,61.1167542,0.44000001399999994,67.6666672,10.4796484,7,1,Tuesday,0,0.019999999999999574,0.1600000000000108,2.113332400000001,0,-2.113332400000001,16.82324580000001,-0.019999999999999574,29.3,77.78,29.301666666666666,77.935,0.00577350270232078,0,1.21,0
2026-06-23 07:35:00,29.4,77.74,31.329165999999997,61.980500400000004,0.41500002,66.8333328,10.3629414,7,1,Tuesday,0,0.0799999999999983,-0.20000000000001705,1.9291659999999986,0,-1.9291659999999986,15.759499599999991,-0.0799999999999983,29.32,77.94000000000001,29.31,77.93833333333333,0.02891995222132454,0,0.59,0
2026-06-23 07:40:00,29.4,77.64,31.224999200000003,62.84424800000001,0.390000014,66.0,10.2462342,7,1,Tuesday,0,0.0,-0.09999999999999432,1.8249992000000042,0,-1.8249992000000042,14.795751999999993,-0.0,29.4,77.74,29.31833333333333,77.92,0.03857303187459496,0,0.68,0
2026-06-23 07:45:00,29.48,77.58,31.1208328,63.7079934,0.365000004,65.1666672,10.1295266,7,1,Tuesday,0,0.08000000000000185,-0.060000000000002274,1.6408327999999983,0,-1.6408327999999983,13.872006599999999,-0.08000000000000185,29.4,77.64,29.333333333333332,77.87833333333334,0.05989890473120517,0,0.16,0
2026-06-23 07:50:00,29.6,77.24,31.016666800000003,64.5717408,0.34000001,64.3333328,10.0128196,7,1,Tuesday,0,0.120000000000001,-0.3400000000000034,1.4166668000000016,0,-1.4166668000000016,12.668259199999994,-0.120000000000001,29.48,77.58,29.358333333333334,77.795,0.09627926552386756,0,0.06,0
2026-06-23 07:55:00,29.78,76.6,30.9125,65.4354872,0.315000008,63.5,9.896112200000001,7,1,Tuesday,0,0.17999999999999972,-0.6400000000000006,1.1325000000000003,0,-1.1325000000000003,11.164512799999997,-0.17999999999999972,29.6,77.24,29.398333333333337,77.66833333333334,0.15290123570104025,0,0.06,0
2026-06-23 08:00:00,29.9,76.36,30.8283336,66.050838,0.290000014,63.06666679999999,9.691393399999999,8,1,Tuesday,0,0.11999999999999744,-0.23999999999999488,0.928333600000002,0,-0.928333600000002,10.309162,-0.11999999999999744,29.78,76.6,29.448333333333334,77.52,0.20652243256273778,0,0.07,1
2026-06-23 08:05:00,30.02,76.28,30.7741672,66.2935908,0.265000008,63.2333336,9.354657800000002,8,1,Tuesday,0,0.120000000000001,-0.0799999999999983,0.7541672000000013,0,-0.7541672000000013,9.986409199999997,-0.120000000000001,29.9,76.36,29.50833333333333,77.37666666666667,0.2577466456298642,0,0.07,1
2026-06-23 08:10:00,30.1,76.32000000000001,30.720000399999996,66.53635,0.24000000400000002,63.3999996,9.017921699999999,8,1,Tuesday,0,0.08000000000000185,0.04000000000000625,0.620000399999995,0,-0.620000399999995,9.783650000000009,-0.08000000000000185,30.02,76.28,29.575000000000003,77.25166666666667,0.29910472474327127,0,0.08,1
2026-06-23 08:15:00,30.1,76.66,30.665833400000004,66.7791022,0.215000008,63.56666679999999,8.681186,8,1,Tuesday,0,0.0,0.3399999999999892,0.5658334000000025,0,-0.5658334000000025,9.8808978,-0.0,30.1,76.32000000000001,29.64166666666667,77.16,0.3206196651752346,0,0.09,1
2026-06-23 08:20:00,30.1,77.17999999999999,30.6116672,67.02185899999999,0.190000004,63.7333336,8.34445,8,1,Tuesday,0,0.0,0.519999999999996,0.511667199999998,0,-0.511667199999998,10.158141,-0.0,30.1,76.66,29.708333333333332,77.11,0.32624121954995433,0,0.09,1
2026-06-23 08:25:00,30.1,77.16,30.5575002,67.2646128,0.165000004,63.8999996,8.007714140000001,8,1,Tuesday,0,0.0,-0.01999999999999602,0.45750019999999836,0,-0.45750019999999836,9.895387200000002,-0.0,30.1,77.17999999999999,29.775000000000002,77.05833333333332,0.3168165514502575,0,0.09,1
2026-06-23 08:30:00,30.1,77.22,30.5033342,67.507368,0.140000004,64.0666652,7.670978239999999,8,1,Tuesday,0,0.0,0.060000000000002274,0.40333419999999975,0,-0.40333419999999975,9.712632,-0.0,30.1,77.16,29.84,76.99833333333333,0.29418608829371784,0,0.09,1
2026-06-23 08:35:00,30.1,77.26,30.4491674,67.7501252,0.1150000038,64.2333328,7.33424244,8,1,Tuesday,0,0.0,0.04000000000000625,0.3491673999999989,0,-0.3491673999999989,9.509874800000006,-0.0,30.1,77.22,29.898333333333337,76.95833333333333,0.26716808918523666,0,0.1,1
2026-06-23 08:40:00,30.060000000000002,77.4,30.395000800000002,67.99287899999999,0.0900000024,64.400002,6.99750652,8,1,Tuesday,0,-0.03999999999999915,0.14000000000000057,0.33500079999999954,0,-0.33500079999999954,9.407121000000018,0.03999999999999915,30.1,77.26,29.953333333333333,76.93833333333333,0.218812220588542,0,0.1,1
2026-06-23 08:45:00,30.1,77.46000000000001,30.340834,68.2356338,0.065000002,64.5666652,6.660770619999999,8,1,Tuesday,0,0.03999999999999915,0.060000000000002274,0.24083399999999955,0,-0.24083399999999955,9.224366200000006,-0.03999999999999915,30.060000000000002,77.4,30.005000000000006,76.92833333333333,0.16295565487163954,0,0.08,1
2026-06-23 08:50:00,30.080000000000002,77.58,30.286667,68.47839,0.040000000800000005,64.7333328,6.32403478,8,1,Tuesday,0,-0.019999999999999574,0.11999999999999034,0.2066669999999995,0,-0.2066669999999995,9.101609999999994,0.019999999999999574,30.1,77.46000000000001,30.045,76.95666666666666,0.10202495238513608,0,0.07,1
2026-06-23 08:55:00,30.1,77.44,30.232501000000003,68.72114619999999,0.01500000068,64.900002,5.98729888,8,1,Tuesday,0,0.019999999999999574,-0.14000000000000057,0.1325010000000013,0,-0.1325010000000013,8.718853800000005,-0.019999999999999574,30.080000000000002,77.58,30.07166666666667,77.02666666666667,0.059365330154391424,0,0.07,1
2026-06-23 09:00:00,30.2,77.4,30.0816672,69.4099456,0.0599999992,65.2,5.87765214,9,1,Tuesday,0,0.09999999999999787,-0.03999999999999204,-0.11833280000000101,0,0.11833280000000101,7.990054400000005,-0.09999999999999787,30.1,77.44,30.096666666666668,77.11333333333333,0.04075053448364355,0,0.08,1
2026-06-23 09:05:00,30.2,77.5,29.7858338,70.76781700000001,0.20999999200000002,65.7,6.1086392599999995,9,1,Tuesday,0,0.0,0.09999999999999432,-0.4141662000000004,0,0.4141662000000004,6.732182999999992,-0.0,30.2,77.4,30.111666666666668,77.21499999999999,0.04302923601008045,0,0.08,1
2026-06-23 09:10:00,30.339999999999996,77.5,29.4900008,72.125685,0.359999988,66.2,6.3396263,9,1,Tuesday,0,0.13999999999999702,0.0,-0.8499991999999956,0,0.8499991999999956,5.374314999999996,-0.13999999999999702,30.2,77.5,30.131666666666664,77.31333333333333,0.07837361955734501,0,0.06,1
2026-06-23 09:15:00,30.48,77.16,29.194166799999998,73.483554,0.509999992,66.7,6.570613400000001,9,1,Tuesday,0,0.14000000000000412,-0.3400000000000034,-1.2858332000000026,0,1.2858332000000026,3.6764459999999985,-0.14000000000000412,30.339999999999996,77.5,30.163333333333338,77.355,0.12644318403129923,0,0.05,1
2026-06-23 09:20:00,30.639999999999997,76.8,28.8983336,74.841425,0.65999998,67.2,6.80160048,9,1,Tuesday,0,0.1599999999999966,-0.35999999999999943,-1.7416663999999962,0,1.7416663999999962,1.9585749999999962,-0.1599999999999966,30.48,77.16,30.208333333333332,77.32333333333334,0.18457978483514767,0,0.11,1
2026-06-23 09:25:00,30.7,76.56,28.6025,76.199293,0.8099999999999999,67.7,7.03258752,9,1,Tuesday,0,0.060000000000002274,-0.23999999999999488,-2.0975,0,2.0975,0.360707000000005,-0.060000000000002274,30.639999999999997,76.8,30.25833333333333,77.27333333333333,0.22858590322153663,0,0.05,1
2026-06-23 09:30:00,30.7,76.52000000000001,28.283000400000002,77.665793,0.9719999899999999,68.24,7.2820536,9,1,Tuesday,0,0.0,-0.03999999999999204,-2.416999599999997,0,2.416999599999997,-1.1457929999999834,-0.0,30.7,76.56,30.308333333333337,77.215,0.2549093718929858,0,0.05,1
2026-06-23 09:35:00,30.78,76.52000000000001,27.951666799999998,79.1866052,1.13999996,68.8,7.5407591,9,1,Tuesday,0,0.08000000000000185,0.0,-2.828333200000003,0,2.828333200000003,-2.6666051999999922,-0.08000000000000185,30.7,76.52000000000001,30.365,77.15333333333334,0.27884502049459686,0,0.04,1
2026-06-23 09:40:00,30.8,76.55999999999999,27.6558332,80.544476,1.28999996,69.3,7.77174612,9,1,Tuesday,0,0.019999999999999574,0.03999999999997783,-3.1441668000000007,0,3.1441668000000007,-3.984476000000015,-0.019999999999999574,30.78,76.52000000000001,30.426666666666666,77.08333333333333,0.28696953697492017,0,0.05,1
2026-06-23 09:45:00,30.8,76.4,27.360000000000003,81.9023452,1.43999996,69.8,8.00273328,9,1,Tuesday,0,0.0,-0.15999999999998238,-3.4399999999999977,0,3.4399999999999977,-5.5023451999999935,-0.0,30.8,76.55999999999999,30.485,76.995,0.2856730489723772,0,0.07,1
2026-06-23 09:50:00,30.860000000000003,76.34,27.064166399999998,83.26021399999999,1.58999998,70.3,8.2337204,9,1,Tuesday,0,0.060000000000002274,-0.060000000000002274,-3.7958336000000052,0,3.7958336000000052,-6.920213999999987,-0.060000000000002274,30.8,76.4,30.55,76.89166666666667,0.2736288129433903,0,0.07,1
2026-06-23 09:55:00,30.96,76.22,26.7683332,84.6180844,1.73999998,70.8,8.464707200000001,9,1,Tuesday,0,0.09999999999999787,-0.12000000000000455,-4.1916668,0,4.1916668,-8.398084400000002,-0.09999999999999787,30.860000000000003,76.34,30.621666666666666,76.79,0.25718169499889293,0,0.08,1
2026-06-23 10:00:00,31.080000000000002,75.92,26.625,85.449364,1.7549999799999998,69.8500012,8.368383,10,1,Tuesday,0,0.120000000000001,-0.29999999999999716,-4.455000000000002,0,4.455000000000002,-9.529364000000001,-0.120000000000001,30.96,76.22,30.694999999999997,76.66666666666667,0.2514141819968945,0,0.08,1
2026-06-23 10:05:00,31.18,75.6,26.5833328,85.92958100000001,1.67999996,67.93333279999999,8.053851,10,1,Tuesday,0,0.09999999999999787,-0.3200000000000074,-4.596667199999999,0,4.596667199999999,-10.329581000000019,-0.09999999999999787,31.080000000000002,75.92,30.776666666666667,76.50833333333334,0.23461121934489323,0,0.08,1
2026-06-23 10:10:00,31.2,75.5,26.541666199999998,86.4097988,1.6049999400000001,66.01666600000001,7.739319159999999,10,1,Tuesday,0,0.019999999999999574,-0.09999999999999432,-4.658333800000001,0,4.658333800000001,-10.909798800000004,-0.019999999999999574,31.18,75.6,30.848333333333333,76.34166666666667,0.21999311284001521,0,0.1,1
2026-06-23 10:15:00,31.2,75.55999999999999,26.5,86.8900182,1.53,64.0999998,7.424787159999999,10,1,Tuesday,0,0.0,0.05999999999998806,-4.699999999999999,0,4.699999999999999,-11.330018200000012,-0.0,31.2,75.5,30.90833333333333,76.20833333333333,0.2082757496177968,0,0.1,1
2026-06-23 10:20:00,31.28,75.36,26.4583328,87.370237,1.45499994,62.183333600000005,7.11025514,10,1,Tuesday,0,0.08000000000000185,-0.19999999999998863,-4.8216672,0,4.8216672,-12.010237000000004,-0.08000000000000185,31.2,75.55999999999999,30.96166666666667,76.08833333333332,0.21514618004497238,0,0.09,1
2026-06-23 10:25:00,31.339999999999996,75.22,26.416666199999998,87.85045299999999,1.37999998,60.266666799999996,6.795723239999999,10,1,Tuesday,0,0.05999999999999517,-0.14000000000000057,-4.923333799999998,0,4.923333799999998,-12.630452999999989,-0.05999999999999517,31.28,75.36,31.015,75.97666666666667,0.22354580575978017,0,0.1,1
2026-06-23 10:30:00,31.4,75.08,26.375,88.330674,1.30499996,58.349999600000004,6.4811912000000005,10,1,Tuesday,0,0.060000000000002274,-0.14000000000000057,-5.024999999999999,0,5.024999999999999,-13.250674000000004,-0.060000000000002274,31.339999999999996,75.22,31.073333333333334,75.85666666666667,0.2252002475913618,0,0.1,1
2026-06-23 10:35:00,31.4,74.97999999999999,26.3333328,88.81089,1.22999996,56.433333600000005,6.16665926,10,1,Tuesday,0,0.0,-0.10000000000000853,-5.066667199999998,0,5.066667199999998,-13.83089000000001,-0.0,31.4,75.08,31.125,75.72833333333334,0.22289418606566416,0,0.1,1
2026-06-23 10:40:00,31.4,75.03999999999999,26.291666199999998,89.29111,1.155,54.516666799999996,5.85212742,10,1,Tuesday,0,0.0,0.060000000000002274,-5.1083338000000005,0,5.1083338000000005,-14.251110000000011,-0.0,31.4,74.97999999999999,31.174999999999997,75.60166666666667,0.21030281198150236,0,0.1,1
2026-06-23 10:45:00,31.46,74.78,26.25,89.7713278,1.0799999599999999,52.599999600000004,5.53759536,10,1,Tuesday,0,0.060000000000002274,-0.2599999999999909,-5.210000000000001,0,5.210000000000001,-14.991327799999993,-0.060000000000002274,31.4,75.03999999999999,31.23,75.46666666666665,0.18848679722284167,0,0.11,1
2026-06-23 10:50:00,31.5,74.47999999999999,26.2083328,90.25154599999999,1.004999982,50.683333600000005,5.22306334,10,1,Tuesday,0,0.03999999999999915,-0.30000000000001137,-5.291667199999999,0,5.291667199999999,-15.771546,-0.03999999999999915,31.46,74.78,31.28333333333333,75.31166666666667,0.16311364322493163,0,0.08,1
2026-06-23 10:55:00,31.5,74.42,26.166666199999998,90.7317622,0.929999982,48.7666668,4.90853148,10,1,Tuesday,0,0.0,-0.05999999999998806,-5.333333800000002,0,5.333333800000002,-16.311762200000004,-0.0,31.5,74.47999999999999,31.328333333333333,75.16166666666666,0.1384218409813056,0,0.07,1
2026-06-23 11:00:00,31.5,74.46000000000001,26.135,91.2026592,0.864999972,49.3999996,4.7038230400000005,11,1,Tuesday,0,0.0,0.04000000000000625,-5.364999999999998,0,5.364999999999998,-16.74265919999999,-0.0,31.5,74.42,31.363333333333333,75.04,0.12205314292149959,0,0.07,1
2026-06-23 11:05:00,31.580000000000002,74.36,26.109999800000004,91.66734,0.806666652,51.7333336,4.57233048,11,1,Tuesday,0,0.08000000000000185,-0.10000000000000853,-5.470000199999998,0,5.470000199999998,-17.307339999999996,-0.08000000000000185,31.5,74.46000000000001,31.396666666666665,74.93666666666667,0.12205314292149325,0,0.07,1
2026-06-23 11:10:00,31.6,74.2,26.085,92.13202179999999,0.748333308,54.06666679999999,4.4408384,11,1,Tuesday,0,0.019999999999999574,-0.1599999999999966,-5.515000000000001,0,5.515000000000001,-17.932021799999987,-0.019999999999999574,31.580000000000002,74.36,31.430000000000003,74.82833333333333,0.11801386667386123,0,0.06,1
2026-06-23 11:15:00,31.6,74.24,26.060000000000002,92.596704,0.689999978,56.3999996,4.3093457200000005,11,1,Tuesday,0,0.0,0.03999999999999204,-5.539999999999999,0,5.539999999999999,-18.356704000000008,-0.0,31.6,74.2,31.463333333333335,74.71833333333332,0.10263202878914038,0,0.06,1
2026-06-23 11:20:00,31.660000000000004,73.97999999999999,26.0349998,93.0613822,0.631666662,58.7333336,4.1778530400000005,11,1,Tuesday,0,0.060000000000002274,-0.2600000000000051,-5.625000200000002,0,5.625000200000002,-19.081382200000007,-0.060000000000002274,31.6,74.24,31.495,74.60333333333334,0.09949874371086392,0,0.06,1
2026-06-23 11:25:00,31.76,73.67999999999999,26.01,93.52606499999999,0.57333332,61.06666679999999,4.04636054,11,1,Tuesday,0,0.09999999999999787,-0.29999999999999716,-5.75,0,5.75,-19.846064999999996,-0.09999999999999787,31.660000000000004,73.97999999999999,31.53,74.475,0.11297626460312282,0,0.06,1
2026-06-23 11:30:00,31.82,73.5,25.985000000000003,93.9907452,0.514999982,63.400000399999996,3.9148681400000003,11,1,Tuesday,0,0.05999999999999872,-0.1799999999999926,-5.834999999999997,0,5.834999999999997,-20.490745200000006,-0.05999999999999872,31.76,73.67999999999999,31.564999999999998,74.34333333333332,0.13242493585575305,0,0.06,1
2026-06-23 11:35:00,31.9,73.28,25.960000200000003,94.4554268,0.456666664,65.7333328,3.7833757400000003,11,1,Tuesday,0,0.0799999999999983,-0.21999999999999886,-5.939999799999995,0,5.939999799999995,-21.175426799999997,-0.0799999999999983,31.82,73.5,31.60666666666667,74.20166666666667,0.15287150476701533,0,0.06,1
2026-06-23 11:40:00,31.98,73.1,25.935000000000002,94.920109,0.39833333,68.0666652,3.6518831,11,1,Tuesday,0,0.08000000000000185,-0.18000000000000682,-6.044999999999998,0,6.044999999999998,-21.820109000000002,-0.08000000000000185,31.9,73.28,31.655,74.03999999999999,0.17207292323059856,0,0.07,1
2026-06-23 11:45:00,32.0,72.86,25.910000000000004,95.384787,0.339999996,70.400002,3.52039074,11,1,Tuesday,0,0.019999999999999574,-0.23999999999999488,-6.089999999999996,0,6.089999999999996,-22.524787000000003,-0.019999999999999574,31.98,73.1,31.7,73.88,0.18645009081163555,0,0.08,1
2026-06-23 11:50:00,32.08,72.74,25.8850002,95.8494692,0.281666664,72.7333328,3.3888981799999995,11,1,Tuesday,0,0.0799999999999983,-0.12000000000000455,-6.194999799999998,0,6.194999799999998,-23.109469200000007,-0.0799999999999983,32.0,72.86,31.748333333333335,73.735,0.20422061748533016,0,0.08,1
2026-06-23 11:55:00,32.1,72.46000000000001,25.860000000000003,96.31415080000001,0.22333333400000002,75.0666652,3.25740576,11,1,Tuesday,0,0.020000000000003126,-0.2799999999999869,-6.239999999999998,0,6.239999999999998,-23.8541508,-0.020000000000003126,32.08,72.74,31.798333333333332,73.57166666666667,0.21122299002518363,0,0.09,1
2026-06-23 12:00:00,32.2,72.32000000000001,25.845000199999998,96.5142822,0.265000004,76.75,3.32414826,12,1,Tuesday,0,0.10000000000000142,-0.14000000000000057,-6.354999800000005,0,6.354999800000005,-24.19428219999999,-0.10000000000000142,32.1,72.46000000000001,31.856666666666666,73.39333333333333,0.21789627779935422,0,0.08,1
2026-06-23 12:05:00,32.3,72.16,25.8366668,96.538047,0.37333333,78.0,3.52304768,12,1,Tuesday,0,0.09999999999999432,-0.1600000000000108,-6.4633331999999974,0,6.4633331999999974,-24.37804700000001,-0.09999999999999432,32.2,72.32000000000001,31.916666666666668,73.21,0.23336796279830113,0,0.08,1
2026-06-23 12:10:00,32.4,71.94000000000001,25.8283336,96.56180520000001,0.481666662,79.25,3.7219469199999997,12,1,Tuesday,0,0.10000000000000142,-0.21999999999998465,-6.571666399999998,0,6.571666399999998,-24.621805199999997,-0.10000000000000142,32.3,72.16,31.983333333333334,73.02166666666666,0.248461935381165,0,0.08,1
2026-06-23 12:15:00,32.480000000000004,71.74,25.820000399999998,96.5855718,0.5900000000000001,80.5,3.9208461999999997,12,1,Tuesday,0,0.0800000000000054,-0.20000000000001705,-6.659999600000006,0,6.659999600000006,-24.845571800000002,-0.0800000000000054,32.4,71.94000000000001,32.056666666666665,72.81333333333333,0.2548201980482549,0,0.08,1
2026-06-23 12:20:00,32.54,71.46000000000001,25.8116668,96.60933600000001,0.698333346,81.75,4.11974554,12,1,Tuesday,0,0.05999999999999517,-0.2799999999999869,-6.728333199999998,0,6.728333199999998,-25.149336000000005,-0.05999999999999517,32.480000000000004,71.74,32.13,72.60333333333334,0.2569046515733325,0,0.09,1
2026-06-23 12:25:00,32.620000000000005,71.38,25.803333199999997,96.63310320000001,0.80666666,83.0,4.31864494,12,1,Tuesday,0,0.0800000000000054,-0.0800000000000125,-6.816666800000007,0,6.816666800000007,-25.253103200000012,-0.0800000000000054,32.54,71.46000000000001,32.20166666666667,72.41166666666668,0.26415674869062034,0,0.09,1
2026-06-23 12:30:00,32.720000000000006,71.14,25.794999999999998,96.6568608,0.9149999879999999,84.25,4.51754416,12,1,Tuesday,0,0.10000000000000142,-0.23999999999999488,-6.925000000000008,0,6.925000000000008,-25.516860800000003,-0.10000000000000142,32.620000000000005,71.38,32.27666666666667,72.215,0.27354020257404493,0,0.09,1
2026-06-23 12:35:00,32.82,71.02000000000001,25.7866668,96.6806252,1.02333334,85.5,4.716443379999999,12,1,Tuesday,0,0.09999999999999432,-0.11999999999999034,-7.033333200000001,0,7.033333200000001,-25.660625199999984,-0.09999999999999432,32.720000000000006,71.14,32.35333333333333,72.02666666666666,0.2869695369747747,0,0.09,1
2026-06-23 12:40:00,32.9,70.88000000000001,25.778333800000002,96.70439200000001,1.13166668,86.75,4.91534276,12,1,Tuesday,0,0.0799999999999983,-0.14000000000000057,-7.121666199999996,0,7.121666199999996,-25.824392000000003,-0.0799999999999983,32.82,71.02000000000001,32.43,71.84166666666668,0.3007263933151846,0,0.1,1
2026-06-23 12:45:00,33.0,70.74,25.7699998,96.728156,1.2400000199999999,88.0,5.1142420799999995,12,1,Tuesday,0,0.10000000000000142,-0.14000000000001478,-7.230000199999999,0,7.230000199999999,-25.988156000000004,-0.10000000000000142,32.9,70.88000000000001,32.513333333333335,71.665,0.309172894652601,0,0.09,1
2026-06-23 12:50:00,33.0,70.66,25.7616668,96.751915,1.34833336,89.25,5.3131414,12,1,Tuesday,0,0.0,-0.0799999999999983,-7.2383332,0,7.2383332,-26.091915,-0.0,33.0,70.74,32.589999999999996,71.49166666666667,0.306000594176463,0,0.11,1
2026-06-23 12:55:00,33.0,70.55999999999999,25.753333399999995,96.7756808,1.45666668,90.5,5.51204076,12,1,Tuesday,0,0.0,-0.10000000000000853,-7.246666600000005,0,7.246666600000005,-26.215680800000015,-0.0,33.0,70.66,32.665,71.33333333333333,0.284525122712435,0,0.11,1
2026-06-23 13:00:00,33.019999999999996,70.52000000000001,25.744999999999997,96.7419912,1.44,89.2,5.43737582,13,1,Tuesday,0,0.01999999999999602,-0.03999999999997783,-7.274999999999999,0,7.274999999999999,-26.22199119999999,-0.01999999999999602,33.0,70.55999999999999,32.73333333333333,71.18333333333334,0.26011652400526686,0,0.11,1
2026-06-23 13:05:00,33.019999999999996,70.3,25.7366666,96.6700022,1.34,86.2,5.18033492,13,1,Tuesday,0,0.0,-0.22000000000001307,-7.2833333999999965,0,7.2833333999999965,-26.370002200000002,-0.0,33.019999999999996,70.52000000000001,32.79333333333334,71.02833333333334,0.23266571155480967,0,0.11,1
2026-06-23 13:10:00,33.019999999999996,70.4,25.728333400000004,96.5980118,1.24,83.2,4.9232941,13,1,Tuesday,0,0.0,0.10000000000000853,-7.291666599999992,0,7.291666599999992,-26.19801179999999,-0.0,33.019999999999996,70.3,32.845,70.9,0.2045171697614706,0,0.11,1
2026-06-23 13:15:00,33.0,70.34,25.7199996,96.52602279999999,1.1400000000000001,80.2,4.66625322,13,1,Tuesday,0,-0.01999999999999602,-0.060000000000002274,-7.280000399999999,0,7.280000399999999,-26.18602279999999,0.01999999999999602,33.019999999999996,70.4,32.888333333333335,70.78333333333335,0.17277591021748998,0,0.1,1
2026-06-23 13:20:00,33.0,70.3,25.7116666,96.45403200000001,1.0400000200000001,77.2,4.40921228,13,1,Tuesday,0,0.0,-0.04000000000000625,-7.288333399999999,0,7.288333399999999,-26.154032000000015,-0.0,33.0,70.34,32.92666666666667,70.68666666666667,0.1354677642521634,0,0.07,1
2026-06-23 13:25:00,33.0,70.24,25.703333199999996,96.38204,0.9400000000000001,74.2,4.1521714,13,1,Tuesday,0,0.0,-0.060000000000002274,-7.296666800000004,0,7.296666800000004,-26.14204000000001,-0.0,33.0,70.3,32.958333333333336,70.59166666666667,0.09590083261855883,0,0.07,1
2026-06-23 13:30:00,33.0,70.16,25.695,96.3100516,0.840000006,71.2,3.89513042,13,1,Tuesday,0,0.0,-0.0799999999999983,-7.305,0,7.305,-26.150051599999998,-0.0,33.0,70.24,32.98166666666666,70.51,0.05997474215811114,0,0.07,1
2026-06-23 13:35:00,33.08,70.03999999999999,25.6866664,96.23805999999999,0.740000006,68.2,3.63808962,13,1,Tuesday,0,0.0799999999999983,-0.12000000000000455,-7.393333599999998,0,7.393333599999998,-26.198059999999998,-0.0799999999999983,33.0,70.16,33.00333333333333,70.42833333333333,0.03984819679533668,0,0.08,1
2026-06-23 13:40:00,33.14,69.74,25.678333199999997,96.1660684,0.64,65.2,3.38104872,13,1,Tuesday,0,0.060000000000002274,-0.29999999999999716,-7.461666800000003,0,7.461666800000003,-26.426068400000005,-0.060000000000002274,33.08,70.03999999999999,33.02333333333333,70.33333333333333,0.04334498677757031,0,0.07,1
2026-06-23 13:45:00,33.239999999999995,69.6,25.6699996,96.09407999999999,0.54,62.2,3.12400774,13,1,Tuesday,0,0.09999999999999432,-0.14000000000000057,-7.570000399999994,0,7.570000399999994,-26.494079999999997,-0.09999999999999432,33.14,69.74,33.04333333333333,70.23833333333333,0.07523699927937302,0,0.06,1
2026-06-23 13:50:00,33.3,69.34,25.6616666,96.022088,0.440000008,59.2,2.8669669200000003,13,1,Tuesday,0,0.060000000000002274,-0.2599999999999909,-7.638333399999997,0,7.638333399999997,-26.682087999999993,-0.060000000000002274,33.239999999999995,69.6,33.068333333333335,70.12833333333333,0.10390846787883161,0,0.07,1
2026-06-23 13:55:00,33.36,69.26,25.6533332,95.9500992,0.34000000999999996,56.2,2.60992604,13,1,Tuesday,0,0.060000000000002274,-0.0799999999999983,-7.706666800000001,0,7.706666800000001,-26.69009919999999,-0.060000000000002274,33.3,69.34,33.098333333333336,70.02,0.1308596287026557,0,0.06,1
2026-06-23 14:00:00,33.480000000000004,69.0,25.6399998,95.99309,0.285000014,56.0,2.47084964,14,1,Tuesday,0,0.12000000000000455,-0.2600000000000051,-7.840000200000006,0,7.840000200000006,-26.993089999999995,-0.12000000000000455,33.36,69.26,33.13666666666666,69.89333333333333,0.16794660045982693,0,0.06,1
2026-06-23 14:05:00,33.519999999999996,68.78,25.6233332,96.1127382,0.260000008,57.6666664,2.4104162199999997,14,1,Tuesday,0,0.03999999999999204,-0.21999999999999886,-7.896666799999995,0,7.896666799999995,-27.332738199999994,-0.03999999999999204,33.480000000000004,69.0,33.178333333333335,69.76666666666667,0.19604421270030387,0,0.09,1
2026-06-23 14:10:00,33.620000000000005,68.47999999999999,25.6066666,96.232381,0.235000006,59.3333336,2.3499828000000003,14,1,Tuesday,0,0.10000000000000853,-0.30000000000001137,-8.013333400000004,0,8.013333400000004,-27.752381000000014,-0.10000000000000853,33.519999999999996,68.78,33.22833333333333,69.60666666666667,0.22618710409868892,0,0.09,1
2026-06-23 14:15:00,33.7,68.2,25.59,96.35203,0.21000000600000002,61.0,2.2895494199999997,14,1,Tuesday,0,0.0799999999999983,-0.2799999999999869,-8.110000000000003,0,8.110000000000003,-28.152029999999996,-0.0799999999999983,33.620000000000005,68.47999999999999,33.28666666666667,69.42833333333333,0.2508651696295731,0,0.09,1
2026-06-23 14:20:00,33.7,68.02000000000001,25.5733336,96.471673,0.185000006,62.6666664,2.22911606,14,1,Tuesday,0,0.0,-0.1799999999999926,-8.126666400000001,0,8.126666400000001,-28.451672999999985,-0.0,33.7,68.2,33.345,69.23833333333333,0.25938739017491846,0,0.1,1
2026-06-23 14:25:00,33.7,67.97999999999999,25.5566668,96.59132079999999,0.160000002,64.3333336,2.16868266,14,1,Tuesday,0,0.0,-0.040000000000020464,-8.143333200000004,0,8.143333200000004,-28.6113208,-0.0,33.7,68.02000000000001,33.40333333333333,69.05,0.2533891485561169,0,0.1,1
2026-06-23 14:30:00,33.7,67.9,25.54,96.71096700000001,0.135000004,66.0,2.1082492999999998,14,1,Tuesday,0,0.0,-0.07999999999998408,-8.160000000000004,0,8.160000000000004,-28.810967000000005,-0.0,33.7,67.97999999999999,33.461666666666666,68.86166666666666,0.23174568087882494,0,0.1,1
2026-06-23 14:35:00,33.68,67.92,25.5233336,96.83061319999999,0.11000000380000001,67.6666672,2.0478159,14,1,Tuesday,0,-0.020000000000003126,0.01999999999999602,-8.156666399999999,0,8.156666399999999,-28.910613199999986,0.020000000000003126,33.7,67.9,33.51166666666666,68.685,0.20510898802739783,0,0.1,1
2026-06-23 14:40:00,33.6,67.92,25.506666799999998,96.95025919999999,0.0850000024,69.3333328,1.98738254,14,1,Tuesday,0,-0.0799999999999983,0.0,-8.093333200000004,0,8.093333200000004,-29.03025919999999,0.0799999999999983,33.68,67.92,33.550000000000004,68.53333333333335,0.16916909238423364,0,0.15,1
2026-06-23 14:45:00,33.6,67.84,25.4900008,97.0699078,0.060000002,71.0,1.9269491200000002,14,1,Tuesday,0,0.0,-0.0799999999999983,-8.1099992,0,8.1099992,-29.229907799999992,-0.0,33.6,67.92,33.580000000000005,68.38666666666667,0.1383013836777993,0,0.08,1
2026-06-23 14:50:00,33.58,67.86,25.4733338,97.18955,0.0350000008,72.6666672,1.8665157399999999,14,1,Tuesday,0,-0.020000000000003126,0.01999999999999602,-8.1066662,0,8.1066662,-29.329549999999998,0.020000000000003126,33.6,67.84,33.60333333333333,68.26333333333334,0.10679916013705262,0,0.09,1
2026-06-23 14:55:00,33.58,67.76,25.4566672,97.3091992,0.01000000068,74.3333328,1.8060823400000001,14,1,Tuesday,0,0.0,-0.09999999999999432,-8.1233328,0,8.1233328,-29.54919919999999,-0.0,33.58,67.86,33.62166666666666,68.13833333333334,0.07553847103283508,0,0.09,1
2026-06-23 15:00:00,33.519999999999996,67.61999999999999,25.4450012,97.3714988,0.0,75.2000004,1.82385552,15,1,Tuesday,0,-0.060000000000002274,-0.14000000000001478,-8.074998799999996,0,8.074998799999996,-29.751498800000007,0.060000000000002274,33.58,67.76,33.625,68.02333333333333,0.06934760925229287,0,0.09,1
2026-06-23 15:05:00,33.5,67.61999999999999,25.436667,97.395575,0.0,75.5333328,1.8937663999999998,15,1,Tuesday,0,-0.01999999999999602,0.0,-8.063333,0,8.063333,-29.775575000000003,0.01999999999999602,33.519999999999996,67.61999999999999,33.623333333333335,67.92666666666666,0.07227892102238562,0,0.09,1
2026-06-23 15:10:00,33.5,67.47999999999999,25.4283338,97.4196472,0.0,75.86666679999999,1.96367726,15,1,Tuesday,0,0.0,-0.14000000000000057,-8.0716662,0,8.0716662,-29.93964720000001,-0.0,33.5,67.61999999999999,33.61333333333334,67.84333333333333,0.08060378215002134,0,0.08,1
2026-06-23 15:15:00,33.6,67.44000000000001,25.4200004,97.44372200000001,0.0,76.2000004,2.03358812,15,1,Tuesday,0,0.10000000000000142,-0.03999999999997783,-8.179999600000002,0,8.179999600000002,-30.003721999999996,-0.10000000000000142,33.5,67.47999999999999,33.605,67.78,0.0758587203587316,0,0.09,1
2026-06-23 15:20:00,33.6,67.64,25.4116672,97.46779699999999,0.0,76.5333328,2.1034990000000002,15,1,Tuesday,0,0.0,0.19999999999998863,-8.188332800000001,0,8.188332800000001,-29.82779699999999,-0.0,33.6,67.44000000000001,33.59666666666667,67.74833333333333,0.06971804687830292,0,0.08,1
2026-06-23 15:25:00,33.6,67.8,25.4033342,97.491867,0.0,76.86666679999999,2.17340984,15,1,Tuesday,0,0.0,0.1599999999999966,-8.196665800000002,0,8.196665800000002,-29.691867000000002,-0.0,33.6,67.64,33.58833333333333,67.73333333333333,0.0617669127856582,0,0.08,1
2026-06-23 15:30:00,33.7,67.86,25.3950002,97.515945,0.0,77.2000004,2.24332064,15,1,Tuesday,0,0.10000000000000142,0.060000000000002274,-8.304999800000004,0,8.304999800000004,-29.655945000000003,-0.10000000000000142,33.6,67.8,33.58833333333333,67.73,0.0617669127856582,0,0.09,1
2026-06-23 15:35:00,33.720000000000006,67.92,25.386667,97.54001600000001,0.0,77.5333328,2.3132314999999997,15,1,Tuesday,0,0.020000000000003126,0.060000000000002274,-8.333333000000007,0,8.333333000000007,-29.620016000000007,-0.020000000000003126,33.7,67.86,33.59166666666666,67.73,0.06793490645515832,0,0.09,1
2026-06-23 15:40:00,33.8,68.0,25.378334000000002,97.564093,0.0,77.86666679999999,2.3831423999999997,15,1,Tuesday,0,0.07999999999999119,0.0799999999999983,-8.421665999999995,0,8.421665999999995,-29.564093,-0.07999999999999119,33.720000000000006,67.92,33.608333333333334,67.73666666666666,0.09083785087414739,0,0.07,1
2026-06-23 15:45:00,33.879999999999995,68.28,25.370000400000002,97.588165,0.0,78.2000004,2.4530532999999997,15,1,Tuesday,0,0.0799999999999983,0.28000000000000114,-8.509999599999993,0,8.509999599999993,-29.308165000000002,-0.0799999999999983,33.8,68.0,33.63166666666667,67.77333333333333,0.11983574617168061,0,0.07,1
2026-06-23 15:50:00,33.94,68.34,25.361667399999998,97.61223720000001,0.0,78.5333328,2.52296422,15,1,Tuesday,0,0.060000000000002274,0.060000000000002274,-8.5783326,0,8.5783326,-29.272237200000006,-0.060000000000002274,33.879999999999995,68.28,33.66166666666667,67.81333333333333,0.14757637981297558,0,0.08,1
2026-06-23 15:55:00,34.0,68.7,25.353333600000003,97.636314,0.0,78.86666679999999,2.5928750799999998,15,1,Tuesday,0,0.060000000000002274,0.35999999999999943,-8.646666399999997,0,8.646666399999997,-28.936313999999996,-0.060000000000002274,33.94,68.34,33.696666666666665,67.89166666666667,0.1739034911735194,0,0.11,1
2026-06-23 16:00:00,34.06,68.66,25.34,97.63120719999999,0.0,78.75,2.64385258,16,1,Tuesday,0,0.060000000000002274,-0.04000000000000625,-8.720000000000002,0,8.720000000000002,-28.971207199999995,-0.060000000000002274,34.0,68.7,33.74166666666667,67.97833333333334,0.1928651593649871,0,0.11,1
2026-06-23 16:05:00,34.1,68.55999999999999,25.323334,97.606647,0.0,78.3333328,2.68220792,16,1,Tuesday,0,0.03999999999999915,-0.10000000000000853,-8.776666000000002,0,8.776666000000002,-29.046647000000007,-0.03999999999999915,34.06,68.66,33.791666666666664,68.05666666666666,0.20207259421614632,0,0.11,1
2026-06-23 16:10:00,34.14,68.53999999999999,25.3066668,97.5820882,0.0,77.9166672,2.72056328,16,1,Tuesday,0,0.03999999999999915,-0.01999999999999602,-8.833333200000002,0,8.833333200000002,-29.04208820000001,-0.03999999999999915,34.1,68.55999999999999,33.845,68.145,0.20255190131712014,0,0.12,1
2026-06-23 16:15:00,34.160000000000004,68.58,25.29,97.55752720000001,0.0,77.5,2.7589186000000003,16,1,Tuesday,0,0.020000000000003126,0.04000000000000625,-8.870000000000005,0,8.870000000000005,-28.97752720000001,-0.020000000000003126,34.14,68.53999999999999,33.89166666666667,68.24,0.20546326074278437,0,0.12,1
2026-06-23 16:20:00,34.18,68.58,25.273333200000003,97.53296800000001,0.0,77.0833328,2.79727396,16,1,Tuesday,0,0.01999999999999602,0.0,-8.906666799999996,0,8.906666799999996,-28.952968000000013,-0.01999999999999602,34.160000000000004,68.58,33.94,68.31833333333334,0.1987231971633222,0,0.12,1
2026-06-23 16:25:00,34.2,68.6,25.256666799999998,97.5084076,0.0,76.6666672,2.8356293,16,1,Tuesday,0,0.020000000000003126,0.01999999999999602,-8.943333200000005,0,8.943333200000005,-28.908407600000004,-0.020000000000003126,34.18,68.58,33.99,68.385,0.17999999999972516,0,0.11,1
2026-06-23 16:30:00,34.2,68.58,25.240000000000002,97.483848,0.0,76.25,2.8739846800000004,16,1,Tuesday,0,0.0,-0.01999999999999602,-8.96,0,8.96,-28.903847999999996,-0.0,34.2,68.6,34.031666666666666,68.445,0.16391978821849418,0,0.08,1
2026-06-23 16:35:00,34.260000000000005,68.6,25.2233334,97.45929,0.0,75.8333328,2.91234004,16,1,Tuesday,0,0.060000000000002274,0.01999999999999602,-9.036666600000004,0,9.036666600000004,-28.85929,-0.060000000000002274,34.2,68.58,34.07666666666667,68.50166666666667,0.14342139648460311,0,0.08,1
2026-06-23 16:40:00,34.3,68.58,25.2066666,97.43473159999999,0.0,75.4166672,2.95069538,16,1,Tuesday,0,0.03999999999999204,-0.01999999999999602,-9.093333399999999,0,9.093333399999999,-28.854731599999994,-0.03999999999999204,34.260000000000005,68.6,34.11833333333333,68.55,0.12748143061406533,0,0.07,1
2026-06-23 16:45:00,34.4,68.5,25.1899996,97.41017,0.0,75.0,2.9890507,16,1,Tuesday,0,0.10000000000000142,-0.0799999999999983,-9.210000399999998,0,9.210000399999998,-28.910169999999994,-0.10000000000000142,34.3,68.58,34.16166666666667,68.56833333333334,0.1274814306140521,0,0.07,1
2026-06-23 16:50:00,34.4,68.5,25.1733328,97.38561039999999,0.0,74.5833328,3.02740604,16,1,Tuesday,0,0.0,0.0,-9.226667199999998,0,9.226667199999998,-28.88561039999999,-0.0,34.4,68.5,34.2,68.58166666666666,0.12387677161333373,0,0.07,1
2026-06-23 16:55:00,34.4,68.42,25.1566668,97.36105,0.0,74.1666672,3.0657614000000004,16,1,Tuesday,0,0.0,-0.0799999999999983,-9.243333199999999,0,9.243333199999999,-28.941050000000004,-0.0,34.4,68.5,34.233333333333334,68.55833333333332,0.11888369666703034,0,0.07,1
2026-06-23 17:00:00,34.44,68.38000000000001,25.1724998,97.351662,0.0,75.2999996,3.02966422,17,1,Tuesday,0,0.03999999999999915,-0.03999999999999204,-9.267500199999997,0,9.267500199999997,-28.971661999999995,-0.03999999999999915,34.4,68.42,34.265,68.535,0.11912560216339854,0,0.07,1
2026-06-23 17:05:00,34.5,68.3,25.2099998,97.35238799999999,0.0,77.4666672,2.9439319,17,1,Tuesday,0,0.060000000000002274,-0.0800000000000125,-9.290000200000001,0,9.290000200000001,-29.052387999999993,-0.060000000000002274,34.44,68.38000000000001,34.29833333333333,68.51333333333334,0.1245963178594122,0,0.07,1
2026-06-23 17:10:00,34.5,68.3,25.2475,97.3531196,0.0,79.63333320000001,2.85819956,17,1,Tuesday,0,0.0,0.0,-9.252500000000001,0,9.252500000000001,-29.053119600000002,-0.0,34.5,68.3,34.32833333333333,68.49333333333333,0.12633529222068385,0,0.07,1
2026-06-23 17:15:00,34.5,68.24,25.285,97.353842,0.0,81.7999996,2.77246716,17,1,Tuesday,0,0.0,-0.060000000000002274,-9.215,0,9.215,-29.113842000000005,-0.0,34.5,68.3,34.35666666666666,68.465,0.12323911224833133,0,0.07,1
2026-06-23 17:20:00,34.5,68.22,25.3224998,97.354568,0.0,83.9666672,2.6867349000000003,17,1,Tuesday,0,0.0,-0.01999999999999602,-9.1775002,0,9.1775002,-29.134568,-0.0,34.5,68.24,34.38333333333333,68.435,0.11594146903632441,0,0.07,1
2026-06-23 17:25:00,34.480000000000004,68.14,25.36,97.355294,0.0,86.13333320000001,2.60100248,17,1,Tuesday,0,-0.01999999999999602,-0.0799999999999983,-9.120000000000005,0,9.120000000000005,-29.215294,0.01999999999999602,34.5,68.22,34.406666666666666,68.39666666666666,0.10316212600707748,0,0.07,1
2026-06-23 17:30:00,34.4,68.14,25.3975,97.3560256,0.0,88.2999996,2.5152703,17,1,Tuesday,0,-0.0800000000000054,0.0,-9.002499999999998,0,9.002499999999998,-29.216025599999995,0.0800000000000054,34.480000000000004,68.14,34.42333333333333,68.36,0.08037789534742289,0,0.08,1
2026-06-23 17:35:00,34.4,68.03999999999999,25.435000199999998,97.3567502,0.0,90.4666672,2.42953796,17,1,Tuesday,0,0.0,-0.10000000000000853,-8.964999800000001,0,8.964999800000001,-29.3167502,-0.0,34.4,68.14,34.435,68.31333333333333,0.06274044657347047,0,0.07,1
2026-06-23 17:40:00,34.4,67.92,25.4725,97.357475,0.0,92.63333320000001,2.3438056,17,1,Tuesday,0,0.0,-0.11999999999999034,-8.927499999999998,0,8.927499999999998,-29.437474999999992,-0.0,34.4,68.03999999999999,34.443333333333335,68.25833333333333,0.04811602139647464,0,0.09,1
2026-06-23 17:45:00,34.4,67.86,25.509999999999998,97.3582,0.0,94.7999996,2.25807328,17,1,Tuesday,0,0.0,-0.060000000000002274,-8.89,0,8.89,-29.498199999999997,-0.0,34.4,67.92,34.443333333333335,68.205,0.04811602139647464,0,0.09,1
2026-06-23 17:50:00,34.3,67.94000000000001,25.547500199999998,97.35893200000001,0.0,96.9666672,2.17234094,17,1,Tuesday,0,-0.10000000000000142,0.0800000000000125,-8.752499799999999,0,8.752499799999999,-29.418931999999998,0.10000000000000142,34.4,67.86,34.434999999999995,68.15833333333333,0.06274044657347047,0,0.96,1
2026-06-23 17:55:00,34.3,67.86,25.585000200000003,97.359658,0.0,99.13333320000001,2.08660858,17,1,Tuesday,0,0.0,-0.0800000000000125,-8.714999799999994,0,8.714999799999994,-29.499657999999997,-0.0,34.3,67.94000000000001,34.42666666666667,68.11166666666666,0.0735259179197095,0,0.09,1
2026-06-23 18:00:00,34.220000000000006,68.03999999999999,25.5850004,97.3451472,0.0,99.7999996,2.00732804,18,1,Tuesday,0,-0.07999999999999119,0.1799999999999926,-8.634999600000008,0,8.634999600000008,-29.305147200000008,0.07999999999999119,34.3,67.86,34.40833333333333,68.08333333333333,0.09437192700128766,0,0.1,1
2026-06-23 18:05:00,34.2,68.17999999999999,25.56,97.3204832,0.0,99.4666672,1.9323486200000002,18,1,Tuesday,0,-0.020000000000003126,0.14000000000000057,-8.640000000000004,0,8.640000000000004,-29.140483200000006,0.020000000000003126,34.220000000000006,68.03999999999999,34.38333333333333,68.07333333333334,0.10679916013685371,0,0.08,1
2026-06-23 18:10:00,34.1,68.36,25.535,97.29581920000001,0.0,99.13333320000001,1.85736914,18,1,Tuesday,0,-0.10000000000000142,0.18000000000000682,-8.565000000000001,0,8.565000000000001,-28.93581920000001,0.10000000000000142,34.2,68.17999999999999,34.35,68.07833333333333,0.12749331533230943,0,2.35,1
2026-06-23 18:15:00,34.06,68.44000000000001,25.509999999999998,97.271155,0.0,98.7999996,1.78238972,18,1,Tuesday,0,-0.03999999999999915,0.0800000000000125,-8.550000000000004,0,8.550000000000004,-28.83115499999998,0.03999999999999915,34.1,68.36,34.31333333333333,68.095,0.1427861295356064,0,0.08,1
2026-06-23 18:20:00,33.980000000000004,68.64,25.485,97.24649099999999,0.0,98.4666672,1.70741026,18,1,Tuesday,0,-0.0799999999999983,0.19999999999998863,-8.495000000000005,0,8.495000000000005,-28.60649099999999,0.0799999999999983,34.06,68.44000000000001,34.27,68.13000000000001,0.15897398300542673,0,0.09,1
2026-06-23 18:25:00,33.9,68.74,25.46,97.2218262,0.0,98.13333320000001,1.63243084,18,1,Tuesday,0,-0.0800000000000054,0.09999999999999432,-8.439999999999998,0,8.439999999999998,-28.4818262,0.0800000000000054,33.980000000000004,68.64,34.221666666666664,68.17999999999999,0.1765236699723045,0,0.15,1
2026-06-23 18:30:00,33.86,68.78,25.435,97.1971598,0.0,97.7999996,1.55745136,18,1,Tuesday,0,-0.03999999999999915,0.04000000000000625,-8.425,0,8.425,-28.417159799999993,0.03999999999999915,33.9,68.74,34.17666666666667,68.23333333333333,0.19481148618960498,0,0.09,1
2026-06-23 18:35:00,33.8,68.8,25.4099996,97.17249580000001,0.0,97.4666672,1.48247196,18,1,Tuesday,0,-0.060000000000002274,0.01999999999999602,-8.390000399999998,0,8.390000399999998,-28.37249580000001,0.060000000000002274,33.86,68.78,34.12666666666667,68.29666666666667,0.20877710312141354,0,0.12,1
2026-06-23 18:40:00,33.739999999999995,68.92,25.384999999999998,97.147833,0.0,97.13333320000001,1.4074925,18,1,Tuesday,0,-0.060000000000002274,0.12000000000000455,-8.354999999999997,0,8.354999999999997,-28.227833000000004,0.060000000000002274,33.8,68.8,34.071666666666665,68.38000000000001,0.21699741654631033,0,0.12,1
2026-06-23 18:45:00,33.7,68.9,25.359999199999997,97.1231668,0.0,96.7999996,1.3325130399999998,18,1,Tuesday,0,-0.03999999999999204,-0.01999999999999602,-8.340000800000006,0,8.340000800000006,-28.2231668,0.03999999999999204,33.739999999999995,68.92,34.013333333333335,68.46666666666667,0.21478671591425558,0,0.1,1
2026-06-23 18:50:00,33.7,68.96000000000001,25.3349998,97.098504,0.0,96.4666672,1.2575336,18,1,Tuesday,0,0.0,0.060000000000002274,-8.365000200000004,0,8.365000200000004,-28.138503999999998,-0.0,33.7,68.9,33.96333333333333,68.55166666666666,0.21180322485861083,0,0.09,1
2026-06-23 18:55:00,33.64,69.06,25.309999400000002,97.073838,0.0,96.13333320000001,1.18255416,18,1,Tuesday,0,-0.060000000000002274,0.09999999999999432,-8.330000599999998,0,8.330000599999998,-28.013837999999993,0.060000000000002274,33.7,68.96000000000001,33.90833333333333,68.65166666666666,0.20189256068639977,0,0.12,1
2026-06-23 19:00:00,33.6,69.17999999999999,25.3024998,97.00639,0.0,94.5,1.13311802,19,1,Tuesday,0,-0.03999999999999915,0.11999999999999034,-8.297500200000002,0,8.297500200000002,-27.826390000000004,0.03999999999999915,33.64,69.06,33.85666666666667,68.74666666666667,0.19406340731965716,0,0.1,1
2026-06-23 19:05:00,33.6,69.38,25.3066656,96.9104192,0.0,92.0,1.1007107600000001,19,1,Tuesday,0,0.0,0.20000000000000284,-8.293334400000003,0,8.293334400000003,-27.53041920000001,-0.0,33.6,69.17999999999999,33.806666666666665,68.84666666666668,0.17379890852929242,0,0.09,1
2026-06-23 19:10:00,33.54,69.64,25.310833,96.814449,0.0,89.5,1.0683035,19,1,Tuesday,0,-0.060000000000002274,0.2600000000000051,-8.229167,0,8.229167,-27.174448999999996,0.060000000000002274,33.6,69.38,33.76,68.95333333333333,0.16270441688117565,0,0.09,1
2026-06-23 19:15:00,33.5,69.78,25.3149996,96.71847700000001,0.0,87.0,1.0358962600000001,19,1,Tuesday,0,-0.03999999999999915,0.14000000000000057,-8.1850004,0,8.1850004,-26.938477000000006,0.03999999999999915,33.54,69.64,33.71333333333333,69.065,0.14852813221920447,0,0.08,1
2026-06-23 19:20:00,33.5,69.96000000000001,25.3191664,96.622507,0.0,84.5,1.00348901,19,1,Tuesday,0,0.0,0.18000000000000682,-8.1808336,0,8.1808336,-26.66250699999999,-0.0,33.5,69.78,33.67333333333333,69.175,0.13411889795178322,0,0.08,1
2026-06-23 19:25:00,33.44,70.05999999999999,25.3233336,96.526535,0.0,82.0,0.9710817580000001,19,1,Tuesday,0,-0.060000000000002274,0.0999999999999801,-8.116666399999996,0,8.116666399999996,-26.466535000000007,0.060000000000002274,33.5,69.96000000000001,33.635,69.285,0.12908770802660285,0,0.08,1
2026-06-23 19:30:00,33.42,70.26,25.3274994,96.4305642,0.0,79.5,0.938674514,19,1,Tuesday,0,-0.01999999999999602,0.20000000000001705,-8.092500600000001,0,8.092500600000001,-26.1705642,0.01999999999999602,33.44,70.05999999999999,33.598333333333336,69.40833333333333,0.12164279549935371,0,0.08,1
2026-06-23 19:35:00,33.4,70.25999999999999,25.3316668,96.3345942,0.0,77.0,0.906267242,19,1,Tuesday,0,-0.020000000000003126,-1.4210854715202004e-14,-8.068333199999998,0,8.068333199999998,-26.074594200000007,0.020000000000003126,33.42,70.26,33.565,69.52999999999999,0.11603291069161026,0,0.08,1
2026-06-23 19:40:00,33.4,70.46000000000001,25.335833200000003,96.2386242,0.0,74.5,0.873859998,19,1,Tuesday,0,0.0,0.20000000000001705,-8.064166799999995,0,8.064166799999995,-25.778624199999996,-0.0,33.4,70.25999999999999,33.53666666666667,69.65833333333333,0.11080969216960032,0,0.08,1
2026-06-23 19:45:00,33.4,70.67999999999999,25.3400002,96.1426528,0.0,72.0,0.84145274,19,1,Tuesday,0,0.0,0.21999999999998465,-8.0599998,0,8.0599998,-25.4626528,-0.0,33.4,70.46000000000001,33.51166666666666,69.80666666666667,0.1042578388881773,0,0.08,1
2026-06-23 19:50:00,33.3,70.76,25.344167199999998,96.04668280000001,0.0,69.5,0.8090454919999999,19,1,Tuesday,0,-0.10000000000000142,0.0800000000000125,-7.9558328,0,7.9558328,-25.28668280000001,0.10000000000000142,33.4,70.67999999999999,33.47833333333333,69.95666666666666,0.10249907612266532,0,0.91,1
2026-06-23 19:55:00,33.3,70.94,25.348333200000003,95.9507108,0.0,67.0,0.7766382359999999,19,1,Tuesday,0,0.0,0.1799999999999926,-7.951666799999995,0,7.951666799999995,-25.0107108,-0.0,33.3,70.76,33.45,70.11333333333333,0.10072464715945456,0,0.08,1
2026-06-23 20:00:00,33.279999999999994,71.3,25.3550004,95.799076,0.0,67.25,0.76367533,20,1,Tuesday,0,-0.020000000000003126,0.35999999999999943,-7.9249995999999925,0,7.9249995999999925,-24.499076000000002,0.020000000000003126,33.3,70.94,33.42333333333333,70.29,0.09975728119520932,0,0.08,0
2026-06-23 20:05:00,33.2,71.46000000000001,25.363334000000002,95.6103344,0.0,69.3333328,0.76367533,20,1,Tuesday,0,-0.07999999999999119,0.1600000000000108,-7.836666000000001,0,7.836666000000001,-24.15033439999999,0.07999999999999119,33.279999999999994,71.3,33.38999999999999,70.46333333333332,0.10215852209342134,0,0.1,0
2026-06-23 20:10:00,33.160000000000004,71.58,25.371667,95.4215882,0.0,71.4166672,0.76367533,20,1,Tuesday,0,-0.03999999999999915,0.11999999999999034,-7.788333000000005,0,7.788333000000005,-23.841588200000004,0.03999999999999915,33.2,71.46000000000001,33.358333333333334,70.625,0.11002754476044814,0,0.08,0
2026-06-23 20:15:00,33.1,71.67999999999999,25.3800006,95.232846,0.0,73.5,0.76367533,20,1,Tuesday,0,-0.060000000000002274,0.09999999999999432,-7.7199994000000025,0,7.7199994000000025,-23.552846000000002,0.060000000000002274,33.160000000000004,71.58,33.324999999999996,70.78333333333333,0.12302992983952774,0,0.08,0
2026-06-23 20:20:00,33.06,71.82000000000001,25.388333600000003,95.0441032,0.0,75.5833328,0.76367533,20,1,Tuesday,0,-0.03999999999999915,0.14000000000001478,-7.671666399999999,0,7.671666399999999,-23.224103199999988,0.03999999999999915,33.1,71.67999999999999,33.288333333333334,70.93833333333333,0.13141421905431985,0,0.08,0
2026-06-23 20:25:00,32.980000000000004,72.34,25.396667400000002,94.855358,0.0,77.6666672,0.76367533,20,1,Tuesday,0,-0.0799999999999983,0.519999999999996,-7.583332600000002,0,7.583332600000002,-22.515357999999992,0.0799999999999983,33.06,71.82000000000001,33.25,71.12833333333334,0.1490576459566777,0,0.09,0
2026-06-23 20:30:00,32.9,72.4,25.4050008,94.666616,0.0,79.75,0.76367533,20,1,Tuesday,0,-0.0800000000000054,0.060000000000002274,-7.494999199999999,0,7.494999199999999,-22.266616,0.0800000000000054,32.980000000000004,72.34,33.20666666666667,71.30666666666667,0.1693481262924333,0,0.13,0
2026-06-23 20:35:00,32.86,72.4,25.4133338,94.4778728,0.0,81.8333328,0.76367533,20,1,Tuesday,0,-0.03999999999999915,0.0,-7.446666199999999,0,7.446666199999999,-22.077872799999994,0.03999999999999915,32.9,72.4,33.16166666666667,71.485,0.18438267189989985,0,0.1,0
2026-06-23 20:40:00,32.8,72.4,25.421667000000003,94.28912679999999,0.0,83.9166672,0.76367533,20,1,Tuesday,0,-0.060000000000002274,0.0,-7.378332999999994,0,7.378332999999994,-21.889126799999985,0.060000000000002274,32.86,72.4,33.111666666666665,71.64666666666666,0.1949281141779031,0,0.11,0
2026-06-23 20:45:00,32.720000000000006,72.4,25.4300004,94.100386,0.0,86.0,0.76367533,20,1,Tuesday,0,-0.07999999999999119,0.0,-7.289999600000005,0,7.289999600000005,-21.700385999999995,0.07999999999999119,32.8,72.4,33.055,71.79,0.20219252751229602,0,0.14,0
2026-06-23 20:50:00,32.68,72.26,25.438333800000002,93.9116408,0.0,88.0833328,0.76367533,20,1,Tuesday,0,-0.04000000000000625,-0.14000000000000057,-7.241666199999997,0,7.241666199999997,-21.651640799999996,0.04000000000000625,32.720000000000006,72.4,33.00333333333334,71.915,0.21283084761605897,0,0.1,0
2026-06-23 20:55:00,32.6,72.24,25.4466676,93.72289599999999,0.0,90.1666672,0.76367533,20,1,Tuesday,0,-0.0799999999999983,-0.020000000000010232,-7.1533324,0,7.1533324,-21.482895999999997,0.0799999999999983,32.68,72.26,32.945,72.02333333333334,0.21993800779477865,0,0.14,0
2026-06-23 21:00:00,32.54,72.24,25.437500399999998,93.68914600000001,0.0,91.2000004,0.780236428,21,1,Tuesday,0,-0.060000000000002274,0.0,-7.102499600000002,0,7.102499600000002,-21.449146000000013,0.060000000000002274,32.6,72.24,32.88333333333333,72.10166666666667,0.2212088003072013,0,0.11,0
2026-06-23 21:05:00,32.5,72.32000000000001,25.4166676,93.7587208,0.0,91.5333328,0.807838252,21,1,Tuesday,0,-0.03999999999999915,0.0800000000000125,-7.0833324,0,7.0833324,-21.4387208,0.03999999999999915,32.54,72.24,32.825,72.17333333333333,0.22240421840347818,0,0.09,0
2026-06-23 21:10:00,32.519999999999996,72.28,25.395834200000003,93.8282958,0.0,91.86666679999999,0.835440088,21,1,Tuesday,0,0.01999999999999602,-0.04000000000000625,-7.124165799999993,0,7.124165799999993,-21.548295800000005,-0.01999999999999602,32.5,72.32000000000001,32.77166666666667,72.23166666666667,0.21122299002519612,0,0.08,0
2026-06-23 21:15:00,32.5,72.53999999999999,25.375000399999998,93.897873,0.0,92.2000004,0.8630419140000001,21,1,Tuesday,0,-0.01999999999999602,0.2599999999999909,-7.124999600000002,0,7.124999600000002,-21.357873000000012,0.01999999999999602,32.519999999999996,72.28,32.721666666666664,72.30333333333334,0.19696946386942482,0,0.09,0
2026-06-23 21:20:00,32.42,72.55999999999999,25.3541676,93.96744699999999,0.0,92.5333328,0.890643732,21,1,Tuesday,0,-0.0799999999999983,0.01999999999999602,-7.0658324000000015,0,7.0658324000000015,-21.407447000000005,0.0799999999999983,32.5,72.53999999999999,32.66833333333334,72.365,0.18319554050427087,0,0.16,0
2026-06-23 21:25:00,32.4,72.72,25.333334200000003,94.037023,0.0,92.86666679999999,0.918245576,21,1,Tuesday,0,-0.020000000000003126,0.1600000000000108,-7.066665799999996,0,7.066665799999996,-21.317023000000006,0.020000000000003126,32.42,72.55999999999999,32.62,72.39666666666666,0.1694912172571923,0,0.09,0
2026-06-23 21:30:00,32.4,72.88,25.312500399999998,94.10659799999999,0.0,93.2000004,0.9458473940000001,21,1,Tuesday,0,0.0,0.1599999999999966,-7.087499600000001,0,7.087499600000001,-21.226597999999996,-0.0,32.4,72.72,32.57833333333333,72.43666666666667,0.1552612656335073,0,0.08,0
2026-06-23 21:35:00,32.4,73.0,25.2916676,94.1761752,0.0,93.5333328,0.973449246,21,1,Tuesday,0,0.0,0.12000000000000455,-7.108332399999998,0,7.108332399999998,-21.176175200000003,-0.0,32.4,72.88,32.54,72.48666666666666,0.13483997249288363,0,0.08,0
2026-06-23 21:40:00,32.36,73.38,25.270834200000003,94.2457508,0.0,93.86666679999999,1.001051052,21,1,Tuesday,0,-0.03999999999999915,0.37999999999999545,-7.089165799999996,0,7.089165799999996,-20.8657508,0.03999999999999915,32.4,73.0,32.50333333333334,72.56833333333334,0.11625468384207269,0,0.08,0
2026-06-23 21:45:00,32.3,73.88000000000001,25.250000399999998,94.3153258,0.0,94.2000004,1.0286529,21,1,Tuesday,0,-0.060000000000002274,0.5000000000000142,-7.0499996,0,7.0499996,-20.435325799999987,0.060000000000002274,32.36,73.38,32.468333333333334,72.69166666666666,0.10802637164031115,0,0.08,0
2026-06-23 21:50:00,32.3,73.8,25.2291676,94.384903,0.0,94.5333328,1.0562547,21,1,Tuesday,0,0.0,-0.0800000000000125,-7.070832399999997,0,7.070832399999997,-20.584902999999997,-0.0,32.3,73.88000000000001,32.43666666666666,72.82,0.09528267355015803,0,0.08,0
2026-06-23 21:55:00,32.3,73.76,25.208334200000003,94.454475,0.0,94.86666679999999,1.08385654,21,1,Tuesday,0,0.0,-0.03999999999999204,-7.091665799999994,0,7.091665799999994,-20.694474999999997,-0.0,32.3,73.8,32.41166666666667,72.94666666666666,0.08757680611770818,0,0.08,0
2026-06-23 22:00:00,32.2,73.88,25.1800006,94.684038,0.0,94.5,1.14964212,22,1,Tuesday,0,-0.09999999999999432,0.11999999999999034,-7.019999400000003,0,7.019999400000003,-20.804038000000006,0.09999999999999432,32.3,73.76,32.38333333333333,73.08333333333333,0.09679719505121283,0,1.68,0
2026-06-23 22:05:00,32.2,74.08,25.146667,95.0202542,0.0,93.6666672,1.24088358,22,1,Tuesday,0,0.0,0.20000000000000284,-7.053333000000002,0,7.053333000000002,-20.9402542,-0.0,32.2,73.88,32.35833333333333,73.23,0.10249907612339432,0,0.08,0
2026-06-23 22:10:00,32.2,74.2,25.1133338,95.35647220000001,0.0,92.8333328,1.3321250199999999,22,1,Tuesday,0,0.0,0.12000000000000455,-7.086666200000003,0,7.086666200000003,-21.15647220000001,-0.0,32.2,74.08,32.33166666666667,73.39,0.09814954576270635,0,0.08,0
2026-06-23 22:15:00,32.120000000000005,74.46000000000001,25.0800004,95.692689,0.0,92.0,1.42336644,22,1,Tuesday,0,-0.0799999999999983,0.2600000000000051,-7.039999600000005,0,7.039999600000005,-21.232688999999993,0.0799999999999983,32.2,74.2,32.300000000000004,73.55,0.10018165319288748,0,0.1,0
2026-06-23 22:20:00,32.1,74.53999999999999,25.0466666,96.02890599999999,0.0,91.1666672,1.51460788,22,1,Tuesday,0,-0.020000000000003126,0.07999999999998408,-7.053333400000003,0,7.053333400000003,-21.488906,0.020000000000003126,32.120000000000005,74.46000000000001,32.27333333333333,73.715,0.10764701012094324,0,0.08,0
2026-06-23 22:25:00,32.14,74.55999999999999,25.0133334,96.365125,0.0,90.3333328,1.60584934,22,1,Tuesday,0,0.03999999999999915,0.01999999999999602,-7.1266666,0,7.1266666,-21.805125000000018,-0.03999999999999915,32.1,74.53999999999999,32.25166666666667,73.86833333333333,0.1059874206377137,0,0.08,0
2026-06-23 22:30:00,32.1,74.82000000000001,24.98,96.7013418,0.0,89.5,1.69709076,22,1,Tuesday,0,-0.03999999999999915,0.2600000000000193,-7.120000000000001,0,7.120000000000001,-21.881341799999987,0.03999999999999915,32.14,74.55999999999999,32.22666666666667,74.03,0.1031621260081897,0,0.08,0
2026-06-23 22:35:00,32.1,74.9,24.9466664,97.0375578,0.0,88.6666672,1.78833218,22,1,Tuesday,0,0.0,0.0799999999999983,-7.1533336,0,7.1533336,-22.137557799999996,-0.0,32.1,74.82000000000001,32.20166666666667,74.18833333333333,0.0932087913664121,0,0.08,0
2026-06-23 22:40:00,32.1,74.76,24.9133332,97.37377599999999,0.0,87.8333328,1.8795736599999997,22,1,Tuesday,0,0.0,-0.14000000000000057,-7.186666800000001,0,7.186666800000001,-22.613775999999987,-0.0,32.1,74.9,32.18,74.30333333333333,0.08268230546177903,0,0.08,0
2026-06-23 22:45:00,32.1,74.72,24.879999599999998,97.70999320000001,0.0,87.0,1.97081506,22,1,Tuesday,0,0.0,-0.04000000000000625,-7.2200004000000035,0,7.2200004000000035,-22.989993200000015,-0.0,32.1,74.76,32.163333333333334,74.37333333333333,0.07619751049853253,0,0.08,0
2026-06-23 22:50:00,32.1,74.42,24.846666,98.04621019999999,0.0,86.1666672,2.06205656,22,1,Tuesday,0,0.0,-0.29999999999999716,-7.253334000000002,0,7.253334000000002,-23.62621019999999,-0.0,32.1,74.72,32.14666666666667,74.425,0.0645731907978263,0,0.08,0
2026-06-23 22:55:00,32.1,74.5,24.813333,98.382428,0.0,85.3333328,2.1532979599999997,22,1,Tuesday,0,0.0,0.0799999999999983,-7.286667000000001,0,7.286667000000001,-23.882428000000004,-0.0,32.1,74.42,32.13,74.48666666666666,0.04390071442915757,0,0.08,0
2026-06-23 23:00:00,32.06,74.8,24.8524994,98.2325568,0.01500000068,85.650002,2.19307448,23,1,Tuesday,0,-0.03999999999999915,0.29999999999999716,-7.207500600000003,0,7.207500600000003,-23.4325568,0.03999999999999915,32.1,74.5,32.11833333333333,74.56333333333333,0.042175678760478404,0,0.09,0
2026-06-23 23:05:00,32.0,74.92,24.9399988,97.758626,0.040000000800000005,86.7333328,2.19854108,23,1,Tuesday,0,-0.060000000000002274,0.12000000000000455,-7.0600011999999985,0,7.0600011999999985,-22.838626000000005,0.060000000000002274,32.06,74.8,32.10166666666667,74.63333333333334,0.04628632889467151,0,0.09,0
2026-06-23 23:10:00,32.0,75.03999999999999,25.0275,97.2846952,0.065000002,87.8166652,2.20400764,23,1,Tuesday,0,0.0,0.11999999999999034,-6.9725,0,6.9725,-22.24469520000001,-0.0,32.0,74.92,32.085,74.70333333333333,0.04358898943682654,0,0.09,0
2026-06-23 23:15:00,32.0,75.36,25.115,96.8107652,0.0900000024,88.900002,2.20947424,23,1,Tuesday,0,0.0,0.3200000000000074,-6.885000000000002,0,6.885000000000002,-21.450765200000006,-0.0,32.0,75.03999999999999,32.074999999999996,74.77833333333334,0.04833594559423378,0,0.08,0
2026-06-23 23:20:00,31.919999999999998,75.3,25.2025,96.336835,0.1150000038,89.9833328,2.21494078,23,1,Tuesday,0,-0.08000000000000185,-0.060000000000002274,-6.717499999999998,0,6.717499999999998,-21.036834999999996,0.08000000000000185,32.0,75.36,32.06,74.84166666666665,0.06494753127185703,0,0.1,0
2026-06-23 23:25:00,31.98,75.14,25.289999599999998,95.862905,0.140000004,91.0666652,2.2204073600000003,23,1,Tuesday,0,0.060000000000002274,-0.1599999999999966,-6.690000400000002,0,6.690000400000002,-20.722904999999997,-0.060000000000002274,31.919999999999998,75.3,32.04666666666667,74.89,0.06343691688891541,0,0.08,0
2026-06-23 23:30:00,31.9,75.16,25.3775,95.388975,0.165000004,92.150002,2.225874,23,1,Tuesday,0,-0.08000000000000185,0.01999999999999602,-6.522499999999997,0,6.522499999999997,-20.228975000000005,0.08000000000000185,31.98,75.14,32.03,74.91833333333334,0.0736082999281511,0,0.09,0
2026-06-23 23:35:00,31.9,75.1,25.465,94.9150448,0.190000004,93.2333328,2.23134056,23,1,Tuesday,0,0.0,-0.060000000000002274,-6.434999999999999,0,6.434999999999999,-19.81504480000001,-0.0,31.9,75.16,32.01333333333333,74.935,0.0787785542276169,0,0.07,0
2026-06-23 23:40:00,31.9,74.97999999999999,25.5525,94.44111480000001,0.215000008,94.3166652,2.2368070799999997,23,1,Tuesday,0,0.0,-0.12000000000000455,-6.3475,0,6.3475,-19.46111480000002,-0.0,31.9,75.1,31.996666666666666,74.95333333333333,0.07992420652101553,0,0.07,0
2026-06-23 23:45:00,31.939999999999998,74.82000000000001,25.639999999999997,93.9671824,0.24000000400000002,95.400002,2.2422737,23,1,Tuesday,0,0.03999999999999915,-0.15999999999998238,-6.300000000000001,0,6.300000000000001,-19.14718239999999,-0.03999999999999915,31.9,74.97999999999999,31.983333333333334,74.96166666666666,0.07426406611065939,0,0.08,0
2026-06-23 23:50:00,31.919999999999998,74.64,25.727500399999997,93.4932524,0.265000008,96.4833328,2.24774034,23,1,Tuesday,0,-0.019999999999999574,-0.18000000000000682,-6.192499600000001,0,6.192499600000001,-18.853252400000002,0.019999999999999574,31.939999999999998,74.82000000000001,31.968333333333334,74.98,0.06630965010545943,0,0.08,0
2026-06-23 23:55:00,31.9,74.61999999999999,25.814999999999998,93.019322,0.290000014,97.5666652,2.25320686,23,1,Tuesday,0,-0.019999999999999574,-0.020000000000010232,-6.085000000000001,0,6.085000000000001,-18.399322000000012,0.019999999999999574,31.919999999999998,74.64,31.951666666666668,74.99,0.054244117124025756,0,0.08,0
2026-06-24 00:00:00,31.9,74.6,25.9125,92.5387396,0.285000014,98.0,2.37488656,0,2,Wednesday,0,0.0,-0.01999999999999602,-5.987499999999997,0,5.987499999999997,-17.938739600000005,-0.0,31.9,74.61999999999999,31.938333333333333,74.97333333333333,0.04386618771200399,0,0.06,0
2026-06-24 00:05:00,31.9,74.52000000000001,26.016666800000003,92.05372200000001,0.260000008,98.0,2.57404182,0,2,Wednesday,0,0.0,-0.07999999999998408,-5.883333199999996,0,5.883333199999996,-17.533721999999997,-0.0,31.9,74.6,31.930000000000003,74.94,0.04045199174956669,0,0.07,0
2026-06-24 00:10:00,31.9,74.58,26.1208332,91.5687,0.235000006,98.0,2.7731969800000003,0,2,Wednesday,0,0.0,0.05999999999998806,-5.779166799999999,0,5.779166799999999,-16.98870000000001,-0.0,31.9,74.52000000000001,31.921666666666667,74.90166666666666,0.03459724984899975,0,0.08,0
2026-06-24 00:15:00,31.860000000000003,74.66,26.225,91.083682,0.21000000600000002,98.0,2.9723520399999996,0,2,Wednesday,0,-0.039999999999995595,0.0799999999999983,-5.635000000000002,0,5.635000000000002,-16.423682,0.039999999999995595,31.9,74.58,31.91,74.84333333333333,0.028919952221770538,0,0.08,0
2026-06-24 00:20:00,31.82,74.74,26.329166800000003,90.5986602,0.185000006,98.0,3.17150732,0,2,Wednesday,0,-0.0400000000000027,0.0799999999999983,-5.490833199999997,0,5.490833199999997,-15.858660200000003,0.0400000000000027,31.860000000000003,74.66,31.901666666666667,74.79666666666667,0.03857303187494696,0,0.07,0
2026-06-24 00:25:00,31.8,74.94,26.4333332,90.113642,0.160000002,98.0,3.3706625000000003,0,2,Wednesday,0,-0.019999999999999574,0.20000000000000284,-5.366666800000001,0,5.366666800000001,-15.173642000000001,0.019999999999999574,31.82,74.74,31.886666666666667,74.78,0.04030189107710974,0,0.08,0
2026-06-24 00:30:00,31.8,75.17999999999999,26.5375,89.6286248,0.135000004,98.0,3.56981758,0,2,Wednesday,0,0.0,0.23999999999999488,-5.262499999999999,0,5.262499999999999,-14.448624800000005,-0.0,31.8,74.94,31.878333333333334,74.78166666666665,0.04706539615578942,0,0.06,0
2026-06-24 00:35:00,31.74,75.4,26.641666800000003,89.14360719999999,0.11000000380000001,98.0,3.76897284,0,2,Wednesday,0,-0.060000000000002274,0.22000000000001307,-5.0983331999999955,0,5.0983331999999955,-13.743607199999985,0.060000000000002274,31.8,75.17999999999999,31.864999999999995,74.80666666666667,0.06097689577482185,0,0.07,0
2026-06-24 00:40:00,31.74,75.44000000000001,26.7458332,88.6585858,0.0850000024,98.0,3.968128,0,2,Wednesday,0,0.0,0.04000000000000625,-4.994166799999999,0,4.994166799999999,-13.218585799999985,-0.0,31.74,75.4,31.851666666666663,74.845,0.06952217871648433,0,0.06,0
2026-06-24 00:45:00,31.7,75.38,26.85,88.173568,0.060000002,98.0,4.16728308,0,2,Wednesday,0,-0.03999999999999915,-0.060000000000016485,-4.849999999999998,0,4.849999999999998,-12.793568000000008,0.03999999999999915,31.74,75.44000000000001,31.831666666666663,74.89166666666667,0.07601833909619483,0,0.06,0
2026-06-24 00:50:00,31.7,75.26,26.954166800000003,87.688546,0.0350000008,98.0,4.3664382,0,2,Wednesday,0,0.0,-0.11999999999999034,-4.745833199999996,0,4.745833199999996,-12.428545999999997,-0.0,31.7,75.38,31.813333333333333,74.94333333333333,0.07923880286164474,0,0.06,0
2026-06-24 00:55:00,31.7,75.2,27.0583332,87.203528,0.01000000068,98.0,4.56559354,0,2,Wednesday,0,0.0,-0.060000000000002274,-4.641666799999999,0,4.641666799999999,-12.003528000000003,-0.0,31.7,75.26,31.796666666666667,74.99166666666666,0.08037789534920126,0,0.08,0
2026-06-24 01:00:00,31.7,75.24,27.157500199999998,86.6663588,0.0,97.85,4.6492321,1,2,Wednesday,0,0.0,0.03999999999999204,-4.542499800000002,0,4.542499800000002,-11.426358800000003,-0.0,31.7,75.2,31.78,75.045,0.07769403861640278,0,0.09,0
2026-06-24 01:05:00,31.7,75.12,27.253334000000002,86.094414,0.0,97.6,4.6558595799999996,1,2,Wednesday,0,0.0,-0.11999999999999034,-4.446665999999997,0,4.446665999999997,-10.974413999999996,-0.0,31.7,75.24,31.763333333333332,75.095,0.0707535200977766,0,0.09,0
2026-06-24 01:10:00,31.7,75.14,27.3491668,85.52247600000001,0.0,97.35,4.6624871,1,2,Wednesday,0,0.0,0.01999999999999602,-4.3508332,0,4.3508332,-10.382476000000011,-0.0,31.7,75.12,31.746666666666666,75.14166666666667,0.05804909103392851,0,0.09,0
2026-06-24 01:15:00,31.7,75.03999999999999,27.445000399999998,84.9505304,0.0,97.1,4.6691147200000005,1,2,Wednesday,0,0.0,-0.10000000000000853,-4.254999600000001,0,4.254999600000001,-9.910530400000013,-0.0,31.7,75.14,31.733333333333334,75.17333333333333,0.04696871944423048,0,0.09,0
2026-06-24 01:20:00,31.7,74.97999999999999,27.540833400000004,84.3785912,0.0,96.85,4.67574214,1,2,Wednesday,0,0.0,-0.060000000000002274,-4.159166599999995,0,4.159166599999995,-9.398591200000013,-0.0,31.7,75.03999999999999,31.723333333333333,75.19333333333333,0.03892494721028116,0,0.11,0
2026-06-24 01:25:00,31.6,74.96000000000001,27.6366668,83.8066472,0.0,96.6,4.68236958,1,2,Wednesday,0,-0.09999999999999787,-0.01999999999998181,-3.963333200000001,0,3.963333200000001,-8.846647199999992,0.09999999999999787,31.7,74.97999999999999,31.706666666666663,75.19500000000001,0.04539389893785428,0,2.32,0
2026-06-24 01:30:00,31.6,75.1,27.732499999999998,83.23471040000001,0.0,96.35,4.6889972,1,2,Wednesday,0,0.0,0.13999999999998636,-3.8675000000000033,0,3.8675000000000033,-8.134710400000017,-0.0,31.6,74.96000000000001,31.689999999999998,75.18833333333335,0.04472135955196947,0,0.05,0
2026-06-24 01:35:00,31.6,75.17999999999999,27.828333199999996,82.6627652,0.0,96.1,4.69562472,1,2,Wednesday,0,0.0,0.0799999999999983,-3.7716668000000055,0,3.7716668000000055,-7.482765200000003,-0.0,31.6,75.1,31.678333333333338,75.17,0.04858606858744956,0,0.05,0
2026-06-24 01:40:00,31.6,75.36,27.924167,82.09082599999999,0.0,95.85,4.70225218,1,2,Wednesday,0,0.0,0.18000000000000682,-3.675833000000001,0,3.675833000000001,-6.730825999999993,-0.0,31.6,75.17999999999999,31.666666666666668,75.16333333333334,0.04923659639356129,0,0.05,0
2026-06-24 01:45:00,31.52,75.53999999999999,28.020000399999997,81.51888299999999,0.0,95.6,4.7088797399999995,1,2,Wednesday,0,-0.08000000000000185,0.1799999999999926,-3.4999996000000024,0,3.4999996000000024,-5.978882999999996,0.08000000000000185,31.6,75.36,31.65166666666667,75.17666666666666,0.06350852961229396,0,0.06,0
2026-06-24 01:50:00,31.5,75.72,28.115833199999997,80.946945,0.0,95.35,4.71550732,1,2,Wednesday,0,-0.019999999999999574,0.18000000000000682,-3.3841668000000027,0,3.3841668000000027,-5.226945000000001,0.019999999999999574,31.52,75.53999999999999,31.635,75.21499999999999,0.07489386429658783,0,0.05,0
2026-06-24 01:55:00,31.5,75.78,28.2116666,80.375,0.0,95.1,4.72213482,1,2,Wednesday,0,0.0,0.060000000000002274,-3.288333399999999,0,3.288333399999999,-4.594999999999999,-0.0,31.5,75.72,31.618333333333336,75.26333333333334,0.08110972740044932,0,0.03,0
2026-06-24 02:00:00,31.5,75.74,28.2575,80.052366,0.01500000068,95.0,4.877946140000001,2,2,Wednesday,0,0.0,-0.04000000000000625,-3.2424999999999997,0,3.2424999999999997,-4.3123660000000115,-0.0,31.5,75.78,31.60166666666667,75.30499999999999,0.08332121124068069,0,0.03,0
2026-06-24 02:05:00,31.5,75.86,28.27,79.895933,0.040000000800000005,95.0,5.13321312,2,2,Wednesday,0,0.0,0.12000000000000455,-3.2300000000000004,0,3.2300000000000004,-4.035933,-0.0,31.5,75.74,31.585000000000004,75.36666666666666,0.08185352771990052,0,0.03,0
2026-06-24 02:10:00,31.419999999999998,76.06,28.2825,79.73950119999999,0.065000002,95.0,5.38848008,2,2,Wednesday,0,-0.08000000000000185,0.20000000000000284,-3.1374999999999993,0,3.1374999999999993,-3.67950119999999,0.08000000000000185,31.5,75.86,31.561666666666667,75.44333333333333,0.08589987123962477,0,0.04,0
2026-06-24 02:15:00,31.4,76.12,28.2949998,79.58307099999999,0.0900000024,95.0,5.64374732,2,2,Wednesday,0,-0.019999999999999574,0.060000000000002274,-3.105000199999999,0,3.105000199999999,-3.463070999999985,0.019999999999999574,31.419999999999998,76.06,31.536666666666665,75.53333333333333,0.08563488385893679,0,0.03,0
2026-06-24 02:20:00,31.4,76.14,28.3074998,79.426639,0.1150000038,95.0,5.89901428,2,2,Wednesday,0,0.0,0.01999999999999602,-3.0925002,0,3.0925002,-3.286638999999994,-0.0,31.4,76.12,31.511666666666667,75.63,0.07696910045236816,0,0.03,0
2026-06-24 02:25:00,31.4,76.22,28.32,79.27020680000001,0.140000004,95.0,6.154281259999999,2,2,Wednesday,0,0.0,0.0799999999999983,-3.0799999999999983,0,3.0799999999999983,-3.050206800000012,-0.0,31.4,76.14,31.495,75.735,0.07775252115308928,0,0.03,0
2026-06-24 02:30:00,31.4,76.08,28.3325,79.11377519999999,0.165000004,95.0,6.409548459999999,2,2,Wednesday,0,0.0,-0.14000000000000057,-3.067499999999999,0,3.067499999999999,-3.033775199999994,-0.0,31.4,76.22,31.478333333333335,75.81666666666666,0.07456947137277965,0,0.03,0
2026-06-24 02:35:00,31.380000000000003,76.08,28.345,78.957342,0.190000004,95.0,6.66481558,2,2,Wednesday,0,-0.01999999999999602,0.0,-3.0350000000000037,0,3.0350000000000037,-2.8773419999999987,0.01999999999999602,31.4,76.08,31.459999999999997,75.89166666666667,0.06875516509677879,0,0.03,0
2026-06-24 02:40:00,31.32,76.11999999999999,28.3574998,78.800912,0.215000008,95.0,6.92008242,2,2,Wednesday,0,-0.060000000000002274,0.03999999999999204,-2.962500200000001,0,2.962500200000001,-2.6809120000000064,0.060000000000002274,31.380000000000003,76.08,31.436666666666667,75.955,0.06429100507496803,0,0.03,0
2026-06-24 02:45:00,31.3,76.22,28.3699998,78.64448,0.24000000400000002,95.0,7.175349540000001,2,2,Wednesday,0,-0.019999999999999574,0.10000000000000853,-2.930000200000002,0,2.930000200000002,-2.4244800000000026,0.019999999999999574,31.32,76.11999999999999,31.418333333333333,76.01166666666667,0.06952217871695637,0,0.03,0
2026-06-24 02:50:00,31.3,76.2,28.382499799999998,78.48804700000001,0.265000008,95.0,7.43061674,2,2,Wednesday,0,0.0,-0.01999999999999602,-2.9175002000000028,0,2.9175002000000028,-2.288047000000006,-0.0,31.3,76.22,31.401666666666667,76.05166666666666,0.0720900110777586,0,0.03,0
2026-06-24 02:55:00,31.3,76.47999999999999,28.395,78.331616,0.290000014,95.0,7.68588372,2,2,Wednesday,0,0.0,0.2799999999999869,-2.905000000000001,0,2.905000000000001,-1.851616000000007,-0.0,31.3,76.2,31.384999999999994,76.11,0.07038853212540908,0,0.03,0
2026-06-24 03:00:00,31.22,76.6,28.452499999999997,78.08255,0.29500002,95.0,7.610998700000001,3,2,Wednesday,0,-0.08000000000000185,0.12000000000000455,-2.767500000000002,0,2.767500000000002,-1.4825500000000034,0.08000000000000185,31.3,76.47999999999999,31.361666666666665,76.18166666666666,0.07505553499617024,0,0.04,0
2026-06-24 03:05:00,31.2,76.66,28.539999599999998,77.7717288,0.286666682,95.0,7.316012120000001,3,2,Wednesday,0,-0.019999999999999574,0.060000000000002274,-2.6600004000000013,0,2.6600004000000013,-1.1117288000000087,0.019999999999999574,31.22,76.6,31.336666666666662,76.24833333333333,0.07475211560959874,0,0.03,0
2026-06-24 03:10:00,31.2,76.84,28.627499999999998,77.4609072,0.27833333600000004,95.0,7.02102572,3,2,Wednesday,0,0.0,0.18000000000000682,-2.5725000000000016,0,2.5725000000000016,-0.6209071999999907,-0.0,31.2,76.66,31.31833333333333,76.31333333333333,0.07929614611135784,0,0.03,0
2026-06-24 03:15:00,31.2,76.84,28.714999999999996,77.1500858,0.27000001,95.0,6.726039180000001,3,2,Wednesday,0,0.0,0.0,-2.485000000000003,0,2.485000000000003,-0.31008579999999597,-0.0,31.2,76.84,31.301666666666666,76.37333333333333,0.08155682161384706,0,0.03,0
2026-06-24 03:20:00,31.2,76.7,28.8025,76.8392638,0.26166669000000004,95.0,6.4310525400000005,3,2,Wednesday,0,0.0,-0.14000000000000057,-2.397500000000001,0,2.397500000000001,-0.13926379999999483,-0.0,31.2,76.84,31.285,76.42,0.08005679802072639,0,0.03,0
2026-06-24 03:25:00,31.2,76.76,28.889999999999997,76.528442,0.253333332,95.0,6.13606594,3,2,Wednesday,0,0.0,0.060000000000002274,-2.3100000000000023,0,2.3100000000000023,0.23155800000000681,-0.0,31.2,76.7,31.268333333333334,76.465,0.07456947137300414,0,0.03,0
2026-06-24 03:30:00,31.2,76.92,28.977500399999997,76.217621,0.245000002,95.0,5.84107954,3,2,Wednesday,0,0.0,0.1599999999999966,-2.2224996000000026,0,2.2224996000000026,0.7023790000000076,-0.0,31.2,76.76,31.251666666666665,76.535,0.06407855028249809,0,0.03,0
2026-06-24 03:35:00,31.2,77.0,29.064999999999998,75.906799,0.236666672,95.0,5.546093,3,2,Wednesday,0,0.0,0.0799999999999983,-2.1350000000000016,0,2.1350000000000016,1.0932009999999934,-0.0,31.2,76.92,31.236666666666665,76.61166666666666,0.05104958967816574,0,0.03,0
2026-06-24 03:40:00,31.2,76.9,29.152499999999996,75.595978,0.22833333800000002,95.0,5.25110646,3,2,Wednesday,0,0.0,-0.09999999999999432,-2.047500000000003,0,2.047500000000003,1.3040220000000033,-0.0,31.2,77.0,31.226666666666663,76.67666666666666,0.04458563432462213,0,0.03,0
2026-06-24 03:45:00,31.2,76.62,29.240000399999996,75.285157,0.220000004,95.0,4.95611974,3,2,Wednesday,0,0.0,-0.28000000000000114,-1.9599996000000033,0,1.9599996000000033,1.3348430000000064,-0.0,31.2,76.9,31.218333333333334,76.71,0.038573031876302705,0,0.04,0
2026-06-24 03:50:00,31.160000000000004,76.74,29.327501,74.9743342,0.211666672,95.0,4.66113346,3,2,Wednesday,0,-0.039999999999995595,0.11999999999999034,-1.832499000000002,0,1.832499000000002,1.7656657999999936,0.039999999999995595,31.2,76.62,31.206666666666663,76.755,0.03228659540238926,0,0.12,0
2026-06-24 03:55:00,31.119999999999997,76.78,29.415000399999997,74.663513,0.203333332,95.0,4.3661468,3,2,Wednesday,0,-0.04000000000000625,0.04000000000000625,-1.7049996000000007,0,1.7049996000000007,2.1164870000000064,0.04000000000000625,31.160000000000004,76.74,31.191666666666666,76.77999999999999,0.026227443415907187,0,0.13,0
2026-06-24 04:00:00,31.1,76.78,29.4925006,74.36137599999999,0.205,95.15,4.27249768,4,2,Wednesday,0,-0.01999999999999602,0.0,-1.6074994000000018,0,1.6074994000000018,2.4186240000000083,0.01999999999999602,31.119999999999997,76.78,31.18166666666667,76.795,0.03563280749470045,0,0.12,0
2026-06-24 04:05:00,31.1,76.78,29.563334000000005,74.065027,0.21333333799999998,95.4,4.313073279999999,4,2,Wednesday,0,0.0,0.0,-1.5366659999999968,0,1.5366659999999968,2.7149730000000005,-0.0,31.1,76.78,31.173333333333332,76.805,0.042067766400840104,0,0.1,0
2026-06-24 04:10:00,31.1,76.53999999999999,29.634167,73.76867999999999,0.221666672,95.65,4.353648959999999,4,2,Wednesday,0,0.0,-0.2400000000000091,-1.465833,0,1.465833,2.771320000000003,-0.0,31.1,76.78,31.165000000000003,76.78,0.0460237093077226,0,0.09,0
2026-06-24 04:15:00,31.1,76.38,29.7050004,73.4723312,0.230000002,95.9,4.39422466,4,2,Wednesday,0,0.0,-0.1599999999999966,-1.394999600000002,0,1.394999600000002,2.907668799999996,-0.0,31.1,76.53999999999999,31.156666666666666,76.74166666666666,0.04811602140049319,0,0.08,0
2026-06-24 04:20:00,31.1,76.53999999999999,29.7758334,73.1759838,0.23833334,96.15,4.43480028,4,2,Wednesday,0,0.0,0.1599999999999966,-1.3241666000000016,0,1.3241666000000016,3.3640161999999947,-0.0,31.1,76.38,31.14833333333333,76.72833333333334,0.04858606858831603,0,0.04,0
2026-06-24 04:25:00,31.1,76.5,29.8466666,72.87963520000001,0.24666666799999998,96.4,4.4753759,4,2,Wednesday,0,0.0,-0.03999999999999204,-1.2533334000000025,0,1.2533334000000025,3.62036479999999,-0.0,31.1,76.53999999999999,31.14,76.70666666666666,0.04748205402896179,0,0.03,0
2026-06-24 04:30:00,31.1,76.52000000000001,29.9175,72.58328900000001,0.255000004,96.65,4.51595162,4,2,Wednesday,0,0.0,0.020000000000010232,-1.182500000000001,0,1.182500000000001,3.9367110000000025,-0.0,31.1,76.5,31.13166666666667,76.67333333333333,0.044687466892125126,0,0.04,0
2026-06-24 04:35:00,31.04,76.84,29.9883332,72.28694,0.26333335399999996,96.9,4.55652728,4,2,Wednesday,0,-0.060000000000002274,0.3199999999999932,-1.0516667999999996,0,1.0516667999999996,4.553060000000002,0.060000000000002274,31.1,76.52000000000001,31.118333333333336,76.66000000000001,0.04628632889624555,0,0.04,0
2026-06-24 04:40:00,31.0,76.92,30.0591664,71.9905922,0.271666674,97.15,4.5971029,4,2,Wednesday,0,-0.03999999999999915,0.0799999999999983,-0.9408336000000013,0,0.9408336000000013,4.929407800000007,0.03999999999999915,31.04,76.84,31.10166666666667,76.66166666666668,0.05006056937680945,0,0.04,0
2026-06-24 04:45:00,31.0,77.0,30.129999599999998,71.6942448,0.280000002,97.4,4.63767862,4,2,Wednesday,0,0.0,0.0799999999999983,-0.8700004000000021,0,0.8700004000000021,5.305755199999993,-0.0,31.0,76.92,31.084999999999997,76.69333333333334,0.04757768766878798,0,0.04,0
2026-06-24 04:50:00,31.0,77.0,30.200832600000002,71.39789520000001,0.288333356,97.65,4.67825428,4,2,Wednesday,0,0.0,0.0,-0.7991673999999982,0,0.7991673999999982,5.602104799999992,-0.0,31.0,77.0,31.07166666666667,76.715,0.04706539615711219,0,0.04,0
2026-06-24 04:55:00,31.0,76.8,30.2716662,71.101549,0.29666668,97.9,4.7188299,4,2,Wednesday,0,0.0,-0.20000000000000284,-0.7283338000000015,0,0.7283338000000015,5.6984509999999915,-0.0,31.0,77.0,31.061666666666667,76.71666666666665,0.048586068588454726,0,0.04,0
2026-06-24 05:00:00,31.0,76.58,30.122499599999998,71.61631700000001,0.6400000180000001,97.900002,5.10238084,5,2,Wednesday,0,0.0,-0.21999999999999886,-0.8775004000000024,0,0.8775004000000024,4.963682999999989,-0.0,31.0,76.8,31.05333333333333,76.7,0.04996968778416534,0,0.04,0
2026-06-24 05:05:00,31.0,76.42,29.826666,72.671829,1.20666668,97.7333328,5.71458198,5,2,Wednesday,0,0.0,-0.1599999999999966,-1.1733340000000005,0,1.1733340000000005,3.7481709999999993,-0.0,31.0,76.58,31.045,76.67,0.04981785003486962,0,0.04,0
2026-06-24 05:10:00,31.0,76.42,29.530832399999998,73.72734319999999,1.77333332,97.5666652,6.32678308,5,2,Wednesday,0,0.0,0.0,-1.4691676000000022,0,1.4691676000000022,2.692656800000009,-0.0,31.0,76.42,31.036666666666665,76.66000000000001,0.048116021400687464,0,0.09,0
2026-06-24 05:15:00,31.0,76.42,29.234999800000004,74.7828548,2.33999998,97.400002,6.938984120000001,5,2,Wednesday,0,0.0,0.0,-1.7650001999999958,0,1.7650001999999958,1.6371452000000062,-0.0,31.0,76.42,31.028333333333332,76.66333333333334,0.0446874668923055,0,0.08,0
2026-06-24 05:20:00,30.96,76.4,28.939166399999998,75.838368,2.90666666,97.2333328,7.55118536,5,2,Wednesday,0,-0.03999999999999915,-0.01999999999999602,-2.020833600000003,0,2.020833600000003,0.561632000000003,0.03999999999999915,31.0,76.42,31.01666666666667,76.65166666666667,0.04249777178092573,0,0.03,0
2026-06-24 05:25:00,30.919999999999998,76.42,28.643332800000003,76.89387919999999,3.47333334,97.0666652,8.163386339999999,5,2,Wednesday,0,-0.0400000000000027,0.01999999999999602,-2.276667199999995,0,2.276667199999995,-0.47387919999998473,0.0400000000000027,30.96,76.4,31.001666666666665,76.645,0.04217567876244952,0,0.03,0
2026-06-24 05:30:00,30.919999999999998,76.2,28.347500000000004,77.94939480000001,4.03999988,96.900002,8.7755872,5,2,Wednesday,0,0.0,-0.21999999999999886,-2.5724999999999945,0,2.5724999999999945,-1.7493948000000046,-0.0,30.919999999999998,76.42,30.986666666666665,76.61833333333333,0.035505014587997964,0,0.04,0
2026-06-24 05:35:00,30.9,76.22,28.051666,79.00490520000001,4.60666668,96.7333328,9.3877886,5,2,Wednesday,0,-0.019999999999999574,0.01999999999999602,-2.8483339999999977,0,2.8483339999999977,-2.7849052000000114,0.019999999999999574,30.919999999999998,76.2,30.974999999999998,76.56666666666666,0.03919647479880686,0,0.04,0
2026-06-24 05:40:00,30.9,76.16,27.7558332,80.06041880000001,5.17333322,96.5666652,9.9999895,5,2,Wednesday,0,0.0,-0.060000000000002274,-3.144166799999997,0,3.144166799999997,-3.9004188000000113,-0.0,30.9,76.22,30.96666666666667,76.50333333333333,0.04376244412098974,0,0.03,0
2026-06-24 05:45:00,30.9,76.17999999999999,27.46,81.115932,5.74,96.400002,10.6121908,5,2,Wednesday,0,0.0,0.01999999999999602,-3.4399999999999977,0,3.4399999999999977,-4.935932000000008,-0.0,30.9,76.16,30.958333333333332,76.435,0.046286328896519964,0,0.05,0
2026-06-24 05:50:00,30.9,76.12,27.164166799999997,82.17144499999999,6.30666654,96.2333328,11.224392,5,2,Wednesday,0,0.0,-0.05999999999998806,-3.735833200000002,0,3.735833200000002,-6.051444999999987,-0.0,30.9,76.17999999999999,30.95,76.36166666666666,0.04709757762853359,0,0.05,0
2026-06-24 05:55:00,30.9,76.05999999999999,26.868333200000002,83.2269568,6.8733333000000005,96.0666652,11.8365928,5,2,Wednesday,0,0.0,-0.060000000000016485,-4.031666799999996,0,4.031666799999996,-7.166956800000008,-0.0,30.9,76.12,30.941666666666666,76.3,0.04628632889654932,0,0.05,0
2026-06-24 06:00:00,30.9,76.06,26.692500000000003,84.107547,7.07999994,96.2000004,11.9566867,6,2,Wednesday,0,0.0,1.4210854715202004e-14,-4.207499999999996,0,4.207499999999996,-8.047546999999994,-0.0,30.9,76.05999999999999,30.933333333333334,76.25666666666666,0.043762444121051854,0,0.06,0
2026-06-24 06:05:00,30.9,76.02000000000001,26.5966666,84.871521,7.04666664,96.5333328,11.7487088,6,2,Wednesday,0,0.0,-0.03999999999999204,-4.3033334,0,4.3033334,-8.851520999999991,-0.0,30.9,76.06,30.925,76.22333333333334,0.039196474798910995,0,0.1,0
2026-06-24 06:10:00,30.9,75.96000000000001,26.5008336,85.635498,7.013333319999999,96.86666679999999,11.5407308,6,2,Wednesday,0,0.0,-0.060000000000002274,-4.399166399999999,0,4.399166399999999,-9.67549799999999,-0.0,30.9,76.02000000000001,30.916666666666668,76.185,0.03171845844866998,0,0.11,0
2026-06-24 06:15:00,30.9,76.02000000000001,26.4050004,86.399473,6.98000002,97.2000004,11.332753199999999,6,2,Wednesday,0,0.0,0.060000000000002274,-4.4949996,0,4.4949996,-10.37947299999999,-0.0,30.9,75.96000000000001,30.90833333333333,76.15166666666667,0.018006732755922236,0,0.11,0
2026-06-24 06:20:00,30.880000000000003,76.03999999999999,26.309166600000005,87.1634482,6.9466667,97.5333328,11.124775,6,2,Wednesday,0,-0.01999999999999602,0.01999999999998181,-4.570833399999998,0,4.570833399999998,-11.123448200000013,0.01999999999999602,30.9,76.02000000000001,30.90166666666666,76.12166666666667,0.010298573025545158,0,0.11,0
2026-06-24 06:25:00,30.839999999999996,76.22,26.2133332,87.927423,6.9133333,97.86666679999999,10.916797800000001,6,2,Wednesday,0,-0.04000000000000625,0.18000000000000682,-4.626666799999995,0,4.626666799999995,-11.707423000000006,0.04000000000000625,30.880000000000003,76.03999999999999,30.895,76.105,0.01930614599111815,0,0.11,0
2026-06-24 06:30:00,30.8,76.38000000000001,26.1175,88.691399,6.879999639999999,98.2000004,10.708819199999999,6,2,Wednesday,0,-0.039999999999995595,0.1600000000000108,-4.682500000000001,0,4.682500000000001,-12.311398999999994,0.039999999999995595,30.839999999999996,76.22,30.885,76.12,0.03205109557530955,0,0.1,0
2026-06-24 06:35:00,30.8,76.375,26.03125025,89.37897650000001,6.849999675,98.5,10.52163975,6,2,Wednesday,0,0.0,-0.005000000000009663,-4.768749750000001,0,4.768749750000001,-13.003976500000007,-0.0,30.8,76.38000000000001,30.876666666666665,76.13291666666667,0.03984819679966969,0,0.09,0
2026-06-24 06:40:00,30.8,76.26,25.945000399999998,90.066553,6.819999699999999,98.7999996,10.334459200000001,6,2,Wednesday,0,0.0,-0.11499999999999488,-4.854999600000003,0,4.854999600000003,-13.806552999999994,-0.0,30.8,76.375,30.86833333333333,76.14125,0.0446874668926048,0,0.07,0
2026-06-24 06:45:00,30.8,76.16,25.8491668,90.830528,6.78666636,99.13333320000001,10.1264816,6,2,Wednesday,0,0.0,-0.10000000000000853,-4.950833200000002,0,4.950833200000002,-14.670528000000004,-0.0,30.8,76.26,30.86,76.13958333333333,0.04748205402944285,0,0.07,0
2026-06-24 06:50:00,30.8,76.12,25.753334000000002,91.594503,6.753333119999999,99.4666672,9.9185038,6,2,Wednesday,0,0.0,-0.03999999999999204,-5.046665999999998,0,5.046665999999998,-15.474502999999999,-0.0,30.8,76.16,30.85166666666667,76.13958333333333,0.0485860685888154,0,0.07,0
2026-06-24 06:55:00,30.78,76.17999999999999,25.657500199999998,92.35848,6.719999799999999,99.7999996,9.7105257,6,2,Wednesday,0,-0.019999999999999574,0.05999999999998806,-5.1224998000000035,0,5.1224998000000035,-16.178480000000008,0.019999999999999574,30.8,76.12,30.841666666666665,76.14958333333334,0.05006056937724007,0,0.07,0
2026-06-24 07:00:00,30.74,76.52000000000001,25.581667000000003,92.76970159999999,6.543333079999999,99.9333348,9.4692416,7,2,Wednesday,0,-0.0400000000000027,0.3400000000000176,-5.158332999999995,0,5.158332999999995,-16.24970159999998,0.0400000000000027,30.78,76.17999999999999,30.828333333333333,76.18791666666668,0.05424411712563492,0,0.07,0
2026-06-24 07:05:00,30.7,76.44000000000001,25.5358334,92.6517968,6.15166666,99.7666672,9.177997999999999,7,2,Wednesday,0,-0.03999999999999915,-0.0799999999999983,-5.164166599999998,0,5.164166599999998,-16.211796799999988,0.03999999999999915,30.74,76.52000000000001,30.811666666666664,76.22291666666666,0.06057802382065211,0,0.07,0
2026-06-24 07:10:00,30.7,76.32000000000001,25.489999599999997,92.533891,5.75999974,99.599998,8.8867538,7,2,Wednesday,0,0.0,-0.12000000000000455,-5.210000400000002,0,5.210000400000002,-16.21389099999999,-0.0,30.7,76.44000000000001,30.794999999999998,76.25291666666666,0.061570358868783454,0,0.07,0
2026-06-24 07:15:00,30.7,76.34,25.4441664,92.415985,5.36833324,99.4333348,8.59551,7,2,Wednesday,0,0.0,0.01999999999999602,-5.255833599999999,0,5.255833599999999,-16.075985000000003,-0.0,30.7,76.32000000000001,30.778333333333336,76.27958333333333,0.057498353075418764,0,0.07,0
2026-06-24 07:20:00,30.7,76.42,25.398333,92.2980802,4.976666440000001,99.2666672,8.3042657,7,2,Wednesday,0,0.0,0.0799999999999983,-5.301666999999998,0,5.301666999999998,-15.8780802,-0.0,30.7,76.34,30.763333333333335,76.31125,0.051757008019355503,0,0.07,0
2026-06-24 07:25:00,30.7,76.32000000000001,25.352499,92.1801752,4.58500008,99.099998,8.01302196,7,2,Wednesday,0,0.0,-0.09999999999999432,-5.347500999999998,0,5.347500999999998,-15.860175199999986,-0.0,30.7,76.42,30.751666666666665,76.31958333333334,0.04858606858901157,0,0.08,0
2026-06-24 07:30:00,30.7,76.17999999999999,25.306666999999997,92.0622712,4.19333318,98.9333348,7.7217781599999995,7,2,Wednesday,0,0.0,-0.14000000000001478,-5.393333000000002,0,5.393333000000002,-15.882271200000005,-0.0,30.7,76.32000000000001,30.74333333333333,76.30291666666666,0.048116021401226006,0,0.08,0
2026-06-24 07:35:00,30.7,76.08,25.2608336,91.94436479999999,3.80166662,98.7666672,7.43053436,7,2,Wednesday,0,0.0,-0.09999999999999432,-5.439166399999998,0,5.439166399999998,-15.86436479999999,-0.0,30.7,76.17999999999999,30.735,76.27833333333334,0.04602370930852054,0,0.08,0
2026-06-24 07:40:00,30.7,75.94000000000001,25.2150002,91.82646079999999,3.4099999199999997,98.599998,7.139290320000001,7,2,Wednesday,0,0.0,-0.13999999999998636,-5.484999800000001,0,5.484999800000001,-15.88646079999998,-0.0,30.7,76.08,30.72666666666667,76.25166666666667,0.04206776640174781,0,0.08,0
2026-06-24 07:45:00,30.7,75.9,25.1691666,91.7085538,3.0183332999999997,98.4333348,6.84804652,7,2,Wednesday,0,0.0,-0.04000000000000625,-5.530833399999999,0,5.530833399999999,-15.808553799999999,-0.0,30.7,75.94000000000001,30.718333333333334,76.23,0.035632807495813504,0,0.11,0
2026-06-24 07:50:00,30.68,76.1,25.123333,91.59065000000001,2.62666664,98.2666672,6.55680244,7,2,Wednesday,0,-0.019999999999999574,0.19999999999998863,-5.556667000000001,0,5.556667000000001,-15.490650000000016,0.019999999999999574,30.7,75.9,30.708333333333332,76.22833333333334,0.026227443417487614,0,0.11,0
2026-06-24 07:55:00,30.68,76.5,25.0774996,91.472742,2.23500004,98.099998,6.26555852,7,2,Wednesday,0,0.0,0.4000000000000057,-5.6025004,0,5.6025004,-14.972741999999997,-0.0,30.68,76.1,30.700000000000003,76.255,0.014770978929041874,0,0.11,0
2026-06-24 08:00:00,30.68,76.52000000000001,25.089999799999998,91.24432320000001,1.95666668,98.0,6.10008662,8,2,Wednesday,0,0.0,0.020000000000010232,-5.590000200000002,0,5.590000200000002,-14.7243232,-0.0,30.68,76.5,30.694999999999997,76.25500000000001,0.009045340356203524,0,0.12,1
2026-06-24 08:05:00,30.68,76.58,25.189999800000002,90.850132,1.8483333600000003,98.0,6.12327328,8,2,Wednesday,0,0.0,0.05999999999998806,-5.490000199999997,0,5.490000199999997,-14.270132000000004,-0.0,30.68,76.52000000000001,30.69333333333333,76.26666666666667,0.009847319295696723,0,0.12,1
2026-06-24 08:10:00,30.68,76.8,25.289999599999998,90.4559402,1.74000002,98.0,6.14645958,8,2,Wednesday,0,0.0,0.21999999999999886,-5.390000400000002,0,5.390000400000002,-13.655940200000003,-0.0,30.68,76.58,30.691666666666666,76.30666666666667,0.010298573027494127,0,0.12,1
2026-06-24 08:15:00,30.660000000000004,76.7,25.3899994,90.061748,1.63166668,98.0,6.1696463,8,2,Wednesday,0,-0.01999999999999602,-0.09999999999999432,-5.270000600000003,0,5.270000600000003,-13.361747999999992,0.01999999999999602,30.68,76.8,30.688333333333333,76.33666666666666,0.01337115848124333,0,0.11,1
2026-06-24 08:20:00,30.68,76.76,25.489999599999997,89.667557,1.52333332,98.0,6.19283244,8,2,Wednesday,0,0.01999999999999602,0.060000000000002274,-5.190000400000002,0,5.190000400000002,-12.907556999999997,-0.01999999999999602,30.660000000000004,76.7,30.686666666666667,76.36500000000001,0.013026778958742624,0,0.1,1
2026-06-24 08:25:00,30.7,76.55999999999999,25.589999799999998,89.2733652,1.415,98.0,6.216019,8,2,Wednesday,0,0.019999999999999574,-0.20000000000001705,-5.110000200000002,0,5.110000200000002,-12.713365200000013,-0.019999999999999574,30.68,76.76,30.686666666666667,76.385,0.013026778958742624,0,0.1,1
2026-06-24 08:30:00,30.7,76.6,25.689999999999998,88.879174,1.3066666599999999,98.0,6.2392054,8,2,Wednesday,0,0.0,0.04000000000000625,-5.010000000000002,0,5.010000000000002,-12.279174000000012,-0.0,30.7,76.55999999999999,30.686666666666667,76.42,0.013026778958742624,0,0.1,1
2026-06-24 08:35:00,30.7,76.66,25.789999799999997,88.48497979999999,1.19833334,98.0,6.26239208,8,2,Wednesday,0,0.0,0.060000000000002274,-4.9100002000000025,0,4.9100002000000025,-11.824979799999994,-0.0,30.7,76.6,30.686666666666667,76.46833333333333,0.013026778958742624,0,0.1,1
2026-06-24 08:40:00,30.7,76.6,25.8899998,88.09079,1.08999998,98.0,6.2855783,8,2,Wednesday,0,0.0,-0.060000000000002274,-4.810000200000001,0,4.810000200000001,-11.490790000000004,-0.0,30.7,76.66,30.686666666666664,76.52333333333334,0.013026778958742624,0,0.1,1
2026-06-24 08:45:00,30.7,76.58,25.99,87.6965998,0.981666666,98.0,6.3087648199999995,8,2,Wednesday,0,0.0,-0.01999999999999602,-4.710000000000001,0,4.710000000000001,-11.116599800000003,-0.0,30.7,76.6,30.686666666666667,76.58,0.013026778958742624,0,0.1,1
2026-06-24 08:50:00,30.78,76.44,26.089999999999996,87.30240599999999,0.8733333059999999,98.0,6.331951139999999,8,2,Wednesday,0,0.08000000000000185,-0.14000000000000057,-4.690000000000005,0,4.690000000000005,-10.862405999999993,-0.08000000000000185,30.7,76.58,30.694999999999997,76.60833333333333,0.029695423589495375,0,0.1,1
2026-06-24 08:55:00,30.8,76.38,26.189999999999998,86.9082148,0.764999988,98.0,6.35513784,8,2,Wednesday,0,0.019999999999999574,-0.060000000000002274,-4.610000000000003,0,4.610000000000003,-10.5282148,-0.019999999999999574,30.78,76.44,30.705,76.59833333333333,0.04188729467135435,0,0.09,1
2026-06-24 09:00:00,30.8,76.52000000000001,26.246666600000005,86.611102,0.68333332,97.9,6.3104227999999996,9,2,Wednesday,0,0.0,0.14000000000001478,-4.553333399999996,0,4.553333399999996,-10.091101999999992,-0.0,30.8,76.38,30.715000000000003,76.59833333333333,0.04908249086413954,0,0.08,1
2026-06-24 09:05:00,30.82,76.34,26.2383332,86.4596052,0.64166665,97.65,6.16385614,9,2,Wednesday,0,0.019999999999999574,-0.18000000000000682,-4.581666800000001,0,4.581666800000001,-10.119605199999995,-0.019999999999999574,30.8,76.52000000000001,30.72666666666667,76.57833333333333,0.0561383572243635,0,0.09,1
2026-06-24 09:10:00,30.860000000000003,76.24,26.2300002,86.3081092,0.59999999,97.4,6.01728952,9,2,Wednesday,0,0.0400000000000027,-0.10000000000000853,-4.629999800000004,0,4.629999800000004,-10.06810920000001,-0.0400000000000027,30.82,76.34,30.74166666666667,76.53166666666667,0.06575897219828318,0,0.09,1
2026-06-24 09:15:00,30.9,76.26,26.221666199999998,86.15661320000001,0.55833334,97.15,5.870722880000001,9,2,Wednesday,0,0.039999999999995595,0.020000000000010232,-4.678333800000001,0,4.678333800000001,-9.896613200000004,-0.039999999999995595,30.860000000000003,76.24,30.761666666666667,76.495,0.07456947137357359,0,0.09,1
2026-06-24 09:20:00,30.98,76.24,26.2133332,86.0051192,0.51666665,96.9,5.7241563200000005,9,2,Wednesday,0,0.08000000000000185,-0.020000000000010232,-4.766666799999999,0,4.766666799999999,-9.7651192,-0.08000000000000185,30.9,76.26,30.786666666666665,76.45166666666667,0.09276885579969053,0,0.08,1
2026-06-24 09:25:00,31.0,76.08,26.205000000000002,85.85362119999999,0.475,96.65,5.57758958,9,2,Wednesday,0,0.019999999999999574,-0.1599999999999966,-4.794999999999998,0,4.794999999999998,-9.773621199999994,-0.019999999999999574,30.98,76.24,30.811666666666667,76.41166666666666,0.10667140141155985,0,0.09,1
2026-06-24 09:30:00,31.060000000000002,75.94,26.196666800000003,85.7021284,0.43333332799999996,96.4,5.43102284,9,2,Wednesday,0,0.060000000000002274,-0.14000000000000057,-4.8633332,0,4.8633332,-9.762128400000009,-0.060000000000002274,31.0,76.08,30.84166666666667,76.35666666666667,0.12194136693513569,0,0.09,1
2026-06-24 09:35:00,31.1,75.86,26.1883332,85.5506312,0.391666662,96.15,5.28445618,9,2,Wednesday,0,0.03999999999999915,-0.0799999999999983,-4.9116668000000026,0,4.9116668000000026,-9.690631199999999,-0.03999999999999915,31.060000000000002,75.94,30.875,76.29,0.13379088160373934,0,0.09,1
2026-06-24 09:40:00,31.02,76.0,26.179999600000002,85.3991362,0.35,95.9,5.13788948,9,2,Wednesday,0,-0.08000000000000185,0.14000000000000057,-4.840000399999997,0,4.840000399999997,-9.399136200000001,0.08000000000000185,31.1,75.86,30.90166666666667,76.24,0.1274814306156611,0,0.09,1
2026-06-24 09:45:00,30.2,71.6,26.1716664,85.24764,0.308333332,95.65,4.9913228599999995,9,2,Wednesday,0,-0.8200000000000003,-4.400000000000006,-4.0283336,1,4.0283336,-13.64764000000001,0.8200000000000003,31.02,76.0,30.86,75.825,0.23541066632268473,1,83.93,1
2026-06-24 09:50:00,29.22,68.1,26.1633332,85.0961454,0.266666668,95.4,4.844756240000001,9,2,Wednesday,0,-0.9800000000000004,-3.5,-3.0566667999999986,1,3.0566667999999986,-16.996145400000003,0.9800000000000004,30.2,71.6,30.73,75.13,0.5300085762602573,1,99.07,1
2026-06-24 09:55:00,28.419999999999998,65.62,26.154999800000002,84.944649,0.22500000400000003,95.15,4.69818962,9,2,Wednesday,0,-0.8000000000000007,-2.4799999999999898,-2.265000199999996,1,2.265000199999996,-19.324648999999994,0.8000000000000007,29.22,68.1,30.531666666666666,74.23333333333333,0.8500891218877521,1,99.02,1
2026-06-24 10:00:00,27.74,63.98,26.138333199999998,84.878296,0.19666667200000001,95.1,4.59140782,10,2,Wednesday,0,-0.6799999999999997,-1.6400000000000077,-1.6016668000000003,1,1.6016668000000003,-20.89829600000001,0.6799999999999997,28.419999999999998,65.62,30.276666666666667,73.18833333333333,1.1634692114796301,1,99.84,1
2026-06-24 10:05:00,27.32,62.67999999999999,26.1091664,84.939655,0.188333332,95.35,4.544303380000001,10,2,Wednesday,0,-0.41999999999999815,-1.3000000000000043,-1.2108336000000008,1,1.2108336000000008,-22.25965500000001,0.41999999999999815,27.74,63.98,29.985,72.05,1.4243371664170144,1,99.79,1
2026-06-24 10:10:00,26.919999999999998,61.779999999999994,26.0799996,85.00101500000001,0.18000000200000002,95.6,4.49719906,10,2,Wednesday,0,-0.40000000000000213,-0.8999999999999986,-0.8400003999999974,1,0.8400003999999974,-23.221015000000016,0.40000000000000213,27.32,62.67999999999999,29.656666666666666,70.84499999999998,1.6418134836673959,1,99.82,1
2026-06-24 10:15:00,26.639999999999997,61.56,26.0508326,85.062374,0.171666668,95.85,4.45009474,10,2,Wednesday,0,-0.28000000000000114,-0.21999999999999176,-0.5891673999999973,1,0.5891673999999973,-23.502374000000003,0.28000000000000114,26.919999999999998,61.779999999999994,29.301666666666666,69.61999999999999,1.8013420922562058,1,99.82,1
2026-06-24 10:20:00,26.619999999999997,63.46,26.021666399999997,85.12373299999999,0.163333338,96.1,4.40299028,10,2,Wednesday,0,-0.019999999999999574,1.8999999999999986,-0.5983336000000001,1,0.5983336000000001,-21.663732999999986,0.019999999999999574,26.639999999999997,61.56,28.938333333333333,68.55499999999999,1.8704293786739898,1,98.84,1
2026-06-24 10:25:00,26.419999999999998,62.1,25.992499600000002,85.18509300000001,0.15500000200000003,96.35,4.35588598,10,2,Wednesday,0,-0.1999999999999993,-1.3599999999999994,-0.427500399999996,1,0.427500399999996,-23.085093000000008,0.1999999999999993,26.619999999999997,63.46,28.55666666666666,67.39,1.8787584552927818,1,99.83,1
2026-06-24 10:30:00,26.26,61.379999999999995,25.963332400000002,85.24645319999999,0.14666667,96.6,4.30878122,10,2,Wednesday,0,-0.1599999999999966,-0.720000000000006,-0.29666759999999925,1,0.29666759999999925,-23.866453199999995,0.1599999999999966,26.419999999999998,62.1,28.156666666666666,66.17666666666666,1.8069327770027659,1,99.4,1
2026-06-24 10:35:00,26.24,62.3,25.934165999999998,85.30781,0.138333336,96.85,4.26167684,10,2,Wednesday,0,-0.020000000000003126,0.9200000000000017,-0.3058340000000008,1,0.3058340000000008,-23.007810000000006,0.020000000000003126,26.26,61.379999999999995,27.751666666666665,65.04666666666667,1.6224887355450714,1,99.01,1
2026-06-24 10:40:00,26.26,62.7,25.904999399999998,85.369171,0.130000004,97.1,4.2145724,10,2,Wednesday,0,0.020000000000003126,0.4000000000000057,-0.3550006000000039,1,0.3550006000000039,-22.66917099999999,-0.020000000000003126,26.24,62.3,27.355,63.93833333333333,1.3007724977528223,1,98.48,1
2026-06-24 10:45:00,26.0,61.339999999999996,25.8758328,85.430532,0.121666668,97.35,4.16746806,10,2,Wednesday,0,-0.26000000000000156,-1.3600000000000065,-0.1241671999999987,1,0.1241671999999987,-24.090532000000003,0.26000000000000156,26.26,62.7,27.005,63.083333333333336,0.994717867721662,1,99.83,1
2026-06-24 10:50:00,25.939999999999998,62.46,25.846666199999998,85.49189,0.11333333599999999,97.6,4.12036376,10,2,Wednesday,0,-0.060000000000002274,1.1200000000000045,-0.09333379999999991,1,0.09333379999999991,-23.031889999999997,0.060000000000002274,26.0,61.339999999999996,26.73166666666667,62.61333333333334,0.7516990855074005,1,99.29,1
2026-06-24 10:55:00,26.060000000000002,63.06,25.817499199999997,85.55324800000001,0.1050000016,97.85,4.0732593,10,2,Wednesday,0,0.12000000000000455,0.6000000000000014,-0.2425008000000055,1,0.2425008000000055,-22.49324800000001,-0.12000000000000455,25.939999999999998,62.46,26.535,62.4,0.5520293141107171,1,98.21,1
2026-06-24 11:00:00,25.96,62.160000000000004,25.8,85.840569,0.0966666688,98.0666652,3.97193728,11,2,Wednesday,0,-0.10000000000000142,-0.8999999999999986,-0.16000000000000014,1,0.16000000000000014,-23.680569,0.10000000000000142,26.060000000000002,63.06,26.386666666666667,62.248333333333335,0.42283315715432357,1,99.42,1
2026-06-24 11:05:00,25.82,61.52,25.8,86.46683379999999,0.0883333332,98.2333328,3.7892886599999995,11,2,Wednesday,0,-0.14000000000000057,-0.6400000000000006,-0.019999999999999574,1,0.019999999999999574,-24.946833799999986,0.14000000000000057,25.96,62.160000000000004,26.261666666666667,62.15166666666667,0.3342789617126132,1,99.39,1
2026-06-24 11:10:00,25.78,61.02,25.8,87.093094,0.0800000012,98.400002,3.6066400200000004,11,2,Wednesday,0,-0.03999999999999915,-0.5,0.019999999999999574,1,-0.019999999999999574,-26.07309399999999,0.03999999999999915,25.82,61.52,26.166666666666668,62.08833333333333,0.2891156840939901,1,99.16,1
2026-06-24 11:15:00,25.939999999999998,63.2,25.8,87.7193536,0.071666668,98.5666652,3.42399142,11,2,Wednesday,0,0.1599999999999966,2.1799999999999997,-0.13999999999999702,1,0.13999999999999702,-24.519353600000002,-0.1599999999999966,25.78,61.02,26.108333333333334,62.225,0.2533353269484078,1,98.35,1
2026-06-24 11:20:00,25.9,62.220000000000006,25.8,88.3456192,0.0633333338,98.7333328,3.24134284,11,2,Wednesday,0,-0.03999999999999915,-0.9799999999999969,-0.09999999999999787,1,0.09999999999999787,-26.125619199999996,0.03999999999999915,25.939999999999998,63.2,26.048333333333332,62.12166666666667,0.200989974123712,1,98.78,1
2026-06-24 11:25:00,25.8,61.04,25.8,88.971879,0.055000001,98.900002,3.05869424,11,2,Wednesday,0,-0.09999999999999787,-1.1800000000000068,0.0,1,0.0,-27.931879000000002,0.09999999999999787,25.9,62.220000000000006,25.99666666666667,62.03333333333334,0.17473789896477557,1,98.69,1
2026-06-24 11:30:00,25.72,61.14,25.8,89.598145,0.0466666672,99.0666652,2.87604556,11,2,Wednesday,0,-0.08000000000000185,0.10000000000000142,0.08000000000000185,1,-0.08000000000000185,-28.458145000000002,0.08000000000000185,25.8,61.04,25.951666666666664,62.01333333333333,0.17023157133765535,1,98.76,1
2026-06-24 11:35:00,25.76,61.3,25.8,90.224403,0.038333334399999995,99.2333328,2.6933969600000003,11,2,Wednesday,0,0.0400000000000027,0.1599999999999966,0.03999999999999915,1,-0.03999999999999915,-28.924402999999998,-0.0400000000000027,25.72,61.14,25.911666666666672,61.93,0.1517074537274242,1,98.94,1
2026-06-24 11:40:00,25.76,60.52,25.8,90.85066400000001,0.0300000006,99.400002,2.51074834,11,2,Wednesday,0,0.0,-0.779999999999994,0.03999999999999915,1,-0.03999999999999915,-30.330664000000006,-0.0,25.76,61.3,25.87,61.748333333333335,0.11037127426614685,1,98.92,1
2026-06-24 11:45:00,25.7,60.04,25.8,91.476929,0.021666666600000002,99.5666652,2.32809974,11,2,Wednesday,0,-0.060000000000002274,-0.480000000000004,0.10000000000000142,1,-0.10000000000000142,-31.436929,0.060000000000002274,25.76,60.52,25.845,61.64000000000001,0.11220922017476369,1,98.41,1
2026-06-24 11:50:00,25.580000000000002,59.660000000000004,25.8,92.10319,0.013333333999999999,99.7333328,2.14545108,11,2,Wednesday,0,-0.11999999999999744,-0.37999999999999545,0.21999999999999886,1,-0.21999999999999886,-32.443189999999994,0.11999999999999744,25.7,60.04,25.814999999999998,61.406666666666666,0.13104475294361168,1,96.06,1
2026-06-24 11:55:00,25.46,59.46,25.8,92.729454,0.00500000022,99.900002,1.9628025,11,2,Wednesday,0,-0.120000000000001,-0.20000000000000284,0.33999999999999986,1,-0.33999999999999986,-33.269454,0.120000000000001,25.580000000000002,59.660000000000004,25.765,61.106666666666676,0.14298760277306663,1,95.26,1
2026-06-24 12:00:00,25.32,60.5,25.7949996,93.1049612,0.00333333342,100.0,1.87734646,12,2,Wednesday,0,-0.14000000000000057,1.0399999999999991,0.4749996000000003,1,-0.4749996000000003,-32.604961200000005,0.14000000000000057,25.46,59.46,25.71166666666667,60.968333333333334,0.1785717748952007,1,95.15,1
2026-06-24 12:05:00,25.38,61.220000000000006,25.7824994,93.10434000000001,0.0116666672,100.0,1.93767934,12,2,Wednesday,0,0.05999999999999872,0.720000000000006,0.40249939999999995,1,-0.40249939999999995,-31.88434,-0.05999999999999872,25.32,60.5,25.675,60.943333333333335,0.19837980102796707,1,86.46,1
2026-06-24 12:10:00,25.3,60.7,25.7699998,93.1037172,0.0200000002,100.0,1.99801218,12,2,Wednesday,0,-0.0799999999999983,-0.5200000000000031,0.4699998000000001,1,-0.4699998000000001,-32.4037172,0.0799999999999983,25.38,61.220000000000006,25.635,60.916666666666664,0.22224065580416863,1,94.26,1
2026-06-24 12:15:00,25.4,60.42,25.7574996,93.103098,0.0283333336,100.0,2.05834508,12,2,Wednesday,0,0.09999999999999787,-0.28000000000000114,0.3574996000000006,0,-0.3574996000000006,-32.683098,-0.09999999999999787,25.3,60.7,25.59,60.685,0.2091541406399143,0,18.51,1
2026-06-24 12:20:00,25.38,60.98,25.7449998,93.102476,0.0366666678,100.0,2.11867798,12,2,Wednesday,0,-0.019999999999999574,0.5599999999999952,0.36499979999999965,0,-0.36499979999999965,-32.122476,0.019999999999999574,25.4,60.42,25.546666666666667,60.581666666666656,0.19227505550921486,0,44.53,1
2026-06-24 12:25:00,25.68,63.220000000000006,25.7324996,93.1018548,0.0450000008,100.0,2.17901088,12,2,Wednesday,0,0.3000000000000007,2.240000000000009,0.05249960000000087,1,-0.05249960000000087,-29.881854799999992,-0.3000000000000007,25.38,60.98,25.536666666666665,60.76333333333333,0.18067214573309515,1,89.05,1
2026-06-24 12:30:00,25.8,61.92,25.7199994,93.1012348,0.053333334200000006,100.0,2.2393436,12,2,Wednesday,0,0.120000000000001,-1.3000000000000043,-0.08000060000000175,1,0.08000060000000175,-31.1812348,-0.120000000000001,25.68,63.220000000000006,25.543333333333337,60.82833333333334,0.18932095563830115,1,91.67,1
2026-06-24 12:35:00,25.8,61.54,25.7074998,93.10061499999999,0.061666666599999996,100.0,2.29967662,12,2,Wednesday,0,0.0,-0.38000000000000256,-0.09250019999999992,1,0.09250019999999992,-31.56061499999999,-0.0,25.8,61.92,25.546666666666663,60.848333333333336,0.1937821332137972,1,96.04,1
2026-06-24 12:40:00,25.8,61.620000000000005,25.6949996,93.099992,0.070000002,100.0,2.3600094,12,2,Wednesday,0,0.0,0.0800000000000054,-0.10500040000000155,1,0.10500040000000155,-31.479991999999996,-0.0,25.8,61.54,25.549999999999997,60.940000000000005,0.19808170949822113,1,97.49,1
2026-06-24 12:45:00,25.8,61.98,25.6824998,93.099369,0.078333334,100.0,2.42034232,12,2,Wednesday,0,0.0,0.3599999999999923,-0.11750020000000205,1,0.11750020000000205,-31.119369,-0.0,25.8,61.620000000000005,25.558333333333334,61.10166666666667,0.2068742847681708,1,97.58,1
2026-06-24 12:50:00,25.9,61.8,25.6699996,93.098751,0.08666666640000001,100.0,2.4806752,12,2,Wednesday,0,0.09999999999999787,-0.17999999999999972,-0.230000399999998,1,0.230000399999998,-31.298750999999996,-0.09999999999999787,25.8,61.98,25.584999999999997,61.28,0.22932707884651674,1,91.18,1
2026-06-24 12:55:00,25.839999999999996,60.98,25.6574998,93.098128,0.09500000280000001,100.0,2.54100804,12,2,Wednesday,0,-0.060000000000002274,-0.8200000000000003,-0.18250019999999623,1,0.18250019999999623,-32.118128000000006,0.060000000000002274,25.9,61.8,25.616666666666664,61.406666666666666,0.23661757920585727,1,95.72,1
2026-06-24 13:00:00,25.76,60.17999999999999,25.634999800000003,93.20100199999999,0.1,100.0,2.60144622,13,2,Wednesday,0,-0.07999999999999474,-0.8000000000000043,-0.12500019999999878,1,0.12500019999999878,-33.021001999999996,0.07999999999999474,25.839999999999996,60.98,25.653333333333332,61.379999999999995,0.21997245006871508,1,95.26,1
2026-06-24 13:05:00,25.52,60.02,25.5975,93.45912,0.1,100.0,2.6620422599999998,13,2,Wednesday,0,-0.240000000000002,-0.15999999999998948,0.07750000000000057,1,-0.07750000000000057,-33.439119999999996,0.240000000000002,25.76,60.17999999999999,25.664999999999996,61.279999999999994,0.2075177977065792,1,98.93,1
2026-06-24 13:10:00,25.5,62.44,25.56,93.71724200000001,0.1,100.0,2.7226384799999996,13,2,Wednesday,0,-0.019999999999999574,2.4199999999999946,0.05999999999999872,1,-0.05999999999999872,-31.277242000000015,0.019999999999999574,25.52,60.02,25.68166666666666,61.425000000000004,0.18200066600315448,1,92.0,1
2026-06-24 13:15:00,25.560000000000002,61.9,25.5225,93.9753614,0.1,100.0,2.7832345199999997,13,2,Wednesday,0,0.060000000000002274,-0.5399999999999991,-0.03750000000000142,1,0.03750000000000142,-32.0753614,-0.060000000000002274,25.5,62.44,25.694999999999997,61.548333333333325,0.1645102925806865,1,89.25,1
2026-06-24 13:20:00,25.48,62.0,25.485,94.23347679999999,0.1,100.0,2.8438306,13,2,Wednesday,0,-0.08000000000000185,0.10000000000000142,0.004999999999999005,1,-0.004999999999999005,-32.23347679999999,0.08000000000000185,25.560000000000002,61.9,25.703333333333333,61.63333333333333,0.14889491922507647,1,92.38,1
2026-06-24 13:25:00,25.660000000000004,64.17999999999999,25.447499999999998,94.491598,0.1,100.0,2.90442668,13,2,Wednesday,0,0.18000000000000327,2.1799999999999926,-0.21250000000000568,1,0.21250000000000568,-30.311598000000004,-0.18000000000000327,25.48,62.0,25.701666666666668,61.71333333333333,0.1492912548986851,1,95.31,1
2026-06-24 13:30:00,25.54,62.239999999999995,25.41,94.749718,0.1,100.0,2.9650228,13,2,Wednesday,0,-0.12000000000000455,-1.9399999999999977,-0.129999999999999,0,0.129999999999999,-32.50971800000001,0.12000000000000455,25.660000000000004,64.17999999999999,25.679999999999996,61.73999999999999,0.15255401428371876,0,25.02,1
2026-06-24 13:35:00,25.479999999999997,64.06,25.372500199999998,95.007836,0.1,100.0,3.0256188600000002,13,2,Wednesday,0,-0.060000000000002274,1.8200000000000074,-0.10749979999999937,0,0.10749979999999937,-30.947835999999995,0.060000000000002274,25.54,62.239999999999995,25.653333333333336,61.949999999999996,0.15755710845784698,0,26.22,1
2026-06-24 13:40:00,26.28,69.0,25.335000400000002,95.26595280000001,0.1,100.0,3.0862149,13,2,Wednesday,0,0.8000000000000043,4.939999999999998,-0.9449995999999992,0,0.9449995999999992,-26.265952800000008,-0.8000000000000043,25.479999999999997,64.06,25.69333333333333,62.565,0.23837835980975625,0,0.86,1
2026-06-24 13:45:00,26.5,67.42,25.297500199999998,95.524072,0.1,100.0,3.14681102,13,2,Wednesday,0,0.21999999999999886,-1.5799999999999983,-1.2024998000000018,0,1.2024998000000018,-28.104072000000002,-0.21999999999999886,26.28,69.0,25.751666666666665,63.018333333333324,0.33351661627971174,0,0.92,1
2026-06-24 13:50:00,26.580000000000002,67.22,25.260000400000003,95.7821952,0.1,100.0,3.20740714,13,2,Wednesday,0,0.08000000000000185,-0.20000000000000284,-1.3199995999999992,0,1.3199995999999992,-28.562195200000005,-0.08000000000000185,26.5,67.42,25.808333333333337,63.47,0.4100073909179983,0,1.35,1
2026-06-24 13:55:00,26.580000000000002,66.92,25.2225004,96.040311,0.1,100.0,3.26800324,13,2,Wednesday,0,0.0,-0.29999999999999716,-1.3574996000000006,0,1.3574996000000006,-29.120311,-0.0,26.580000000000002,67.22,25.87,63.964999999999996,0.4669047011985539,0,15.29,1
2026-06-24 14:00:00,26.639999999999997,66.64,25.1950006,96.26287599999999,0.1,100.0,3.2485478399999996,14,2,Wednesday,0,0.05999999999999517,-0.28000000000000114,-1.4449993999999968,0,1.4449993999999968,-29.62287599999999,-0.05999999999999517,26.580000000000002,66.92,25.94333333333333,64.50333333333333,0.5147167505867944,0,3.11,1
2026-06-24 14:05:00,26.68,66.7,25.1825002,96.4321052,0.1,100.0,3.10901518,14,2,Wednesday,0,0.0400000000000027,0.060000000000002274,-1.4974998,1,1.4974998,-29.732105199999992,-0.0400000000000027,26.639999999999997,66.64,26.040000000000003,65.06,0.5364529971797088,1,96.85,1
2026-06-24 14:10:00,26.7,67.24,25.1700002,96.6013362,0.1,100.0,2.9694825000000002,14,2,Wednesday,0,0.019999999999999574,0.539999999999992,-1.5299997999999988,1,1.5299997999999988,-29.36133620000001,-0.019999999999999574,26.68,66.7,26.14,65.46,0.538482716867394,1,98.77,1
2026-06-24 14:15:00,26.76,68.0,25.1575002,96.770567,0.1,100.0,2.82994992,14,2,Wednesday,0,0.060000000000002274,0.7600000000000051,-1.6024998000000004,1,1.6024998000000004,-28.770567,-0.060000000000002274,26.7,67.24,26.24,65.96833333333333,0.5323703427308989,1,94.09,1
2026-06-24 14:20:00,26.8,68.1,25.1450002,96.9398,0.1,100.0,2.69041724,14,2,Wednesday,0,0.03999999999999915,0.09999999999999432,-1.6549998000000024,1,1.6549998000000024,-28.83980000000001,-0.03999999999999915,26.76,68.0,26.349999999999998,66.47666666666667,0.4962037704606762,1,98.64,1
2026-06-24 14:25:00,26.8,68.3,25.1325,97.1090284,0.1,100.0,2.5508846400000005,14,2,Wednesday,0,0.0,0.20000000000000284,-1.6675000000000004,1,1.6675000000000004,-28.809028400000003,-0.0,26.8,68.1,26.444999999999997,66.82,0.45989129150397073,1,99.05,1
2026-06-24 14:30:00,26.880000000000003,69.03999999999999,25.119999999999997,97.27826,0.1,100.0,2.41135198,14,2,Wednesday,0,0.08000000000000185,0.7399999999999949,-1.7600000000000051,1,1.7600000000000051,-28.23826000000001,-0.08000000000000185,26.8,68.3,26.55666666666667,67.38666666666667,0.37502323160517775,1,91.72,1
2026-06-24 14:35:00,26.9,70.06,25.1074998,97.44749,0.1,100.0,2.27181942,14,2,Wednesday,0,0.01999999999999602,1.0200000000000102,-1.7925001999999992,1,1.7925001999999992,-27.38749,-0.01999999999999602,26.880000000000003,69.03999999999999,26.675,67.88666666666667,0.17521415468260654,1,99.1,1
2026-06-24 14:40:00,26.919999999999998,70.04,25.0949998,97.6167212,0.1,100.0,2.13228674,14,2,Wednesday,0,0.019999999999999574,-0.01999999999999602,-1.825000199999998,1,1.825000199999998,-27.576721199999994,-0.019999999999999574,26.9,70.06,26.728333333333335,67.97333333333333,0.13736701558534942,1,98.16,1
2026-06-24 14:45:00,26.9,69.14,25.0825,97.7859522,0.1,100.0,1.99275406,14,2,Wednesday,0,-0.019999999999999574,-0.9000000000000057,-1.817499999999999,1,1.817499999999999,-28.645952199999996,0.019999999999999574,26.919999999999998,70.04,26.76166666666667,68.11666666666666,0.1248878284625484,1,98.14,1
2026-06-24 14:50:00,26.9,68.76,25.0699996,97.955181,0.1,100.0,1.85322142,14,2,Wednesday,0,0.0,-0.37999999999999545,-1.8300003999999994,1,1.8300003999999994,-29.19518099999999,-0.0,26.9,69.14,26.78833333333333,68.245,0.11645001529291996,1,98.14,1
2026-06-24 14:55:00,26.880000000000003,68.03999999999999,25.0574994,98.124415,0.1,100.0,1.71368886,14,2,Wednesday,0,-0.01999999999999602,-0.7200000000000131,-1.8225006000000015,1,1.8225006000000015,-30.084415000000007,0.01999999999999602,26.9,68.76,26.813333333333333,68.33833333333334,0.09847319278910091,1,98.05,1
2026-06-24 15:00:00,26.74,66.94,25.0516664,98.1199764,0.1,100.0,1.65635866,15,2,Wednesday,0,-0.14000000000000412,-1.0999999999999943,-1.6883336,1,1.6883336,-31.1799764,0.14000000000000412,26.880000000000003,68.03999999999999,26.82166666666667,68.36333333333333,0.08589987124493068,1,97.46,1
2026-06-24 15:05:00,26.419999999999998,65.28,25.0558326,97.8550368,0.1,100.0,1.7223322799999998,15,2,Wednesday,0,-0.3200000000000003,-1.6599999999999966,-1.3641673999999995,1,1.3641673999999995,-32.57503679999999,0.3200000000000003,26.74,66.94,26.8,68.245,0.1403890697675703,1,99.4,1
2026-06-24 15:10:00,26.119999999999997,64.6,25.0599994,97.59009619999999,0.1,100.0,1.78830584,15,2,Wednesday,0,-0.3000000000000007,-0.6800000000000068,-1.0600005999999986,1,1.0600005999999986,-32.990096199999996,0.3000000000000007,26.419999999999998,65.28,26.75166666666667,68.02499999999999,0.24142882758486592,1,99.65,1
2026-06-24 15:15:00,25.98,64.2,25.064166399999998,97.325159,0.1,100.0,1.8542794399999998,15,2,Wednesday,0,-0.13999999999999702,-0.3999999999999915,-0.9158336000000027,1,0.9158336000000027,-33.125159,0.13999999999999702,26.119999999999997,64.6,26.686666666666664,67.70833333333333,0.32833833252789624,1,99.05,1
2026-06-24 15:20:00,25.82,63.54,25.068333000000003,97.060217,0.1,100.0,1.92025304,15,2,Wednesday,0,-0.16000000000000014,-0.6600000000000037,-0.7516669999999976,1,0.7516669999999976,-33.520216999999995,0.16000000000000014,25.98,64.2,26.605,67.32833333333333,0.4094453010435114,1,99.15,1
2026-06-24 15:25:00,25.660000000000004,63.160000000000004,25.0725002,96.79527800000001,0.1,100.0,1.9862266800000001,15,2,Wednesday,0,-0.1599999999999966,-0.37999999999999545,-0.5874998000000033,1,0.5874998000000033,-33.63527800000001,0.1599999999999966,25.82,63.54,26.51,66.89999999999999,0.48531152132259414,1,99.17,1
2026-06-24 15:30:00,25.560000000000002,62.96,25.0766662,96.53033880000001,0.1,100.0,2.05220022,15,2,Wednesday,0,-0.10000000000000142,-0.20000000000000284,-0.48333380000000403,1,0.48333380000000403,-33.57033880000001,0.10000000000000142,25.660000000000004,63.160000000000004,26.400000000000002,66.39333333333333,0.5403029453264856,1,99.17,1
2026-06-24 15:35:00,25.48,62.660000000000004,25.0808332,96.2653992,0.1,100.0,2.11817382,15,2,Wednesday,0,-0.08000000000000185,-0.29999999999999716,-0.3991667999999997,1,0.3991667999999997,-33.6053992,0.08000000000000185,25.560000000000002,62.96,26.281666666666666,65.77666666666666,0.5752127406194397,1,99.17,1
2026-06-24 15:40:00,25.4,62.82000000000001,25.085,96.0004598,0.1,100.0,2.1841473799999997,15,2,Wednesday,0,-0.08000000000000185,0.1600000000000037,-0.3149999999999977,1,0.3149999999999977,-33.180459799999994,0.08000000000000185,25.48,62.660000000000004,26.155,65.175,0.5890593425896655,1,98.8,1
2026-06-24 15:45:00,25.4,63.4,25.089166799999997,95.7355192,0.1,100.0,2.25012098,15,2,Wednesday,0,0.0,0.5799999999999912,-0.31083320000000114,1,0.31083320000000114,-32.3355192,-0.0,25.4,62.82000000000001,26.029999999999998,64.69666666666667,0.5755945542744305,1,97.91,1
2026-06-24 15:50:00,25.32,63.760000000000005,25.093334,95.470579,0.1,100.0,2.31609452,15,2,Wednesday,0,-0.0799999999999983,0.36000000000000654,-0.2266660000000016,1,0.2266660000000016,-31.710578999999996,0.0799999999999983,25.4,63.4,25.898333333333337,64.27999999999999,0.5379731884736194,1,97.09,1
2026-06-24 15:55:00,25.3,64.32000000000001,25.0974998,95.20563899999999,0.1,100.0,2.38206818,15,2,Wednesday,0,-0.019999999999999574,0.5600000000000023,-0.20250019999999935,1,0.20250019999999935,-30.885638999999983,0.019999999999999574,25.32,63.760000000000005,25.766666666666666,63.97,0.4641577579269534,1,95.25,1
2026-06-24 16:00:00,25.3,64.53999999999999,25.091666800000002,94.980383,0.1100000018,100.0,2.4080126,16,2,Wednesday,0,0.0,0.21999999999998465,-0.20833319999999844,1,0.20833319999999844,-30.44038300000001,-0.0,25.3,64.32000000000001,25.646666666666665,63.77,0.36524794401535154,1,89.4,1
2026-06-24 16:05:00,25.2,64.5,25.0708334,94.8146428,0.135,100.0,2.3739133600000004,16,2,Wednesday,0,-0.10000000000000142,-0.03999999999999204,-0.1291665999999978,1,0.1291665999999978,-30.3146428,0.10000000000000142,25.3,64.53999999999999,25.544999999999998,63.705000000000005,0.2930870177974541,1,91.65,1
2026-06-24 16:10:00,25.34,65.82,25.0500008,94.64890399999999,0.16,100.0,2.33981416,16,2,Wednesday,0,0.14000000000000057,1.3199999999999932,-0.28999920000000046,0,0.28999920000000046,-28.828903999999994,-0.14000000000000057,25.2,64.5,25.48,63.80666666666667,0.23463705047576386,0,8.28,1
2026-06-24 16:15:00,25.8,67.2,25.029166800000002,94.483168,0.185000002,100.0,2.30571482,16,2,Wednesday,0,0.46000000000000085,1.3800000000000097,-0.7708331999999984,0,0.7708331999999984,-27.283168000000003,-0.46000000000000085,25.34,65.82,25.465000000000003,64.05666666666666,0.2034475585804197,0,3.49,1
2026-06-24 16:20:00,25.939999999999998,67.72,25.0083334,94.317434,0.210000002,100.0,2.27161556,16,2,Wednesday,0,0.13999999999999702,0.519999999999996,-0.9316665999999962,0,0.9316665999999962,-26.597434000000007,-0.13999999999999702,25.8,67.2,25.475000000000005,64.405,0.22435766899704013,0,4.78,1
2026-06-24 16:25:00,26.04,67.44,24.9875008,94.1516934,0.23500000399999998,100.0,2.23751632,16,2,Wednesday,0,0.10000000000000142,-0.28000000000000114,-1.0524991999999997,0,1.0524991999999997,-26.7116934,-0.10000000000000142,25.939999999999998,67.72,25.506666666666664,64.76166666666667,0.2741377667395165,0,5.32,1
2026-06-24 16:30:00,26.1,67.08,24.966666800000002,93.98595379999999,0.260000004,100.0,2.203417,16,2,Wednesday,0,0.060000000000002274,-0.35999999999999943,-1.1333331999999992,0,1.1333331999999992,-26.905953799999992,-0.060000000000002274,26.04,67.44,25.551666666666666,65.105,0.3235550629943585,0,5.78,1
2026-06-24 16:35:00,26.1,66.72,24.9458334,93.82021399999999,0.285000004,100.0,2.1693177599999998,16,2,Wednesday,0,0.0,-0.35999999999999943,-1.1541666,0,1.1541666,-27.100213999999994,-0.0,26.1,67.08,25.603333333333335,65.44333333333333,0.3586675678728388,0,2.96,1
2026-06-24 16:40:00,26.1,66.47999999999999,24.9250008,93.654478,0.31,100.0,2.13521858,16,2,Wednesday,0,0.0,-0.2400000000000091,-1.174999200000002,0,1.174999200000002,-27.174478000000008,-0.0,26.1,66.72,25.661666666666665,65.74833333333333,0.3789419080787319,0,9.06,1
2026-06-24 16:45:00,26.18,68.64,24.904166800000002,93.488744,0.335000004,100.0,2.10111924,16,2,Wednesday,0,0.0799999999999983,2.160000000000011,-1.2758331999999974,0,1.2758331999999974,-24.848743999999996,-0.0799999999999983,26.1,66.47999999999999,25.72666666666667,66.185,0.39646926588229325,0,12.18,1
2026-06-24 16:50:00,26.339999999999996,71.53999999999999,24.8833334,93.3230044,0.360000004,100.0,2.06702002,16,2,Wednesday,0,0.1599999999999966,2.8999999999999915,-1.4566665999999948,1,1.4566665999999948,-21.78300440000001,-0.1599999999999966,26.18,68.64,25.811666666666664,66.83333333333333,0.410450602351907,1,84.69,1
2026-06-24 16:55:00,26.419999999999998,73.4,24.8625008,93.1572656,0.385000008,100.0,2.03292078,16,2,Wednesday,0,0.08000000000000185,1.8600000000000136,-1.5574991999999988,1,1.5574991999999988,-19.757265599999997,-0.08000000000000185,26.339999999999996,71.53999999999999,25.905,67.58999999999999,0.410863834999402,1,86.1,1
2026-06-24 17:00:00,26.46,73.36,24.8450002,93.10463680000001,0.396666674,100.0,2.0913654399999997,17,2,Wednesday,0,0.0400000000000027,-0.04000000000000625,-1.6149997999999997,1,1.6149997999999997,-19.74463680000001,-0.0400000000000027,26.419999999999998,73.4,26.001666666666665,68.325,0.3915896120222384,1,94.83,1
2026-06-24 17:05:00,26.160000000000004,70.88,24.832500399999997,93.2216722,0.38833335399999996,100.0,2.2886261,17,2,Wednesday,0,-0.29999999999999716,-2.480000000000004,-1.3274996000000066,1,1.3274996000000066,-22.341672200000005,0.29999999999999716,26.46,73.36,26.081666666666667,68.85666666666667,0.30035837181013647,1,98.86,1
2026-06-24 17:10:00,25.919999999999998,69.24,24.820000200000003,93.3387068,0.379999998,100.0,2.48588678,17,2,Wednesday,0,-0.24000000000000554,-1.6400000000000006,-1.0999997999999955,1,1.0999997999999955,-24.098706800000002,0.24000000000000554,26.160000000000004,70.88,26.13,69.14166666666667,0.20009088844232115,1,99.16,1
2026-06-24 17:15:00,25.660000000000004,67.44,24.8075002,93.4557422,0.371666668,100.0,2.68314744,17,2,Wednesday,0,-0.25999999999999446,-1.7999999999999972,-0.8524998000000039,1,0.8524998000000039,-26.015742200000005,0.25999999999999446,25.919999999999998,69.24,26.11833333333333,69.16166666666668,0.22376259064234363,1,99.26,1
2026-06-24 17:20:00,25.419999999999998,66.0,24.7950004,93.572776,0.363333338,100.0,2.8804081,17,2,Wednesday,0,-0.24000000000000554,-1.4399999999999977,-0.6249995999999989,1,0.6249995999999989,-27.572776000000005,0.24000000000000554,25.660000000000004,67.44,26.075,69.01833333333333,0.29910472474523414,1,98.96,1
2026-06-24 17:25:00,25.16,65.17999999999999,24.7825002,93.6898122,0.35500001999999997,100.0,3.07766876,17,2,Wednesday,0,-0.259999999999998,-0.8200000000000074,-0.37749979999999894,1,0.37749979999999894,-28.509812200000013,0.259999999999998,25.419999999999998,66.0,26.00166666666667,68.83,0.39949589446985784,1,99.46,1
2026-06-24 17:30:00,24.98,64.82000000000001,24.7700008,93.80683819999999,0.346666668,100.0,3.2749293800000006,17,2,Wednesday,0,-0.17999999999999972,-0.3599999999999852,-0.20999920000000216,1,0.20999920000000216,-28.98683819999998,0.17999999999999972,25.16,65.17999999999999,25.90833333333333,68.64166666666667,0.4940709064571432,1,99.0,1
2026-06-24 17:35:00,24.82,64.64,24.757500200000003,93.9238748,0.338333336,100.0,3.47219004,17,2,Wednesday,0,-0.16000000000000014,-0.18000000000000682,-0.06249979999999766,1,0.06249979999999766,-29.283874799999992,0.16000000000000014,24.98,64.82000000000001,25.801666666666662,68.46833333333333,0.5796838218672998,1,98.88,1
2026-06-24 17:40:00,24.62,64.2,24.7450002,94.0409082,0.33000001,100.0,3.66945074,17,2,Wednesday,0,-0.1999999999999993,-0.4399999999999977,0.12500019999999878,1,-0.12500019999999878,-29.8409082,0.1999999999999993,24.82,64.64,25.67833333333333,68.27833333333332,0.662033140249982,1,99.63,1
2026-06-24 17:45:00,24.5,64.02000000000001,24.7325004,94.157944,0.32166669,100.0,3.8667113399999997,17,2,Wednesday,0,-0.120000000000001,-0.1799999999999926,0.23250039999999927,1,-0.23250039999999927,-30.13794399999999,0.120000000000001,24.62,64.2,25.53833333333333,67.89333333333333,0.7212846283908458,1,98.38,1
2026-06-24 17:50:00,24.439999999999998,63.8,24.7200002,94.27497819999999,0.313333332,100.0,4.06397196,17,2,Wednesday,0,-0.060000000000002274,-0.22000000000001307,0.2800002000000035,1,-0.2800002000000035,-30.474978199999995,0.060000000000002274,24.5,64.02000000000001,25.38,67.24833333333333,0.7376621547476165,1,98.16,1
2026-06-24 17:55:00,24.259999999999998,63.620000000000005,24.7075008,94.39201399999999,0.305000006,100.0,4.2612328,17,2,Wednesday,0,-0.17999999999999972,-0.1799999999999926,0.44750080000000025,1,-0.44750080000000025,-30.772013999999984,0.17999999999999972,24.439999999999998,63.8,25.2,66.43333333333334,0.724229998626523,1,99.04,1
2026-06-24 18:00:00,24.1,63.239999999999995,24.6833342,94.4425938,0.290000014,100.0,4.3836027600000005,18,2,Wednesday,0,-0.1599999999999966,-0.38000000000000966,0.5833341999999995,1,-0.5833341999999995,-31.202593800000002,0.1599999999999966,24.259999999999998,63.620000000000005,25.003333333333334,65.59,0.6693189664049604,1,85.74,1
2026-06-24 18:05:00,23.98,62.98,24.641667599999998,94.393491,0.265000008,100.0,4.39363688,18,2,Wednesday,0,-0.120000000000001,-0.259999999999998,0.6616675999999977,0,-0.6616675999999977,-31.413491,0.120000000000001,24.1,63.239999999999995,24.82166666666667,64.93166666666667,0.6209352672075977,0,12.72,1
2026-06-24 18:10:00,23.939999999999998,62.46,24.6000004,94.344389,0.24000000400000002,100.0,4.40367132,18,2,Wednesday,0,-0.0400000000000027,-0.519999999999996,0.6600004000000013,0,-0.6600004000000013,-31.884389000000006,0.0400000000000027,23.98,62.98,24.656666666666666,64.36666666666666,0.5629037271702935,0,2.54,1
2026-06-24 18:15:00,23.82,62.260000000000005,24.5583342,94.2952892,0.215000008,100.0,4.41370562,18,2,Wednesday,0,-0.11999999999999744,-0.19999999999999574,0.7383342000000006,0,-0.7383342000000006,-32.035289199999994,0.11999999999999744,23.939999999999998,62.46,24.503333333333334,63.935,0.5131601439462822,0,1.35,1
2026-06-24 18:20:00,23.68,62.0,24.516667599999998,94.2461858,0.190000004,100.0,4.42373976,18,2,Wednesday,0,-0.14000000000000057,-0.2600000000000051,0.8366675999999984,0,-0.8366675999999984,-32.246185800000006,0.14000000000000057,23.82,62.260000000000005,24.358333333333334,63.60166666666667,0.47500877185058593,0,1.35,1
2026-06-24 18:25:00,23.6,61.7,24.4750004,94.19708080000001,0.165000004,100.0,4.433774,18,2,Wednesday,0,-0.0799999999999983,-0.29999999999999716,0.8750003999999976,0,-0.8750003999999976,-32.497080800000006,0.0799999999999983,23.68,62.0,24.228333333333328,63.31166666666667,0.44838768398921625,0,1.28,1
2026-06-24 18:30:00,23.54,61.8,24.4333342,94.14797999999999,0.140000004,100.0,4.4438082,18,2,Wednesday,0,-0.060000000000002274,0.09999999999999432,0.8933342000000017,0,-0.8933342000000017,-32.34797999999999,0.060000000000002274,23.6,61.7,24.108333333333334,63.06,0.42077489843530425,0,0.26,1
2026-06-24 18:35:00,23.439999999999998,61.86,24.391667599999998,94.0988792,0.1150000038,100.0,4.45384236,18,2,Wednesday,0,-0.10000000000000142,0.060000000000002274,0.9516676000000004,0,-0.9516676000000004,-32.2388792,0.10000000000000142,23.54,61.8,23.993333333333336,62.828333333333326,0.39646926588277986,0,0.27,1
2026-06-24 18:40:00,23.38,61.879999999999995,24.3500004,94.049775,0.0900000024,100.0,4.46387668,18,2,Wednesday,0,-0.05999999999999872,0.01999999999999602,0.9700004,0,-0.9700004,-32.169775,0.05999999999999872,23.439999999999998,61.86,23.89,62.635,0.37952122949597705,0,0.26,1
2026-06-24 18:45:00,23.36,62.02,24.3083342,94.000674,0.065000002,100.0,4.47391112,18,2,Wednesday,0,-0.019999999999999574,0.14000000000000767,0.9483342000000015,0,-0.9483342000000015,-31.980674,0.019999999999999574,23.38,61.879999999999995,23.795,62.468333333333334,0.35482389998673286,0,0.3,1
2026-06-24 18:50:00,23.259999999999998,62.18000000000001,24.266667599999998,93.9515718,0.040000000800000005,100.0,4.48394524,18,2,Wednesday,0,-0.10000000000000142,0.1600000000000037,1.0066676,0,-1.0066676,-31.77157179999999,0.10000000000000142,23.36,62.02,23.69666666666667,62.333333333333336,0.32179421242982564,0,0.31,1
2026-06-24 18:55:00,23.2,62.279999999999994,24.2250004,93.90247,0.01500000068,100.0,4.49397948,18,2,Wednesday,0,-0.05999999999999872,0.09999999999998721,1.0250003999999997,0,-1.0250003999999997,-31.62247,0.05999999999999872,23.259999999999998,62.18000000000001,23.608333333333334,62.221666666666664,0.2976829714931426,0,0.3,1
2026-06-24 19:00:00,23.2,62.08,24.1950006,93.920444,0.0,100.0,4.41841046,19,2,Wednesday,0,0.0,-0.19999999999999574,0.9950006000000009,0,-0.9950006000000009,-31.840444000000005,-0.0,23.2,62.279999999999994,23.53333333333333,62.125,0.27506473067708526,0,0.3,1
2026-06-24 19:05:00,23.14,61.98,24.1825002,94.03902880000001,0.0,100.0,4.21443674,19,2,Wednesday,0,-0.05999999999999872,-0.10000000000000142,1.0425001999999992,0,-1.0425001999999992,-32.059028800000014,0.05999999999999872,23.2,62.08,23.463333333333335,62.041666666666664,0.25737603665510594,0,0.36,1
2026-06-24 19:10:00,23.1,62.08,24.1700002,94.1576172,0.0,100.0,4.010463140000001,19,2,Wednesday,0,-0.03999999999999915,0.10000000000000142,1.070000199999999,0,-1.070000199999999,-32.077617200000006,0.03999999999999915,23.14,61.98,23.39333333333333,62.01,0.22856601725607711,0,0.3,1
2026-06-24 19:15:00,23.080000000000002,62.260000000000005,24.1575002,94.276209,0.0,100.0,3.8064894199999997,19,2,Wednesday,0,-0.019999999999999574,0.18000000000000682,1.0775001999999994,0,-1.0775001999999994,-32.01620899999999,0.019999999999999574,23.1,62.08,23.331666666666667,62.00999999999999,0.20117081540718368,0,0.31,1
2026-06-24 19:20:00,23.1,62.760000000000005,24.1450002,94.394794,0.0,100.0,3.6025157200000004,19,2,Wednesday,0,0.019999999999999574,0.5,1.045000199999997,0,-1.045000199999997,-31.634794,-0.019999999999999574,23.080000000000002,62.260000000000005,23.28333333333333,62.07333333333333,0.17824055927762777,0,0.69,1
2026-06-24 19:25:00,23.1,63.1,24.1325,94.5133788,0.0,100.0,3.3985421199999997,19,2,Wednesday,0,0.0,0.3399999999999963,1.0324999999999989,0,-1.0324999999999989,-31.413378799999997,-0.0,23.1,62.760000000000005,23.241666666666664,62.19,0.15432158474129537,0,0.29,1
2026-06-24 19:30:00,23.1,63.260000000000005,24.119999999999997,94.6319672,0.0,100.0,3.19456836,19,2,Wednesday,0,0.0,0.1600000000000037,1.019999999999996,0,-1.019999999999996,-31.3719672,-0.0,23.1,63.1,23.205,62.31166666666667,0.12681410877240465,0,0.6,1
2026-06-24 19:35:00,23.02,63.160000000000004,24.1074998,94.750559,0.0,100.0,2.99059466,19,2,Wednesday,0,-0.08000000000000185,-0.10000000000000142,1.0874997999999998,0,-1.0874997999999998,-31.590558999999992,0.08000000000000185,23.1,63.260000000000005,23.17,62.42000000000001,0.11329767710898714,0,0.52,1
2026-06-24 19:40:00,22.96,63.18000000000001,24.0949998,94.86914399999999,0.0,100.0,2.7866210199999997,19,2,Wednesday,0,-0.05999999999999872,0.020000000000003126,1.1349997999999992,0,-1.1349997999999992,-31.689143999999985,0.05999999999999872,23.02,63.160000000000004,23.135,62.528333333333336,0.10723805295666358,0,1.06,1
2026-06-24 19:45:00,22.919999999999998,63.31999999999999,24.0825,94.9877288,0.0,100.0,2.5826473,19,2,Wednesday,0,-0.0400000000000027,0.13999999999998636,1.1625000000000014,0,-1.1625000000000014,-31.667728800000006,0.0400000000000027,22.96,63.18000000000001,23.098333333333333,62.63666666666666,0.09814954577213962,0,1.25,1
2026-06-24 19:50:00,22.9,63.339999999999996,24.0699996,95.1063172,0.0,100.0,2.3786736,19,2,Wednesday,0,-0.019999999999999574,0.020000000000003126,1.1699996000000006,0,-1.1699996000000006,-31.76631720000001,0.019999999999999574,22.919999999999998,63.31999999999999,23.06833333333333,62.73333333333333,0.09925479914576206,0,1.25,1
2026-06-24 19:55:00,22.86,63.4,24.0574994,95.224909,0.0,100.0,2.17469998,19,2,Wednesday,0,-0.03999999999999915,0.060000000000002274,1.1974994000000017,0,-1.1974994000000017,-31.824908999999998,0.03999999999999915,22.9,63.339999999999996,23.040000000000003,62.826666666666675,0.10651504376101505,0,0.4,1
2026-06-24 20:00:00,22.82,63.36,24.0566664,95.296288,0.0,100.0,1.99732162,20,2,Wednesday,0,-0.03999999999999915,-0.03999999999999915,1.2366664000000007,0,-1.2366664000000007,-31.936288000000005,0.03999999999999915,22.86,63.4,23.008333333333336,62.93333333333334,0.11101460456266755,0,0.37,0
2026-06-24 20:05:00,22.78,63.379999999999995,24.0733328,95.2968598,0.0,100.0,1.85983632,20,2,Wednesday,0,-0.03999999999999915,0.01999999999999602,1.2933327999999982,0,-1.2933327999999982,-31.916859799999997,0.03999999999999915,22.82,63.36,22.978333333333335,63.050000000000004,0.12044110846396988,0,0.37,0
2026-06-24 20:10:00,22.759999999999998,63.4,24.0899992,95.297432,0.0,100.0,1.7223510400000002,20,2,Wednesday,0,-0.020000000000003126,0.020000000000003126,1.3299992000000032,0,-1.3299992000000032,-31.897432000000002,0.020000000000003126,22.78,63.379999999999995,22.95,63.160000000000004,0.12891152710350187,0,0.37,0
2026-06-24 20:15:00,22.78,63.52,24.106666,95.2980038,0.0,100.0,1.58486568,20,2,Wednesday,0,0.020000000000003126,0.12000000000000455,1.3266659999999995,0,-1.3266659999999995,-31.7780038,-0.020000000000003126,22.759999999999998,63.4,22.925,63.26500000000001,0.13048859233378549,0,0.74,0
2026-06-24 20:20:00,22.72,63.620000000000005,24.123333199999998,95.298577,0.0,100.0,1.44738042,20,2,Wednesday,0,-0.060000000000002274,0.10000000000000142,1.4033331999999987,0,-1.4033331999999987,-31.67857699999999,0.060000000000002274,22.78,63.52,22.893333333333334,63.336666666666666,0.1302677894634107,0,0.37,0
2026-06-24 20:25:00,22.72,63.98,24.1399994,95.2991488,0.0,100.0,1.30989516,20,2,Wednesday,0,0.0,0.3599999999999923,1.4199994000000018,0,-1.4199994000000018,-31.3191488,-0.0,22.72,63.620000000000005,22.861666666666665,63.410000000000004,0.12134348942664964,0,0.43,0
2026-06-24 20:30:00,22.8,64.24,24.1566668,95.2997128,0.0,100.0,1.1724099,20,2,Wednesday,0,0.08000000000000185,0.259999999999998,1.3566667999999993,0,-1.3566667999999993,-31.0597128,-0.08000000000000185,22.72,63.98,22.836666666666662,63.491666666666674,0.09604291970905766,0,1.49,0
2026-06-24 20:35:00,22.78,64.6,24.1733328,95.30028580000001,0.0,100.0,1.034924612,20,2,Wednesday,0,-0.019999999999999574,0.35999999999999943,1.3933327999999996,0,-1.3933327999999996,-30.700285800000017,0.019999999999999574,22.8,64.24,22.816666666666666,63.61166666666666,0.0776159933663459,0,0.42,0
2026-06-24 20:40:00,22.740000000000002,64.94,24.1899996,95.300858,0.0,100.0,0.8974392999999999,20,2,Wednesday,0,-0.03999999999999915,0.3400000000000034,1.4499995999999982,0,-1.4499995999999982,-30.360858000000007,0.03999999999999915,22.78,64.6,22.798333333333332,63.75833333333333,0.06575897221101026,0,0.42,0
2026-06-24 20:45:00,22.78,65.06,24.2066666,95.30142980000001,0.0,100.0,0.759954002,20,2,Wednesday,0,0.03999999999999915,0.12000000000000455,1.4266665999999972,0,-1.4266665999999972,-30.241429800000006,-0.03999999999999915,22.740000000000002,64.94,22.786666666666665,63.90333333333333,0.05348463389249778,0,0.88,0
2026-06-24 20:50:00,22.78,65.1,24.2233334,95.302002,0.0,100.0,0.622468704,20,2,Wednesday,0,0.0,0.03999999999999204,1.4433334000000002,0,-1.4433334000000002,-30.202002000000007,-0.0,22.78,65.06,22.776666666666667,64.05,0.03984819682105265,0,0.41,0
2026-06-24 20:55:00,22.78,65.08,24.240000000000002,95.3025738,0.0,100.0,0.484983422,20,2,Wednesday,0,0.0,-0.01999999999999602,1.4600000000000009,0,-1.4600000000000009,-30.222573800000006,-0.0,22.78,65.1,22.77,64.19,0.030151134491141388,0,0.46,0
2026-06-24 21:00:00,22.7,65.1,24.248333,95.189656,0.0,100.0,0.45171767999999995,21,2,Wednesday,0,-0.08000000000000185,0.01999999999999602,1.5483329999999995,0,-1.5483329999999995,-30.089656000000005,0.08000000000000185,22.78,65.08,22.76,64.335,0.03190896144025921,0,0.47,0
2026-06-24 21:05:00,22.68,64.96000000000001,24.244166999999997,94.906501,0.0,100.0,0.57478127,21,2,Wednesday,0,-0.019999999999999574,-0.13999999999998636,1.5641669999999976,0,-1.5641669999999976,-29.946500999999998,0.019999999999999574,22.7,65.1,22.751666666666665,64.46666666666665,0.03857303189917397,0,0.46,0
2026-06-24 21:10:00,22.64,64.72,24.2399998,94.6233492,0.0,100.0,0.69784483,21,2,Wednesday,0,-0.03999999999999915,-0.2400000000000091,1.599999799999999,0,-1.599999799999999,-29.903349200000008,0.03999999999999915,22.68,64.96000000000001,22.74166666666667,64.57666666666667,0.050060569394270914,0,0.62,0
2026-06-24 21:15:00,22.560000000000002,64.42,24.2358338,94.340197,0.0,100.0,0.82090841,21,2,Wednesday,0,-0.0799999999999983,-0.29999999999999716,1.6758337999999995,0,-1.6758337999999995,-29.920197,0.0799999999999983,22.64,64.72,22.723333333333333,64.65166666666666,0.07075352011089242,0,0.9,0
2026-06-24 21:20:00,22.5,64.17999999999999,24.2316668,94.057041,0.0,100.0,0.94397199,21,2,Wednesday,0,-0.060000000000002274,-0.2400000000000091,1.7316667999999993,0,-1.7316667999999993,-29.877041000000006,0.060000000000002274,22.560000000000002,64.42,22.705000000000002,64.69833333333334,0.0957743560393551,0,0.98,0
2026-06-24 21:25:00,22.5,63.879999999999995,24.2275006,93.7738882,0.0,100.0,1.06703558,21,2,Wednesday,0,0.0,-0.29999999999999716,1.727500599999999,0,-1.727500599999999,-29.893888200000006,-0.0,22.5,64.17999999999999,22.686666666666667,64.69,0.11227671445179765,0,1.11,0
2026-06-24 21:30:00,22.46,63.720000000000006,24.223333200000003,93.490735,0.0,100.0,1.1900991600000002,21,2,Wednesday,0,-0.03999999999999915,-0.15999999999998948,1.7633332000000017,0,-1.7633332000000017,-29.770734999999995,0.03999999999999915,22.5,63.879999999999995,22.658333333333335,64.64666666666666,0.12342339055207247,0,1.06,0
2026-06-24 21:35:00,22.34,63.660000000000004,24.219167199999998,93.207582,0.0,100.0,1.3131627,21,2,Wednesday,0,-0.120000000000001,-0.060000000000002274,1.8791671999999977,0,-1.8791671999999977,-29.547582,0.120000000000001,22.46,63.720000000000006,22.62166666666667,64.56833333333334,0.14708274315968392,0,0.7,0
2026-06-24 21:40:00,22.3,63.52,24.2150002,92.924429,0.0,100.0,1.43622628,21,2,Wednesday,0,-0.03999999999999915,-0.14000000000000057,1.915000199999998,0,-1.915000199999998,-29.404429,0.03999999999999915,22.34,63.660000000000004,22.584999999999997,64.45,0.1682260384187073,0,0.46,0
2026-06-24 21:45:00,22.3,63.3,24.2108346,92.641273,0.0,100.0,1.5592898800000001,21,2,Wednesday,0,0.0,-0.22000000000000597,1.9108345999999976,0,-1.9108345999999976,-29.341273,-0.0,22.3,63.52,22.545,64.30333333333333,0.1745904298175578,0,0.46,0
2026-06-24 21:50:00,22.259999999999998,63.48,24.2066668,92.35812,0.0,100.0,1.68235344,21,2,Wednesday,0,-0.0400000000000027,0.17999999999999972,1.9466668000000027,0,-1.9466668000000027,-28.878120000000003,0.0400000000000027,22.3,63.3,22.501666666666665,64.16833333333334,0.1754906541643771,0,0.46,0
2026-06-24 21:55:00,22.2,63.5,24.202500800000003,92.074968,0.0,100.0,1.80541704,21,2,Wednesday,0,-0.05999999999999872,0.020000000000003126,2.0025008000000035,0,-2.0025008000000035,-28.574968,0.05999999999999872,22.259999999999998,63.48,22.453333333333333,64.03666666666666,0.17169387840243502,0,0.45,0
2026-06-24 22:00:00,22.2,63.279999999999994,24.2133336,91.7519452,0.0,100.0,1.8898526400000002,22,2,Wednesday,0,0.0,-0.22000000000000597,2.0133335999999993,0,-2.0133335999999993,-28.4719452,-0.0,22.2,63.5,22.411666666666665,63.88499999999999,0.16699664305000403,0,0.37,0
2026-06-24 22:05:00,22.16,63.3,24.246667600000002,91.36912199999999,0.0,100.0,1.9163464399999999,22,2,Wednesday,0,-0.03999999999999915,0.020000000000003126,2.086667600000002,0,-2.086667600000002,-28.069121999999993,0.03999999999999915,22.2,63.279999999999994,22.368333333333336,63.74666666666667,0.1582767043933389,0,0.4,0
2026-06-24 22:10:00,22.1,63.339999999999996,24.2800006,90.986292,0.0,100.0,1.94284016,22,2,Wednesday,0,-0.05999999999999872,0.03999999999999915,2.1800005999999996,0,-2.1800005999999996,-27.64629200000001,0.05999999999999872,22.16,63.3,22.323333333333334,63.63166666666666,0.15059478039061963,0,0.41,0
2026-06-24 22:15:00,22.18,63.660000000000004,24.313334,90.60346799999999,0.0,100.0,1.9693339,22,2,Wednesday,0,0.0799999999999983,0.3200000000000074,2.1333340000000014,0,-2.1333340000000014,-26.94346799999999,-0.0799999999999983,22.1,63.339999999999996,22.291666666666668,63.568333333333335,0.1355013138782203,0,2.35,0
2026-06-24 22:20:00,22.2,64.12,24.346667200000002,90.220638,0.0,100.0,1.9958276000000001,22,2,Wednesday,0,0.019999999999999574,0.46000000000000085,2.146667200000003,0,-2.146667200000003,-26.10063799999999,-0.019999999999999574,22.18,63.660000000000004,22.266666666666666,63.56333333333333,0.12040336249080895,0,0.82,0
2026-06-24 22:25:00,22.2,64.52000000000001,24.3800002,89.8378146,0.0,100.0,2.02232138,22,2,Wednesday,0,0.0,0.4000000000000057,2.180000200000002,0,-2.180000200000002,-25.31781459999999,-0.0,22.2,64.12,22.24166666666667,63.61666666666667,0.09627926553430889,0,0.41,0
2026-06-24 22:30:00,22.2,64.7,24.413334,89.4549902,0.0,100.0,2.04881506,22,2,Wednesday,0,0.0,0.1799999999999926,2.2133339999999997,0,-2.2133339999999997,-24.754990199999995,-0.0,22.2,64.52000000000001,22.22,63.69833333333333,0.06768912899389254,0,0.41,0
2026-06-24 22:35:00,22.18,64.72,24.446667400000003,89.0721672,0.0,100.0,2.07530886,22,2,Wednesday,0,-0.019999999999999574,0.01999999999999602,2.266667400000003,0,-2.266667400000003,-24.352167199999997,0.019999999999999574,22.2,64.7,22.206666666666667,63.78666666666666,0.05678241300243368,0,0.43,0
2026-06-24 22:40:00,22.2,64.66,24.4800004,88.68933799999999,0.0,100.0,2.1018025600000003,22,2,Wednesday,0,0.019999999999999574,-0.060000000000002274,2.2800004000000023,0,-2.2800004000000023,-24.029337999999996,-0.019999999999999574,22.18,64.72,22.198333333333334,63.88166666666667,0.0485860686076202,0,3.21,0
2026-06-24 22:45:00,22.2,64.84,24.5133338,88.306512,0.0,100.0,2.12829634,22,2,Wednesday,0,0.0,0.18000000000000682,2.3133338000000023,0,-2.3133338000000023,-23.466511999999994,-0.0,22.2,64.66,22.189999999999998,64.01,0.036680438214320744,0,1.93,0
2026-06-24 22:50:00,22.16,64.97999999999999,24.5466668,87.923682,0.0,100.0,2.15479008,22,2,Wednesday,0,-0.03999999999999915,0.13999999999998636,2.3866668000000004,0,-2.3866668000000004,-22.94368200000001,0.03999999999999915,22.2,64.84,22.18166666666667,64.135,0.030100840656075715,0,2.63,0
2026-06-24 22:55:00,22.1,64.94000000000001,24.5800004,87.5408596,0.0,100.0,2.18128374,22,2,Wednesday,0,-0.05999999999999872,-0.03999999999997783,2.480000399999998,0,-2.480000399999998,-22.600859599999993,0.05999999999999872,22.16,64.97999999999999,22.173333333333332,64.25500000000001,0.037497474691027134,0,2.91,0
2026-06-24 23:00:00,22.1,65.0,24.6300002,87.349202,0.0,100.0,2.1888406199999997,23,2,Wednesday,0,0.0,0.05999999999998806,2.5300002,1,-2.5300002,-22.349202000000005,-0.0,22.1,64.94000000000001,22.165000000000003,64.39833333333334,0.04188729469291191,1,94.88,0
2026-06-24 23:05:00,22.1,65.06,24.7050004,87.44429199999999,0.0,100.0,2.16799208,23,2,Wednesday,0,0.0,0.060000000000002274,2.605000399999998,1,-2.605000399999998,-22.384291999999988,-0.0,22.1,65.0,22.16,64.545,0.045924839806333266,1,95.94,0
2026-06-24 23:10:00,22.1,65.22,24.78,87.539379,0.0,100.0,2.14714362,23,2,Wednesday,0,0.0,0.1599999999999966,2.6799999999999997,1,-2.6799999999999997,-22.319378999999998,-0.0,22.1,65.06,22.16,64.70166666666667,0.045924839806333266,1,98.41,0
2026-06-24 23:15:00,22.1,65.02000000000001,24.855,87.6344724,0.0,100.0,2.12629508,23,2,Wednesday,0,0.0,-0.19999999999998863,2.754999999999999,1,-2.754999999999999,-22.614472399999997,-0.0,22.1,65.22,22.153333333333336,64.815,0.04849242367280731,1,98.38,0
2026-06-24 23:20:00,22.0,64.88,24.930000200000002,87.729562,0.0,100.0,2.1054465999999996,23,2,Wednesday,0,-0.10000000000000142,-0.14000000000001478,2.930000200000002,1,-2.930000200000002,-22.849562000000006,0.10000000000000142,22.1,65.02000000000001,22.136666666666667,64.87833333333333,0.06314965391853078,1,98.56,0
2026-06-24 23:25:00,22.0,64.84,25.0050002,87.8246492,0.0,100.0,2.08459808,23,2,Wednesday,0,0.0,-0.03999999999999204,3.0050002000000013,1,-3.0050002000000013,-22.984649199999993,-0.0,22.0,64.88,22.12,64.905,0.0708391263380397,1,98.73,0
2026-06-24 23:30:00,22.0,64.67999999999999,25.080000000000002,87.91974400000001,0.0,100.0,2.0637493200000003,23,2,Wednesday,0,0.0,-0.1600000000000108,3.080000000000002,1,-3.080000000000002,-23.239744000000016,-0.0,22.0,64.84,22.103333333333335,64.90333333333332,0.07377278796807629,1,99.27,0
2026-06-24 23:35:00,21.9,64.6,25.155,88.014832,0.0,100.0,2.04290078,23,2,Wednesday,0,-0.10000000000000142,-0.0799999999999983,3.2550000000000026,1,-3.2550000000000026,-23.414832000000004,0.10000000000000142,22.0,64.67999999999999,22.080000000000002,64.89333333333333,0.08984835710735521,1,99.28,0
2026-06-24 23:40:00,21.86,64.67999999999999,25.23,88.1099232,0.0,100.0,2.0220523200000002,23,2,Wednesday,0,-0.03999999999999915,0.0799999999999983,3.370000000000001,1,-3.370000000000001,-23.429923200000005,0.03999999999999915,21.9,64.6,22.051666666666666,64.895,0.10142918115635396,1,99.3,0
2026-06-24 23:45:00,21.84,64.47999999999999,25.305000200000002,88.205014,0.0,100.0,2.0012038,23,2,Wednesday,0,-0.019999999999999574,-0.20000000000000284,3.465000200000002,1,-3.465000200000002,-23.725014000000016,0.019999999999999574,21.86,64.67999999999999,22.021666666666665,64.865,0.1066714014202683,1,99.09,0
2026-06-24 23:50:00,21.8,64.42,25.380000000000003,88.300102,0.0,100.0,1.9803553,23,2,Wednesday,0,-0.03999999999999915,-0.05999999999998806,3.580000000000002,1,-3.580000000000002,-23.880101999999994,0.03999999999999915,21.84,64.47999999999999,21.99166666666667,64.81833333333334,0.11456108600403919,1,99.13,0
2026-06-24 23:55:00,21.759999999999998,64.53999999999999,25.455000000000002,88.395194,0.0,100.0,1.95950676,23,2,Wednesday,0,-0.0400000000000027,0.11999999999999034,3.695000000000004,1,-3.695000000000004,-23.85519400000001,0.0400000000000027,21.8,64.42,21.963333333333335,64.785,0.12673044647121912,1,99.25,0
2026-06-25 00:00:00,21.72,64.42,25.5,88.506024,0.00333333342,99.23333399999999,1.9810522599999998,0,3,Thursday,0,-0.03999999999999915,-0.11999999999999034,3.780000000000001,1,-3.780000000000001,-24.086023999999995,0.03999999999999915,21.759999999999998,64.53999999999999,21.93166666666667,64.73666666666666,0.136570550096682,1,99.51,0
2026-06-25 00:05:00,21.7,64.24,25.5,88.6404678,0.0116666672,97.31666720000001,2.06618874,0,3,Thursday,0,-0.019999999999999574,-0.18000000000000682,3.8000000000000007,1,-3.8000000000000007,-24.4004678,0.019999999999999574,21.72,64.42,21.89833333333333,64.66833333333334,0.14050773731231528,1,99.48,0
2026-06-25 00:10:00,21.7,64.22,25.5,88.77491,0.0200000002,95.3999988,2.1513253,0,3,Thursday,0,0.0,-0.01999999999999602,3.8000000000000007,1,-3.8000000000000007,-24.554910000000007,-0.0,21.7,64.24,21.865,64.585,0.13568010506813635,1,98.99,0
2026-06-25 00:15:00,21.66,64.02000000000001,25.5,88.9093522,0.0283333336,93.48333399999999,2.2364619,0,3,Thursday,0,-0.03999999999999915,-0.19999999999998863,3.84,1,-3.84,-24.88935219999999,0.03999999999999915,21.7,64.22,21.828333333333333,64.50166666666667,0.12546881781798155,1,98.28,0
2026-06-25 00:20:00,21.6,64.03999999999999,25.5,89.043796,0.0366666678,91.56666720000001,2.3215984,0,3,Thursday,0,-0.05999999999999872,0.01999999999998181,3.8999999999999986,1,-3.8999999999999986,-25.00379600000001,0.05999999999999872,21.66,64.02000000000001,21.795,64.43166666666666,0.12880570287504337,1,99.61,0
2026-06-25 00:25:00,21.6,64.12,25.5,89.1782388,0.0450000008,89.6499988,2.40673492,0,3,Thursday,0,0.0,0.0800000000000125,3.8999999999999986,1,-3.8999999999999986,-25.058238799999998,-0.0,21.6,64.03999999999999,21.761666666666667,64.37166666666666,0.12253632733758486,1,99.82,0
2026-06-25 00:30:00,21.6,64.28,25.5,89.312679,0.053333334200000006,87.73333399999999,2.49187142,0,3,Thursday,0,0.0,0.1599999999999966,3.8999999999999986,1,-3.8999999999999986,-25.032679,-0.0,21.6,64.12,21.728333333333335,64.33833333333334,0.10495309198585422,1,99.82,0
2026-06-25 00:35:00,21.6,64.55999999999999,25.5,89.4471238,0.061666666599999996,85.81666720000001,2.577008,0,3,Thursday,0,0.0,0.2799999999999869,3.8999999999999986,1,-3.8999999999999986,-24.887123800000012,-0.0,21.6,64.28,21.703333333333333,64.335,0.09566355185628649,1,99.91,0
2026-06-25 00:40:00,21.6,64.6,25.5,89.5815662,0.070000002,83.8999988,2.66214454,0,3,Thursday,0,0.0,0.04000000000000625,3.8999999999999986,1,-3.8999999999999986,-24.981566200000003,-0.0,21.6,64.55999999999999,21.68166666666667,64.32833333333333,0.08589987125157995,1,99.91,0
2026-06-25 00:45:00,21.560000000000002,64.7,25.5,89.716008,0.078333334,81.98333399999999,2.74728102,0,3,Thursday,0,-0.03999999999999915,0.10000000000000853,3.9399999999999977,1,-3.9399999999999977,-25.016008,0.03999999999999915,21.6,64.6,21.658333333333335,64.34666666666666,0.0764951969326871,1,99.9,0
2026-06-25 00:50:00,21.5,64.7,25.5,89.85045199999999,0.08666666640000001,80.06666720000001,2.83241758,0,3,Thursday,0,-0.060000000000002274,0.0,4.0,1,-4.0,-25.150451999999987,0.060000000000002274,21.560000000000002,64.7,21.633333333333336,64.36999999999999,0.0749949493399621,1,99.89,0
2026-06-25 00:55:00,21.5,64.7,25.5,89.9848928,0.09500000280000001,78.1499988,2.91755414,0,3,Thursday,0,0.0,0.0,4.0,1,-4.0,-25.284892799999994,-0.0,21.5,64.7,21.611666666666668,64.38333333333334,0.07259267850109245,1,99.82,0
2026-06-25 01:00:00,21.4,64.66,25.5466668,89.696892,0.0966666688,76.76666600000001,2.99117228,1,3,Thursday,0,-0.10000000000000142,-0.04000000000000625,4.146666800000002,1,-4.146666800000002,-25.03689200000001,0.10000000000000142,21.5,64.7,21.585000000000004,64.40333333333334,0.08660254039156201,1,99.68,0
2026-06-25 01:05:00,21.46,64.67999999999999,25.6633334,88.775226,0.0883333332,76.18333279999999,3.04751278,1,3,Thursday,0,0.060000000000002274,0.01999999999999602,4.203333399999998,1,-4.203333399999998,-24.09522600000001,-0.060000000000002274,21.4,64.66,21.564999999999998,64.44,0.08533357008876898,1,99.69,0
2026-06-25 01:10:00,21.48,64.56,25.779999800000002,87.853561,0.0800000012,75.6000012,3.10385332,1,3,Thursday,0,0.019999999999999574,-0.11999999999999034,4.299999800000002,1,-4.299999800000002,-23.293560999999997,-0.019999999999999574,21.46,64.67999999999999,21.546666666666667,64.46833333333333,0.07691002221708437,1,99.85,0
2026-06-25 01:15:00,21.36,64.72,25.896666600000003,86.931893,0.071666668,75.01666600000001,3.16019388,1,3,Thursday,0,-0.120000000000001,0.1599999999999966,4.536666600000004,1,-4.536666600000004,-22.211893000000003,0.120000000000001,21.48,64.56,21.521666666666665,64.52666666666666,0.08504900549459754,1,99.89,0
2026-06-25 01:20:00,21.4,64.6,26.013333199999998,86.010226,0.0633333338,74.43333279999999,3.21653436,1,3,Thursday,0,0.03999999999999915,-0.12000000000000455,4.6133332,1,-4.6133332,-21.41022600000001,-0.03999999999999915,21.36,64.72,21.505,64.57333333333334,0.08785318332577666,1,99.85,0
2026-06-25 01:25:00,21.34,64.53999999999999,26.1300002,85.088562,0.055000001,73.8500012,3.2728749200000005,1,3,Thursday,0,-0.05999999999999872,-0.060000000000002274,4.7900002000000015,1,-4.7900002000000015,-20.548562000000004,0.05999999999999872,21.4,64.6,21.483333333333334,64.60833333333333,0.09413079232058956,1,99.92,0
2026-06-25 01:30:00,21.3,64.5,26.2466664,84.166893,0.0466666672,73.26666600000001,3.32921548,1,3,Thursday,0,-0.03999999999999915,-0.03999999999999204,4.946666399999998,1,-4.946666399999998,-19.666893,0.03999999999999915,21.34,64.53999999999999,21.458333333333332,64.62666666666667,0.09998484734834354,1,99.92,0
2026-06-25 01:35:00,21.3,64.52000000000001,26.3633332,83.24522759999999,0.038333334399999995,72.68333279999999,3.3855559800000004,1,3,Thursday,0,0.0,0.020000000000010232,5.063333199999999,1,-5.063333199999999,-18.725227599999982,-0.0,21.3,64.5,21.433333333333334,64.62333333333333,0.09884177746279477,1,99.92,0
2026-06-25 01:40:00,21.3,64.61999999999999,26.479999600000003,82.32356300000001,0.0300000006,72.1000012,3.4418965200000002,1,3,Thursday,0,0.0,0.0999999999999801,5.179999600000002,1,-5.179999600000002,-17.703563000000017,-0.0,21.3,64.52000000000001,21.40833333333333,64.625,0.09043665120459377,1,99.93,0
2026-06-25 01:45:00,21.3,64.52000000000001,26.596666399999997,81.40189319999999,0.021666666600000002,71.51666600000001,3.4982371,1,3,Thursday,0,0.0,-0.0999999999999801,5.296666399999996,1,-5.296666399999996,-16.88189319999998,-0.0,21.3,64.61999999999999,21.386666666666667,64.61,0.08150106897914113,1,99.93,0
2026-06-25 01:50:00,21.3,64.26,26.713333,80.480228,0.013333333999999999,70.93333279999999,3.5545776000000004,1,3,Thursday,0,0.0,-0.2600000000000051,5.413332999999998,1,-5.413332999999998,-16.22022799999999,-0.0,21.3,64.52000000000001,21.37,64.57333333333334,0.07651500151517872,1,99.94,0
2026-06-25 01:55:00,21.2,64.28,26.829999599999997,79.55856320000001,0.00500000022,70.3500012,3.61091812,1,3,Thursday,0,-0.10000000000000142,0.01999999999999602,5.629999599999998,1,-5.629999599999998,-15.278563200000008,0.10000000000000142,21.3,64.26,21.345,64.53833333333333,0.07914313846420701,1,99.93,0
2026-06-25 02:00:00,21.2,64.44000000000001,26.9816666,78.56695099999999,0.0,70.8333328,3.55006458,2,3,Thursday,0,0.0,0.1600000000000108,5.781666600000001,1,-5.781666600000001,-14.126950999999977,-0.0,21.2,64.28,21.328333333333333,64.52,0.08716059717155461,1,99.94,0
2026-06-25 02:05:00,21.18,64.36,27.185832799999996,77.470426,0.0,72.9166672,3.31341972,2,3,Thursday,0,-0.019999999999999574,-0.0800000000000125,6.005832799999997,1,-6.005832799999997,-13.110426000000004,0.019999999999999574,21.2,64.44000000000001,21.305,64.49333333333334,0.08618162640383764,1,99.94,0
2026-06-25 02:10:00,21.14,64.44000000000001,27.3899998,76.3738988,0.0,75.0,3.07677486,2,3,Thursday,0,-0.03999999999999915,0.0800000000000125,6.249999799999998,1,-6.249999799999998,-11.933898799999994,0.03999999999999915,21.18,64.36,21.276666666666667,64.48333333333333,0.07900901369317909,1,99.91,0
2026-06-25 02:15:00,21.1,64.36,27.5941664,75.2773708,0.0,77.0833328,2.84013006,2,3,Thursday,0,-0.03999999999999915,-0.0800000000000125,6.4941663999999975,1,-6.4941663999999975,-10.9173708,0.03999999999999915,21.14,64.44000000000001,21.255,64.45333333333333,0.08908627076443146,1,99.88,0
2026-06-25 02:20:00,21.080000000000002,64.38000000000001,27.7983336,74.1808448,0.0,79.1666672,2.60348518,2,3,Thursday,0,-0.019999999999999574,0.020000000000010232,6.718333599999998,1,-6.718333599999998,-9.800844799999993,0.019999999999999574,21.1,64.36,21.228333333333335,64.435,0.0896288644114714,1,99.93,0
2026-06-25 02:25:00,21.0,64.34,28.002499999999998,73.08431920000001,0.0,81.25,2.36684038,2,3,Thursday,0,-0.08000000000000185,-0.04000000000000625,7.002499999999998,1,-7.002499999999998,-8.744319200000007,0.08000000000000185,21.080000000000002,64.38000000000001,21.200000000000003,64.41833333333334,0.103747946321843,1,99.86,0
2026-06-25 02:30:00,21.0,64.32000000000001,28.2066668,71.9877932,0.0,83.3333328,2.13019562,2,3,Thursday,0,0.0,-0.01999999999999602,7.206666800000001,1,-7.206666800000001,-7.667793199999991,-0.0,21.0,64.34,21.175,64.40333333333334,0.11317725439089242,1,99.67,0
2026-06-25 02:35:00,20.939999999999998,64.17999999999999,28.410833000000004,70.89126519999999,0.0,85.4166672,1.8935507399999998,2,3,Thursday,0,-0.060000000000002274,-0.14000000000001478,7.470833000000006,1,-7.470833000000006,-6.7112652,0.060000000000002274,21.0,64.32000000000001,21.145,64.375,0.12420657281178855,1,99.67,0
2026-06-25 02:40:00,20.98,64.11999999999999,28.615000199999997,69.79473920000001,0.0,87.5,1.6569059,2,3,Thursday,0,0.0400000000000027,-0.060000000000002274,7.635000199999997,1,-7.635000199999997,-5.674739200000019,-0.0400000000000027,20.939999999999998,64.17999999999999,21.118333333333336,64.33333333333333,0.12223920911396706,1,98.31,0
2026-06-25 02:45:00,20.9,64.03999999999999,28.8191666,68.6982132,0.0,89.5833328,1.42026104,2,3,Thursday,0,-0.08000000000000185,-0.0799999999999983,7.9191666000000005,1,-7.9191666000000005,-4.658213200000006,0.08000000000000185,20.98,64.11999999999999,21.085,64.29333333333334,0.122734006559016,1,99.64,0
2026-06-25 02:50:00,20.9,63.98,29.023334,67.601687,0.0,91.6666672,1.1836162399999999,2,3,Thursday,0,0.0,-0.05999999999999517,8.123334,1,-8.123334,-3.6216870000000014,-0.0,20.9,64.03999999999999,21.051666666666666,64.27,0.11296285257998162,1,99.62,0
2026-06-25 02:55:00,20.88,64.0,29.227500199999998,66.5051608,0.0,93.75,0.9469714,2,3,Thursday,0,-0.019999999999999574,0.020000000000003126,8.347500199999999,1,-8.347500199999999,-2.5051607999999987,0.019999999999999574,20.9,63.98,21.025000000000002,64.24666666666667,0.1125328235051617,1,99.62,0
2026-06-25 03:00:00,20.86,64.03999999999999,29.385,65.7502618,0.0,94.76666600000001,0.7915681,3,3,Thursday,0,-0.019999999999999574,0.03999999999999204,8.525000000000002,1,-8.525000000000002,-1.710261800000012,0.019999999999999574,20.88,64.0,20.996666666666666,64.21333333333332,0.10713910528468501,1,99.56,0
2026-06-25 03:05:00,20.8,64.05999999999999,29.472500000000004,65.50780999999999,0.0,94.18333279999999,0.758027094,3,3,Thursday,0,-0.05999999999999872,0.01999999999999602,8.672500000000003,1,-8.672500000000003,-1.447810000000004,0.05999999999999872,20.86,64.03999999999999,20.965,64.18833333333333,0.10414151212594241,1,99.61,0
2026-06-25 03:10:00,20.86,64.05999999999999,29.560000000000002,65.2653542,0.0,93.6000012,0.7244860519999999,3,3,Thursday,0,0.05999999999999872,0.0,8.700000000000003,1,-8.700000000000003,-1.2053542000000164,-0.05999999999999872,20.8,64.05999999999999,20.941666666666666,64.15666666666667,0.09203095659682324,1,97.22,0
2026-06-25 03:15:00,20.84,64.14,29.647500400000002,65.0229,0.0,93.01666600000001,0.6909450140000001,3,3,Thursday,0,-0.019999999999999574,0.0800000000000125,8.807500400000002,1,-8.807500400000002,-0.8829000000000065,0.019999999999999574,20.86,64.05999999999999,20.919999999999998,64.13833333333334,0.08135220845568256,1,99.76,0
2026-06-25 03:20:00,20.78,64.3,29.735000000000003,64.780448,0.0,92.43333279999999,0.657404,3,3,Thursday,0,-0.05999999999999872,0.1599999999999966,8.955000000000002,1,-8.955000000000002,-0.48044800000000976,0.05999999999999872,20.84,64.14,20.895,64.13166666666666,0.07342281044301188,1,99.76,0
2026-06-25 03:25:00,20.759999999999998,64.2,29.8225,64.53799280000001,0.0,91.8500012,0.623863,3,3,Thursday,0,-0.020000000000003126,-0.09999999999999432,9.062500000000004,1,-9.062500000000004,-0.3379928000000092,0.020000000000003126,20.78,64.3,20.875,64.11999999999999,0.07489386431168744,1,99.76,0
2026-06-25 03:30:00,20.7,64.16,29.910000000000004,64.295539,0.0,91.26666600000001,0.590321958,3,3,Thursday,0,-0.05999999999999872,-0.04000000000000625,9.210000000000004,1,-9.210000000000004,-0.1355390000000085,0.05999999999999872,20.759999999999998,64.2,20.85,64.10666666666665,0.07931525132887123,1,99.76,0
2026-06-25 03:35:00,20.7,64.03999999999999,29.997500000000002,64.05308579999999,0.0,90.68333279999999,0.556780922,3,3,Thursday,0,0.0,-0.12000000000000455,9.297500000000003,1,-9.297500000000003,-0.013085799999998926,-0.0,20.7,64.16,20.83,64.095,0.08463826774039257,1,99.76,0
2026-06-25 03:40:00,20.7,64.3,30.084999600000003,63.810631,0.0,90.1000012,0.5232399,3,3,Thursday,0,0.0,0.2600000000000051,9.384999600000004,1,-9.384999600000004,0.4893689999999964,-0.0,20.7,64.03999999999999,20.806666666666665,64.11,0.07784989443197671,1,99.76,0
2026-06-25 03:45:00,20.7,64.47999999999999,30.172500000000003,63.5681778,0.0,89.51666600000001,0.489698908,3,3,Thursday,0,0.0,0.1799999999999926,9.472500000000004,1,-9.472500000000004,0.9118221999999889,-0.0,20.7,64.3,20.79,64.14666666666666,0.07745966694007994,1,99.77,0
2026-06-25 03:50:00,20.7,64.55999999999999,30.26,63.325724,0.0,88.93333279999999,0.456157896,3,3,Thursday,0,0.0,0.0799999999999983,9.560000000000002,1,-9.560000000000002,1.234275999999987,-0.0,20.7,64.47999999999999,20.773333333333333,64.195,0.07302967435094912,1,99.77,0
2026-06-25 03:55:00,20.68,64.58,30.347500000000004,63.0832704,0.0,88.3500012,0.422616868,3,3,Thursday,0,-0.019999999999999574,0.020000000000010232,9.667500000000004,1,-9.667500000000004,1.4967295999999948,0.019999999999999574,20.7,64.55999999999999,20.756666666666664,64.24333333333333,0.06919449971172019,1,99.77,0
2026-06-25 04:00:00,20.7,64.46000000000001,30.4,62.8502596,0.01000000068,87.6,0.62276793,4,3,Thursday,0,0.019999999999999574,-0.11999999999999034,9.7,1,-9.7,1.6097404000000068,-0.019999999999999574,20.68,64.58,20.743333333333332,64.27833333333332,0.06257117161785605,1,99.25,0
2026-06-25 04:05:00,20.66,64.4,30.4,62.6314168,0.0350000008,86.6,1.17345713,4,3,Thursday,0,-0.03999999999999915,-0.060000000000002274,9.739999999999998,1,-9.739999999999998,1.768583200000009,0.03999999999999915,20.7,64.46000000000001,20.731666666666666,64.30666666666666,0.06407855029994852,1,99.3,0
2026-06-25 04:10:00,20.62,64.52000000000001,30.4,62.412572999999995,0.060000002,85.6,1.72414634,4,3,Thursday,0,-0.03999999999999915,0.12000000000000455,9.779999999999998,1,-9.779999999999998,2.1074270000000155,0.03999999999999915,20.66,64.4,20.711666666666666,64.345,0.05749835309422179,1,99.32,0
2026-06-25 04:15:00,20.6,64.52000000000001,30.4,62.19372980000001,0.0850000024,84.6,2.27483554,4,3,Thursday,0,-0.019999999999999574,0.0,9.799999999999997,1,-9.799999999999997,2.3262702000000033,0.019999999999999574,20.62,64.52000000000001,20.691666666666666,64.37666666666667,0.05006056939900482,1,99.89,0
2026-06-25 04:20:00,20.6,64.53999999999999,30.4,61.9748868,0.11000000380000001,83.6,2.82552476,4,3,Thursday,0,0.0,0.01999999999998181,9.799999999999997,1,-9.799999999999997,2.565113199999992,-0.0,20.6,64.52000000000001,20.676666666666666,64.39666666666666,0.04811602142371137,1,99.93,0
2026-06-25 04:25:00,20.6,64.55999999999999,30.4,61.7560432,0.135000004,82.6,3.37621396,4,3,Thursday,0,0.0,0.01999999999999602,9.799999999999997,1,-9.799999999999997,2.8039567999999875,-0.0,20.6,64.53999999999999,20.663333333333334,64.42666666666666,0.04499158173193261,1,99.94,0
2026-06-25 04:30:00,20.6,64.58,30.4,61.5371988,0.160000002,81.6,3.9269030999999996,4,3,Thursday,0,0.0,0.020000000000010232,9.799999999999997,1,-9.799999999999997,3.0428011999999995,-0.0,20.6,64.55999999999999,20.654999999999998,64.46166666666666,0.046807147888007945,1,99.94,0
2026-06-25 04:35:00,20.6,64.5,30.4,61.318355399999994,0.185000006,80.6,4.477592400000001,4,3,Thursday,0,0.0,-0.0799999999999983,9.799999999999997,1,-9.799999999999997,3.1816446000000056,-0.0,20.6,64.58,20.646666666666665,64.5,0.04696871946906139,1,99.94,0
2026-06-25 04:40:00,20.6,64.7,30.4,61.0995124,0.21000000600000002,79.6,5.0282816,4,3,Thursday,0,0.0,0.20000000000000284,9.799999999999997,1,-9.799999999999997,3.600487600000001,-0.0,20.6,64.5,20.638333333333335,64.53333333333333,0.045493922365540125,1,99.94,0
2026-06-25 04:45:00,20.560000000000002,64.74,30.4,60.880670599999995,0.235000006,78.6,5.57897074,4,3,Thursday,0,-0.03999999999999915,0.03999999999999204,9.839999999999996,1,-9.839999999999996,3.8593294,0.03999999999999915,20.6,64.7,20.62666666666667,64.55499999999999,0.04618802156231606,1,99.93,0
2026-06-25 04:50:00,20.5,64.61999999999999,30.4,60.6618254,0.260000008,77.6,6.12965988,4,3,Thursday,0,-0.060000000000002274,-0.12000000000000455,9.899999999999999,1,-9.899999999999999,3.9581745999999924,0.060000000000002274,20.560000000000002,64.74,20.610000000000003,64.56,0.05291502624502542,1,99.92,0
2026-06-25 04:55:00,20.5,64.78,30.4,60.4429808,0.285000014,76.6,6.6803492,4,3,Thursday,0,0.0,0.1600000000000108,9.899999999999999,1,-9.899999999999999,4.3370192,-0.0,20.5,64.61999999999999,20.595000000000002,64.57666666666667,0.05664883857243964,1,99.93,0
2026-06-25 05:00:00,20.5,64.82000000000001,30.333333,60.8102952,0.326666672,76.63333320000001,7.07713064,5,3,Thursday,0,0.0,0.04000000000000625,9.833333,1,-9.833333,4.009704800000009,-0.0,20.5,64.78,20.578333333333337,64.60666666666667,0.05219427580455448,1,99.93,0
2026-06-25 05:05:00,20.5,64.9,30.166666399999997,62.05684240000001,0.39333334799999997,78.2166672,7.243050200000001,5,3,Thursday,0,0.0,0.0799999999999983,9.666666399999997,1,-9.666666399999997,2.843157599999998,-0.0,20.5,64.82000000000001,20.565,64.64833333333333,0.04981785005739277,1,99.9,0
2026-06-25 05:10:00,20.5,64.96000000000001,29.999999600000002,63.30339,0.46000001600000007,79.7999996,7.408970120000001,5,3,Thursday,0,0.0,0.060000000000002274,9.499999600000002,1,-9.499999600000002,1.6566100000000077,-0.0,20.5,64.9,20.555000000000003,64.685,0.04981785005741732,1,99.9,0
2026-06-25 05:15:00,20.5,65.06,29.833333,64.549937,0.5266666680000001,81.38333320000001,7.574889880000001,5,3,Thursday,0,0.0,0.09999999999999432,9.333333,1,-9.333333,0.5100630000000024,-0.0,20.5,64.96000000000001,20.546666666666667,64.73,0.04996968780667822,1,99.9,0
2026-06-25 05:20:00,20.5,65.2,29.666666399999997,65.7964862,0.5933333519999999,82.9666672,7.74080956,5,3,Thursday,0,0.0,0.14000000000000057,9.166666399999997,1,-9.166666399999997,-0.5964862000000011,-0.0,20.5,65.06,20.538333333333334,64.78500000000001,0.04858606861164337,1,99.9,0
2026-06-25 05:25:00,20.5,65.14,29.499999600000002,67.0430348,0.660000004,84.5499996,7.90672924,5,3,Thursday,0,0.0,-0.060000000000002274,8.999999600000002,1,-8.999999600000002,-1.9030348000000004,-0.0,20.5,65.2,20.53,64.83333333333333,0.04552721466615949,1,99.9,0
2026-06-25 05:30:00,20.5,65.24,29.333333,68.289581,0.72666669,86.13333320000001,8.072649,5,3,Thursday,0,0.0,0.09999999999999432,8.833333,1,-8.833333,-3.0495810000000034,-0.0,20.5,65.14,20.52166666666667,64.88833333333334,0.04041451887461519,1,99.9,0
2026-06-25 05:35:00,20.46,65.17999999999999,29.166666399999997,69.53612799999999,0.793333356,87.7166672,8.2385684,5,3,Thursday,0,-0.03999999999999915,-0.060000000000002274,8.706666399999996,1,-8.706666399999996,-4.356127999999998,0.03999999999999915,20.5,65.24,20.51,64.94500000000001,0.03567530343617809,1,99.9,0
2026-06-25 05:40:00,20.46,65.0,28.999999600000002,70.7826772,0.860000026,89.2999996,8.4044887,5,3,Thursday,0,0.0,-0.1799999999999926,8.539999600000002,1,-8.539999600000002,-5.782677199999995,-0.0,20.46,65.17999999999999,20.49833333333333,64.97,0.02480224823862637,1,99.93,0
2026-06-25 05:45:00,20.4,64.94000000000001,28.833333,72.02922579999999,0.9266667,90.88333320000001,8.5704084,5,3,Thursday,0,-0.060000000000002274,-0.05999999999998806,8.433333000000001,1,-8.433333000000001,-7.08922579999998,0.060000000000002274,20.46,65.0,20.485,64.98666666666666,0.03089571907380683,1,99.91,0
2026-06-25 05:50:00,20.4,64.82000000000001,28.666666399999997,73.27577099999999,0.993333348,92.4666672,8.736328,5,3,Thursday,0,0.0,-0.12000000000000455,8.266666399999998,1,-8.266666399999998,-8.455770999999984,-0.0,20.4,64.94000000000001,20.476666666666667,65.00333333333333,0.03892494724075587,1,99.92,0
2026-06-25 05:55:00,20.38,64.74,28.499999600000002,74.522319,1.06000004,94.0499996,8.9022475,5,3,Thursday,0,-0.019999999999999574,-0.0800000000000125,8.119999600000003,1,-8.119999600000003,-9.782319000000001,0.019999999999999574,20.4,64.82000000000001,20.466666666666665,65.0,0.046968719469526084,1,99.92,0
2026-06-25 06:00:00,20.3,64.74,28.395,75.377335,1.10333336,93.9,8.829301300000001,6,3,Thursday,0,-0.0799999999999983,0.0,8.094999999999999,1,-8.094999999999999,-10.637335000000007,0.0799999999999983,20.38,64.74,20.45,64.99333333333333,0.06578200916529514,1,99.82,0
2026-06-25 06:05:00,20.3,64.82000000000001,28.382499799999998,75.645044,1.11166666,91.15,8.398055600000001,6,3,Thursday,0,0.0,0.0800000000000125,8.082499799999997,1,-8.082499799999997,-10.825043999999991,-0.0,20.3,64.74,20.433333333333334,64.98666666666666,0.07643575240015867,1,99.85,0
2026-06-25 06:10:00,20.259999999999998,64.84,28.3699998,75.91275780000001,1.1199999999999999,88.4,7.9668102,6,3,Thursday,0,-0.0400000000000027,0.01999999999999602,8.1099998,1,-8.1099998,-11.072757800000005,0.0400000000000027,20.3,64.82000000000001,20.41333333333333,64.97666666666667,0.08793937306970163,1,99.87,0
2026-06-25 06:15:00,20.259999999999998,64.92,28.3574998,76.1804652,1.12833334,85.65,7.5355644999999996,6,3,Thursday,0,0.0,0.0799999999999983,8.097499800000001,1,-8.097499800000001,-11.260465199999999,-0.0,20.259999999999998,64.84,20.393333333333334,64.965,0.09354953315799464,1,99.87,0
2026-06-25 06:20:00,20.2,64.9,28.345,76.4481818,1.13666666,82.9,7.104318999999999,6,3,Thursday,0,-0.05999999999999872,-0.01999999999999602,8.145,1,-8.145,-11.548181799999995,0.05999999999999872,20.259999999999998,64.92,20.368333333333332,64.94,0.10214368965287457,1,99.84,0
2026-06-25 06:25:00,20.2,64.97999999999999,28.3325,76.7158902,1.1449999800000001,80.15,6.673073360000001,6,3,Thursday,0,0.0,0.07999999999998408,8.1325,1,-8.1325,-11.735890200000014,-0.0,20.2,64.9,20.34333333333333,64.92666666666666,0.10368951323104185,1,99.68,0
2026-06-25 06:30:00,20.22,64.9,28.32,76.9836048,1.1533334400000002,77.4,6.24182786,6,3,Thursday,0,0.019999999999999574,-0.07999999999998408,8.100000000000001,1,-8.100000000000001,-12.08360479999999,-0.019999999999999574,20.2,64.97999999999999,20.319999999999997,64.89833333333333,0.0964836302782582,1,99.8,0
2026-06-25 06:35:00,20.2,64.94,28.3074998,77.2513122,1.16166676,74.65,5.8105822400000005,6,3,Thursday,0,-0.019999999999999574,0.03999999999999204,8.1074998,1,-8.1074998,-12.311312200000003,0.019999999999999574,20.22,64.9,20.298333333333336,64.87833333333334,0.0912372863846143,1,99.86,0
2026-06-25 06:40:00,20.2,65.05999999999999,28.2949998,77.5190278,1.17000006,71.9,5.379336759999999,6,3,Thursday,0,0.0,0.11999999999999034,8.0949998,1,-8.0949998,-12.459027800000015,-0.0,20.2,64.94,20.276666666666667,64.88333333333334,0.07946792760442523,1,99.86,0
2026-06-25 06:45:00,20.2,65.03999999999999,28.2825,77.7867372,1.1783334,69.15,4.94809114,6,3,Thursday,0,0.0,-0.01999999999999602,8.0825,1,-8.0825,-12.746737200000013,-0.0,20.2,65.05999999999999,20.26,64.89166666666667,0.07185844672848729,1,99.87,0
2026-06-25 06:50:00,20.18,65.24,28.27,78.05445180000001,1.18666672,66.4,4.51684564,6,3,Thursday,0,-0.019999999999999574,0.20000000000000284,8.09,1,-8.09,-12.814451800000015,0.019999999999999574,20.2,65.03999999999999,20.241666666666664,64.92666666666666,0.059974742180090856,1,99.87,0
2026-06-25 06:55:00,20.2,65.28,28.2575,78.32215819999999,1.19500004,63.65,4.085599960000001,6,3,Thursday,0,0.019999999999999574,0.04000000000000625,8.057500000000001,1,-8.057500000000001,-13.042158199999989,-0.019999999999999574,20.18,65.24,20.226666666666667,64.97166666666668,0.04206776642869259,1,99.78,0
2026-06-25 07:00:00,20.2,65.34,28.275,78.45521,1.17666672,63.26666620000001,3.81138006,7,3,Thursday,0,0.0,0.060000000000002274,8.075,1,-8.075,-13.11520999999999,-0.0,20.2,65.28,20.218333333333334,65.02166666666666,0.03563280752762687,1,99.76,0
2026-06-25 07:05:00,20.2,65.52000000000001,28.3375,78.386264,1.11833334,66.43333279999999,3.7726987000000003,7,3,Thursday,0,0.0,0.18000000000000682,8.1375,1,-8.1375,-12.866263999999987,-0.0,20.2,65.34,20.209999999999997,65.08,0.02486326247272528,1,99.63,0
2026-06-25 07:10:00,20.16,65.6,28.4,78.3173176,1.06000008,69.6000012,3.73401748,7,3,Thursday,0,-0.03999999999999915,0.07999999999998408,8.239999999999998,1,-8.239999999999998,-12.717317600000001,0.03999999999999915,20.2,65.52000000000001,20.201666666666668,65.14333333333333,0.023290003113610288,1,99.79,0
2026-06-25 07:15:00,20.1,65.47999999999999,28.4625,78.24837099999999,1.00166669,72.76666600000001,3.6953362,7,3,Thursday,0,-0.05999999999999872,-0.12000000000000455,8.362499999999997,1,-8.362499999999997,-12.768371000000002,0.05999999999999872,20.16,65.6,20.188333333333333,65.19,0.03128558584074484,1,99.76,0
2026-06-25 07:20:00,20.12,65.34,28.525,78.17942559999999,0.943333368,75.93333279999999,3.6566548600000006,7,3,Thursday,0,0.019999999999999574,-0.13999999999998636,8.404999999999998,1,-8.404999999999998,-12.839425599999984,-0.019999999999999574,20.1,65.47999999999999,20.18166666666667,65.22666666666667,0.036639108136476806,1,99.78,0
2026-06-25 07:25:00,20.1,65.4,28.5875,78.1104788,0.885000028,79.1000012,3.6179736399999998,7,3,Thursday,0,-0.019999999999999574,0.060000000000002274,8.487499999999997,1,-8.487499999999997,-12.71047879999999,0.019999999999999574,20.12,65.34,20.173333333333336,65.26166666666667,0.04292346962954256,1,99.88,0
2026-06-25 07:30:00,20.1,65.5,28.65,78.0415316,0.8266666819999999,82.26666600000001,3.5792923,7,3,Thursday,0,0.0,0.09999999999999432,8.549999999999997,1,-8.549999999999997,-12.541531599999999,-0.0,20.1,65.4,20.163333333333334,65.31166666666667,0.04499158173323857,1,99.81,0
2026-06-25 07:35:00,20.080000000000002,65.32000000000001,28.7125,77.9725868,0.768333358,85.43333279999999,3.5406109999999997,7,3,Thursday,0,-0.019999999999999574,-0.1799999999999926,8.632499999999997,1,-8.632499999999997,-12.652586799999995,0.019999999999999574,20.1,65.5,20.153333333333332,65.34333333333333,0.04923659641832434,1,99.88,0
2026-06-25 07:40:00,20.02,65.28,28.775,77.90364079999999,0.7100000120000001,88.6000012,3.5019297199999997,7,3,Thursday,0,-0.060000000000002274,-0.04000000000000625,8.754999999999999,1,-8.754999999999999,-12.62364079999999,0.060000000000002274,20.080000000000002,65.32000000000001,20.138333333333332,65.36166666666666,0.0599747421802858,1,99.85,0
2026-06-25 07:45:00,20.0,65.44000000000001,28.8375,77.8346936,0.651666678,91.76666600000001,3.46324846,7,3,Thursday,0,-0.019999999999999574,0.1600000000000108,8.837499999999999,1,-8.837499999999999,-12.394693599999982,0.019999999999999574,20.02,65.28,20.121666666666666,65.395,0.06846808592698317,1,99.75,0
2026-06-25 07:50:00,20.04,65.53999999999999,28.9,77.765748,0.593333342,94.93333279999999,3.42456716,7,3,Thursday,0,0.03999999999999915,0.0999999999999801,8.86,1,-8.86,-12.22574800000001,-0.03999999999999915,20.0,65.44000000000001,20.110000000000003,65.42,0.06954396910582757,1,99.35,0
2026-06-25 07:55:00,20.1,65.47999999999999,28.9625,77.6968016,0.5349999999999999,98.1000012,3.38588588,7,3,Thursday,0,0.060000000000002274,-0.060000000000002274,8.862499999999997,1,-8.862499999999997,-12.21680160000001,-0.060000000000002274,20.04,65.53999999999999,20.101666666666667,65.43666666666667,0.06350852963156954,1,99.13,0
2026-06-25 08:00:00,20.1,65.55999999999999,29.01,77.60333,0.49000000000000005,97.4333348,3.32358102,8,3,Thursday,0,0.0,0.0799999999999983,8.91,1,-8.91,-12.043330000000012,-0.0,20.1,65.47999999999999,20.093333333333334,65.455,0.055486826197039145,1,99.66,1
2026-06-25 08:05:00,20.1,65.5,29.0349998,77.4730742,0.465,91.0166672,3.2258408199999997,8,3,Thursday,0,0.0,-0.05999999999998806,8.9349998,1,-8.9349998,-11.9730742,-0.0,20.1,65.55999999999999,20.085,65.45333333333333,0.044415394576225245,1,99.72,1
2026-06-25 08:10:00,20.1,65.52000000000001,29.060000000000002,77.3428182,0.44000000000000006,84.599998,3.1281006000000002,8,3,Thursday,0,0.0,0.020000000000010232,8.96,1,-8.96,-11.822818199999986,-0.0,20.1,65.5,20.080000000000002,65.44666666666667,0.038138503604377746,1,99.73,1
2026-06-25 08:15:00,20.1,65.58,29.085,77.21256,0.41500000000000004,78.1833348,3.03036042,8,3,Thursday,0,0.0,0.05999999999998806,8.985,1,-8.985,-11.632559999999998,-0.0,20.1,65.52000000000001,20.080000000000002,65.455,0.038138503604377746,1,99.63,1
2026-06-25 08:20:00,20.2,65.53999999999999,29.109999800000004,77.0823042,0.390000004,71.7666672,2.93262012,8,3,Thursday,0,0.09999999999999787,-0.04000000000000625,8.909999800000005,1,-8.909999800000005,-11.542304200000004,-0.09999999999999787,20.1,65.58,20.086666666666666,65.47166666666666,0.050692178611014875,1,98.58,1
2026-06-25 08:25:00,20.2,65.64,29.135,76.95204820000001,0.365,65.3499986,2.83487994,8,3,Thursday,0,0.0,0.10000000000000853,8.935000000000002,1,-8.935000000000002,-11.312048200000007,-0.0,20.2,65.53999999999999,20.095000000000002,65.49166666666666,0.06037759972114345,1,99.4,1
2026-06-25 08:30:00,20.240000000000002,65.52000000000001,29.159999600000003,76.82179,0.33999999999999997,58.93333320000001,2.7371397600000003,8,3,Thursday,0,0.0400000000000027,-0.11999999999999034,8.9199996,1,-8.9199996,-11.301789999999983,-0.0400000000000027,20.2,65.64,20.106666666666666,65.49333333333333,0.07352591793843816,1,98.97,1
2026-06-25 08:35:00,20.240000000000002,65.64,29.184999800000003,76.6915342,0.315,52.5166664,2.63939952,8,3,Thursday,0,0.0,0.11999999999999034,8.944999800000001,1,-8.944999800000001,-11.051534200000006,-0.0,20.240000000000002,65.52000000000001,20.12,65.52,0.08224133003704778,1,99.3,1
2026-06-25 08:40:00,20.240000000000002,65.8,29.2099998,76.5612782,0.29000000400000003,46.1000004,2.54165932,8,3,Thursday,0,0.0,0.1599999999999966,8.969999799999997,1,-8.969999799999997,-10.761278200000007,-0.0,20.240000000000002,65.64,20.138333333333335,65.56333333333333,0.08244373656980664,1,99.26,1
2026-06-25 08:45:00,20.3,66.02000000000001,29.234999199999997,76.43102,0.265000004,39.6833332,2.44391906,8,3,Thursday,0,0.05999999999999872,0.22000000000001307,8.934999199999996,1,-8.934999199999996,-10.411019999999994,-0.05999999999999872,20.240000000000002,65.8,20.163333333333338,65.61166666666666,0.08216760404278098,1,97.87,1
2026-06-25 08:50:00,20.36,66.24,29.259999800000003,76.3007642,0.24000000200000002,33.2666664,2.3461789200000003,8,3,Thursday,0,0.05999999999999872,0.21999999999998465,8.899999800000003,1,-8.899999800000003,-10.060764200000008,-0.05999999999999872,20.3,66.02000000000001,20.19,65.67,0.09005049090205267,1,95.49,1
2026-06-25 08:55:00,20.4,66.17999999999999,29.284999600000003,76.1705082,0.21500000400000002,26.85,2.24843866,8,3,Thursday,0,0.03999999999999915,-0.060000000000002274,8.884999600000004,0,-8.884999600000004,-9.990508200000008,-0.03999999999999915,20.36,66.24,20.215,65.72833333333332,0.10344080434047195,0,6.65,1
2026-06-25 09:00:00,20.419999999999998,66.16,29.2816662,76.17438580000001,0.19666667200000001,25.5333334,2.17857518,9,3,Thursday,0,0.019999999999999574,-0.01999999999999602,8.861666200000002,0,-8.861666200000002,-10.014385800000014,-0.019999999999999574,20.4,66.17999999999999,20.241666666666667,65.77833333333334,0.1119929651586282,0,12.82,1
2026-06-25 09:05:00,20.54,66.28,29.235832199999997,76.379456,0.188333332,31.866667200000002,2.15052672,9,3,Thursday,0,0.120000000000001,0.12000000000000455,8.695832199999998,0,-8.695832199999998,-10.099456000000004,-0.120000000000001,20.419999999999998,66.16,20.278333333333332,65.84333333333333,0.1316906384106827,0,0.88,1
2026-06-25 09:10:00,20.62,66.66,29.189998600000003,76.584533,0.18000000200000002,38.200000599999996,2.12247828,9,3,Thursday,0,0.08000000000000185,0.37999999999999545,8.569998600000002,0,-8.569998600000002,-9.924532999999997,-0.08000000000000185,20.54,66.28,20.321666666666665,65.93833333333333,0.15170745373161645,0,0.71,1
2026-06-25 09:15:00,20.7,66.55999999999999,29.1441666,76.78960579999999,0.171666668,44.533333,2.09442988,9,3,Thursday,0,0.0799999999999983,-0.10000000000000853,8.444166599999999,0,-8.444166599999999,-10.229605800000002,-0.0799999999999983,20.62,66.66,20.371666666666666,66.02,0.16980380836689396,0,0.47,1
2026-06-25 09:20:00,20.8,66.52000000000001,29.0983334,76.994682,0.163333338,50.8666664,2.06638142,9,3,Thursday,0,0.10000000000000142,-0.03999999999997783,8.2983334,0,-8.2983334,-10.474681999999987,-0.10000000000000142,20.7,66.55999999999999,20.421666666666667,66.10166666666667,0.2002649759908519,0,0.07,1
2026-06-25 09:25:00,20.82,66.72,29.052499599999997,77.1997528,0.15500000200000003,57.200000599999996,2.038333,9,3,Thursday,0,0.019999999999999574,0.19999999999998863,8.232499599999997,0,-8.232499599999997,-10.4797528,-0.019999999999999574,20.8,66.52000000000001,20.473333333333333,66.19166666666666,0.21714399635739184,0,0.59,1
2026-06-25 09:30:00,20.9,66.64,29.0066664,77.404831,0.14666667,63.53333299999999,2.01028462,9,3,Thursday,0,0.0799999999999983,-0.0799999999999983,8.106666400000002,0,-8.106666400000002,-10.764831000000001,-0.0799999999999983,20.82,66.72,20.528333333333332,66.28500000000001,0.23548145394923634,0,0.07,1
2026-06-25 09:35:00,20.939999999999998,66.64,28.960833,77.60990319999999,0.138333336,69.86666720000001,1.98223612,9,3,Thursday,0,0.03999999999999915,0.0,8.020833000000003,0,-8.020833000000003,-10.96990319999999,-0.03999999999999915,20.9,66.64,20.586666666666666,66.36833333333333,0.24410628584777683,0,0.22,1
2026-06-25 09:40:00,21.02,66.74,28.914999,77.8149798,0.130000004,76.1999996,1.95418764,9,3,Thursday,0,0.08000000000000185,0.09999999999999432,7.894999000000002,0,-7.894999000000002,-11.074979800000008,-0.08000000000000185,20.939999999999998,66.64,20.651666666666667,66.44666666666667,0.2472331742035141,0,0.07,1
2026-06-25 09:45:00,21.1,66.6,28.869166999999997,78.02005,0.121666668,82.5333332,1.92613926,9,3,Thursday,0,0.08000000000000185,-0.14000000000000057,7.769166999999996,0,-7.769166999999996,-11.420050000000003,-0.08000000000000185,21.02,66.74,20.71833333333333,66.49499999999999,0.2516069565980795,0,0.08,1
2026-06-25 09:50:00,21.2,66.44,28.8233336,78.225128,0.11333333599999999,88.86666720000001,1.8980908200000002,9,3,Thursday,0,0.09999999999999787,-0.1599999999999966,7.623333600000002,0,-7.623333600000002,-11.785128,-0.09999999999999787,21.1,66.6,20.78833333333333,66.51166666666667,0.2595742434858642,0,0.23,1
2026-06-25 09:55:00,21.3,66.44,28.7775002,78.4301998,0.1050000016,95.1999996,1.87004236,9,3,Thursday,0,0.10000000000000142,0.0,7.477500199999998,0,-7.477500199999998,-11.9901998,-0.10000000000000142,21.2,66.44,20.863333333333333,66.53333333333333,0.2670830083247277,0,0.22,1
2026-06-25 10:00:00,21.46,66.53999999999999,28.6880004,78.9231444,0.14400000200000002,96.84,1.8371330399999999,10,3,Thursday,0,0.16000000000000014,0.09999999999999432,7.228000399999999,0,-7.228000399999999,-12.383144400000006,-0.16000000000000014,21.3,66.44,20.95,66.565,0.27863302682703767,0,0.22,1
2026-06-25 10:05:00,21.62,66.52000000000001,28.5433332,79.786236,0.246666674,91.8,1.79961236,10,3,Thursday,0,0.16000000000000014,-0.01999999999998181,6.923333199999998,0,-6.923333199999998,-13.266235999999992,-0.16000000000000014,21.46,66.53999999999999,21.040000000000003,66.585,0.30712745355908044,0,0.22,1
2026-06-25 10:10:00,21.68,66.7,28.414167,80.55685580000001,0.338333344,87.3,1.7661118000000002,10,3,Thursday,0,0.05999999999999872,0.1799999999999926,6.734166999999999,0,-6.734166999999999,-13.856855800000005,-0.05999999999999872,21.62,66.52000000000001,21.128333333333334,66.58833333333332,0.3271317036264505,0,0.23,1
2026-06-25 10:15:00,21.8,66.67999999999999,28.285000000000004,81.3274782,0.43000002000000004,82.8,1.7326112200000001,10,3,Thursday,0,0.120000000000001,-0.020000000000010232,6.485000000000003,0,-6.485000000000003,-14.647478200000009,-0.120000000000001,21.68,66.7,21.22,66.59833333333334,0.3495451590055133,0,0.27,1
2026-06-25 10:20:00,21.88,66.86,28.155834,82.098096,0.521666674,78.3,1.6991106200000001,10,3,Thursday,0,0.0799999999999983,0.18000000000000682,6.275834,0,-6.275834,-15.238095999999999,-0.0799999999999983,21.8,66.67999999999999,21.31,66.62666666666667,0.37001228481152043,0,0.08,1
2026-06-25 10:25:00,22.0,66.58,28.026666799999997,82.868714,0.6133333559999999,73.8,1.66561004,10,3,Thursday,0,0.120000000000001,-0.28000000000000114,6.026666799999997,0,-6.026666799999997,-16.288714,-0.120000000000001,21.88,66.86,21.40833333333333,66.615,0.38446736079604965,0,0.09,1
2026-06-25 10:30:00,22.0,66.2,27.8975006,83.6393362,0.7050000240000001,69.3,1.63210948,10,3,Thursday,0,0.0,-0.37999999999999545,5.897500600000001,0,-5.897500600000001,-17.4393362,-0.0,22.0,66.58,21.5,66.57833333333333,0.3833820785901777,0,0.94,1
2026-06-25 10:35:00,22.119999999999997,66.4,27.7683334,84.409956,0.796666716,64.8,1.59860892,10,3,Thursday,0,0.11999999999999744,0.20000000000000284,5.648333400000002,0,-5.648333400000002,-18.00995599999999,-0.11999999999999744,22.0,66.2,21.598333333333333,66.55833333333332,0.3779810801772763,0,0.08,1
2026-06-25 10:40:00,22.22,66.24,27.639167800000003,85.18057400000001,0.8883333600000001,60.3,1.5651083,10,3,Thursday,0,0.10000000000000142,-0.1600000000000108,5.419167800000004,0,-5.419167800000004,-18.940574000000012,-0.10000000000000142,22.119999999999997,66.4,21.698333333333334,66.51666666666667,0.369713238591938,0,0.08,1
2026-06-25 10:45:00,22.259999999999998,66.42,27.51,85.951194,0.98000004,55.8,1.5316077399999999,10,3,Thursday,0,0.03999999999999915,0.18000000000000682,5.2500000000000036,0,-5.2500000000000036,-19.531194,-0.03999999999999915,22.22,66.24,21.795,66.50166666666667,0.35018177098402925,0,0.19,1
2026-06-25 10:50:00,22.36,66.46000000000001,27.380834,86.721816,1.0716667000000002,51.3,1.49810714,10,3,Thursday,0,0.10000000000000142,0.04000000000000625,5.020834000000001,0,-5.020834000000001,-20.261815999999996,-0.10000000000000142,22.259999999999998,66.42,21.891666666666666,66.50333333333333,0.33055967233150646,0,0.08,1
2026-06-25 10:55:00,22.439999999999998,66.52000000000001,27.2516668,87.492434,1.1633333799999999,46.8,1.46460656,10,3,Thursday,0,0.0799999999999983,0.060000000000002274,4.811666800000001,0,-4.811666800000001,-20.972433999999993,-0.0799999999999983,22.36,66.46000000000001,21.986666666666665,66.51,0.30811253355799645,0,0.06,1
2026-06-25 11:00:00,22.560000000000002,66.62,27.2175004,87.8811252,1.16000006,44.55,1.47431732,11,3,Thursday,0,0.12000000000000455,0.09999999999999432,4.657500399999996,0,-4.657500399999996,-21.261125199999995,-0.12000000000000455,22.439999999999998,66.52000000000001,22.078333333333333,66.51666666666667,0.3007213549708546,0,0.07,1
2026-06-25 11:05:00,22.64,66.38,27.246666800000003,88.015195,1.0933333600000001,43.8,1.51283564,11,3,Thursday,0,0.0799999999999983,-0.2400000000000091,4.606666800000003,0,-4.606666800000003,-21.63519500000001,-0.0799999999999983,22.560000000000002,66.62,22.16333333333333,66.505,0.30353473167907397,0,0.07,1
2026-06-25 11:10:00,22.740000000000002,66.44000000000001,27.275833799999997,88.14926399999999,1.0266667200000001,43.05,1.5513539399999998,11,3,Thursday,0,0.10000000000000142,0.060000000000016485,4.535833799999995,0,-4.535833799999995,-21.709263999999976,-0.10000000000000142,22.64,66.38,22.251666666666665,66.48333333333333,0.3043273755633654,0,0.09,1
2026-06-25 11:15:00,22.8,66.36,27.3050004,88.28333319999999,0.96000004,42.3,1.58987236,11,3,Thursday,0,0.05999999999999872,-0.0800000000000125,4.5050004,0,-4.5050004,-21.923333199999988,-0.05999999999999872,22.740000000000002,66.44000000000001,22.334999999999997,66.45666666666666,0.3063123776953651,0,0.09,1
2026-06-25 11:20:00,22.82,66.55999999999999,27.334166600000003,88.41740480000001,0.89333337,41.55,1.6283906600000002,11,3,Thursday,0,0.019999999999999574,0.19999999999998863,4.514166600000003,0,-4.514166600000003,-21.857404800000026,-0.019999999999999574,22.8,66.36,22.41333333333333,66.43166666666666,0.2994945236545524,0,0.47,1
2026-06-25 11:25:00,22.88,66.36,27.3633334,88.5514742,0.8266666819999999,40.8,1.66690898,11,3,Thursday,0,0.05999999999999872,-0.19999999999998863,4.483333399999999,0,-4.483333399999999,-22.191474200000002,-0.05999999999999872,22.82,66.55999999999999,22.486666666666668,66.41333333333334,0.2968113368775705,0,0.09,1
2026-06-25 11:30:00,22.96,66.34,27.392500000000002,88.6855468,0.760000034,40.05,1.7054273000000002,11,3,Thursday,0,0.08000000000000185,-0.01999999999999602,4.432500000000001,0,-4.432500000000001,-22.345546799999994,-0.08000000000000185,22.88,66.36,22.566666666666666,66.425,0.2827569895751085,0,0.09,1
2026-06-25 11:35:00,23.04,66.58,27.4216664,88.819615,0.69333334,39.3,1.7439456,11,3,Thursday,0,0.0799999999999983,0.23999999999999488,4.3816664,0,-4.3816664,-22.239615,-0.0799999999999983,22.96,66.34,22.643333333333334,66.44000000000001,0.2752629596799073,0,0.08,1
2026-06-25 11:40:00,23.14,66.34,27.450833199999998,88.953683,0.626666686,38.55,1.78246394,11,3,Thursday,0,0.10000000000000142,-0.23999999999999488,4.310833199999998,0,-4.310833199999998,-22.613682999999995,-0.10000000000000142,23.04,66.58,22.72,66.44833333333334,0.274756090183524,0,0.09,1
2026-06-25 11:45:00,23.259999999999998,66.58,27.479999600000003,89.08775399999999,0.5600000119999999,37.8,1.82098234,11,3,Thursday,0,0.11999999999999744,0.23999999999999488,4.219999600000005,0,-4.219999600000005,-22.50775399999999,-0.11999999999999744,23.14,66.34,22.80333333333333,66.46166666666667,0.27420408237275956,0,0.09,1
2026-06-25 11:50:00,23.34,66.88000000000001,27.5091662,89.221825,0.493333346,37.05,1.8595006399999998,11,3,Thursday,0,0.08000000000000185,0.30000000000001137,4.169166199999999,0,-4.169166199999999,-22.341824999999986,-0.08000000000000185,23.259999999999998,66.58,22.885,66.49666666666667,0.2760928697544766,0,0.09,1
2026-06-25 11:55:00,23.419999999999998,66.9,27.5383332,89.3558944,0.42666667199999997,36.3,1.89801896,11,3,Thursday,0,0.0799999999999983,0.01999999999999602,4.118333200000002,0,-4.118333200000002,-22.45589439999999,-0.0799999999999983,23.34,66.88000000000001,22.96666666666667,66.52833333333334,0.2774341308701358,0,0.09,1
2026-06-25 12:00:00,23.5,66.67999999999999,27.509999600000004,89.65225000000001,0.38000001,35.200000599999996,2.00761016,12,3,Thursday,0,0.08000000000000185,-0.22000000000001307,4.009999600000004,0,-4.009999600000004,-22.972250000000017,-0.08000000000000185,23.419999999999998,66.9,23.044999999999998,66.53333333333335,0.2847806173213917,0,0.09,1
2026-06-25 12:05:00,23.5,66.12,27.4433328,90.05679,0.346666664,33.8666664,2.1645833,12,3,Thursday,0,0.0,-0.5599999999999881,3.9433328000000003,0,-3.9433328000000003,-23.936790000000002,-0.0,23.5,66.67999999999999,23.116666666666664,66.51166666666667,0.28179081001338085,0,1.7,1
2026-06-25 12:10:00,23.560000000000002,65.78,27.376666,90.461338,0.313333336,32.533333,2.32155646,12,3,Thursday,0,0.060000000000002274,-0.3400000000000034,3.816665999999998,0,-3.816665999999998,-24.681337999999997,-0.060000000000002274,23.5,66.12,23.185000000000002,66.45666666666666,0.2815702721945978,0,0.24,1
2026-06-25 12:15:00,23.6,65.67999999999999,27.309999599999998,90.86587999999999,0.28000000599999997,31.1999998,2.4785296800000003,12,3,Thursday,0,0.03999999999999915,-0.10000000000000853,3.709999599999996,0,-3.709999599999996,-25.185879999999997,-0.03999999999999915,23.560000000000002,65.78,23.251666666666665,66.39999999999999,0.2767944210367297,0,2.05,1
2026-06-25 12:20:00,23.64,66.0,27.243333,91.27043,0.24666666800000003,29.8666668,2.63550274,12,3,Thursday,0,0.03999999999999915,0.3200000000000074,3.6033329999999992,0,-3.6033329999999992,-25.270430000000005,-0.03999999999999915,23.6,65.67999999999999,23.319999999999997,66.35333333333334,0.2613252936338161,0,2.05,1
2026-06-25 12:25:00,23.7,65.82000000000001,27.1766664,91.67497,0.213333334,28.533333399999997,2.79247594,12,3,Thursday,0,0.05999999999999872,-0.1799999999999926,3.476666399999999,0,-3.476666399999999,-25.854969999999994,-0.05999999999999872,23.64,66.0,23.388333333333335,66.30833333333334,0.24233085322780804,0,0.35,1
2026-06-25 12:30:00,23.759999999999998,65.44,27.109999199999997,92.07951800000001,0.180000002,27.1999998,2.9494491199999997,12,3,Thursday,0,0.05999999999999872,-0.38000000000000966,3.349999199999999,0,-3.349999199999999,-26.63951800000001,-0.05999999999999872,23.7,65.82000000000001,23.455000000000002,66.23333333333333,0.22305726945429186,0,1.29,1
2026-06-25 12:35:00,23.84,65.53999999999999,27.043333,92.48406,0.146666672,25.8666668,3.10642226,12,3,Thursday,0,0.08000000000000185,0.09999999999999432,3.2033330000000007,0,-3.2033330000000007,-26.944060000000007,-0.08000000000000185,23.759999999999998,65.44,23.521666666666665,66.14666666666666,0.20669843353563616,0,2.41,1
2026-06-25 12:40:00,23.939999999999998,65.96000000000001,26.9766664,92.88861,0.113333337,24.5333334,3.2633953599999996,12,3,Thursday,0,0.09999999999999787,0.4200000000000159,3.0366664000000014,0,-3.0366664000000014,-26.928609999999992,-0.09999999999999787,23.84,65.53999999999999,23.588333333333335,66.11500000000001,0.2013514942687332,0,0.79,1
2026-06-25 12:45:00,24.0,65.7,26.9099996,93.29315,0.080000002,23.1999998,3.4203685999999998,12,3,Thursday,0,0.060000000000002274,-0.2600000000000051,2.909999599999999,0,-2.909999599999999,-27.593149999999994,-0.060000000000002274,23.939999999999998,65.96000000000001,23.650000000000002,66.04166666666667,0.20493901532361522,0,1.51,1
2026-06-25 12:50:00,24.060000000000002,65.94,26.8433332,93.697698,0.0466666678,21.8666668,3.5773417000000003,12,3,Thursday,0,0.060000000000002274,0.23999999999999488,2.7833331999999977,0,-2.7833331999999977,-27.757698000000005,-0.060000000000002274,24.0,65.7,23.709999999999997,65.96333333333334,0.21123016313959778,0,3.93,1
2026-06-25 12:55:00,24.1,65.5,26.7766664,94.10224000000001,0.0133333336,20.5333334,3.7343148399999997,12,3,Thursday,0,0.03999999999999915,-0.4399999999999977,2.6766663999999984,0,-2.6766663999999984,-28.60224000000001,-0.03999999999999915,24.060000000000002,65.94,23.76666666666667,65.84666666666668,0.2174786649277476,0,11.22,1
2026-06-25 13:00:00,24.16,65.16,26.7224998,94.3051622,0.0,20.25,3.7667293600000002,13,3,Thursday,0,0.05999999999999872,-0.3400000000000034,2.562499800000001,1,-2.562499800000001,-29.1451622,-0.05999999999999872,24.1,65.5,23.82166666666667,65.72,0.22714966365535832,1,94.5,1
2026-06-25 13:05:00,24.080000000000002,64.82000000000001,26.6766664,94.37367,0.0,20.6666668,3.7161047,13,3,Thursday,0,-0.0799999999999983,-0.3399999999999892,2.5966663999999966,1,-2.5966663999999966,-29.553669999999997,0.0799999999999983,24.16,65.16,23.870000000000005,65.61166666666666,0.21379684495065004,1,98.83,1
2026-06-25 13:10:00,24.1,64.94,26.630833000000003,94.4421736,0.0,21.0833332,3.6654799,13,3,Thursday,0,0.019999999999999574,0.11999999999999034,2.530833000000001,1,-2.530833000000001,-29.502173600000006,-0.019999999999999574,24.080000000000002,64.82000000000001,23.914999999999996,65.54166666666667,0.1989289503176404,1,98.8,1
2026-06-25 13:15:00,24.1,65.08,26.585001,94.51068,0.0,21.5,3.6148552799999996,13,3,Thursday,0,0.0,0.14000000000000057,2.485000999999997,1,-2.485000999999997,-29.430679999999995,-0.0,24.1,64.94,23.956666666666667,65.49166666666667,0.1782405592771694,1,99.13,1
2026-06-25 13:20:00,24.16,64.74,26.539167,94.57918299999999,0.0,21.9166668,3.56423068,13,3,Thursday,0,0.05999999999999872,-0.3400000000000034,2.379166999999999,1,-2.379166999999999,-29.83918299999999,-0.05999999999999872,24.1,65.08,24.0,65.38666666666667,0.15608855296070612,1,98.72,1
2026-06-25 13:25:00,24.2,64.4,26.4933336,94.64769,0.0,22.3333332,3.51360606,13,3,Thursday,0,0.03999999999999915,-0.3399999999999892,2.2933336000000004,1,-2.2933336000000004,-30.24768999999999,-0.03999999999999915,24.16,64.74,24.041666666666668,65.26833333333333,0.13388144914797978,1,99.52,1
2026-06-25 13:30:00,24.12,64.28,26.447500400000003,94.7161948,0.0,22.75,3.4629812,13,3,Thursday,0,-0.0799999999999983,-0.12000000000000455,2.3275004000000017,1,-2.3275004000000017,-30.436194799999996,0.0799999999999983,24.2,64.4,24.07166666666667,65.17166666666667,0.10142918115410442,1,99.48,1
2026-06-25 13:35:00,24.1,64.08,26.4016666,94.78469720000001,0.0,23.1666668,3.4123566199999997,13,3,Thursday,0,-0.019999999999999574,-0.20000000000000284,2.3016665999999972,1,-2.3016665999999972,-30.704697200000012,0.019999999999999574,24.12,64.28,24.093333333333334,65.05,0.07049607770227488,1,99.55,1
2026-06-25 13:40:00,24.04,63.96,26.3558334,94.85320300000001,0.0,23.5833332,3.361732,13,3,Thursday,0,-0.060000000000002274,-0.11999999999999744,2.3158334000000025,1,-2.3158334000000025,-30.893203000000007,0.060000000000002274,24.1,64.08,24.10166666666667,64.88333333333334,0.05491039534421262,1,99.53,1
2026-06-25 13:45:00,24.02,63.8,26.310001399999997,94.921709,0.0,24.0,3.3111073400000004,13,3,Thursday,0,-0.019999999999999574,-0.1600000000000037,2.2900013999999977,1,-2.2900013999999977,-31.12170900000001,0.019999999999999574,24.04,63.96,24.103333333333335,64.72500000000001,0.05175700803266837,1,99.55,1
2026-06-25 13:50:00,24.0,63.720000000000006,26.264167800000003,94.99021359999999,0.0,24.4166668,3.2604825400000004,13,3,Thursday,0,-0.019999999999999574,-0.07999999999999119,2.2641678000000027,1,-2.2641678000000027,-31.270213599999984,0.019999999999999574,24.02,63.8,24.098333333333333,64.54,0.05874959704731727,1,99.17,1
2026-06-25 13:55:00,23.9,63.67999999999999,26.2183338,95.0587192,0.0,24.8333332,3.20985794,13,3,Thursday,0,-0.10000000000000142,-0.04000000000001336,2.3183338000000013,1,-2.3183338000000013,-31.378719200000006,0.10000000000000142,24.0,63.720000000000006,24.081666666666667,64.38833333333334,0.08200147819370918,1,99.3,1
2026-06-25 14:00:00,23.9,63.52,26.175001200000004,95.07106,0.0,24.9,3.2313738200000004,14,3,Thursday,0,0.0,-0.15999999999998948,2.2750012000000055,1,-2.2750012000000055,-31.55106,-0.0,23.9,63.67999999999999,24.060000000000002,64.25166666666667,0.09302980950352163,1,99.17,1
2026-06-25 14:05:00,23.8,63.660000000000004,26.133334,95.04595400000001,0.0,24.733333199999997,3.3009833399999997,14,3,Thursday,0,-0.09999999999999787,0.14000000000000057,2.3333340000000007,1,-2.3333340000000007,-31.385954000000005,0.09999999999999787,23.9,63.52,24.036666666666665,64.155,0.11903653628789151,1,99.34,1
2026-06-25 14:10:00,23.8,64.02000000000001,26.091667,95.02085,0.0,24.5666668,3.3705928,14,3,Thursday,0,0.0,0.36000000000000654,2.2916670000000003,1,-2.2916670000000003,-31.000849999999986,-0.0,23.8,63.660000000000004,24.011666666666667,64.07833333333333,0.13496351920752092,1,99.6,1
2026-06-25 14:15:00,23.740000000000002,64.17999999999999,26.050001200000004,94.99575,0.0,24.4,3.4402023799999997,14,3,Thursday,0,-0.05999999999999872,0.15999999999998238,2.310001200000002,1,-2.310001200000002,-30.81575000000001,0.05999999999999872,23.8,64.02000000000001,23.981666666666666,64.00333333333333,0.15242484487467142,1,99.13,1
2026-06-25 14:20:00,23.7,64.5,26.008334,94.970644,0.0,24.233333199999997,3.5098119599999995,14,3,Thursday,0,-0.0400000000000027,0.3200000000000074,2.308334000000002,1,-2.308334000000002,-30.470643999999993,0.0400000000000027,23.740000000000002,64.17999999999999,23.94333333333334,63.98333333333333,0.16109473968214683,1,99.24,1
2026-06-25 14:25:00,23.66,65.32000000000001,25.966667,94.94554000000001,0.0,24.0666668,3.57942142,14,3,Thursday,0,-0.03999999999999915,0.8200000000000074,2.306667000000001,1,-2.306667000000001,-29.62554,0.03999999999999915,23.7,64.5,23.89833333333333,64.06,0.15827670439224276,1,99.23,1
2026-06-25 14:30:00,23.560000000000002,65.08,25.925001200000004,94.92044,0.0,23.9,3.64903096,14,3,Thursday,0,-0.09999999999999787,-0.2400000000000091,2.365001200000002,1,-2.365001200000002,-29.84044,0.09999999999999787,23.66,65.32000000000001,23.851666666666663,64.12666666666667,0.16916013572031935,1,99.5,1
2026-06-25 14:35:00,23.4,66.46,25.883334,94.895334,0.0,23.733333199999997,3.71864048,14,3,Thursday,0,-0.1600000000000037,1.3799999999999955,2.483334000000003,1,-2.483334000000003,-28.43533400000001,0.1600000000000037,23.560000000000002,65.08,23.793333333333333,64.325,0.19453129374011682,1,98.82,1
2026-06-25 14:40:00,23.38,67.38,25.841667,94.87023,0.0,23.5666668,3.78825006,14,3,Thursday,0,-0.019999999999999574,0.9200000000000017,2.461667000000002,1,-2.461667000000002,-27.49023000000001,0.019999999999999574,23.4,66.46,23.738333333333333,64.61,0.21105076224505065,1,98.83,1
2026-06-25 14:45:00,23.3,66.66,25.800001200000004,94.84513,0.0,23.4,3.8578595,14,3,Thursday,0,-0.0799999999999983,-0.7199999999999989,2.5000012000000034,1,-2.5000012000000034,-28.18513,0.0799999999999983,23.38,67.38,23.67833333333333,64.84833333333333,0.2255431155488987,1,99.0,1
2026-06-25 14:50:00,23.28,66.3,25.758334,94.820024,0.0,23.233333199999997,3.927469,14,3,Thursday,0,-0.019999999999999574,-0.35999999999999943,2.4783340000000003,1,-2.4783340000000003,-28.520024000000006,0.019999999999999574,23.3,66.66,23.618333333333336,65.06333333333333,0.22794869173221166,1,97.48,1
2026-06-25 14:55:00,23.14,66.0,25.716667,94.79492,0.0,23.0666668,3.99707862,14,3,Thursday,0,-0.14000000000000057,-0.29999999999999716,2.5766670000000005,1,-2.5766670000000005,-28.794920000000005,0.14000000000000057,23.28,66.3,23.554999999999996,65.25666666666666,0.24733120966542552,1,98.21,1
2026-06-25 15:00:00,23.1,65.8,25.682500800000003,94.671924,0.0,25.1,4.014595,15,3,Thursday,0,-0.03999999999999915,-0.20000000000000284,2.582500800000002,1,-2.582500800000002,-28.871924000000007,0.03999999999999915,23.14,66.0,23.488333333333333,65.44666666666667,0.25362224355543694,1,97.82,1
2026-06-25 15:05:00,22.98,65.5,25.653333800000002,94.483665,0.0,28.6,3.99738288,15,3,Thursday,0,-0.120000000000001,-0.29999999999999716,2.6733338000000018,1,-2.6733338000000018,-28.983665000000002,0.120000000000001,23.1,65.8,23.419999999999998,65.60000000000001,0.2718288231456989,1,98.43,1
2026-06-25 15:10:00,22.84,65.3,25.6241672,94.295399,0.0,32.1,3.9801707399999997,15,3,Thursday,0,-0.14000000000000057,-0.20000000000000284,2.784167199999999,1,-2.784167199999999,-28.995399000000006,0.14000000000000057,22.98,65.5,23.340000000000003,65.70666666666666,0.29045418978820275,1,99.62,1
2026-06-25 15:15:00,22.82,65.26,25.5950006,94.10714,0.0,35.6,3.9629585599999997,15,3,Thursday,0,-0.019999999999999574,-0.03999999999999204,2.7750005999999985,1,-2.7750005999999985,-28.847139999999996,0.019999999999999574,22.84,65.3,23.263333333333335,65.79666666666667,0.29662750848459957,1,99.56,1
2026-06-25 15:20:00,22.8,65.52,25.565834000000002,93.9188802,0.0,39.1,3.94574638,15,3,Thursday,0,-0.019999999999999574,0.2599999999999909,2.7658340000000017,1,-2.7658340000000017,-28.398880200000008,0.019999999999999574,22.82,65.26,23.188333333333333,65.88166666666666,0.2898850346866031,1,99.28,1
2026-06-25 15:25:00,22.759999999999998,65.84,25.5366676,93.73061299999999,0.0,42.6,3.9285342200000004,15,3,Thursday,0,-0.0400000000000027,0.3200000000000074,2.7766676000000032,1,-2.7766676000000032,-27.890612999999988,0.0400000000000027,22.8,65.52,23.113333333333333,65.925,0.2726747424193382,1,99.28,1
2026-06-25 15:30:00,22.68,65.97999999999999,25.5075004,93.542356,0.0,46.1,3.9113219999999997,15,3,Thursday,0,-0.0799999999999983,0.13999999999998636,2.8275004000000017,1,-2.8275004000000017,-27.56235600000001,0.0799999999999983,22.759999999999998,65.84,23.040000000000003,66.0,0.25965011423093165,1,98.84,1
2026-06-25 15:35:00,22.6,66.4,25.4783336,93.35409419999999,0.0,49.6,3.8941099,15,3,Thursday,0,-0.0799999999999983,0.4200000000000159,2.8783335999999977,1,-2.8783335999999977,-26.954094199999986,0.0799999999999983,22.68,65.97999999999999,22.973333333333333,65.99499999999999,0.2615107622830237,1,98.49,1
2026-06-25 15:40:00,22.6,66.4,25.4491674,93.165831,0.0,53.1,3.87689766,15,3,Thursday,0,0.0,0.0,2.849167399999999,1,-2.849167399999999,-26.76583099999999,-0.0,22.6,66.4,22.908333333333335,65.91333333333334,0.24782080525479655,1,98.93,1
2026-06-25 15:45:00,22.6,66.44000000000001,25.4200004,92.97757,0.0,56.6,3.85968552,15,3,Thursday,0,0.0,0.04000000000000625,2.820000399999998,1,-2.820000399999998,-26.537569999999988,-0.0,22.6,66.4,22.849999999999998,65.895,0.22891046284955532,1,98.93,1
2026-06-25 15:50:00,22.62,67.34,25.3908336,92.78930820000001,0.0,60.1,3.84247338,15,3,Thursday,0,0.019999999999999574,0.8999999999999915,2.7708335999999996,1,-2.7708335999999996,-25.449308200000004,-0.019999999999999574,22.6,66.44000000000001,22.795,65.98166666666667,0.19261360284780132,1,99.6,1
2026-06-25 15:55:00,22.64,68.02000000000001,25.361666800000002,92.601044,0.0,63.6,3.82526114,15,3,Thursday,0,0.019999999999999574,0.6800000000000068,2.7216668000000013,1,-2.7216668000000013,-24.58104399999999,-0.019999999999999574,22.62,67.34,22.753333333333334,66.14999999999999,0.1630021379360325,1,99.49,1
2026-06-25 16:00:00,22.7,71.56,25.3350004,92.46955399999999,0.0,66.599998,3.8272898599999996,16,3,Thursday,0,0.05999999999999872,3.539999999999992,2.635000399999999,1,-2.635000399999999,-20.909553999999986,-0.05999999999999872,22.64,68.02000000000001,22.72,66.63000000000001,0.12120606046290539,1,99.43,1
2026-06-25 16:05:00,22.9,76.08,25.31,92.375911,0.0,69.2666672,3.84214592,16,3,Thursday,0,0.1999999999999993,4.519999999999996,2.41,1,-2.41,-16.295911000000004,-0.1999999999999993,22.7,71.56,22.713333333333335,67.51166666666667,0.10696926775693201,1,98.57,1
2026-06-25 16:10:00,23.060000000000002,78.1,25.285,92.28226480000001,0.0,71.9333348,3.8570019200000005,16,3,Thursday,0,0.1600000000000037,2.019999999999996,2.224999999999998,1,-2.224999999999998,-14.182264800000013,-0.1600000000000037,22.9,76.08,22.731666666666666,68.57833333333333,0.1433262859507978,1,95.92,1
2026-06-25 16:15:00,23.1,77.82000000000001,25.259999999999998,92.1886188,0.0,74.599998,3.8718578800000003,16,3,Thursday,0,0.03999999999999915,-0.2799999999999869,2.1599999999999966,1,-2.1599999999999966,-14.368618799999993,-0.03999999999999915,23.060000000000002,78.1,22.755,69.62500000000001,0.17768716125468162,1,97.0,1
2026-06-25 16:20:00,22.9,74.4,25.235,92.09497400000001,0.0,77.2666672,3.88671394,16,3,Thursday,0,-0.20000000000000284,-3.4200000000000017,2.335000000000001,1,-2.335000000000001,-17.694974000000002,0.20000000000000284,23.1,77.82000000000001,22.763333333333332,70.365,0.18227518324297548,1,99.4,1
2026-06-25 16:25:00,22.619999999999997,72.4,25.21,92.00133000000001,0.0,79.9333348,3.9015698399999996,16,3,Thursday,0,-0.28000000000000114,-2.0,2.5900000000000034,1,-2.5900000000000034,-19.601330000000004,0.28000000000000114,22.9,74.4,22.751666666666665,70.91166666666668,0.18692892832422978,1,99.79,1
2026-06-25 16:30:00,22.48,71.2,25.185,91.90768419999999,0.0,82.599998,3.91642594,16,3,Thursday,0,-0.13999999999999702,-1.2000000000000028,2.7049999999999983,1,-2.7049999999999983,-20.70768419999999,0.13999999999999702,22.619999999999997,72.4,22.735,71.34666666666668,0.20219252751732214,1,99.65,1
2026-06-25 16:35:00,22.32,70.86,25.1599996,91.8140388,0.0,85.2666672,3.9312818999999997,16,3,Thursday,0,-0.16000000000000014,-0.3400000000000034,2.8399995999999987,1,-2.8399995999999987,-20.954038800000006,0.16000000000000014,22.48,71.2,22.71166666666667,71.71833333333335,0.23299759395733993,1,99.69,1
2026-06-25 16:40:00,22.259999999999998,71.67999999999999,25.134999999999998,91.720394,0.0,87.9333348,3.9461379,16,3,Thursday,0,-0.060000000000002274,0.8199999999999932,2.875,1,-2.875,-20.040394000000006,0.060000000000002274,22.32,70.86,22.683333333333334,72.15833333333333,0.2661282443226951,1,99.67,1
2026-06-25 16:45:00,22.4,72.32000000000001,25.109999199999997,91.6267508,0.0,90.599998,3.9609938999999996,16,3,Thursday,0,0.14000000000000057,0.6400000000000148,2.7099991999999986,1,-2.7099991999999986,-19.30675079999999,-0.14000000000000057,22.259999999999998,71.67999999999999,22.666666666666668,72.64833333333334,0.2778270663378941,1,93.92,1
2026-06-25 16:50:00,22.38,71.78,25.0849998,91.53310239999999,0.0,93.2666672,3.9758498600000003,16,3,Thursday,0,-0.019999999999999574,-0.5400000000000063,2.7049997999999995,1,-2.7049997999999995,-19.75310239999999,0.019999999999999574,22.4,72.32000000000001,22.646666666666665,73.01833333333333,0.28986935406539477,1,99.5,1
2026-06-25 16:55:00,22.3,71.7,25.059999400000002,91.439458,0.0,95.9333348,3.9907059599999997,16,3,Thursday,0,-0.0799999999999983,-0.0799999999999983,2.7599994000000017,1,-2.7599994000000017,-19.739458,0.0799999999999983,22.38,71.78,22.61833333333333,73.325,0.30670783650202127,1,99.37,1
2026-06-25 17:00:00,22.3,71.74,25.0674992,91.187813,0.0,96.349998,4.03305532,17,3,Thursday,0,0.0,0.03999999999999204,2.7674991999999996,1,-2.7674991999999996,-19.44781300000001,-0.0,22.3,71.7,22.584999999999997,73.33999999999999,0.31853357180319036,1,99.39,1
2026-06-25 17:05:00,22.240000000000002,70.97999999999999,25.096666199999998,90.83083300000001,0.0,95.2666672,4.09373346,17,3,Thursday,0,-0.05999999999999872,-0.7600000000000051,2.856666199999996,1,-2.856666199999996,-19.850833000000023,0.05999999999999872,22.3,71.74,22.53,72.915,0.31617026483480704,1,99.31,1
2026-06-25 17:10:00,22.12,70.14,25.1258328,90.473854,0.0,94.1833348,4.15441152,17,3,Thursday,0,-0.120000000000001,-0.8399999999999892,3.0058328000000003,1,-3.0058328000000003,-20.333854000000002,0.120000000000001,22.240000000000002,70.97999999999999,22.451666666666668,72.25166666666667,0.2881235004598664,1,99.51,1
2026-06-25 17:15:00,21.98,69.82000000000001,25.1549994,90.11687500000001,0.0,93.099998,4.21508972,17,3,Thursday,0,-0.14000000000000057,-0.3199999999999932,3.174999400000001,1,-3.174999400000001,-20.296875,0.14000000000000057,22.12,70.14,22.358333333333334,71.585,0.23563582585498494,1,99.51,1
2026-06-25 17:20:00,21.9,69.2,25.184165999999998,89.759895,0.0,92.0166672,4.27576772,17,3,Thursday,0,-0.08000000000000185,-0.6200000000000045,3.284165999999999,1,-3.284165999999999,-20.559894999999997,0.08000000000000185,21.98,69.82000000000001,22.275000000000002,71.15166666666666,0.20092965752936162,1,99.53,1
2026-06-25 17:25:00,21.84,68.52000000000001,25.2133324,89.40291520000001,0.0,90.9333348,4.33644592,17,3,Thursday,0,-0.05999999999999872,-0.6799999999999926,3.373332399999999,1,-3.373332399999999,-20.8829152,0.05999999999999872,21.9,69.2,22.209999999999997,70.82833333333333,0.20529358135998804,1,99.46,1
2026-06-25 17:30:00,21.740000000000002,68.02000000000001,25.2424996,89.045929,0.0,89.849998,4.39712412,17,3,Thursday,0,-0.09999999999999787,-0.5,3.5024995999999966,1,-3.5024995999999966,-21.02592899999999,0.09999999999999787,21.84,68.52000000000001,22.14833333333333,70.56333333333333,0.22682926432382147,1,99.67,1
2026-06-25 17:35:00,21.66,67.88000000000001,25.2716664,88.68894900000001,0.0,88.7666672,4.45780212,17,3,Thursday,0,-0.08000000000000185,-0.14000000000000057,3.6116664000000007,1,-3.6116664000000007,-20.808949,0.08000000000000185,21.740000000000002,68.02000000000001,22.093333333333334,70.315,0.2591360938844686,1,99.68,1
2026-06-25 17:40:00,21.6,67.74,25.3008326,88.33197,0.0,87.6833348,4.51848032,17,3,Thursday,0,-0.05999999999999872,-0.14000000000001478,3.7008325999999983,1,-3.7008325999999983,-20.591970000000003,0.05999999999999872,21.66,67.88000000000001,22.038333333333338,69.98666666666666,0.28887975898929674,1,99.68,1
2026-06-25 17:45:00,21.6,67.74000000000001,25.3299996,87.974991,0.0,86.599998,4.57915846,17,3,Thursday,0,0.0,1.4210854715202004e-14,3.7299995999999993,1,-3.7299995999999993,-20.234990999999994,-0.0,21.6,67.74,21.971666666666668,69.605,0.2901358093738244,1,99.71,1
2026-06-25 17:50:00,21.54,67.64,25.3591664,87.6180112,0.0,85.5166672,4.63983652,17,3,Thursday,0,-0.060000000000002274,-0.10000000000000853,3.8191664000000003,1,-3.8191664000000003,-19.978011199999997,0.060000000000002274,21.6,67.74000000000001,21.901666666666667,69.26,0.2839280745494994,1,99.68,1
2026-06-25 17:55:00,21.5,67.52000000000001,25.388333199999998,87.2610328,0.0,84.4333348,4.70051472,17,3,Thursday,0,-0.03999999999999915,-0.11999999999999034,3.888333199999998,1,-3.888333199999998,-19.741032799999985,0.03999999999999915,21.54,67.64,21.834999999999997,68.91166666666668,0.27569746264944595,1,99.7,1
2026-06-25 18:00:00,21.439999999999998,67.7,25.377499800000002,87.1427024,0.0,84.2000004,4.66854656,18,3,Thursday,0,-0.060000000000002274,0.1799999999999926,3.9374998000000048,1,-3.9374998000000048,-19.4427024,0.060000000000002274,21.5,67.52000000000001,21.763333333333332,68.575,0.254820198052673,1,99.68,1
2026-06-25 18:05:00,21.4,67.94,25.34,87.1834712,0.0,84.5333328,4.57481432,18,3,Thursday,0,-0.03999999999999915,0.23999999999999488,3.9400000000000013,1,-3.9400000000000013,-19.243471200000002,0.03999999999999915,21.439999999999998,67.7,21.69333333333333,68.32166666666667,0.22568414506921192,1,99.76,1
2026-06-25 18:10:00,21.38,67.88,25.302500000000002,87.22424,0.0,84.86666679999999,4.48108212,18,3,Thursday,0,-0.019999999999999574,-0.060000000000002274,3.922500000000003,1,-3.922500000000003,-19.34424,0.019999999999999574,21.4,67.94,21.631666666666664,68.13333333333334,0.1978903890109605,1,99.76,1
2026-06-25 18:15:00,21.4,67.96000000000001,25.265,87.265011,0.0,85.2000004,4.387350100000001,18,3,Thursday,0,0.019999999999999574,0.0800000000000125,3.865000000000002,1,-3.865000000000002,-19.305010999999993,-0.019999999999999574,21.38,67.88,21.583333333333332,67.97833333333334,0.1745296710101794,1,99.75,1
2026-06-25 18:20:00,21.36,67.9,25.2275,87.30577960000001,0.0,85.5333328,4.2936178,18,3,Thursday,0,-0.03999999999999915,-0.060000000000002274,3.8674999999999997,1,-3.8674999999999997,-19.405779600000002,0.03999999999999915,21.4,67.96000000000001,21.538333333333338,67.87,0.15384959204373588,1,99.83,1
2026-06-25 18:25:00,21.32,67.72,25.19,87.34655000000001,0.0,85.86666679999999,4.199885740000001,18,3,Thursday,0,-0.03999999999999915,-0.18000000000000682,3.870000000000001,1,-3.870000000000001,-19.62655000000001,0.03999999999999915,21.36,67.9,21.495,67.80333333333333,0.13297299795129958,1,99.93,1
2026-06-25 18:30:00,21.3,67.53999999999999,25.1525,87.3873202,0.0,86.2000004,4.10615348,18,3,Thursday,0,-0.019999999999999574,-0.18000000000000682,3.852499999999999,1,-3.852499999999999,-19.847320200000013,0.019999999999999574,21.32,67.72,21.458333333333332,67.76333333333334,0.11922731028375555,1,99.92,1
2026-06-25 18:35:00,21.259999999999998,67.53999999999999,25.1150002,87.428089,0.0,86.5333328,4.01242152,18,3,Thursday,0,-0.0400000000000027,0.0,3.8550002000000028,1,-3.8550002000000028,-19.888089000000008,0.0400000000000027,21.3,67.53999999999999,21.425,67.735,0.11349809771169747,1,99.92,1
2026-06-25 18:40:00,21.22,67.64,25.077500399999998,87.46886,0.0,86.86666679999999,3.91868926,18,3,Thursday,0,-0.03999999999999915,0.10000000000000853,3.8575003999999993,1,-3.8575003999999993,-19.828860000000006,0.03999999999999915,21.259999999999998,67.53999999999999,21.393333333333334,67.72666666666667,0.11324417171142269,1,99.92,1
2026-06-25 18:45:00,21.2,67.6,25.0400006,87.5096288,0.0,87.2000004,3.8249571,18,3,Thursday,0,-0.019999999999999574,-0.04000000000000625,3.8400005999999998,1,-3.8400005999999998,-19.909628800000007,0.019999999999999574,21.22,67.64,21.36,67.715,0.10548588877022728,1,99.92,1
2026-06-25 18:50:00,21.18,67.7,25.0025002,87.5503968,0.0,87.5333328,3.73122492,18,3,Thursday,0,-0.019999999999999574,0.10000000000000853,3.8225002000000003,1,-3.8225002000000003,-19.8503968,0.019999999999999574,21.2,67.6,21.33,67.72,0.10072464717155423,1,99.93,1
2026-06-25 18:55:00,21.14,67.67999999999999,24.9650002,87.59116800000001,0.0,87.86666679999999,3.63749278,18,3,Thursday,0,-0.03999999999999915,-0.020000000000010232,3.825000199999998,1,-3.825000199999998,-19.911168000000018,0.03999999999999915,21.18,67.7,21.3,67.73333333333333,0.0990867388734178,1,99.93,1
2026-06-25 19:00:00,21.1,67.66,24.9425006,87.580307,0.0,88.3,3.61260828,19,3,Thursday,0,-0.03999999999999915,-0.01999999999999602,3.8425005999999975,1,-3.8425005999999975,-19.920307000000008,0.03999999999999915,21.14,67.67999999999999,21.271666666666665,67.73,0.10390846789056174,1,99.92,1
2026-06-25 19:05:00,21.04,67.55999999999999,24.9300004,87.5350268,0.0,88.8,3.6336223199999997,19,3,Thursday,0,-0.060000000000002274,-0.10000000000000853,3.8900004000000017,1,-3.8900004000000017,-19.97502680000001,0.060000000000002274,21.1,67.66,21.241666666666664,67.69833333333332,0.1148780644830487,1,99.9,1
2026-06-25 19:10:00,21.04,67.47999999999999,24.9175,87.489746,0.0,89.3,3.6546362799999996,19,3,Thursday,0,0.0,-0.0799999999999983,3.8775000000000013,1,-3.8775000000000013,-20.009746000000007,-0.0,21.04,67.55999999999999,21.213333333333335,67.665,0.11949388219150314,1,99.92,1
2026-06-25 19:15:00,21.0,67.4,24.9050002,87.4444652,0.0,89.8,3.67565032,19,3,Thursday,0,-0.03999999999999915,-0.07999999999998408,3.9050002,1,-3.9050002,-20.04446519999999,0.03999999999999915,21.04,67.47999999999999,21.180000000000003,67.61833333333333,0.11847516042943808,1,99.92,1
2026-06-25 19:20:00,21.0,67.52000000000001,24.8925002,87.399185,0.0,90.3,3.6966642800000002,19,3,Thursday,0,0.0,0.12000000000000455,3.8925002000000006,1,-3.8925002000000006,-19.879184999999993,-0.0,21.0,67.4,21.150000000000002,67.58666666666666,0.11425648978054,1,99.91,1
2026-06-25 19:25:00,20.939999999999998,67.46000000000001,24.880000000000003,87.353907,0.0,90.8,3.71767828,19,3,Thursday,0,-0.060000000000002274,-0.060000000000002274,3.940000000000005,1,-3.940000000000005,-19.893907,0.060000000000002274,21.0,67.52000000000001,21.118333333333336,67.565,0.11550941193191895,1,99.89,1
2026-06-25 19:30:00,20.9,67.47999999999999,24.8675,87.308632,0.0,91.3,3.73869228,19,3,Thursday,0,-0.03999999999999915,0.01999999999998181,3.967500000000001,1,-3.967500000000001,-19.828632000000013,0.03999999999999915,20.939999999999998,67.46000000000001,21.084999999999997,67.56,0.11603291070243238,1,99.91,1
2026-06-25 19:35:00,20.9,67.36,24.8549998,87.263351,0.0,91.8,3.75970626,19,3,Thursday,0,0.0,-0.11999999999999034,3.954999800000003,1,-3.954999800000003,-19.903351,-0.0,20.9,67.47999999999999,21.055,67.545,0.1131772543912479,1,99.91,1
2026-06-25 19:40:00,20.84,67.38000000000001,24.8424998,87.218071,0.0,92.3,3.78072022,19,3,Thursday,0,-0.05999999999999872,0.020000000000010232,4.002499799999999,1,-4.002499799999999,-19.838070999999985,0.05999999999999872,20.9,67.36,21.023333333333333,67.52333333333333,0.11594146904745913,1,99.89,1
2026-06-25 19:45:00,20.8,67.38,24.8299998,87.1727908,0.0,92.8,3.8017342800000002,19,3,Thursday,0,-0.03999999999999915,-1.4210854715202004e-14,4.029999799999999,1,-4.029999799999999,-19.792790800000006,0.03999999999999915,20.84,67.38000000000001,20.99,67.505,0.11801386668413265,1,99.91,1
2026-06-25 19:50:00,20.8,67.46000000000001,24.8174998,87.12751,0.0,93.3,3.82274822,19,3,Thursday,0,0.0,0.0800000000000125,4.0174997999999995,1,-4.0174997999999995,-19.667509999999993,-0.0,20.8,67.38,20.958333333333332,67.485,0.11328430313070452,1,99.91,1
2026-06-25 19:55:00,20.8,67.5,24.8049994,87.0822292,0.0,93.8,3.8437622599999997,19,3,Thursday,0,0.0,0.03999999999999204,4.004999399999999,1,-4.004999399999999,-19.5822292,-0.0,20.8,67.46000000000001,20.93,67.47,0.10600171526370339,1,99.91,1
2026-06-25 20:00:00,20.72,67.55999999999999,24.797499199999997,86.998195,0.0,92.8999988,3.87196704,20,3,Thursday,0,-0.08000000000000185,0.05999999999998806,4.077499199999998,1,-4.077499199999998,-19.438195000000007,0.08000000000000185,20.8,67.5,20.898333333333333,67.46166666666666,0.10735102433947513,1,99.88,0
2026-06-25 20:05:00,20.7,67.47999999999999,24.7933332,86.8883212,0.0,91.06666720000001,3.90496578,20,3,Thursday,0,-0.019999999999999574,-0.0799999999999983,4.0933332,1,-4.0933332,-19.408321200000003,0.019999999999999574,20.72,67.55999999999999,20.87,67.455,0.11135528726782543,1,99.91,0
2026-06-25 20:10:00,20.72,67.38000000000001,24.7891654,86.778447,0.0,89.23333399999999,3.93796442,20,3,Thursday,0,0.019999999999999574,-0.0999999999999801,4.069165400000003,1,-4.069165400000003,-19.39844699999999,-0.019999999999999574,20.7,67.47999999999999,20.84333333333333,67.44666666666667,0.10508293983768956,1,99.85,0
2026-06-25 20:15:00,20.7,67.52000000000001,24.7849998,86.668576,0.0,87.3999988,3.97096316,20,3,Thursday,0,-0.019999999999999574,0.14000000000000057,4.084999800000002,1,-4.084999800000002,-19.14857599999999,0.019999999999999574,20.72,67.38000000000001,20.81833333333333,67.45666666666666,0.09998484734940496,1,99.93,0
2026-06-25 20:20:00,20.68,67.46000000000001,24.780832800000002,86.558701,0.0,85.56666720000001,4.0039619,20,3,Thursday,0,-0.019999999999999574,-0.060000000000002274,4.100832800000003,1,-4.100832800000003,-19.09870099999999,0.019999999999999574,20.7,67.52000000000001,20.791666666666668,67.45166666666667,0.08922222852589771,1,99.93,0
2026-06-25 20:25:00,20.62,67.58,24.776666799999997,86.44883,0.0,83.73333399999999,4.03696062,20,3,Thursday,0,-0.05999999999999872,0.11999999999999034,4.156666799999996,1,-4.156666799999996,-18.868830000000003,0.05999999999999872,20.68,67.46000000000001,20.765,67.46166666666667,0.08867714680888855,1,99.92,0
2026-06-25 20:30:00,20.6,67.61999999999999,24.7724994,86.33895720000001,0.0,81.8999988,4.06995934,20,3,Thursday,0,-0.019999999999999574,0.03999999999999204,4.1724993999999995,1,-4.1724993999999995,-18.71895720000002,0.019999999999999574,20.62,67.58,20.74,67.47333333333334,0.08944271911416622,1,99.92,0
2026-06-25 20:35:00,20.6,67.64,24.7683332,86.229083,0.0,80.06666720000001,4.1029579599999995,20,3,Thursday,0,0.0,0.020000000000010232,4.168333199999999,1,-4.168333199999999,-18.589083000000002,-0.0,20.6,67.61999999999999,20.715,67.49666666666667,0.08229658118822356,1,99.92,0
2026-06-25 20:40:00,20.560000000000002,67.56,24.7641662,86.1192128,0.0,78.23333399999999,4.1359566,20,3,Thursday,0,-0.03999999999999915,-0.0799999999999983,4.204166199999996,1,-4.204166199999996,-18.559212799999997,0.03999999999999915,20.6,67.64,20.691666666666666,67.51166666666667,0.0833212112548375,1,99.91,0
2026-06-25 20:45:00,20.52,67.58,24.7600002,86.0093372,0.0,76.3999988,4.1689552800000005,20,3,Thursday,0,-0.0400000000000027,0.01999999999999602,4.240000200000001,1,-4.240000200000001,-18.429337200000006,0.0400000000000027,20.560000000000002,67.56,20.668333333333333,67.52833333333334,0.08922222852608869,1,99.91,0
2026-06-25 20:50:00,20.560000000000002,67.47999999999999,24.755833000000003,85.89946499999999,0.0,74.56666720000001,4.20195416,20,3,Thursday,0,0.0400000000000027,-0.10000000000000853,4.195833,1,-4.195833,-18.419465000000002,-0.0400000000000027,20.52,67.58,20.648333333333333,67.52999999999999,0.0837565013459406,1,99.82,0
2026-06-25 20:55:00,20.52,67.46000000000001,24.751667,85.789594,0.0,72.73333399999999,4.23495274,20,3,Thursday,0,-0.0400000000000027,-0.01999999999998181,4.231667000000002,1,-4.231667000000002,-18.329593999999986,0.0400000000000027,20.560000000000002,67.47999999999999,20.625,67.52666666666666,0.07633657530856545,1,99.91,0
2026-06-25 21:00:00,20.48,67.6,24.735,85.783547,0.0,70.8500012,4.22128438,21,3,Thursday,0,-0.03999999999999915,0.13999999999998636,4.254999999999999,1,-4.254999999999999,-18.183547000000004,0.03999999999999915,20.52,67.46000000000001,20.605,67.53,0.08050973968652074,1,99.92,0
2026-06-25 21:05:00,20.48,67.61999999999999,24.7100002,85.8467128,0.0,68.93333279999999,4.17650462,21,3,Thursday,0,0.0,0.01999999999999602,4.230000199999999,1,-4.230000199999999,-18.226712800000016,-0.0,20.48,67.6,20.58666666666667,67.54166666666667,0.08194602807781343,1,99.91,0
2026-06-25 21:10:00,20.4,67.6,24.685,85.9098812,0.0,67.01666600000001,4.13172494,21,3,Thursday,0,-0.08000000000000185,-0.01999999999999602,4.285,1,-4.285,-18.309881200000007,0.08000000000000185,20.48,67.61999999999999,20.56,67.56,0.08655003809066067,1,99.89,0
2026-06-25 21:15:00,20.4,67.86,24.66,85.9730528,0.0,65.1000012,4.086945,21,3,Thursday,0,0.0,0.2600000000000051,4.260000000000002,1,-4.260000000000002,-18.113052800000006,-0.0,20.4,67.6,20.535,67.58833333333332,0.08575864654446314,1,99.91,0
2026-06-25 21:20:00,20.48,68.12,24.6350002,86.0362202,0.0,63.183333600000005,4.0421652,21,3,Thursday,0,0.08000000000000185,0.2600000000000051,4.1550002,1,-4.1550002,-17.916220199999998,-0.08000000000000185,20.4,67.86,20.518333333333334,67.64333333333333,0.07358771308954294,1,99.6,0
2026-06-25 21:25:00,20.439999999999998,68.17999999999999,24.61,86.0993888,0.0,61.266666799999996,3.9973855,21,3,Thursday,0,-0.0400000000000027,0.05999999999998806,4.170000000000002,1,-4.170000000000002,-17.919388800000007,0.0400000000000027,20.48,68.12,20.503333333333334,67.69333333333333,0.0691944997126245,1,99.89,0
2026-06-25 21:30:00,20.419999999999998,68.24,24.5850004,86.162559,0.0,59.349999600000004,3.9526057199999998,21,3,Thursday,0,-0.019999999999999574,0.060000000000002274,4.1650004,1,-4.1650004,-17.922559000000007,0.019999999999999574,20.439999999999998,68.17999999999999,20.488333333333333,67.745,0.06575897221557087,1,99.9,0
2026-06-25 21:35:00,20.4,68.1,24.5600004,86.225726,0.0,57.433333600000005,3.9078259799999997,21,3,Thursday,0,-0.019999999999999574,-0.14000000000000057,4.160000400000001,1,-4.160000400000001,-18.125726,0.019999999999999574,20.419999999999998,68.24,20.471666666666668,67.78333333333332,0.059974742180189146,1,99.9,0
2026-06-25 21:40:00,20.4,68.03999999999999,24.5350004,86.2888942,0.0,55.516666799999996,3.8630461599999997,21,3,Thursday,0,0.0,-0.060000000000002274,4.135000400000003,1,-4.135000400000003,-18.24889420000001,-0.0,20.4,68.1,20.458333333333332,67.82333333333334,0.05621926772219844,1,99.9,0
2026-06-25 21:45:00,20.4,68.05999999999999,24.510000400000003,86.3520662,0.0,53.599999600000004,3.81826638,21,3,Thursday,0,0.0,0.01999999999999602,4.110000400000004,1,-4.110000400000004,-18.292066200000008,-0.0,20.4,68.03999999999999,20.448333333333334,67.86333333333333,0.05491039535250568,1,99.9,0
2026-06-25 21:50:00,20.4,68.06,24.4850002,86.4152328,0.0,51.683333600000005,3.77348662,21,3,Thursday,0,0.0,1.4210854715202004e-14,4.085000200000003,1,-4.085000200000003,-18.355232799999996,-0.0,20.4,68.05999999999999,20.435,67.91166666666666,0.043588989465468075,1,99.9,0
2026-06-25 21:55:00,20.36,68.3,24.4600004,86.47840099999999,0.0,49.7666668,3.72870686,21,3,Thursday,0,-0.03999999999999915,0.23999999999999488,4.100000399999999,1,-4.100000399999999,-18.178400999999994,0.03999999999999915,20.4,68.06,20.421666666666663,67.98166666666667,0.03950450687238759,1,99.9,0
2026-06-25 22:00:00,20.4,68.3,24.45,86.45122380000001,0.0,50.8,3.7559432999999998,22,3,Thursday,0,0.03999999999999915,0.0,4.050000000000001,1,-4.050000000000001,-18.15122380000001,-0.03999999999999915,20.36,68.3,20.415,68.03999999999999,0.03529099811681253,1,99.78,0
2026-06-25 22:05:00,20.36,68.08,24.45,86.36380879999999,0.0,53.8,3.83119058,22,3,Thursday,0,-0.03999999999999915,-0.21999999999999886,4.09,1,-4.09,-18.28380879999999,0.03999999999999915,20.4,68.3,20.404999999999998,68.07833333333333,0.03205109561156743,1,99.89,0
2026-06-25 22:10:00,20.3,67.92,24.45,86.276396,0.0,56.8,3.90643788,22,3,Thursday,0,-0.05999999999999872,-0.1599999999999966,4.149999999999999,1,-4.149999999999999,-18.356396000000004,0.05999999999999872,20.36,68.08,20.396666666666665,68.10499999999999,0.04417595674285488,1,99.87,0
2026-06-25 22:15:00,20.3,68.03999999999999,24.45,86.1889822,0.0,59.8,3.98168498,22,3,Thursday,0,0.0,0.11999999999999034,4.149999999999999,1,-4.149999999999999,-18.148982200000006,-0.0,20.3,67.92,20.388333333333332,68.11999999999999,0.05219427580564941,1,99.89,0
2026-06-25 22:20:00,20.3,68.03999999999999,24.45,86.1015682,0.0,62.8,4.0569324600000005,22,3,Thursday,0,0.0,0.0,4.149999999999999,1,-4.149999999999999,-18.06156820000001,-0.0,20.3,68.03999999999999,20.373333333333335,68.11333333333333,0.04923659641852208,1,99.89,0
2026-06-25 22:25:00,20.22,67.94,24.45,86.01415399999999,0.0,65.8,4.1321796,22,3,Thursday,0,-0.08000000000000185,-0.09999999999999432,4.23,1,-4.23,-18.074153999999993,0.08000000000000185,20.3,68.03999999999999,20.355,68.09333333333332,0.061570358887636595,1,99.87,0
2026-06-25 22:30:00,20.240000000000002,68.03999999999999,24.45,85.926744,0.0,68.8,4.20742652,22,3,Thursday,0,0.020000000000003126,0.09999999999999432,4.209999999999997,1,-4.209999999999997,-17.886744000000007,-0.020000000000003126,20.22,67.94,20.34,68.07666666666667,0.06605782592762152,1,99.81,0
2026-06-25 22:35:00,20.22,68.08,24.45,85.8393312,0.0,71.8,4.282673900000001,22,3,Thursday,0,-0.020000000000003126,0.04000000000000625,4.23,1,-4.23,-17.759331200000005,0.020000000000003126,20.240000000000002,68.03999999999999,20.325,68.07499999999999,0.07141428430399561,1,99.89,0
2026-06-25 22:40:00,20.2,68.22,24.45,85.75191620000001,0.0,74.8,4.357921060000001,22,3,Thursday,0,-0.019999999999999574,0.14000000000000057,4.25,1,-4.25,-17.531916200000012,0.019999999999999574,20.22,68.08,20.308333333333334,68.08999999999999,0.0755384710509641,1,99.88,0
2026-06-25 22:45:00,20.2,68.22,24.45,85.6645038,0.0,77.8,4.43316844,22,3,Thursday,0,0.0,0.0,4.25,1,-4.25,-17.444503800000007,-0.0,20.2,68.22,20.291666666666668,68.10333333333334,0.07553847105099602,1,99.88,0
2026-06-25 22:50:00,20.16,68.12,24.45,85.5770888,0.0,80.8,4.5084157,22,3,Thursday,0,-0.03999999999999915,-0.09999999999999432,4.289999999999999,1,-4.289999999999999,-17.457088799999994,0.03999999999999915,20.2,68.22,20.271666666666665,68.10833333333333,0.0760183391127119,1,99.89,0
2026-06-25 22:55:00,20.12,68.03999999999999,24.45,85.489676,0.0,83.8,4.58366298,22,3,Thursday,0,-0.03999999999999915,-0.0800000000000125,4.329999999999998,1,-4.329999999999998,-17.44967600000001,0.03999999999999915,20.16,68.12,20.25166666666667,68.08666666666666,0.08200147819957626,1,99.9,0
2026-06-25 23:00:00,20.1,68.3,24.5200008,85.136968,0.0,83.0,4.65156974,23,3,Thursday,0,-0.019999999999999574,0.2600000000000051,4.420000799999997,1,-4.420000799999997,-16.836968,0.019999999999999574,20.12,68.03999999999999,20.226666666666667,68.08666666666666,0.07831560084691809,1,99.9,0
2026-06-25 23:05:00,20.12,68.14,24.636667199999998,84.607398,0.0,79.6666672,4.714582500000001,23,3,Thursday,0,0.019999999999999574,-0.1599999999999966,4.516667199999997,1,-4.516667199999997,-16.467398000000003,-0.019999999999999574,20.1,68.3,20.206666666666667,68.09166666666665,0.07152028745634237,1,99.8,0
2026-06-25 23:10:00,20.1,68.24,24.753334000000002,84.077828,0.0,76.3333328,4.77759546,23,3,Thursday,0,-0.019999999999999574,0.09999999999999432,4.653334000000001,1,-4.653334000000001,-15.837828000000002,0.019999999999999574,20.12,68.14,20.19,68.11833333333333,0.07109532654989796,1,99.91,0
2026-06-25 23:15:00,20.1,68.14000000000001,24.8700006,83.54825559999999,0.0,73.0,4.84060826,23,3,Thursday,0,0.0,-0.0999999999999801,4.7700005999999995,1,-4.7700005999999995,-15.408255599999976,-0.0,20.1,68.24,20.173333333333336,68.12666666666667,0.06624106574153807,1,99.91,0
2026-06-25 23:20:00,20.080000000000002,68.1,24.9866672,83.018683,0.0,69.6666672,4.90362104,23,3,Thursday,0,-0.019999999999999574,-0.040000000000020464,4.906667199999998,1,-4.906667199999998,-14.918683000000001,0.019999999999999574,20.1,68.14000000000001,20.155,68.13166666666666,0.05791843797312475,1,99.91,0
2026-06-25 23:25:00,20.04,67.92,25.103334,82.4891096,0.0,66.3333328,4.966634040000001,23,3,Thursday,0,-0.0400000000000027,-0.1799999999999926,5.063334000000001,1,-5.063334000000001,-14.569109600000004,0.0400000000000027,20.080000000000002,68.1,20.14,68.13000000000001,0.06266795616563814,1,99.92,0
2026-06-25 23:30:00,20.0,67.92,25.2200004,81.959538,0.0,63.000000799999995,5.02964698,23,3,Thursday,0,-0.03999999999999915,0.0,5.2200004,1,-5.2200004,-14.039537999999993,0.03999999999999915,20.04,67.92,20.12,68.11999999999999,0.06605782592810411,1,99.92,0
2026-06-25 23:35:00,20.0,67.96000000000001,25.336667,81.429968,0.0,59.6666664,5.0926598599999995,23,3,Thursday,0,0.0,0.04000000000000625,5.3366669999999985,1,-5.3366669999999985,-13.469967999999994,-0.0,20.0,67.92,20.10166666666667,68.11,0.06630965012489767,1,99.92,0
2026-06-25 23:40:00,20.0,68.14,25.4533336,80.900398,0.0,56.3333336,5.15567262,23,3,Thursday,0,0.0,0.1799999999999926,5.453333600000001,1,-5.453333600000001,-12.760397999999995,-0.0,20.0,67.96000000000001,20.084999999999997,68.10333333333334,0.06445576356903153,1,99.91,0
2026-06-25 23:45:00,20.0,68.1,25.5700006,80.370828,0.0,53.0,5.21868562,23,3,Thursday,0,0.0,-0.04000000000000625,5.5700006,1,-5.5700006,-12.270828000000009,-0.0,20.0,68.14,20.06833333333333,68.09333333333333,0.0574983530963009,1,99.91,0
2026-06-25 23:50:00,20.0,68.03999999999999,25.6866672,79.841255,0.0,49.6666664,5.28169828,23,3,Thursday,0,0.0,-0.060000000000002274,5.686667199999999,1,-5.686667199999999,-11.801255000000012,-0.0,20.0,68.1,20.055000000000003,68.08666666666666,0.05265669259892242,1,99.91,0
2026-06-25 23:55:00,19.939999999999998,68.02000000000001,25.803333400000003,79.31168,0.0,46.3333336,5.34471116,23,3,Thursday,0,-0.060000000000002274,-0.01999999999998181,5.8633334000000055,1,-5.8633334000000055,-11.291679999999985,0.060000000000002274,20.0,68.03999999999999,20.040000000000003,68.085,0.05783990446213591,1,99.89,0
2026-06-26 00:00:00,19.9,68.12,25.940000400000002,78.8570992,0.0,43.3000002,5.23028116,0,4,Friday,0,-0.03999999999999915,0.09999999999999432,6.040000400000004,1,-6.040000400000004,-10.737099199999989,0.03999999999999915,19.939999999999998,68.02000000000001,20.023333333333333,68.07000000000001,0.06705944899646091,1,99.93,0
2026-06-26 00:05:00,19.9,67.94000000000001,26.089999999999996,78.4525038,0.0,40.466666399999994,4.99755532,0,4,Friday,0,0.0,-0.1799999999999926,6.189999999999998,1,-6.189999999999998,-10.51250379999999,-0.0,19.9,68.12,20.005,68.05333333333334,0.06829082197763373,1,99.93,0
2026-06-26 00:10:00,19.84,68.0,26.240000199999997,78.047913,0.0,37.633333400000005,4.76482952,0,4,Friday,0,-0.05999999999999872,0.05999999999998806,6.400000199999997,1,-6.400000199999997,-10.047912999999994,0.05999999999999872,19.9,67.94000000000001,19.983333333333334,68.03333333333335,0.07619751051583783,1,99.91,0
2026-06-26 00:15:00,19.88,68.12,26.389999999999997,77.6433172,0.0,34.8000002,4.5321038,0,4,Friday,0,0.03999999999999915,0.12000000000000455,6.509999999999998,1,-6.509999999999998,-9.523317199999994,-0.03999999999999915,19.84,68.0,19.965,68.03166666666667,0.07192167458758916,1,99.84,0
2026-06-26 00:20:00,19.8,68.14,26.54,77.238724,0.0,31.966666800000002,4.29937818,0,4,Friday,0,-0.0799999999999983,0.01999999999999602,6.739999999999998,1,-6.739999999999998,-9.098724000000004,0.0799999999999983,19.88,68.12,19.941666666666666,68.03500000000001,0.07649519693600114,1,99.88,0
2026-06-26 00:25:00,19.8,67.84,26.689999999999998,76.8341318,0.0,29.133333399999998,4.06665242,0,4,Friday,0,0.0,-0.29999999999999716,6.889999999999997,1,-6.889999999999997,-8.994131799999991,-0.0,19.8,68.14,19.921666666666663,68.02833333333334,0.07975340784803013,1,99.9,0
2026-06-26 00:30:00,19.8,67.76,26.839999999999996,76.429539,0.0,26.299999800000002,3.83392674,0,4,Friday,0,0.0,-0.0799999999999983,7.039999999999996,1,-7.039999999999996,-8.669539,-0.0,19.8,67.84,19.905,68.015,0.0827372621509047,1,99.88,0
2026-06-26 00:35:00,19.8,67.78,26.99,76.0249462,0.0,23.466666800000002,3.6012010000000005,0,4,Friday,0,0.0,0.01999999999999602,7.189999999999998,1,-7.189999999999998,-8.244946200000001,-0.0,19.8,67.76,19.888333333333335,68.0,0.08200147820021425,1,99.88,0
2026-06-26 00:40:00,19.7,68.02000000000001,27.139999999999997,75.620352,0.0,20.6333334,3.3684752799999997,0,4,Friday,0,-0.10000000000000142,0.2400000000000091,7.439999999999998,1,-7.439999999999998,-7.600351999999987,0.10000000000000142,19.8,67.78,19.863333333333333,67.99,0.09018499507189912,1,99.86,0
2026-06-26 00:45:00,19.740000000000002,67.9,27.289999799999997,75.2157598,0.0,17.799999800000002,3.13574954,0,4,Friday,0,0.0400000000000027,-0.12000000000000455,7.549999799999995,1,-7.549999799999995,-7.315759799999995,-0.0400000000000027,19.7,68.02000000000001,19.84166666666667,67.97333333333334,0.08547549712550401,1,99.34,0
2026-06-26 00:50:00,19.740000000000002,67.88000000000001,27.439999999999998,74.811167,0.0,14.9666666,2.90302376,0,4,Friday,0,0.0,-0.01999999999999602,7.699999999999996,1,-7.699999999999996,-6.931166999999988,-0.0,19.740000000000002,67.9,19.82,67.96000000000001,0.07385489460654049,1,99.52,0
2026-06-26 00:55:00,19.7,68.0,27.5899996,74.4065712,0.0,12.1333332,2.6702980199999997,0,4,Friday,0,-0.0400000000000027,0.11999999999999034,7.8899995999999994,1,-7.8899995999999994,-6.406571200000002,0.0400000000000027,19.740000000000002,67.88000000000001,19.8,67.95833333333334,0.07083912634261919,1,99.52,0
2026-06-26 01:00:00,19.7,67.88000000000001,27.7349996,73.97813479999999,0.0,10.7,2.6830387,1,4,Friday,0,0.0,-0.11999999999999034,8.034999599999999,1,-8.034999599999999,-6.098134799999983,-0.0,19.7,68.0,19.783333333333335,67.93833333333335,0.06866696089066585,1,99.52,0
2026-06-26 01:05:00,19.7,67.88,27.8766662,73.5337978,0.0,10.2,2.85942352,1,4,Friday,0,0.0,-1.4210854715202004e-14,8.1766662,1,-8.1766662,-5.653797800000007,-0.0,19.7,67.88000000000001,19.766666666666666,67.93333333333334,0.06169327847403113,1,99.53,0
2026-06-26 01:10:00,19.7,67.86,28.0183332,73.089455,0.0,9.7,3.0358083000000002,1,4,Friday,0,0.0,-0.01999999999999602,8.318333200000001,1,-8.318333200000001,-5.2294550000000015,-0.0,19.7,67.88,19.755,67.92166666666667,0.05977229521730397,1,99.64,0
2026-06-26 01:15:00,19.7,67.8,28.160000000000004,72.645118,0.0,9.2,3.21219314,1,4,Friday,0,0.0,-0.060000000000002274,8.460000000000004,1,-8.460000000000004,-4.845117999999999,-0.0,19.7,67.86,19.74,67.895,0.04670993667989712,1,99.7,0
2026-06-26 01:20:00,19.62,67.76,28.3016664,72.2007832,0.0,8.7,3.38857804,1,4,Friday,0,-0.0799999999999983,-0.03999999999999204,8.681666399999997,1,-8.681666399999997,-4.4407831999999985,0.0799999999999983,19.7,67.8,19.724999999999998,67.86333333333333,0.05402019826887049,1,99.84,0
2026-06-26 01:25:00,19.6,67.76,28.4433332,71.75644580000001,0.0,8.2,3.5649628200000003,1,4,Friday,0,-0.019999999999999574,0.0,8.8433332,1,-8.8433332,-3.9964458000000036,0.019999999999999574,19.62,67.76,19.708333333333332,67.85666666666667,0.059365330177416104,1,99.87,0
2026-06-26 01:30:00,19.6,67.88,28.585,71.3121032,0.0,7.7,3.7413476799999996,1,4,Friday,0,0.0,0.11999999999999034,8.985,1,-8.985,-3.4321032000000002,-0.0,19.6,67.76,19.691666666666666,67.86666666666666,0.05936533017745747,1,99.87,0
2026-06-26 01:35:00,19.6,67.86,28.726667,70.867767,0.0,7.2,3.9177325000000005,1,4,Friday,0,0.0,-0.01999999999999602,9.126666999999998,1,-9.126666999999998,-3.007767000000001,-0.0,19.6,67.88,19.675,67.87333333333333,0.05402019826900688,1,99.87,0
2026-06-26 01:40:00,19.560000000000002,67.86,28.8683334,70.423432,0.0,6.7,4.094117219999999,1,4,Friday,0,-0.03999999999999915,0.0,9.308333399999999,1,-9.308333399999999,-2.563432000000006,0.03999999999999915,19.6,67.86,19.663333333333334,67.86,0.0625711716207706,1,99.87,0
2026-06-26 01:45:00,19.48,67.94,29.010000400000003,69.979095,0.0,6.2,4.27050206,1,4,Friday,0,-0.08000000000000185,0.0799999999999983,9.530000400000002,1,-9.530000400000002,-2.039095000000003,0.08000000000000185,19.560000000000002,67.86,19.641666666666666,67.86333333333333,0.07696910046956028,1,99.84,0
2026-06-26 01:50:00,19.5,68.0,29.151666999999996,69.534753,0.0,5.7,4.446886999999999,1,4,Friday,0,0.019999999999999574,0.060000000000002274,9.651666999999996,1,-9.651666999999996,-1.534752999999995,-0.019999999999999574,19.48,67.94,19.621666666666666,67.87333333333333,0.08020806278791509,1,99.75,0
2026-06-26 01:55:00,19.48,67.96000000000001,29.2933336,69.09041520000001,0.0,5.2,4.62327188,1,4,Friday,0,-0.019999999999999574,-0.03999999999999204,9.8133336,1,-9.8133336,-1.1304152000000016,0.019999999999999574,19.5,68.0,19.603333333333335,67.86999999999999,0.08563488387448015,1,99.87,0
2026-06-26 02:00:00,19.439999999999998,67.97999999999999,29.410000000000004,68.6830272,0.00500000022,5.75,4.88098396,2,4,Friday,0,-0.0400000000000027,0.01999999999998181,9.970000000000006,1,-9.970000000000006,-0.7030272000000082,0.0400000000000027,19.48,67.96000000000001,19.581666666666667,67.87833333333333,0.09163498076520085,1,99.87,0
2026-06-26 02:05:00,19.4,68.14,29.5100002,68.30027279999999,0.013333333999999999,7.0,5.19291432,2,4,Friday,0,-0.03999999999999915,0.1600000000000108,10.110000200000002,1,-10.110000200000002,-0.16027279999998711,0.03999999999999915,19.439999999999998,67.97999999999999,19.55666666666667,67.89999999999999,0.09717213718603163,1,99.86,0
2026-06-26 02:10:00,19.419999999999998,68.16,29.6100002,67.917519,0.021666666600000002,8.25,5.50484466,2,4,Friday,0,0.019999999999999574,0.01999999999999602,10.190000200000004,1,-10.190000200000004,0.24248099999999795,-0.019999999999999574,19.4,68.14,19.533333333333335,67.925,0.09316001224598333,1,99.75,0
2026-06-26 02:15:00,19.419999999999998,68.02000000000001,29.71,67.534762,0.0300000006,9.5,5.816775,2,4,Friday,0,0.0,-0.13999999999998636,10.290000000000003,1,-10.290000000000003,0.4852380000000096,-0.0,19.419999999999998,68.16,19.51,67.94333333333334,0.08201995324409683,1,99.86,0
2026-06-26 02:20:00,19.48,68.08,29.810000000000002,67.152007,0.038333334399999995,10.75,6.12870532,2,4,Friday,0,0.060000000000002274,0.05999999999998806,10.330000000000002,1,-10.330000000000002,0.9279930000000007,-0.060000000000002274,19.419999999999998,68.02000000000001,19.498333333333335,67.97,0.07456947139078235,1,99.65,0
2026-06-26 02:25:00,19.5,68.02000000000001,29.9099998,66.7692512,0.0466666672,12.0,6.44063568,2,4,Friday,0,0.019999999999999574,-0.05999999999998806,10.409999800000001,1,-10.409999800000001,1.2507488000000109,-0.019999999999999574,19.48,68.08,19.49,67.99166666666667,0.0674199862678101,1,99.75,0
2026-06-26 02:30:00,19.4,68.02000000000001,30.009999800000003,66.3864988,0.055000001,13.25,6.752566,2,4,Friday,0,-0.10000000000000142,0.0,10.609999800000004,1,-10.609999800000004,1.633501200000012,0.10000000000000142,19.5,68.02000000000001,19.473333333333333,68.00333333333334,0.06227991555622199,1,99.83,0
2026-06-26 02:35:00,19.4,68.02000000000001,30.110000000000003,66.003741,0.0633333338,14.5,7.06449634,2,4,Friday,0,0.0,0.0,10.710000000000004,1,-10.710000000000004,2.016259000000005,-0.0,19.4,68.02000000000001,19.456666666666667,68.01666666666667,0.0510495897042084,1,99.86,0
2026-06-26 02:40:00,19.4,68.08,30.209999800000002,65.62098519999999,0.071666668,15.75,7.376426739999999,2,4,Friday,0,0.0,0.05999999999998806,10.809999800000003,1,-10.809999800000003,2.4590148000000056,-0.0,19.4,68.02000000000001,19.44333333333333,68.03500000000001,0.04163332002428869,1,99.86,0
2026-06-26 02:45:00,19.4,68.03999999999999,30.3099994,65.238231,0.0800000012,17.0,7.688356999999999,2,4,Friday,0,0.0,-0.04000000000000625,10.9099994,1,-10.9099994,2.801768999999993,-0.0,19.4,68.08,19.436666666666667,68.04333333333334,0.041633320024313476,1,99.86,0
2026-06-26 02:50:00,19.4,67.88,30.4099996,64.855477,0.0883333332,18.25,8.000287199999999,2,4,Friday,0,0.0,-0.1599999999999966,11.0099996,1,-11.0099996,3.024523000000002,-0.0,19.4,68.03999999999999,19.42833333333333,68.03333333333333,0.0376184996785848,1,99.86,0
2026-06-26 02:55:00,19.34,68.0,30.509999399999998,64.4727208,0.0966666688,19.5,8.3122176,2,4,Friday,0,-0.05999999999999872,0.12000000000000455,11.169999399999998,1,-11.169999399999998,3.5272791999999953,0.05999999999999872,19.4,67.88,19.416666666666664,68.03666666666668,0.04163332002438828,1,99.83,0
2026-06-26 03:00:00,19.3,68.0,30.5824994,64.2878358,0.1,20.0,8.5165622,3,4,Friday,0,-0.03999999999999915,0.0,11.282499399999999,1,-11.282499399999999,3.7121642000000037,0.03999999999999915,19.34,68.0,19.404999999999998,68.03833333333334,0.05265669260075785,1,99.86,0
2026-06-26 03:05:00,19.3,68.16,30.636666400000003,64.2348688,0.1,20.0,8.6491828,3,4,Friday,0,0.0,0.1599999999999966,11.336666400000002,1,-11.336666400000002,3.9251311999999956,-0.0,19.3,68.0,19.396666666666665,68.04,0.060802711287373794,1,99.86,0
2026-06-26 03:10:00,19.3,68.14,30.690832999999998,64.18190200000001,0.1,20.0,8.7818038,3,4,Friday,0,0.0,-0.01999999999999602,11.390832999999997,1,-11.390832999999997,3.9580979999999926,-0.0,19.3,68.16,19.386666666666667,68.03833333333333,0.06624106574329806,1,99.86,0
2026-06-26 03:15:00,19.3,68.14,30.7449996,64.1289312,0.1,20.0,8.914424499999999,3,4,Friday,0,0.0,0.0,11.4449996,1,-11.4449996,4.011068800000004,-0.0,19.3,68.14,19.37666666666667,68.04833333333333,0.06971804689991203,1,99.86,0
2026-06-26 03:20:00,19.3,68.03999999999999,30.7991666,64.0759642,0.1,20.0,9.047045200000001,3,4,Friday,0,0.0,-0.10000000000000853,11.499166599999999,1,-11.499166599999999,3.9640357999999907,-0.0,19.3,68.14,19.361666666666668,68.045,0.06464354478000749,1,99.86,0
2026-06-26 03:25:00,19.3,67.88,30.853333199999998,64.022996,0.1,20.0,9.179665799999999,3,4,Friday,0,0.0,-0.1599999999999966,11.553333199999997,1,-11.553333199999997,3.857003999999989,-0.0,19.3,68.03999999999999,19.345,68.03333333333333,0.049817850061602546,1,99.86,0
2026-06-26 03:30:00,19.240000000000002,67.88,30.907500199999998,63.9700276,0.1,20.0,9.312286499999999,3,4,Friday,0,-0.05999999999999872,0.0,11.667500199999996,1,-11.667500199999996,3.909972399999994,0.05999999999999872,19.3,67.88,19.331666666666667,68.02166666666666,0.05491039535550343,1,99.84,0
2026-06-26 03:35:00,19.22,67.86,30.9616668,63.9170586,0.1,20.0,9.4449074,3,4,Friday,0,-0.020000000000003126,-0.01999999999999602,11.7416668,1,-11.7416668,3.9429414000000023,0.020000000000003126,19.240000000000002,67.88,19.316666666666666,68.00833333333334,0.058981250255811274,1,99.86,0
2026-06-26 03:40:00,19.2,67.76,31.0158336,63.86409,0.1,20.0,9.5775282,3,4,Friday,0,-0.019999999999999574,-0.09999999999999432,11.815833600000001,1,-11.815833600000001,3.8959100000000078,0.019999999999999574,19.22,67.86,19.3,67.98166666666667,0.06149648920689733,1,99.86,0
2026-06-26 03:45:00,19.2,67.8,31.070000399999998,63.811122999999995,0.1,20.0,9.7101488,3,4,Friday,0,0.0,0.03999999999999204,11.870000399999999,1,-11.870000399999999,3.9888770000000022,-0.0,19.2,67.76,19.28333333333333,67.96166666666666,0.0589812502558977,1,99.86,0
2026-06-26 03:50:00,19.2,67.74,31.124167,63.758154000000005,0.1,20.0,9.8427695,3,4,Friday,0,0.0,-0.060000000000002274,11.924167,1,-11.924167,3.9818459999999902,-0.0,19.2,67.8,19.26666666666667,67.95,0.050692178614289964,1,99.86,0
2026-06-26 03:55:00,19.12,67.7,31.1783338,63.70518500000001,0.1,20.0,9.975390200000001,3,4,Friday,0,-0.0799999999999983,-0.03999999999999204,12.0583338,1,-12.0583338,3.9948149999999956,0.0799999999999983,19.2,67.74,19.248333333333335,67.925,0.06057802384255113,1,99.84,0
2026-06-26 04:00:00,19.1,67.66,31.050000599999997,64.459052,0.26,20.9,9.802510600000002,4,4,Friday,0,-0.019999999999999574,-0.04000000000000625,11.950000599999996,1,-11.950000599999996,3.200947999999997,0.019999999999999574,19.12,67.7,19.231666666666666,67.89666666666666,0.07158381400302126,1,99.85,0
2026-06-26 04:05:00,19.060000000000002,67.55999999999999,30.800000599999997,65.750812,0.5266666539999999,22.4,9.425964400000002,4,4,Friday,0,-0.03999999999999915,-0.10000000000000853,11.740000599999995,1,-11.740000599999995,1.8091879999999918,0.03999999999999915,19.1,67.66,19.21166666666667,67.84666666666666,0.0833212112574397,1,99.85,0
2026-06-26 04:10:00,19.060000000000002,67.6,30.550000599999997,67.042568,0.7933333300000001,23.9,9.0494181,4,4,Friday,0,0.0,0.04000000000000625,11.490000599999995,1,-11.490000599999995,0.5574319999999915,-0.0,19.060000000000002,67.55999999999999,19.191666666666666,67.80166666666666,0.08881373086897859,1,99.85,0
2026-06-26 04:15:00,19.060000000000002,67.64000000000001,30.300000599999997,68.334328,1.0599999800000002,25.4,8.672871599999999,4,4,Friday,0,0.0,0.040000000000020464,11.240000599999995,1,-11.240000599999995,-0.6943279999999845,-0.0,19.060000000000002,67.6,19.171666666666667,67.76,0.08922222852854893,1,99.82,0
2026-06-26 04:20:00,19.1,67.67999999999999,30.050000599999997,69.626086,1.32666664,26.9,8.2963251,4,4,Friday,0,0.03999999999999915,0.03999999999997783,10.950000599999996,1,-10.950000599999996,-1.9460860000000082,-0.03999999999999915,19.060000000000002,67.64000000000001,19.155,67.73,0.08140806305441937,1,99.39,0
2026-06-26 04:25:00,19.1,67.78,29.800000599999997,70.917844,1.59333332,28.4,7.91977876,4,4,Friday,0,0.0,0.10000000000000853,10.700000599999996,1,-10.700000599999996,-3.137844000000001,-0.0,19.1,67.67999999999999,19.138333333333332,67.72166666666666,0.06846808592974848,1,99.62,0
2026-06-26 04:30:00,19.1,67.58,29.550000599999997,72.20960199999999,1.85999998,29.9,7.54323242,4,4,Friday,0,0.0,-0.20000000000000284,10.450000599999996,1,-10.450000599999996,-4.629601999999991,-0.0,19.1,67.78,19.12666666666667,67.69666666666666,0.061101009290694154,1,99.6,0
2026-06-26 04:35:00,19.04,67.7,29.300000599999997,73.501362,2.12666662,31.4,7.16668608,4,4,Friday,0,-0.060000000000002274,0.12000000000000455,10.260000599999998,1,-10.260000599999998,-5.8013619999999975,0.060000000000002274,19.1,67.58,19.111666666666668,67.68333333333332,0.0581273419468037,1,99.73,0
2026-06-26 04:40:00,19.0,67.67999999999999,29.050000599999997,74.793118,2.3933333,32.9,6.79013962,4,4,Friday,0,-0.03999999999999915,-0.020000000000010232,10.050000599999997,1,-10.050000599999997,-7.113118000000014,0.03999999999999915,19.04,67.7,19.095000000000002,67.67666666666666,0.05916079785650213,1,99.77,0
2026-06-26 04:45:00,19.0,67.84,28.800000599999997,76.084878,2.65999996,34.4,6.4135933199999995,4,4,Friday,0,0.0,0.1600000000000108,9.800000599999997,1,-9.800000599999997,-8.244878,-0.0,19.0,67.67999999999999,19.078333333333337,67.67999999999999,0.054910395356203366,1,99.77,0
2026-06-26 04:50:00,19.0,67.78,28.550000599999997,77.3766352,2.9266666399999997,35.9,6.0370469,4,4,Friday,0,0.0,-0.060000000000002274,9.550000599999997,1,-9.550000599999997,-9.596635199999994,-0.0,19.0,67.84,19.061666666666667,67.68333333333334,0.04386618774489828,1,99.77,0
2026-06-26 04:55:00,19.0,67.74,28.300000599999997,78.6683932,3.19333332,37.4,5.660500539999999,4,4,Friday,0,0.0,-0.04000000000000625,9.300000599999997,1,-9.300000599999997,-10.928393200000002,-0.0,19.0,67.78,19.051666666666666,67.68666666666665,0.04302923604418837,1,99.77,0
2026-06-26 05:00:00,19.0,67.72,28.3800006,78.122566,3.16999994,37.599999600000004,5.7303687000000005,5,4,Friday,0,0.0,-0.01999999999999602,9.380000599999999,1,-9.380000599999999,-10.402566000000007,-0.0,19.0,67.74,19.043333333333333,67.69166666666666,0.04249777181328995,1,99.77,0
2026-06-26 05:05:00,19.0,67.67999999999999,28.6800004,76.351678,2.9533332999999997,36.933333600000005,6.09784668,5,4,Friday,0,0.0,-0.04000000000000625,9.6800004,1,-9.6800004,-8.671678000000014,-0.0,19.0,67.72,19.038333333333334,67.70166666666667,0.04386618774497941,1,99.77,0
2026-06-26 05:10:00,18.919999999999998,67.72,28.98,74.580788,2.73666666,36.2666668,6.46532478,5,4,Friday,0,-0.08000000000000185,0.04000000000000625,10.060000000000002,1,-10.060000000000002,-6.860787999999999,0.08000000000000185,19.0,67.67999999999999,19.026666666666667,67.71166666666666,0.05482755337510085,1,99.72,0
2026-06-26 05:15:00,18.9,67.66,29.2800002,72.809902,2.52,35.599999600000004,6.832802699999999,5,4,Friday,0,-0.019999999999999574,-0.060000000000002274,10.380000200000001,1,-10.380000200000001,-5.149901999999997,0.019999999999999574,18.919999999999998,67.72,19.013333333333332,67.71333333333332,0.06457319082049444,1,99.77,0
2026-06-26 05:20:00,18.9,67.67999999999999,29.5800002,71.039012,2.3033333,34.933333600000005,7.2002806800000005,5,4,Friday,0,0.0,0.01999999999999602,10.680000200000002,1,-10.680000200000002,-3.359012000000007,-0.0,18.9,67.66,18.996666666666666,67.71333333333332,0.06596601514843321,1,99.6,0
2026-06-26 05:25:00,18.88,67.66,29.880000000000003,69.268124,2.08666664,34.2666668,7.56775866,5,4,Friday,0,-0.019999999999999574,-0.01999999999999602,11.000000000000004,1,-11.000000000000004,-1.6081240000000037,0.019999999999999574,18.9,67.67999999999999,18.978333333333335,67.70333333333333,0.06520364372156628,1,99.6,0
2026-06-26 05:30:00,18.82,67.84,30.18,67.497234,1.86999996,33.599999600000004,7.9352365,5,4,Friday,0,-0.05999999999999872,0.18000000000000682,11.36,1,-11.36,0.34276599999999746,0.05999999999999872,18.88,67.66,18.955,67.725,0.06775624763791174,1,99.53,0
2026-06-26 05:35:00,18.84,67.82000000000001,30.4799998,65.726346,1.6533333,32.933333600000005,8.3027146,5,4,Friday,0,0.019999999999999574,-0.01999999999999602,11.639999800000002,1,-11.639999800000002,2.093654000000001,-0.019999999999999574,18.82,67.84,18.938333333333333,67.735,0.06952217873743183,1,99.46,0
2026-06-26 05:40:00,18.8,67.76,30.779999800000002,63.9554552,1.4366666399999999,32.2666668,8.6701927,5,4,Friday,0,-0.03999999999999915,-0.060000000000002274,11.979999800000002,1,-11.979999800000002,3.804544800000002,0.03999999999999915,18.84,67.82000000000001,18.921666666666667,67.74166666666666,0.07696910047099181,1,99.64,0
2026-06-26 05:45:00,18.8,67.8,31.079999800000003,62.1845682,1.21999996,31.6000004,9.0376704,5,4,Friday,0,0.0,0.03999999999999204,12.279999800000002,1,-12.279999800000002,5.615431799999996,-0.0,18.8,67.76,18.904999999999998,67.73833333333333,0.0800567980384383,1,99.24,0
2026-06-26 05:50:00,18.8,67.67999999999999,31.3799998,60.4136798,1.0033333,30.9333332,9.4051485,5,4,Friday,0,0.0,-0.12000000000000455,12.5799998,1,-12.5799998,7.266320199999996,-0.0,18.8,67.8,18.888333333333332,67.72999999999999,0.07929614612930647,1,99.66,0
2026-06-26 05:55:00,18.82,67.44000000000001,31.679999399999996,58.642792,0.7866666600000001,30.2666664,9.772626599999999,5,4,Friday,0,0.019999999999999574,-0.23999999999998067,12.859999399999996,1,-12.859999399999996,8.797208000000012,-0.019999999999999574,18.8,67.67999999999999,18.87333333333333,67.705,0.07302967435515145,1,99.74,0
2026-06-26 06:00:00,19.1,71.62,31.797499199999997,58.05025379999999,0.67499998,30.15,9.931559,6,4,Friday,0,0.28000000000000114,4.179999999999993,12.697499199999996,1,-12.697499199999996,13.569746200000012,-0.28000000000000114,18.82,67.44000000000001,18.881666666666664,68.03,0.09203095660037734,1,99.55,0
2026-06-26 06:05:00,19.419999999999998,71.36,31.7933332,58.24328379999999,0.6333333299999999,30.4,9.9514611,6,4,Friday,0,0.31999999999999673,-0.2600000000000051,12.373333200000001,1,-12.373333200000001,13.116716200000006,-0.31999999999999673,19.1,71.62,18.916666666666668,68.33666666666667,0.17946047088184364,1,96.59,0
2026-06-26 06:10:00,19.2,69.56,31.7891654,58.436314200000005,0.59166665,30.65,9.9713634,6,4,Friday,0,-0.21999999999999886,-1.7999999999999972,12.589165400000002,1,-12.589165400000002,11.123685799999997,0.21999999999999886,19.419999999999998,71.36,18.94,68.49,0.1972538742639951,1,98.58,0
2026-06-26 06:15:00,19.04,68.8,31.7849998,58.629341999999994,0.55,30.9,9.991265799999999,6,4,Friday,0,-0.16000000000000014,-0.7600000000000051,12.744999800000002,1,-12.744999800000002,10.170658000000003,0.16000000000000014,19.2,69.56,18.951666666666664,68.58500000000001,0.19880704823346632,1,98.16,0
2026-06-26 06:20:00,18.96,68.28,31.780832800000002,58.8223718,0.508333324,31.15,10.011168,6,4,Friday,0,-0.0799999999999983,-0.519999999999996,12.820832800000002,1,-12.820832800000002,9.457628200000002,0.0799999999999983,19.04,68.8,18.956666666666667,68.635,0.19814289304354535,1,98.22,0
2026-06-26 06:25:00,18.9,68.08,31.776666799999997,59.0154016,0.46666666599999995,31.4,10.03107,6,4,Friday,0,-0.060000000000002274,-0.20000000000000284,12.876666799999999,1,-12.876666799999999,9.064598400000001,0.060000000000002274,18.96,68.28,18.958333333333332,68.67,0.19752253420359608,1,98.22,0
2026-06-26 06:30:00,18.84,67.86,31.772499399999997,59.20843119999999,0.42499999400000005,31.65,10.0509724,6,4,Friday,0,-0.05999999999999872,-0.21999999999999886,12.932499399999998,1,-12.932499399999998,8.651568800000007,0.05999999999999872,18.9,68.08,18.96,68.67166666666667,0.1963299634505985,1,98.06,0
2026-06-26 06:35:00,18.78,67.7,31.7683332,59.40146059999999,0.38333333,31.9,10.070874700000001,6,4,Friday,0,-0.05999999999999872,-0.1599999999999966,12.9883332,1,-12.9883332,8.29853940000001,0.05999999999999872,18.84,67.86,18.955000000000002,68.66166666666668,0.20038599117105393,1,98.22,0
2026-06-26 06:40:00,18.740000000000002,67.72,31.7641662,59.5944894,0.34166666599999995,32.15,10.0907768,6,4,Friday,0,-0.03999999999999915,0.01999999999999602,13.024166199999996,1,-13.024166199999996,8.125510599999998,0.03999999999999915,18.78,67.7,18.95,68.65833333333333,0.20529358136219528,1,98.32,0
2026-06-26 06:45:00,18.7,67.56,31.7600002,59.787518999999996,0.299999998,32.4,10.110679,6,4,Friday,0,-0.0400000000000027,-0.1599999999999966,13.060000200000001,1,-13.060000200000001,7.772481000000006,0.0400000000000027,18.740000000000002,67.72,18.941666666666666,68.63833333333334,0.2137897579612386,1,98.27,0
2026-06-26 06:50:00,18.7,67.5,31.755833000000003,59.9805492,0.258333336,32.65,10.1305814,6,4,Friday,0,0.0,-0.060000000000002274,13.055833000000003,1,-13.055833000000003,7.519450800000001,-0.0,18.7,67.56,18.933333333333334,68.62333333333333,0.22161938434671852,1,98.27,0
2026-06-26 06:55:00,18.68,67.46000000000001,31.751666999999998,60.1735776,0.21666667,32.9,10.1504834,6,4,Friday,0,-0.019999999999999574,-0.03999999999999204,13.071666999999998,1,-13.071666999999998,7.286422400000006,0.019999999999999574,18.7,67.5,18.921666666666667,68.625,0.23158871590905283,1,98.24,0
2026-06-26 07:00:00,18.6,67.67999999999999,31.72,60.355327,0.319999996,34.6999998,10.1852462,7,4,Friday,0,-0.0799999999999983,0.21999999999998465,13.119999999999997,1,-13.119999999999997,7.32467299999999,0.0799999999999983,18.68,67.46000000000001,18.88,68.29666666666667,0.24135978425916113,1,94.14,0
2026-06-26 07:05:00,18.6,67.6,31.669999999999998,60.529553,0.519999992,37.533333600000006,10.229917,7,4,Friday,0,0.0,-0.0799999999999983,13.069999999999997,1,-13.069999999999997,7.070446999999994,-0.0,18.6,67.67999999999999,18.811666666666667,67.98333333333333,0.18379006469853704,1,98.78,0
2026-06-26 07:10:00,18.78,70.62,31.619999999999997,60.7037816,0.719999984,40.366666599999995,10.274587,7,4,Friday,0,0.17999999999999972,3.0200000000000102,12.839999999999996,1,-12.839999999999996,9.916218400000005,-0.17999999999999972,18.6,67.6,18.776666666666667,68.07166666666667,0.1372014665641661,1,98.29,0
2026-06-26 07:15:00,19.259999999999998,71.85999999999999,31.57,60.878009199999994,0.9199999919999999,43.1999998,10.319257,7,4,Friday,0,0.4799999999999969,1.2399999999999807,12.310000000000002,1,-12.310000000000002,10.981990799999991,-0.4799999999999969,18.78,70.62,18.795,68.32666666666667,0.18273179552015226,1,92.83,0
2026-06-26 07:20:00,19.080000000000002,69.86,31.5199998,61.052238,1.11999996,46.033333600000006,10.363927,7,4,Friday,0,-0.17999999999999616,-1.9999999999999858,12.439999799999999,0,-12.439999799999999,8.807761999999997,0.17999999999999616,19.259999999999998,71.85999999999999,18.805,68.45833333333333,0.19542494491240267,0,21.22,0
2026-06-26 07:25:00,18.919999999999998,69.0,31.47,61.226464799999995,1.31999998,48.866666599999995,10.408596800000002,7,4,Friday,0,-0.1600000000000037,-0.8599999999999994,12.55,0,-12.55,7.773535200000005,0.1600000000000037,19.080000000000002,69.86,18.80666666666667,68.535,0.19639169272859514,0,16.2,0
2026-06-26 07:30:00,19.3,70.8,31.419999999999998,61.400693000000004,1.51999994,51.6999998,10.453266,7,4,Friday,0,0.38000000000000256,1.7999999999999972,12.119999999999997,0,-12.119999999999997,9.399306999999993,-0.38000000000000256,18.919999999999998,69.0,18.845,68.77999999999999,0.24288044197506467,0,1.18,0
2026-06-26 07:35:00,20.34,80.22,31.3699998,61.5749194,1.71999998,54.533333600000006,10.497936,7,4,Friday,0,1.0399999999999991,9.420000000000002,11.029999799999999,0,-11.029999799999999,18.6450806,-1.0399999999999991,19.3,70.8,18.974999999999998,69.82333333333334,0.4933097865009343,0,0.8,0
2026-06-26 07:40:00,21.1,83.88,31.32,61.749149,1.91999992,57.366666599999995,10.542606,7,4,Friday,0,0.7600000000000016,3.6599999999999966,10.219999999999999,0,-10.219999999999999,22.130850999999993,-0.7600000000000016,20.34,80.22,19.171666666666667,71.17,0.7788783699362212,0,0.32,0
2026-06-26 07:45:00,21.52,84.52000000000001,31.2699996,61.9233744,2.11999992,60.1999998,10.5872762,7,4,Friday,0,0.41999999999999815,0.6400000000000148,9.749999599999999,0,-9.749999599999999,22.59662560000001,-0.41999999999999815,21.1,83.88,19.406666666666666,72.58333333333333,1.0136642203008184,0,0.3,0
2026-06-26 07:50:00,22.06,84.2,31.2199998,62.0976038,2.31999998,63.0333328,10.631946899999999,7,4,Friday,0,0.5399999999999991,-0.3200000000000074,9.159999800000001,0,-9.159999800000001,22.1023962,-0.5399999999999991,21.52,84.52000000000001,19.686666666666667,73.97500000000001,1.239599153197874,0,0.3,0
2026-06-26 07:55:00,22.52,83.32000000000001,31.169999999999998,62.2718302,2.51999996,65.86666679999999,10.676617,7,4,Friday,0,0.46000000000000085,-0.8799999999999955,8.649999999999999,0,-8.649999999999999,21.04816980000001,-0.46000000000000085,22.06,84.2,20.006666666666668,75.29666666666667,1.436164926800687,0,0.3,0
2026-06-26 08:00:00,22.82,83.2,31.1074996,62.447547,2.57499988,67.3500012,10.5352882,8,4,Friday,0,0.3000000000000007,-0.12000000000000455,8.2874996,0,-8.2874996,20.752453000000003,-0.3000000000000007,22.52,83.32000000000001,20.358333333333334,76.58999999999999,1.5707660744390546,0,0.3,1
2026-06-26 08:05:00,23.14,83.14,31.0366664,62.624252999999996,2.53333328,67.93333279999999,10.269960399999999,8,4,Friday,0,0.3200000000000003,-0.060000000000002274,7.896666400000001,0,-7.896666400000001,20.515747000000005,-0.3200000000000003,22.82,83.2,20.736666666666665,77.885,1.653334555230021,0,0.3,1
2026-06-26 08:10:00,23.52,82.9,30.965832999999996,62.8009596,2.49166662,68.51666600000001,10.004632599999999,8,4,Friday,0,0.379999999999999,-0.23999999999999488,7.445832999999997,0,-7.445832999999997,20.099040400000007,-0.379999999999999,23.14,83.14,21.131666666666668,78.90833333333335,1.70866153536229,0,0.29,1
2026-06-26 08:15:00,23.84,82.67999999999999,30.8949996,62.977668400000006,2.44999988,69.1000012,9.7393051,8,4,Friday,0,0.3200000000000003,-0.22000000000001307,7.054999599999999,0,-7.054999599999999,19.702331599999987,-0.3200000000000003,23.52,82.9,21.513333333333332,79.81,1.7632270690333542,0,0.29,1
2026-06-26 08:20:00,24.080000000000002,82.98,30.8241662,63.154373799999995,2.40833328,69.68333279999999,9.4739773,8,4,Friday,0,0.240000000000002,0.30000000000001137,6.744166199999999,0,-6.744166199999999,19.82562620000001,-0.240000000000002,23.84,82.67999999999999,21.930000000000003,80.90333333333334,1.7263203115829766,0,0.3,1
2026-06-26 08:25:00,24.32,83.53999999999999,30.753332399999998,63.331080799999995,2.36666662,70.26666600000001,9.2086496,8,4,Friday,0,0.23999999999999844,0.5599999999999881,6.433332399999998,0,-6.433332399999998,20.208919199999997,-0.23999999999999844,24.080000000000002,82.98,22.38,82.115,1.566814951074656,0,0.3,1
2026-06-26 08:30:00,24.46,83.78,30.6824994,63.507789,2.32499988,70.8500012,8.9433221,8,4,Friday,0,0.14000000000000057,0.2400000000000091,6.2224994,0,-6.2224994,20.272211,-0.14000000000000057,24.32,83.53999999999999,22.810000000000002,83.19666666666667,1.3357054656289098,0,0.32,1
2026-06-26 08:35:00,24.54,84.82000000000001,30.6116664,63.68449460000001,2.28333328,71.43333279999999,8.677994,8,4,Friday,0,0.0799999999999983,1.0400000000000063,6.071666400000002,0,-6.071666400000002,21.1355054,-0.0799999999999983,24.46,83.78,23.16,83.58,1.1695842307115012,0,0.32,1
2026-06-26 08:40:00,24.64,85.1,30.540833,63.861201400000006,2.24166662,72.01666600000001,8.4126668,8,4,Friday,0,0.10000000000000142,0.2799999999999869,5.900832999999999,0,-5.900832999999999,21.23879859999999,-0.10000000000000142,24.54,84.82000000000001,23.455,83.68166666666667,1.042274610473657,0,0.31,1
2026-06-26 08:45:00,24.78,85.47999999999999,30.4699994,64.0379096,2.19999988,72.6000012,8.1473388,8,4,Friday,0,0.14000000000000057,0.37999999999999545,5.689999399999998,0,-5.689999399999998,21.442090399999984,-0.14000000000000057,24.64,85.1,23.72666666666667,83.76166666666667,0.9083184597067201,0,0.31,1
2026-06-26 08:50:00,24.939999999999998,85.62,30.399165599999996,64.2146162,2.15833328,73.18333279999999,7.88201114,8,4,Friday,0,0.1599999999999966,0.14000000000001478,5.459165599999999,0,-5.459165599999999,21.40538380000001,-0.1599999999999966,24.78,85.47999999999999,23.96666666666667,83.88,0.8021939612815832,0,0.3,1
2026-06-26 08:55:00,25.060000000000002,85.96000000000001,30.3283328,64.3913232,2.11666662,73.76666600000001,7.616683500000001,8,4,Friday,0,0.12000000000000455,0.3400000000000034,5.268332799999996,0,-5.268332799999996,21.568676800000006,-0.12000000000000455,24.939999999999998,85.62,24.178333333333338,84.10000000000001,0.7162761444812566,0,0.31,1
2026-06-26 09:00:00,25.2,86.26,30.262499400000003,64.87840200000001,2.01499992,72.8,7.397417559999999,9,4,Friday,0,0.13999999999999702,0.29999999999999716,5.062499400000004,0,-5.062499400000004,21.381597999999997,-0.13999999999999702,25.060000000000002,85.96000000000001,24.37666666666667,84.355,0.6303149765778421,0,0.31,1
2026-06-26 09:05:00,25.32,86.72,30.199999400000003,65.572395,1.8733332600000001,70.8,7.2088594200000005,9,4,Friday,0,0.120000000000001,0.45999999999999375,4.879999400000003,0,-4.879999400000003,21.147605,-0.120000000000001,25.2,86.26,24.558333333333334,84.65333333333334,0.5506002234488335,0,0.31,1
2026-06-26 09:10:00,25.419999999999998,86.9,30.137499400000003,66.266388,1.73166662,68.8,7.0203018,9,4,Friday,0,0.09999999999999787,0.18000000000000682,4.717499400000005,0,-4.717499400000005,20.633612,-0.09999999999999787,25.32,86.72,24.71666666666667,84.98666666666666,0.4952746406774925,0,0.31,1
2026-06-26 09:15:00,25.560000000000002,87.06,30.074999400000003,66.9603802,1.58999992,66.8,6.8317437,9,4,Friday,0,0.14000000000000412,0.1599999999999966,4.514999400000001,0,-4.514999400000001,20.0996198,-0.14000000000000412,25.419999999999998,86.9,24.860000000000003,85.35166666666667,0.4665540989788131,0,0.31,1
2026-06-26 09:20:00,25.72,87.22,30.012499400000003,67.654375,1.4483333200000001,64.8,6.6431856,9,4,Friday,0,0.1599999999999966,0.1599999999999966,4.292499400000004,0,-4.292499400000004,19.565624999999997,-0.1599999999999966,25.560000000000002,87.06,24.996666666666666,85.705,0.45741036545470204,0,0.42,1
2026-06-26 09:25:00,25.839999999999996,87.6,29.949999400000003,68.34836720000001,1.3066666,62.8,6.454627619999999,9,4,Friday,0,0.11999999999999744,0.37999999999999545,4.109999400000007,0,-4.109999400000007,19.25163279999998,-0.11999999999999744,25.72,87.22,25.123333333333335,86.04333333333334,0.46341289920829415,0,0.43,1
2026-06-26 09:30:00,25.919999999999998,87.96000000000001,29.887499400000003,69.04236080000001,1.16499998,60.8,6.26606988,9,4,Friday,0,0.08000000000000185,0.36000000000001364,3.967499400000005,0,-3.967499400000005,18.917639199999996,-0.08000000000000185,25.839999999999996,87.6,25.245,86.39166666666667,0.465080638170504,0,0.41,1
2026-06-26 09:35:00,26.02,88.17999999999999,29.824999400000003,69.7363538,1.023333278,58.8,6.07751178,9,4,Friday,0,0.10000000000000142,0.21999999999998465,3.8049994000000034,0,-3.8049994000000034,18.44364619999999,-0.10000000000000142,25.919999999999998,87.96000000000001,25.36833333333333,86.67166666666667,0.4573010413560056,0,0.55,1
2026-06-26 09:40:00,26.119999999999997,88.36,29.762499400000003,70.430349,0.881666652,56.8,5.88895368,9,4,Friday,0,0.09999999999999787,0.18000000000000682,3.6424994000000055,0,-3.6424994000000055,17.929650999999993,-0.09999999999999787,26.02,88.17999999999999,25.491666666666664,86.94333333333333,0.4423456758810955,0,0.34,1
2026-06-26 09:45:00,26.22,88.44000000000001,29.699999400000003,71.1243408,0.739999976,54.8,5.70039558,9,4,Friday,0,0.10000000000000142,0.0800000000000125,3.479999400000004,0,-3.479999400000004,17.315659200000013,-0.10000000000000142,26.119999999999997,88.36,25.611666666666665,87.19,0.4267814712981263,0,0.38,1
2026-06-26 09:50:00,26.32,88.4,29.637499400000003,71.81833300000001,0.598333334,52.8,5.51183792,9,4,Friday,0,0.10000000000000142,-0.04000000000000625,3.3174994000000027,0,-3.3174994000000027,16.581666999999996,-0.10000000000000142,26.22,88.44000000000001,25.726666666666663,87.42166666666668,0.41510860207430716,0,0.38,1
2026-06-26 09:55:00,26.4,88.4,29.574999400000003,72.512327,0.456666664,50.8,5.32327982,9,4,Friday,0,0.0799999999999983,0.0,3.1749994000000044,0,-3.1749994000000044,15.887673000000007,-0.0799999999999983,26.32,88.4,25.838333333333328,87.625,0.3994048602923389,0,0.46,1
2026-06-26 10:00:00,26.48,88.44,29.502499399999998,73.19608,0.38000001,49.75,5.24334164,10,4,Friday,0,0.08000000000000185,0.03999999999999204,3.0224993999999974,0,-3.0224993999999974,15.243920000000003,-0.08000000000000185,26.4,88.4,25.944999999999997,87.80666666666667,0.3840572873945604,0,0.46,1
2026-06-26 10:05:00,26.6,88.52000000000001,29.4233326,73.873007,0.346666664,49.3333336,5.23581682,10,4,Friday,0,0.120000000000001,0.0800000000000125,2.823332599999997,0,-2.823332599999997,14.646993000000009,-0.120000000000001,26.48,88.44,26.051666666666666,87.95666666666666,0.37226171960010046,0,0.41,1
2026-06-26 10:10:00,26.7,88.32000000000001,29.3441664,74.5499328,0.313333336,48.9166664,5.228291860000001,10,4,Friday,0,0.09999999999999787,-0.20000000000000284,2.6441663999999996,0,-2.6441663999999996,13.770067200000014,-0.09999999999999787,26.6,88.52000000000001,26.15833333333333,88.075,0.35791906991226985,0,0.32,1
2026-06-26 10:15:00,26.78,88.03999999999999,29.2649998,75.226859,0.28000000599999997,48.5,5.22076694,10,4,Friday,0,0.08000000000000185,-0.28000000000001535,2.484999799999997,0,-2.484999799999997,12.813140999999987,-0.08000000000000185,26.7,88.32000000000001,26.259999999999994,88.15666666666668,0.345569358912152,0,0.38,1
2026-06-26 10:20:00,26.880000000000003,87.67999999999999,29.185833000000002,75.90378519999999,0.24666666800000003,48.0833336,5.213242,10,4,Friday,0,0.10000000000000142,-0.35999999999999943,2.305833,0,-2.305833,11.776214800000005,-0.10000000000000142,26.78,88.03999999999999,26.356666666666666,88.195,0.34301691803954987,0,0.35,1
2026-06-26 10:25:00,26.98,87.66,29.1066666,76.5807138,0.213333334,47.6666664,5.20571706,10,4,Friday,0,0.09999999999999787,-0.01999999999999602,2.1266666,0,-2.1266666,11.079286199999999,-0.09999999999999787,26.880000000000003,87.67999999999999,26.451666666666664,88.2,0.3447748496778921,0,0.35,1
2026-06-26 10:30:00,27.02,87.6,29.0274996,77.257638,0.180000002,47.25,5.198192059999999,10,4,Friday,0,0.03999999999999915,-0.060000000000002274,2.007499599999999,0,-2.007499599999999,10.342361999999994,-0.03999999999999915,26.98,87.66,26.543333333333333,88.17,0.3367041683293882,0,3.32,1
2026-06-26 10:35:00,27.1,87.3,28.948333400000003,77.93456499999999,0.146666672,46.8333336,5.19066714,10,4,Friday,0,0.08000000000000185,-0.29999999999999716,1.8483334000000013,0,-1.8483334000000013,9.365435000000005,-0.08000000000000185,27.02,87.6,26.633333333333336,88.09666666666668,0.3283383325271685,0,0.15,1
2026-06-26 10:40:00,27.2,87.08,28.8691666,78.611491,0.113333337,46.4166664,5.183142139999999,10,4,Friday,0,0.09999999999999787,-0.21999999999999886,1.6691666000000005,0,-1.6691666000000005,8.468508999999997,-0.09999999999999787,27.1,87.3,26.723333333333333,87.99000000000001,0.3228096352445104,0,0.12,1
2026-06-26 10:45:00,27.3,86.72,28.79,79.2884178,0.080000002,46.0,5.175617239999999,10,4,Friday,0,0.10000000000000142,-0.35999999999999943,1.4899999999999984,0,-1.4899999999999984,7.431582199999994,-0.10000000000000142,27.2,87.08,26.813333333333333,87.84666666666668,0.3202650417549552,0,0.14,1
2026-06-26 10:50:00,27.360000000000003,86.34,28.7108338,79.9653422,0.0466666678,45.5833336,5.168092339999999,10,4,Friday,0,0.060000000000002274,-0.37999999999999545,1.3508337999999966,0,-1.3508337999999966,6.3746578000000085,-0.060000000000002274,27.3,86.72,26.900000000000002,87.675,0.31530648870386774,0,0.25,1
2026-06-26 10:55:00,27.439999999999998,85.97999999999999,28.631666799999998,80.64227,0.0133333336,45.1666664,5.160567500000001,10,4,Friday,0,0.07999999999999474,-0.36000000000001364,1.1916668000000001,0,-1.1916668000000001,5.337729999999993,-0.07999999999999474,27.360000000000003,86.34,26.986666666666668,87.47333333333334,0.3082305315938298,0,0.17,1
2026-06-26 11:00:00,27.54,85.62,28.545000199999997,81.1297632,0.0,43.75,5.23170514,11,4,Friday,0,0.10000000000000142,-0.3599999999999852,1.0050001999999978,0,-1.0050001999999978,4.490236800000005,-0.10000000000000142,27.439999999999998,85.97999999999999,27.075000000000003,87.23833333333333,0.3016469941694053,0,0.16,1
2026-06-26 11:05:00,27.619999999999997,85.44,28.453333399999998,81.4909668,0.0,41.6666664,5.35528476,11,4,Friday,0,0.0799999999999983,-0.18000000000000682,0.8333334000000008,0,-0.8333334000000008,3.9490332000000024,-0.0799999999999983,27.54,85.62,27.159999999999997,86.98166666666667,0.2993325909427562,0,0.19,1
2026-06-26 11:10:00,27.7,85.0,28.361667599999997,81.85217,0.0,39.5833336,5.478864140000001,11,4,Friday,0,0.08000000000000185,-0.4399999999999977,0.6616675999999977,0,-0.6616675999999977,3.147829999999999,-0.08000000000000185,27.619999999999997,85.44,27.243333333333336,86.705,0.29882598564624385,0,0.19,1
2026-06-26 11:15:00,27.76,84.66,28.270000399999997,82.213376,0.0,37.5,5.60244376,11,4,Friday,0,0.060000000000002274,-0.3400000000000034,0.5100003999999956,0,-0.5100003999999956,2.446624,-0.060000000000002274,27.7,85.0,27.325000000000003,86.42333333333333,0.2945721087835434,0,0.3,1
2026-06-26 11:20:00,27.8,84.5,28.178333199999997,82.574579,0.0,35.4166664,5.726023140000001,11,4,Friday,0,0.03999999999999915,-0.1599999999999966,0.3783331999999966,0,-0.3783331999999966,1.925421,-0.03999999999999915,27.76,84.66,27.401666666666667,86.15833333333335,0.28787097278143847,0,1.87,1
2026-06-26 11:25:00,27.9,84.3,28.086666400000002,82.9357824,0.0,33.3333336,5.84960276,11,4,Friday,0,0.09999999999999787,-0.20000000000000284,0.18666640000000356,0,-0.18666640000000356,1.3642176000000035,-0.09999999999999787,27.8,84.5,27.478333333333335,85.87833333333333,0.2878709727814002,0,0.2,1
2026-06-26 11:30:00,27.96,84.0,27.995000600000004,83.2969888,0.0,31.249999600000002,5.9731821400000005,11,4,Friday,0,0.060000000000002274,-0.29999999999999716,0.0350006000000036,0,-0.0350006000000036,0.7030112000000059,-0.060000000000002274,27.9,84.3,27.55666666666667,85.57833333333333,0.2795884421253631,0,0.31,1
2026-06-26 11:35:00,28.02,83.88,27.903333600000003,83.65819,0.0,29.1666668,6.09676176,11,4,Friday,0,0.05999999999999872,-0.12000000000000455,-0.11666639999999617,0,0.11666639999999617,0.22180999999999074,-0.05999999999999872,27.96,84.0,27.633333333333336,85.29333333333334,0.268914766265299,0,0.31,1
2026-06-26 11:40:00,28.1,83.52000000000001,27.8116664,84.019398,0.0,27.0833332,6.22034114,11,4,Friday,0,0.08000000000000185,-0.3599999999999852,-0.2883336000000014,0,0.2883336000000014,-0.49939799999998513,-0.08000000000000185,28.02,83.88,27.708333333333332,84.99666666666667,0.26249963925005354,0,0.5,1
2026-06-26 11:45:00,28.2,83.02000000000001,27.7199998,84.3806,0.0,25.0,6.3439207600000005,11,4,Friday,0,0.09999999999999787,-0.5,-0.4800001999999992,0,0.4800001999999992,-1.360599999999991,-0.09999999999999787,28.1,83.52000000000001,27.78333333333333,84.68833333333333,0.2637951454977993,0,0.6,1
2026-06-26 11:50:00,28.26,82.66,27.6283336,84.741802,0.0,22.9166668,6.46750014,11,4,Friday,0,0.060000000000002274,-0.36000000000001364,-0.6316664000000003,0,0.6316664000000003,-2.0818020000000104,-0.060000000000002274,28.2,83.02000000000001,27.858333333333334,84.38166666666666,0.2604134242228251,0,1.06,1
2026-06-26 11:55:00,28.32,82.24000000000001,27.5366668,85.10301,0.0,20.8333332,6.5910797599999995,11,4,Friday,0,0.05999999999999872,-0.4199999999999875,-0.7833332000000013,0,0.7833332000000013,-2.8630099999999885,-0.05999999999999872,28.26,82.66,27.93166666666667,84.07,0.2557638588922138,0,1.18,1
2026-06-26 12:00:00,28.439999999999998,81.72,27.494999999999997,85.196316,0.0,19.450000199999998,6.59037414,12,4,Friday,0,0.11999999999999744,-0.5200000000000102,-0.9450000000000003,0,0.9450000000000003,-3.476315999999997,-0.11999999999999744,28.32,82.24000000000001,28.006666666666664,83.74499999999999,0.26234374859048165,0,1.72,1
2026-06-26 12:05:00,28.5,81.22,27.4866666,85.111028,0.0,18.533333199999998,6.50681198,12,4,Friday,0,0.060000000000002274,-0.5,-1.0133334000000005,0,1.0133334000000005,-3.8910280000000057,-0.060000000000002274,28.439999999999998,81.72,28.080000000000002,83.39333333333333,0.26737783956631833,0,2.64,1
2026-06-26 12:10:00,28.580000000000002,80.8,27.478333400000004,85.025738,0.0,17.6166666,6.4232498399999995,12,4,Friday,0,0.08000000000000185,-0.4200000000000017,-1.101666599999998,0,1.101666599999998,-4.225738000000007,-0.08000000000000185,28.5,81.22,28.153333333333332,83.04333333333334,0.27427038196725706,0,1.87,1
2026-06-26 12:15:00,28.660000000000004,80.44,27.4699996,84.9404488,0.0,16.700000199999998,6.33968736,12,4,Friday,0,0.08000000000000185,-0.35999999999999943,-1.1900004000000024,0,1.1900004000000024,-4.500448800000001,-0.08000000000000185,28.580000000000002,80.8,28.228333333333335,82.69166666666668,0.2799296448410002,0,1.87,1
2026-06-26 12:20:00,28.7,80.12,27.4616666,84.85516179999999,0.0,15.7833334,6.2561254,12,4,Friday,0,0.039999999999995595,-0.3199999999999932,-1.2383333999999984,0,1.2383333999999984,-4.735161799999986,-0.039999999999995595,28.660000000000004,80.44,28.30333333333333,82.32666666666667,0.2752629596765225,0,17.63,1
2026-06-26 12:25:00,28.8,79.92,27.453333199999996,84.7698748,0.0,14.866666799999999,6.172563139999999,12,4,Friday,0,0.10000000000000142,-0.20000000000000284,-1.3466668000000048,0,1.3466668000000048,-4.849874799999995,-0.10000000000000142,28.7,80.12,28.378333333333334,81.96166666666666,0.2779742739353015,0,10.17,1
2026-06-26 12:30:00,28.860000000000003,79.7,27.445,84.68458799999999,0.0,13.9499998,6.08900084,12,4,Friday,0,0.060000000000002274,-0.21999999999999886,-1.4150000000000027,1,1.4150000000000027,-4.984587999999988,-0.060000000000002274,28.8,79.92,28.453333333333337,81.60333333333334,0.2762519710613698,1,54.36,1
2026-06-26 12:35:00,28.9,79.4,27.4366664,84.59929939999999,0.0,13.0333334,6.00543874,12,4,Friday,0,0.039999999999995595,-0.29999999999999716,-1.4633335999999986,1,1.4633335999999986,-5.199299399999987,-0.039999999999995595,28.860000000000003,79.7,28.526666666666667,81.23,0.2674231693688329,1,92.41,1
2026-06-26 12:40:00,28.639999999999997,81.28,27.428333199999997,84.5140132,0.0,12.1166668,5.921876500000001,12,4,Friday,0,-0.26000000000000156,1.8799999999999955,-1.2116667999999997,1,1.2116667999999997,-3.2340131999999926,0.26000000000000156,28.9,79.4,28.57166666666667,81.04333333333334,0.23221593921251457,1,97.53,1
2026-06-26 12:45:00,28.025,77.575,27.420833000000002,84.4372525,0.0,11.2916665,5.846670425,12,4,Friday,0,-0.6149999999999984,-3.7049999999999983,-0.6041669999999968,1,0.6041669999999968,-6.862252499999997,0.6149999999999984,28.639999999999997,81.28,28.557083333333328,80.58958333333334,0.2613466727039874,1,98.25,1
2026-06-26 12:50:00,27.360000000000003,73.3,27.4133332,84.360492,0.0,10.4666666,5.77146436,12,4,Friday,0,-0.6649999999999956,-4.275000000000006,0.053333199999997305,1,-0.053333199999997305,-11.060491999999996,0.6649999999999956,28.025,77.575,28.482083333333332,79.80958333333332,0.42943651416373646,1,99.34,1
2026-06-26 12:55:00,26.8,70.24,27.404999800000002,84.275204,0.0,9.5500002,5.6879024000000005,12,4,Friday,0,-0.5600000000000023,-3.0600000000000023,0.6049998000000016,1,-0.6049998000000016,-14.035204000000007,0.5600000000000023,27.360000000000003,73.3,28.355416666666667,78.80958333333332,0.6494174254086563,1,99.48,1
2026-06-26 13:00:00,26.26,68.5,27.3933332,84.198176,0.0,11.6666666,5.60162874,13,4,Friday,0,-0.5399999999999991,-1.7399999999999949,1.1333331999999992,1,-1.1333331999999992,-15.698176000000004,0.5399999999999991,26.8,70.24,28.17375,77.70791666666666,0.8855792275014313,1,99.53,1
2026-06-26 13:05:00,25.98,67.3,27.376666399999998,84.133547,0.0,18.3333334,5.51128822,13,4,Friday,0,-0.28000000000000114,-1.2000000000000028,1.3966663999999973,1,-1.3966663999999973,-16.833546999999996,0.28000000000000114,26.26,68.5,27.96375,76.54791666666667,1.0788738341438588,1,99.66,1
2026-06-26 13:10:00,25.74,66.24,27.360000000000003,84.06891499999999,0.0,25.0,5.42094794,13,4,Friday,0,-0.240000000000002,-1.0600000000000023,1.6200000000000045,1,-1.6200000000000045,-17.828914999999995,0.240000000000002,25.98,67.3,27.727083333333336,75.33458333333334,1.2320279998541341,1,99.59,1
2026-06-26 13:15:00,25.48,66.66,27.3433332,84.0042824,0.0,31.666666399999997,5.33060732,13,4,Friday,0,-0.259999999999998,0.4200000000000017,1.8633331999999996,1,-1.8633331999999996,-17.344282399999997,0.259999999999998,25.74,66.24,27.46208333333333,74.18625,1.34951752040468,1,99.56,1
2026-06-26 13:20:00,25.5,68.38,27.326666799999998,83.9396532,0.0,38.3333336,5.24026692,13,4,Friday,0,0.019999999999999574,1.7199999999999989,1.8266667999999981,1,-1.8266667999999981,-15.5596532,-0.019999999999999574,25.48,66.66,27.19541666666667,73.20791666666666,1.3979586714099164,1,94.18,1
2026-06-26 13:25:00,25.52,69.46000000000001,27.3100004,83.875022,0.0,45.0,5.1499266,13,4,Friday,0,0.019999999999999574,1.0800000000000125,1.7900004000000003,1,-1.7900004000000003,-14.415021999999993,-0.019999999999999574,25.5,68.38,26.922083333333333,72.33625,1.3761928021859562,1,93.92,1
2026-06-26 13:30:00,25.52,69.42,27.2933334,83.81039000000001,0.0,51.6666664,5.05958594,13,4,Friday,0,0.0,-0.04000000000000625,1.773333400000002,1,-1.773333400000002,-14.39039000000001,-0.0,25.52,69.46000000000001,26.643749999999997,71.47958333333334,1.2832365420014749,1,97.21,1
2026-06-26 13:35:00,25.4,67.82000000000001,27.276666999999996,83.7457596,0.0,58.3333336,4.969245519999999,13,4,Friday,0,-0.120000000000001,-1.5999999999999943,1.8766669999999976,1,-1.8766669999999976,-15.925759599999992,0.120000000000001,25.52,69.42,26.352083333333336,70.51458333333333,1.1098350785210669,1,97.91,1
2026-06-26 13:40:00,25.16,67.28,27.26,83.681127,0.0,65.0,4.87890514,13,4,Friday,0,-0.23999999999999844,-0.5400000000000063,2.1000000000000014,1,-2.1000000000000014,-16.401127000000002,0.23999999999999844,25.4,67.82000000000001,26.062083333333334,69.34791666666668,0.8906776233793414,1,99.16,1
2026-06-26 13:45:00,24.94,66.16,27.243333999999997,83.616496,0.0,71.6666672,4.78856462,13,4,Friday,0,-0.21999999999999886,-1.1200000000000045,2.303333999999996,1,-2.303333999999996,-17.456496,0.21999999999999886,25.16,67.28,25.805000000000003,68.39666666666666,0.6967000137015752,1,98.55,1
2026-06-26 13:50:00,24.660000000000004,65.06,27.226667199999998,83.551867,0.0,78.3333328,4.69822408,13,4,Friday,0,-0.2799999999999976,-1.0999999999999943,2.566667199999994,1,-2.566667199999994,-18.491867,0.2799999999999976,24.94,66.16,25.580000000000002,67.71,0.5740446609177733,1,99.13,1
2026-06-26 13:55:00,24.48,64.92,27.2100006,83.487234,0.0,85.0,4.607883920000001,13,4,Friday,0,-0.18000000000000327,-0.14000000000000057,2.7300006000000003,1,-2.7300006000000003,-18.567234,0.18000000000000327,24.660000000000004,65.06,25.386666666666667,67.26666666666667,0.5132664261798229,1,98.85,1
2026-06-26 14:00:00,24.4,66.36,27.1850008,83.4804172,0.0,89.1,4.544129379999999,14,4,Friday,0,-0.08000000000000185,1.4399999999999977,2.7850008000000024,1,-2.7850008000000024,-17.120417200000006,0.08000000000000185,24.48,64.92,25.23166666666667,67.08833333333334,0.5063565637947209,1,98.39,1
2026-06-26 14:05:00,24.6,68.26,27.147500400000002,83.5603176,0.0,89.35,4.5202539999999996,14,4,Friday,0,0.20000000000000284,1.9000000000000057,2.5475004000000006,1,-2.5475004000000006,-15.3003176,-0.20000000000000284,24.4,66.36,25.116666666666664,67.16833333333334,0.47679485455947773,1,74.97,1
2026-06-26 14:10:00,24.580000000000002,67.22,27.1100002,83.64021399999999,0.0,89.6,4.496379,14,4,Friday,0,-0.019999999999999574,-1.0400000000000063,2.5300002,1,-2.5300002,-16.420213999999987,0.019999999999999574,24.6,68.26,25.02,67.25,0.45607017004084804,1,98.09,1
2026-06-26 14:15:00,24.5,66.32000000000001,27.072500400000003,83.7201174,0.0,89.85,4.47250368,14,4,Friday,0,-0.08000000000000185,-0.8999999999999915,2.5725004000000027,1,-2.5725004000000027,-17.4001174,0.08000000000000185,24.580000000000002,67.22,24.938333333333333,67.22166666666666,0.45394900261021437,1,95.79,1
2026-06-26 14:20:00,24.439999999999998,66.66,27.035000200000002,83.8000178,0.0,90.1,4.44862842,14,4,Friday,0,-0.060000000000002274,0.3399999999999892,2.5950002000000048,0,-2.5950002000000048,-17.14001780000001,0.060000000000002274,24.5,66.32000000000001,24.849999999999998,67.07833333333333,0.4375551913252569,0,46.6,1
2026-06-26 14:25:00,25.0,67.9,26.9975004,83.879914,0.0,90.35,4.4247530600000005,14,4,Friday,0,0.5600000000000023,1.240000000000009,1.9975003999999998,0,-1.9975003999999998,-15.979913999999994,-0.5600000000000023,24.439999999999998,66.66,24.80666666666667,66.94833333333334,0.3881268146412629,0,4.18,1
2026-06-26 14:30:00,26.160000000000004,72.8,26.960000200000003,83.95981839999999,0.0,90.6,4.4008780000000005,14,4,Friday,0,1.1600000000000037,4.8999999999999915,0.8000001999999995,0,-0.8000001999999995,-11.159818399999992,-1.1600000000000037,25.0,67.9,24.86,67.23,0.5174763938412581,0,3.31,1
2026-06-26 14:35:00,26.880000000000003,74.4,26.9225002,84.03971800000001,0.0,90.85,4.3770028,14,4,Friday,0,0.7199999999999989,1.6000000000000085,0.04250019999999921,0,-0.04250019999999921,-9.639718000000002,-0.7199999999999989,26.160000000000004,72.8,24.98333333333333,67.77833333333334,0.7717669612164948,0,3.2,1
2026-06-26 14:40:00,27.4,75.1,26.885,84.1196148,0.0,91.1,4.3531274799999995,14,4,Friday,0,0.519999999999996,0.6999999999999886,-0.514999999999997,0,0.514999999999997,-9.0196148,-0.519999999999996,26.880000000000003,74.4,25.17,68.42999999999999,1.0419736517350797,0,0.6,1
2026-06-26 14:45:00,27.82,75.44,26.847500000000004,84.1995192,0.0,91.35,4.32925216,14,4,Friday,0,0.4200000000000017,0.3400000000000034,-0.9724999999999966,0,0.9724999999999966,-8.7595192,-0.4200000000000017,27.4,75.1,25.41,69.20333333333333,1.2870402974552526,0,0.58,1
2026-06-26 14:50:00,28.119999999999997,75.72,26.8100002,84.27941799999999,0.0,91.6,4.305377,14,4,Friday,0,0.29999999999999716,0.28000000000000114,-1.3099997999999964,0,1.3099997999999964,-8.559417999999994,-0.29999999999999716,27.82,75.44,25.698333333333334,70.09166666666667,1.4772568763721403,0,0.58,1
2026-06-26 14:55:00,28.419999999999998,75.82000000000001,26.7725,84.3593156,0.0,91.85,4.2815018799999995,14,4,Friday,0,0.3000000000000007,0.10000000000000853,-1.6474999999999973,0,1.6474999999999973,-8.539315599999995,-0.3000000000000007,28.119999999999997,75.72,26.02666666666667,71.0,1.6134284970683745,0,1.46,1
2026-06-26 15:00:00,28.619999999999997,75.96000000000001,26.74,84.45742800000001,0.0,90.2,4.25249916,15,4,Friday,0,0.1999999999999993,0.14000000000000057,-1.879999999999999,0,1.879999999999999,-8.497428,-0.1999999999999993,28.419999999999998,75.82000000000001,26.37833333333333,71.8,1.6849593107219458,0,3.1,1
2026-06-26 15:05:00,28.78,75.66,26.7150002,84.5828578,0.0,85.7,4.2158054,15,4,Friday,0,0.1600000000000037,-0.30000000000001137,-2.0649998000000025,0,2.0649998000000025,-8.922857800000003,-0.1600000000000037,28.619999999999997,75.96000000000001,26.72666666666667,72.41666666666667,1.7156887476429035,0,1.4,1
2026-06-26 15:10:00,28.939999999999998,75.4,26.689999999999998,84.7082902,0.0,81.2,4.17911188,15,4,Friday,0,0.1599999999999966,-0.2599999999999909,-2.25,0,2.25,-9.308290199999988,-0.1599999999999966,28.78,75.66,27.09,73.09833333333333,1.6810710871347745,0,1.25,1
2026-06-26 15:15:00,29.1,75.22,26.665,84.833718,0.0,76.7,4.14241816,15,4,Friday,0,0.1600000000000037,-0.18000000000000682,-2.4350000000000023,0,2.4350000000000023,-9.613718000000006,-0.1600000000000037,28.939999999999998,75.4,27.473333333333333,73.84,1.556647524377917,0,1.19,1
2026-06-26 15:20:00,29.26,75.12,26.640000199999996,84.959147,0.0,72.2,4.10572452,15,4,Friday,0,0.16000000000000014,-0.09999999999999432,-2.6199998000000058,0,2.6199998000000058,-9.839146999999997,-0.16000000000000014,29.1,75.22,27.875,74.545,1.3041785990354562,0,1.2,1
2026-06-26 15:25:00,29.380000000000003,75.03999999999999,26.615,85.0845798,0.0,67.7,4.06903086,15,4,Friday,0,0.120000000000001,-0.0800000000000125,-2.765000000000004,0,2.765000000000004,-10.044579800000008,-0.120000000000001,29.26,75.12,28.24,75.14,1.0050056535346092,0,1.08,1
2026-06-26 15:30:00,29.52,75.0,26.590000399999997,85.21000719999999,0.0,63.2,4.03233702,15,4,Friday,0,0.13999999999999702,-0.03999999999999204,-2.929999600000002,0,2.929999600000002,-10.210007199999993,-0.13999999999999702,29.380000000000003,75.03999999999999,28.52,75.32333333333334,0.8247093151805305,0,0.17,1
2026-06-26 15:35:00,29.639999999999997,74.86,26.565000199999997,85.3354368,0.0,58.7,3.9956434,15,4,Friday,0,0.11999999999999744,-0.14000000000000057,-3.0749998000000005,0,3.0749998000000005,-10.475436799999997,-0.11999999999999744,29.52,75.0,28.75,75.36166666666666,0.7014011950115686,0,0.17,1
2026-06-26 15:40:00,29.76,74.5,26.5400002,85.4608688,0.0,54.2,3.9589498,15,4,Friday,0,0.12000000000000455,-0.35999999999999943,-3.2199998,0,3.2199998,-10.9608688,-0.12000000000000455,29.639999999999997,74.86,28.94666666666667,75.31166666666667,0.6138601163328721,0,0.17,1
2026-06-26 15:45:00,29.939999999999998,74.38,26.515000800000003,85.5862962,0.0,49.7,3.9222561,15,4,Friday,0,0.17999999999999616,-0.12000000000000455,-3.424999199999995,0,3.424999199999995,-11.206296200000011,-0.17999999999999616,29.76,74.5,29.123333333333335,75.22333333333333,0.563097494115097,0,0.17,1
2026-06-26 15:50:00,30.060000000000002,74.0,26.490000199999997,85.711726,0.0,45.2,3.88556246,15,4,Friday,0,0.12000000000000455,-0.37999999999999545,-3.569999800000005,0,3.569999800000005,-11.711725999999999,-0.12000000000000455,29.939999999999998,74.38,29.285,75.08,0.5261264970603147,0,0.18,1
2026-06-26 15:55:00,30.2,73.67999999999999,26.465000399999997,85.837158,0.0,40.7,3.8488687599999998,15,4,Friday,0,0.13999999999999702,-0.3200000000000074,-3.734999600000002,0,3.734999600000002,-12.15715800000001,-0.13999999999999702,30.060000000000002,74.0,29.433333333333334,74.90166666666666,0.5107807452290971,0,0.18,1
2026-06-26 16:00:00,30.3,73.67999999999999,26.4333342,85.989437,0.0,38.9333332,3.83611184,16,4,Friday,0,0.10000000000000142,0.0,-3.8666658,0,3.8666658,-12.309437000000003,-0.10000000000000142,30.2,73.67999999999999,29.573333333333338,74.71166666666666,0.49765510753973674,0,0.18,1
2026-06-26 16:05:00,30.4,73.61999999999999,26.391667599999998,86.1819878,0.0,41.2666664,3.85926008,16,4,Friday,0,0.09999999999999787,-0.060000000000002274,-4.0083324000000005,0,4.0083324000000005,-12.561987800000011,-0.09999999999999787,30.3,73.67999999999999,29.708333333333332,74.54166666666667,0.4823773199349452,0,0.18,1
2026-06-26 16:10:00,30.48,73.52000000000001,26.3500004,86.3745392,0.0,43.6000004,3.8824083600000003,16,4,Friday,0,0.08000000000000185,-0.0999999999999801,-4.129999600000001,0,4.129999600000001,-12.85453919999999,-0.08000000000000185,30.4,73.61999999999999,29.83666666666667,74.385,0.4638834754413902,0,0.2,1
2026-06-26 16:15:00,30.580000000000002,73.3,26.3083342,86.56709,0.0,45.9333332,3.9055565999999997,16,4,Friday,0,0.10000000000000142,-0.22000000000001307,-4.271665800000001,0,4.271665800000001,-13.267089999999996,-0.10000000000000142,30.48,73.52000000000001,29.959999999999997,74.225,0.44664405189208234,0,0.06,1
2026-06-26 16:20:00,30.639999999999997,73.17999999999999,26.266667599999998,86.75964300000001,0.0,48.2666664,3.9287047800000003,16,4,Friday,0,0.05999999999999517,-0.12000000000000455,-4.373332399999999,0,4.373332399999999,-13.579643000000019,-0.05999999999999517,30.580000000000002,73.3,30.075,74.06333333333333,0.42726402312174505,0,0.07,1
2026-06-26 16:25:00,30.74,72.82000000000001,26.2250004,86.9521938,0.0,50.6000004,3.95185302,16,4,Friday,0,0.10000000000000142,-0.3599999999999852,-4.5149995999999994,0,4.5149995999999994,-14.132193799999996,-0.10000000000000142,30.639999999999997,73.17999999999999,30.188333333333333,73.87833333333333,0.405996715913975,0,0.06,1
2026-06-26 16:30:00,30.82,72.5,26.1833342,87.14474820000001,0.0,52.93333320000001,3.9750013199999996,16,4,Friday,0,0.08000000000000185,-0.3200000000000074,-4.636665799999999,0,4.636665799999999,-14.64474820000001,-0.08000000000000185,30.74,72.82000000000001,30.296666666666667,73.67,0.38431363454415285,0,0.06,1
2026-06-26 16:35:00,30.880000000000003,72.38,26.141667599999998,87.33729919999999,0.0,55.2666664,3.99814944,16,4,Friday,0,0.060000000000002274,-0.12000000000000455,-4.738332400000004,0,4.738332400000004,-14.957299199999994,-0.060000000000002274,30.82,72.5,30.400000000000002,73.46333333333332,0.3574658279910873,0,0.09,1
2026-06-26 16:40:00,30.9,72.44000000000001,26.1000004,87.52985079999999,0.0,57.6000004,4.02129776,16,4,Friday,0,0.01999999999999602,0.060000000000016485,-4.7999996,0,4.7999996,-15.08985079999998,-0.01999999999999602,30.880000000000003,72.38,30.495,73.29166666666667,0.321601108093208,0,0.09,1
2026-06-26 16:45:00,31.0,72.53999999999999,26.0583342,87.722402,0.0,59.93333320000001,4.044446,16,4,Friday,0,0.10000000000000142,0.0999999999999801,-4.941665799999999,0,4.941665799999999,-15.18240200000001,-0.10000000000000142,30.9,72.44000000000001,30.583333333333332,73.13833333333334,0.30016157265121207,0,0.08,1
2026-06-26 16:50:00,31.0,72.53999999999999,26.016667599999998,87.9149558,0.0,62.2666664,4.06759418,16,4,Friday,0,0.0,0.0,-4.983332400000002,0,4.983332400000002,-15.37495580000001,-0.0,31.0,72.53999999999999,30.661666666666665,73.01666666666667,0.2725580282936719,0,0.09,1
2026-06-26 16:55:00,31.0,72.58,25.9750004,88.1075062,0.0,64.59999880000001,4.0907426000000005,16,4,Friday,0,0.0,0.04000000000000625,-5.024999600000001,0,5.024999600000001,-15.527506200000005,-0.0,31.0,72.53999999999999,30.728333333333335,72.925,0.24590587013963652,0,0.09,1
2026-06-26 17:00:00,31.0,72.55999999999999,25.9966672,87.87053399999999,0.0,64.6333324,4.08796026,17,4,Friday,0,0.0,-0.020000000000010232,-5.003332799999999,0,5.003332799999999,-15.310534000000004,-0.0,31.0,72.58,30.786666666666665,72.83166666666666,0.21630505955084753,0,0.09,1
2026-06-26 17:05:00,31.0,72.42,26.113334,86.98927599999999,0.0,61.216666399999994,4.0462823,17,4,Friday,0,0.0,-0.13999999999998636,-4.886666000000002,0,4.886666000000002,-14.569275999999988,-0.0,31.0,72.55999999999999,30.83666666666667,72.73166666666667,0.18602704267246192,0,0.09,1
2026-06-26 17:10:00,31.0,72.62,26.2300006,86.10801719999999,0.0,57.8000002,4.00460444,17,4,Friday,0,0.0,0.20000000000000284,-4.7699994,0,4.7699994,-13.488017199999987,-0.0,31.0,72.42,30.88,72.65666666666667,0.15303000299800634,0,0.05,1
2026-06-26 17:15:00,31.0,73.24,26.346667200000002,85.22675799999999,0.0,54.383333400000005,3.9629266000000003,17,4,Friday,0,0.0,0.6199999999999903,-4.653332799999998,0,4.653332799999998,-11.986757999999995,-0.0,31.0,72.62,30.915000000000003,72.65166666666667,0.12332514305066991,0,0.05,1
2026-06-26 17:20:00,31.0,73.53999999999999,26.463333799999997,84.3455012,0.0,50.966666399999994,3.92124878,17,4,Friday,0,0.0,0.29999999999999716,-4.536666200000003,0,4.536666200000003,-10.805501200000009,-0.0,31.0,73.24,30.945000000000004,72.68166666666666,0.08949352439399617,0,0.06,1
2026-06-26 17:25:00,31.0,73.82000000000001,26.580000599999998,83.46424099999999,0.0,47.5500002,3.8795709799999996,17,4,Friday,0,0.0,0.28000000000001535,-4.419999400000002,0,4.419999400000002,-9.64424099999998,-0.0,31.0,73.53999999999999,30.96666666666667,72.765,0.06286107818735118,0,0.04,1
2026-06-26 17:30:00,31.0,74.1,26.6966676,82.58298219999999,0.0,44.133333400000005,3.8378929999999998,17,4,Friday,0,0.0,0.2799999999999869,-4.303332399999999,0,4.303332399999999,-8.482982199999995,-0.0,31.0,73.82000000000001,30.98166666666667,72.89833333333333,0.043029236001487274,0,0.05,1
2026-06-26 17:35:00,30.96,74.16,26.8133336,81.701724,0.0,40.716666399999994,3.7962151,17,4,Friday,0,-0.03999999999999915,0.060000000000002274,-4.146666400000001,0,4.146666400000001,-7.541724000000002,0.03999999999999915,31.0,74.1,30.988333333333333,73.04666666666667,0.03010084060977599,0,0.07,1
2026-06-26 17:40:00,30.919999999999998,74.3,26.930000200000002,80.820465,0.0,37.3000002,3.7545373599999996,17,4,Friday,0,-0.0400000000000027,0.14000000000000057,-3.989999799999996,0,3.989999799999996,-6.5204650000000015,0.0400000000000027,30.96,74.16,30.99,73.20166666666667,0.024863262407331985,0,0.07,1
2026-06-26 17:45:00,30.9,74.55999999999999,27.0466672,79.9392062,0.0,33.883333400000005,3.7128594,17,4,Friday,0,-0.019999999999999574,0.2599999999999909,-3.853332799999997,0,3.853332799999997,-5.379206200000013,0.019999999999999574,30.919999999999998,74.3,30.981666666666666,73.36999999999999,0.03563280748206073,0,0.07,1
2026-06-26 17:50:00,30.9,74.55999999999999,27.163333799999997,79.0579478,0.0,30.466666800000002,3.6711815000000003,17,4,Friday,0,0.0,0.0,-3.736666200000002,0,3.736666200000002,-4.497947800000006,-0.0,30.9,74.55999999999999,30.97333333333333,73.53833333333333,0.04206776639014942,0,0.05,1
2026-06-26 17:55:00,30.9,74.55999999999999,27.2800002,78.176689,0.0,27.049999800000002,3.6295037199999998,17,4,Friday,0,0.0,0.0,-3.6199997999999987,0,3.6199997999999987,-3.616689000000008,-0.0,30.9,74.55999999999999,30.965,73.70333333333333,0.0460237092979654,0,0.05,1
2026-06-26 18:00:00,30.9,74.5,27.3166672,77.6986428,0.00333333342,26.4,3.6274694199999997,18,4,Friday,0,0.0,-0.05999999999998806,-3.5833327999999973,0,3.5833327999999973,-3.198642800000002,-0.0,30.9,74.55999999999999,30.956666666666663,73.865,0.04811602139117415,0,0.05,1
2026-06-26 18:05:00,30.9,74.47999999999999,27.2333334,77.8254108,0.0116666672,29.9,3.6849004,18,4,Friday,0,0.0,-0.020000000000010232,-3.666666599999999,0,3.666666599999999,-3.3454108000000105,-0.0,30.9,74.5,30.948333333333334,74.03666666666666,0.04858606857910084,0,0.05,1
2026-06-26 18:10:00,30.9,74.55999999999999,27.1500004,77.9521808,0.0200000002,33.4,3.74233144,18,4,Friday,0,0.0,0.0799999999999983,-3.749999599999999,0,3.749999599999999,-3.3921808000000055,-0.0,30.9,74.47999999999999,30.939999999999998,74.19833333333332,0.04748205401954582,0,0.05,1
2026-06-26 18:15:00,30.9,74.61999999999999,27.0666672,78.0789496,0.0283333336,36.9,3.7997624199999995,18,4,Friday,0,0.0,0.060000000000002274,-3.8333327999999973,0,3.8333327999999973,-3.458949600000011,-0.0,30.9,74.55999999999999,30.93166666666666,74.31333333333332,0.04468746688213438,0,0.05,1
2026-06-26 18:20:00,30.839999999999996,74.74,26.9833334,78.2057196,0.0366666678,40.4,3.8571934800000003,18,4,Friday,0,-0.060000000000002274,0.12000000000000455,-3.856666599999997,0,3.856666599999997,-3.4657196,0.060000000000002274,30.9,74.61999999999999,30.918333333333333,74.41333333333333,0.04628632888662184,0,0.05,1
2026-06-26 18:25:00,30.8,74.97999999999999,26.9000004,78.3324896,0.0450000008,43.9,3.91462444,18,4,Friday,0,-0.039999999999995595,0.23999999999999488,-3.899999600000001,0,3.899999600000001,-3.3524896000000126,0.039999999999995595,30.839999999999996,74.74,30.90166666666666,74.50999999999999,0.050060569367935986,0,0.05,1
2026-06-26 18:30:00,30.8,75.28,26.8166672,78.4592596,0.053333334200000006,47.4,3.9720554999999997,18,4,Friday,0,0.0,0.30000000000001137,-3.9833327999999995,0,3.9833327999999995,-3.1792595999999946,-0.0,30.8,74.97999999999999,30.884999999999994,74.60833333333333,0.047577687659476786,0,0.04,1
2026-06-26 18:35:00,30.8,75.46000000000001,26.7333334,78.5860288,0.061666666599999996,50.9,4.02948648,18,4,Friday,0,0.0,0.18000000000000682,-4.066666600000001,0,4.066666600000001,-3.126028799999986,-0.0,30.8,75.28,30.871666666666666,74.71666666666665,0.04706539614772145,0,0.04,1
2026-06-26 18:40:00,30.8,75.58,26.6500004,78.7127988,0.070000002,54.4,4.0869176000000005,18,4,Friday,0,0.0,0.11999999999999034,-4.149999600000001,0,4.149999600000001,-3.1327988000000033,-0.0,30.8,75.46000000000001,30.861666666666665,74.82333333333332,0.04858606857937393,0,0.04,1
2026-06-26 18:45:00,30.76,75.7,26.5666672,78.8395668,0.078333334,57.9,4.14434858,18,4,Friday,0,-0.03999999999999915,0.12000000000000455,-4.1933328,0,4.1933328,-3.139566799999997,0.03999999999999915,30.8,75.58,30.849999999999998,74.91833333333334,0.05493798155719803,0,0.04,1
2026-06-26 18:50:00,30.72,75.64,26.4833334,78.9663368,0.08666666640000001,61.4,4.2017796,18,4,Friday,0,-0.0400000000000027,-0.060000000000002274,-4.2366665999999995,0,4.2366665999999995,-3.326336799999993,0.0400000000000027,30.76,75.7,30.835000000000004,75.00833333333333,0.06388910847100772,0,0.04,1
2026-06-26 18:55:00,30.7,75.64,26.4000004,79.0931048,0.09500000280000001,64.9,4.25921054,18,4,Friday,0,-0.019999999999999574,0.0,-4.2999996,0,4.2999996,-3.4531048000000055,0.019999999999999574,30.72,75.64,30.81833333333333,75.09833333333333,0.07107401178294691,0,0.04,1
2026-06-26 19:00:00,30.7,75.67999999999999,26.3133336,79.398714,0.12000000100000001,67.63333320000001,4.23539964,19,4,Friday,0,0.0,0.03999999999999204,-4.386666399999999,0,4.386666399999999,-3.7187140000000056,-0.0,30.7,75.64,30.801666666666666,75.19666666666667,0.07358771306790374,0,0.04,1
2026-06-26 19:05:00,30.7,75.6,26.221666399999997,79.972578,0.16999999999999998,69.2166672,4.089725939999999,19,4,Friday,0,0.0,-0.0799999999999983,-4.478333600000003,0,4.478333600000003,-4.372578000000004,-0.0,30.7,75.67999999999999,30.785,75.28999999999999,0.0719216745643839,0,0.04,1
2026-06-26 19:10:00,30.7,75.67999999999999,26.1300012,80.5464422,0.22000000000000003,70.7999996,3.9440522200000006,19,4,Friday,0,0.0,0.0799999999999983,-4.5699988000000005,0,4.5699988000000005,-4.866442200000009,-0.0,30.7,75.6,30.76833333333333,75.38333333333334,0.06575897219137111,0,0.04,1
2026-06-26 19:15:00,30.660000000000004,75.58,26.038333599999998,81.12030899999999,0.27,72.38333320000001,3.7983784800000002,19,4,Friday,0,-0.039999999999995595,-0.09999999999999432,-4.621666400000006,0,4.621666400000006,-5.5403089999999935,0.039999999999995595,30.7,75.67999999999999,30.748333333333335,75.46333333333332,0.05812734191597986,0,0.05,1
2026-06-26 19:20:00,30.6,75.61999999999999,25.946666800000003,81.69417419999999,0.319999996,73.9666672,3.65270472,19,4,Friday,0,-0.060000000000002274,0.03999999999999204,-4.653333199999999,0,4.653333199999999,-6.074174200000002,0.060000000000002274,30.660000000000004,75.58,30.728333333333335,75.53666666666666,0.06464354475292614,0,0.05,1
2026-06-26 19:25:00,30.6,75.64,25.854999600000003,82.26803720000001,0.369999996,75.5499996,3.5070309800000006,19,4,Friday,0,0.0,0.020000000000010232,-4.745000399999999,0,4.745000399999999,-6.6280372000000085,-0.0,30.6,75.61999999999999,30.71166666666667,75.59166666666665,0.07004327666165754,0,0.05,1
2026-06-26 19:30:00,30.6,75.78,25.763333799999998,82.841905,0.42000000000000004,77.13333320000001,3.36135722,19,4,Friday,0,0.0,0.14000000000000057,-4.836666200000003,0,4.836666200000003,-7.061904999999996,-0.0,30.6,75.64,30.695000000000004,75.63333333333334,0.0709032631598778,0,0.05,1
2026-06-26 19:35:00,30.6,75.88000000000001,25.671667000000003,83.4157702,0.469999992,78.7166672,3.21568348,19,4,Friday,0,0.0,0.10000000000000853,-4.9283329999999985,0,4.9283329999999985,-7.5357701999999875,-0.0,30.6,75.78,30.67833333333333,75.66833333333334,0.06739750916670165,0,0.04,1
2026-06-26 19:40:00,30.6,75.86,25.5799998,83.9896332,0.519999992,80.2999996,3.0700097200000003,19,4,Friday,0,0.0,-0.020000000000010232,-5.020000200000002,0,5.020000200000002,-8.1296332,-0.0,30.6,75.88000000000001,30.661666666666665,75.69166666666668,0.058749597028164686,0,0.05,1
2026-06-26 19:45:00,30.6,75.86,25.488333,84.563501,0.5700000000000001,81.88333320000001,2.92433598,19,4,Friday,0,0.0,0.0,-5.111667000000001,0,5.111667000000001,-8.703501000000003,-0.0,30.6,75.86,30.648333333333337,75.705,0.052194275775252756,0,0.06,1
2026-06-26 19:50:00,30.54,76.02000000000001,25.396667,85.137366,0.619999992,83.4666672,2.77866222,19,4,Friday,0,-0.060000000000002274,0.1600000000000108,-5.143332999999998,0,5.143332999999998,-9.11736599999999,0.060000000000002274,30.6,75.86,30.63333333333333,75.73666666666666,0.05548682616849942,0,0.07,1
2026-06-26 19:55:00,30.5,76.03999999999999,25.305000200000002,85.7112288,0.669999994,85.0499996,2.6329884800000003,19,4,Friday,0,-0.03999999999999915,0.01999999999998181,-5.194999799999998,0,5.194999799999998,-9.671228800000009,0.03999999999999915,30.54,76.02000000000001,30.616666666666664,75.77,0.06314965389730451,0,0.07,1
2026-06-26 20:00:00,30.5,76.22,25.240000000000002,86.1608262,0.679999994,85.6666672,2.59232166,20,4,Friday,0,0.0,0.18000000000000682,-5.259999999999998,0,5.259999999999998,-9.940826200000004,-0.0,30.5,76.03999999999999,30.599999999999998,75.815,0.06550503103109617,0,0.07,0
2026-06-26 20:05:00,30.5,76.4,25.2150002,86.4240188,0.63,84.8333328,2.70916536,20,4,Friday,0,0.0,0.18000000000000682,-5.284999800000001,0,5.284999800000001,-10.024018799999993,-0.0,30.5,76.22,30.583333333333332,75.88166666666667,0.06314965389738696,0,0.08,0
2026-06-26 20:10:00,30.5,76.42,25.19,86.68721000000001,0.579999992,84.0,2.82600898,20,4,Friday,0,0.0,0.01999999999999602,-5.309999999999999,0,5.309999999999999,-10.267210000000006,-0.0,30.5,76.4,30.566666666666666,75.94333333333333,0.05548682616868624,0,0.08,0
2026-06-26 20:15:00,30.5,76.55999999999999,25.165,86.9504012,0.529999992,83.1666672,2.9428527,20,4,Friday,0,0.0,0.13999999999998636,-5.335000000000001,0,5.335000000000001,-10.390401200000014,-0.0,30.5,76.42,30.55333333333333,76.025,0.049969687776289455,0,0.07,0
2026-06-26 20:20:00,30.439999999999998,76.6,25.1400002,87.213594,0.47999999199999993,82.3333328,3.0596962999999997,20,4,Friday,0,-0.060000000000002274,0.04000000000000625,-5.299999799999998,0,5.299999799999998,-10.613594000000006,0.060000000000002274,30.5,76.55999999999999,30.539999999999996,76.10666666666667,0.05720775535031487,0,0.14,0
2026-06-26 20:25:00,30.4,76.58,25.115000000000002,87.4767852,0.43,81.5,3.17653996,20,4,Friday,0,-0.03999999999999915,-0.01999999999999602,-5.284999999999997,0,5.284999999999997,-10.896785199999997,0.03999999999999915,30.439999999999998,76.6,30.523333333333337,76.185,0.06651497894265367,0,0.15,0
2026-06-26 20:30:00,30.4,76.53999999999999,25.0900004,87.739978,0.379999996,80.6666672,3.2933836399999996,20,4,Friday,0,0.0,-0.04000000000000625,-5.309999599999998,0,5.309999599999998,-11.199978000000002,-0.0,30.4,76.58,30.506666666666664,76.24833333333332,0.07049607768664352,0,0.16,0
2026-06-26 20:35:00,30.4,76.56,25.0650002,88.00317,0.329999996,79.8333328,3.4102273,20,4,Friday,0,0.0,0.020000000000010232,-5.3349997999999985,0,5.3349997999999985,-11.443169999999995,-0.0,30.4,76.53999999999999,30.49,76.30499999999999,0.07006490497103558,0,0.16,0
2026-06-26 20:40:00,30.4,76.66,25.0400002,88.266361,0.27999999999999997,79.0,3.5270709599999996,20,4,Friday,0,0.0,0.09999999999999432,-5.359999799999997,0,5.359999799999997,-11.606361000000007,-0.0,30.4,76.56,30.473333333333333,76.37166666666666,0.06513389472416464,0,0.15,0
2026-06-26 20:45:00,30.4,76.76,25.015000800000003,88.52955399999999,0.22999999999999998,78.1666672,3.6439146,20,4,Friday,0,0.0,0.10000000000000853,-5.384999199999996,0,5.384999199999996,-11.769553999999985,-0.0,30.4,76.66,30.456666666666663,76.44666666666666,0.05449492608689654,0,0.15,0
2026-06-26 20:50:00,30.4,76.8,24.9900002,88.7927462,0.18,77.3333328,3.7607582600000002,20,4,Friday,0,0.0,0.03999999999999204,-5.409999799999998,0,5.409999799999998,-11.9927462,-0.0,30.4,76.76,30.445000000000004,76.51166666666667,0.049817850027285455,0,0.15,0
2026-06-26 20:55:00,30.4,76.88,24.9650004,89.055938,0.130000001,76.5,3.87760192,20,4,Friday,0,0.0,0.0799999999999983,-5.434999599999998,0,5.434999599999998,-12.175938000000002,-0.0,30.4,76.8,30.436666666666667,76.58166666666666,0.04811602139284759,0,0.15,0
2026-06-26 21:00:00,30.4,76.92,24.931666999999997,89.3506168,0.0966666688,74.4333348,3.9109860999999997,21,4,Friday,0,0.0,0.04000000000000625,-5.468333000000001,0,5.468333000000001,-12.430616799999996,-0.0,30.4,76.88,30.42833333333333,76.64,0.04468746688387794,0,0.15,0
2026-06-26 21:05:00,30.4,76.94000000000001,24.8858336,89.6925202,0.0883333332,70.5166672,3.8191812599999997,21,4,Friday,0,0.0,0.020000000000010232,-5.514166399999997,0,5.514166399999997,-12.752520199999992,-0.0,30.4,76.92,30.42,76.685,0.03908033683072945,0,0.19,0
2026-06-26 21:10:00,30.4,76.94000000000001,24.8400002,90.0344292,0.0800000012,66.599998,3.72737642,21,4,Friday,0,0.0,0.0,-5.5599998,0,5.5599998,-13.094429199999993,-0.0,30.4,76.94000000000001,30.411666666666665,76.72833333333334,0.030100840612742187,0,0.2,0
2026-06-26 21:15:00,30.380000000000003,77.03999999999999,24.7941666,90.376335,0.071666668,62.68333320000001,3.63557152,21,4,Friday,0,-0.01999999999999602,0.0999999999999801,-5.585833400000002,0,5.585833400000002,-13.336335000000005,0.01999999999999602,30.4,76.94000000000001,30.401666666666667,76.76833333333333,0.01337115845108653,0,0.21,0
2026-06-26 21:20:00,30.3,76.88,24.748333,90.7182408,0.0633333338,58.7666664,3.54376668,21,4,Friday,0,-0.08000000000000185,-0.1599999999999966,-5.551667000000002,0,5.551667000000002,-13.838240800000008,0.08000000000000185,30.380000000000003,77.03999999999999,30.39,76.79166666666667,0.028919952211292937,0,0.22,0
2026-06-26 21:25:00,30.3,76.72,24.7024996,91.0601502,0.055000001,54.8500004,3.4519618199999997,21,4,Friday,0,0.0,-0.1599999999999966,-5.597500400000001,0,5.597500400000001,-14.340150199999997,-0.0,30.3,76.88,30.381666666666664,76.80333333333333,0.03857303186711146,0,0.19,0
2026-06-26 21:30:00,30.3,76.78,24.6566674,91.40205399999999,0.0466666672,50.9333332,3.3601568399999997,21,4,Friday,0,0.0,0.060000000000002274,-5.643332600000001,0,5.643332600000001,-14.622053999999991,-0.0,30.3,76.72,30.373333333333335,76.82333333333334,0.04458563431671451,0,0.13,0
2026-06-26 21:35:00,30.3,76.9,24.6108338,91.743963,0.038333334399999995,47.0166664,3.268352,21,4,Friday,0,0.0,0.12000000000000455,-5.689166199999999,0,5.689166199999999,-14.843962999999988,-0.0,30.3,76.78,30.365,76.85166666666667,0.048335945588260196,0,0.12,0
2026-06-26 21:40:00,30.3,77.08,24.5650004,92.0858688,0.0300000006,43.1000004,3.17654706,21,4,Friday,0,0.0,0.1799999999999926,-5.734999600000002,0,5.734999600000002,-15.005868800000002,-0.0,30.3,76.9,30.356666666666666,76.88666666666667,0.05033222956400377,0,0.12,0
2026-06-26 21:45:00,30.3,77.05999999999999,24.519167000000003,92.4277782,0.021666666600000002,39.1833332,3.08474228,21,4,Friday,0,0.0,-0.020000000000010232,-5.780832999999998,0,5.780832999999998,-15.367778200000018,-0.0,30.3,77.08,30.348333333333333,76.91166666666668,0.05078176718410621,0,0.12,0
2026-06-26 21:50:00,30.3,77.05999999999999,24.4733334,92.76968400000001,0.013333333999999999,35.2666664,2.99293738,21,4,Friday,0,0.0,0.0,-5.826666599999999,0,5.826666599999999,-15.709684000000024,-0.0,30.3,77.05999999999999,30.34,76.93333333333332,0.049726524836175935,0,0.13,0
2026-06-26 21:55:00,30.3,77.0,24.427499599999997,93.11158900000001,0.00500000022,31.350000799999997,2.90113252,21,4,Friday,0,0.0,-0.05999999999998806,-5.872500400000003,0,5.872500400000003,-16.11158900000001,-0.0,30.3,77.05999999999999,30.331666666666667,76.94333333333333,0.04706539614950366,0,0.13,0
2026-06-26 22:00:00,30.3,76.97999999999999,24.4049998,93.279634,0.0,28.9333332,2.84958852,22,4,Friday,0,0.0,-0.020000000000010232,-5.895000200000002,0,5.895000200000002,-16.29963400000001,-0.0,30.3,77.0,30.323333333333334,76.94833333333334,0.0424977717724291,0,0.13,0
2026-06-26 22:05:00,30.3,77.1,24.417499600000003,93.18688,0.0,28.766666800000003,2.85843606,22,4,Friday,0,0.0,0.12000000000000455,-5.882500399999998,0,5.882500399999998,-16.086880000000008,-0.0,30.3,76.97999999999999,30.314999999999998,76.96166666666666,0.035290998073419434,0,0.17,0
2026-06-26 22:10:00,30.26,77.26,24.429999799999997,93.09412599999999,0.0,28.6,2.86728352,22,4,Friday,0,-0.03999999999999915,0.1600000000000108,-5.830000200000004,0,5.830000200000004,-15.834125999999983,0.03999999999999915,30.3,77.1,30.30333333333333,76.98833333333333,0.026742316928770833,0,0.18,0
2026-06-26 22:15:00,30.2,77.4,24.4424998,93.00137099999999,0.0,28.4333332,2.8761310399999998,22,4,Friday,0,-0.060000000000002274,0.14000000000000057,-5.757500199999999,0,5.757500199999999,-15.601370999999986,0.060000000000002274,30.26,77.26,30.288333333333338,77.01833333333333,0.030100840613389725,0,0.18,0
2026-06-26 22:20:00,30.22,77.52000000000001,24.4549996,92.908617,0.0,28.266666800000003,2.8849785,22,4,Friday,0,0.019999999999999574,0.12000000000000455,-5.765000399999998,0,5.765000399999998,-15.388616999999996,-0.019999999999999574,30.2,77.4,30.281666666666666,77.07166666666666,0.03563280748511375,0,0.17,0
2026-06-26 22:25:00,30.2,77.53999999999999,24.4674998,92.81586300000001,0.0,28.1,2.8938260199999997,22,4,Friday,0,-0.019999999999999574,0.01999999999998181,-5.7325002000000005,0,5.7325002000000005,-15.275863000000015,0.019999999999999574,30.22,77.52000000000001,30.27333333333333,77.14,0.04206776639273616,0,0.14,0
2026-06-26 22:30:00,30.2,77.64,24.4799992,92.7231108,0.0,27.9333332,2.90267354,22,4,Friday,0,0.0,0.10000000000000853,-5.7200007999999976,0,5.7200007999999976,-15.0831108,-0.0,30.2,77.53999999999999,30.265,77.21166666666667,0.04602370930033048,0,0.14,0
2026-06-26 22:35:00,30.2,77.8,24.492499799999997,92.630358,0.0,27.766666800000003,2.91152098,22,4,Friday,0,0.0,0.1599999999999966,-5.707500200000002,0,5.707500200000002,-14.830358000000004,-0.0,30.2,77.64,30.25666666666667,77.28666666666666,0.04811602139343702,0,0.14,0
2026-06-26 22:40:00,30.2,77.67999999999999,24.5049998,92.537603,0.0,27.6,2.9203685,22,4,Friday,0,0.0,-0.12000000000000455,-5.695000199999999,0,5.695000199999999,-14.857603000000012,-0.0,30.2,77.8,30.248333333333335,77.33666666666666,0.048586068581342456,0,0.14,0
2026-06-26 22:45:00,30.2,77.8,24.5174996,92.444849,0.0,27.4333332,2.9292160199999997,22,4,Friday,0,0.0,0.12000000000000455,-5.682500399999999,0,5.682500399999999,-14.644849000000008,-0.0,30.2,77.67999999999999,30.24,77.39833333333333,0.04748205402184067,0,0.14,0
2026-06-26 22:50:00,30.2,77.7,24.5299998,92.35209499999999,0.0,27.266666800000003,2.9380634800000003,22,4,Friday,0,0.0,-0.09999999999999432,-5.6700002000000005,0,5.6700002000000005,-14.652094999999989,-0.0,30.2,77.8,30.231666666666666,77.45166666666667,0.044687466884574,0,0.14,0
2026-06-26 22:55:00,30.18,77.58,24.5424992,92.25934,0.0,27.1,2.946911,22,4,Friday,0,-0.019999999999999574,-0.12000000000000455,-5.637500799999998,0,5.637500799999998,-14.679339999999996,0.019999999999999574,30.2,77.7,30.221666666666664,77.5,0.04130448650756893,0,0.17,0
2026-06-26 23:00:00,30.139999999999997,77.5,24.5849996,92.0789118,0.0,28.9,3.0257307399999998,23,4,Friday,0,-0.0400000000000027,-0.0799999999999983,-5.555000399999997,0,5.555000399999997,-14.5789118,0.0400000000000027,30.18,77.58,30.208333333333332,77.54333333333334,0.0395045068340766,0,0.17,0
2026-06-26 23:05:00,30.160000000000004,77.6,24.672499,91.766967,0.0,33.65,3.2095089800000003,23,4,Friday,0,0.02000000000000668,0.09999999999999432,-5.487501000000005,0,5.487501000000005,-14.166967,-0.02000000000000668,30.139999999999997,77.5,30.19666666666667,77.585,0.02933608801812667,0,0.21,0
2026-06-26 23:10:00,30.1,77.62,24.7599996,91.45501920000001,0.0,38.4,3.3932870800000003,23,4,Friday,0,-0.060000000000002274,0.020000000000010232,-5.340000400000001,0,5.340000400000001,-13.835019200000005,0.060000000000002274,30.160000000000004,77.6,30.183333333333337,77.615,0.03393398224671837,0,0.2,0
2026-06-26 23:15:00,30.1,77.78,24.8475,91.1430718,0.0,43.15,3.5770652400000005,23,4,Friday,0,0.0,0.1599999999999966,-5.252500000000001,0,5.252500000000001,-13.3630718,-0.0,30.1,77.62,30.174999999999997,77.64666666666666,0.041009976608457795,0,0.18,0
2026-06-26 23:20:00,30.1,77.84,24.935,90.831125,0.0,47.9,3.7608434,23,4,Friday,0,0.0,0.060000000000002274,-5.165000000000003,0,5.165000000000003,-12.991124999999997,-0.0,30.1,77.78,30.165000000000003,77.67333333333333,0.04358898943094785,0,0.16,0
2026-06-26 23:25:00,30.1,77.97999999999999,25.0224996,90.51917920000001,0.0,52.65,3.9446215600000003,23,4,Friday,0,0.0,0.13999999999998636,-5.077500400000002,0,5.077500400000002,-12.53917920000002,-0.0,30.1,77.84,30.156666666666666,77.71,0.045792681692424064,0,0.16,0
2026-06-26 23:30:00,30.1,78.16,25.11,90.207236,0.0,57.4,4.12839988,23,4,Friday,0,0.0,0.18000000000000682,-4.990000000000002,0,4.990000000000002,-12.047235999999998,-0.0,30.1,77.97999999999999,30.14833333333333,77.75333333333333,0.046286328889218714,0,0.15,0
2026-06-26 23:35:00,30.1,78.34,25.1975,89.895289,0.0,62.15,4.3121779,23,4,Friday,0,0.0,0.18000000000000682,-4.9025,0,4.9025,-11.555289000000002,-0.0,30.1,78.16,30.14,77.79833333333333,0.045126085981204274,0,0.15,0
2026-06-26 23:40:00,30.1,78.42,25.285,89.58334099999999,0.0,66.9,4.49595608,23,4,Friday,0,0.0,0.0799999999999983,-4.815000000000001,0,4.815000000000001,-11.163340999999988,-0.0,30.1,78.34,30.131666666666664,77.86,0.0421756787545855,0,0.16,0
2026-06-26 23:45:00,30.1,78.26,25.3725,89.271394,0.0,71.65,4.67973422,23,4,Friday,0,0.0,-0.1599999999999966,-4.727500000000003,0,4.727500000000003,-11.011393999999996,-0.0,30.1,78.42,30.123333333333335,77.89833333333333,0.037009417305894104,0,0.19,0
2026-06-26 23:50:00,30.1,78.3,25.460000400000002,88.95944899999999,0.0,76.4,4.86351242,23,4,Friday,0,0.0,0.03999999999999204,-4.6399995999999994,0,4.6399995999999994,-10.659448999999995,-0.0,30.1,78.26,30.115000000000006,77.94833333333334,0.028444523351930137,0,0.19,0
2026-06-26 23:55:00,30.1,78.26,25.5475,88.64750000000001,0.0,81.15,5.047290680000001,23,4,Friday,0,0.0,-0.03999999999999204,-4.552500000000002,0,4.552500000000002,-10.387500000000003,-0.0,30.1,78.3,30.108333333333334,78.005,0.019924098388621702,0,0.2,0
2026-06-27 00:00:00,30.060000000000002,78.26,25.6766668,88.1816592,0.0,82.5,5.099796700000001,0,5,Saturday,1,-0.03999999999999915,0.0,-4.383333200000003,0,4.383333200000003,-9.921659199999993,0.03999999999999915,30.1,78.26,30.10166666666667,78.06833333333334,0.021672493380525647,0,0.31,0
2026-06-27 00:05:00,30.04,78.16,25.868333999999997,87.48497,0.0,78.75,4.95539464,0,5,Saturday,1,-0.020000000000003126,-0.10000000000000853,-4.171666000000002,0,4.171666000000002,-9.324970000000008,0.020000000000003126,30.060000000000002,78.26,30.09166666666667,78.115,0.01992409838875656,0,0.28,0
2026-06-27 00:10:00,30.0,78.3,26.0600002,86.78828100000001,0.0,75.0,4.8109926199999995,0,5,Saturday,1,-0.03999999999999915,0.14000000000000057,-3.939999799999999,0,3.939999799999999,-8.488281000000015,0.03999999999999915,30.04,78.16,30.083333333333332,78.17166666666667,0.03284490643046088,0,0.27,0
2026-06-27 00:15:00,30.0,78.32000000000001,26.2516666,86.091593,0.0,71.25,4.6665906800000005,0,5,Saturday,1,0.0,0.020000000000010232,-3.7483334,0,3.7483334,-7.771592999999996,-0.0,30.0,78.3,30.075000000000003,78.21666666666667,0.0401134754008103,0,0.28,0
2026-06-27 00:20:00,30.0,78.38,26.4433334,85.394903,0.0,67.5,4.52218868,0,5,Saturday,1,0.0,0.05999999999998806,-3.5566666,0,3.5566666,-7.014903000000004,-0.0,30.0,78.32000000000001,30.066666666666666,78.26166666666667,0.04458563431781496,0,0.23,0
2026-06-27 00:25:00,30.0,78.44000000000001,26.635,84.6982142,0.0,63.75,4.3777866,0,5,Saturday,1,0.0,0.060000000000016485,-3.3649999999999984,0,3.3649999999999984,-6.258214199999983,-0.0,30.0,78.38,30.058333333333337,78.30000000000001,0.04706539615043399,0,0.17,0
2026-06-27 00:30:00,30.0,78.38,26.826666799999998,84.00152519999999,0.0,60.0,4.23338458,0,5,Saturday,1,0.0,-0.060000000000016485,-3.173333200000002,0,3.173333200000002,-5.621525199999994,-0.0,30.0,78.44000000000001,30.05,78.31833333333333,0.04786344210937522,0,0.12,0
2026-06-27 00:35:00,30.0,78.36,27.0183332,83.3048372,0.0,56.25,4.088982679999999,0,5,Saturday,1,0.0,-0.01999999999999602,-2.9816667999999993,0,2.9816667999999993,-4.944837199999995,-0.0,30.0,78.38,30.041666666666668,78.32000000000001,0.04706539615049043,0,0.09,0
2026-06-27 00:40:00,30.0,78.44000000000001,27.21,82.6081482,0.0,52.5,3.9445805800000002,0,5,Saturday,1,0.0,0.0800000000000125,-2.789999999999999,0,2.789999999999999,-4.16814819999999,-0.0,30.0,78.36,30.033333333333335,78.32166666666667,0.044585634317933796,0,0.07,0
2026-06-27 00:45:00,30.0,78.47999999999999,27.4016666,81.911458,0.0,48.75,3.8001786199999996,0,5,Saturday,1,0.0,0.03999999999997783,-2.5983334000000013,0,2.5983334000000013,-3.4314580000000063,-0.0,30.0,78.44000000000001,30.025000000000002,78.34,0.04011347540100823,0,0.09,0
2026-06-27 00:50:00,29.96,78.53999999999999,27.593332800000002,81.214772,0.0,45.0,3.65577658,0,5,Saturday,1,-0.03999999999999915,0.060000000000002274,-2.3666671999999984,0,2.3666671999999984,-2.6747720000000044,0.03999999999999915,30.0,78.47999999999999,30.013333333333332,78.36,0.036514837162357,0,0.11,0
2026-06-27 00:55:00,29.919999999999998,78.55999999999999,27.7849996,80.5180792,0.0,41.25,3.5113745800000005,0,5,Saturday,1,-0.0400000000000027,0.01999999999999602,-2.135000399999999,0,2.135000399999999,-1.9580792000000145,0.0400000000000027,29.96,78.53999999999999,29.998333333333335,78.38499999999999,0.034597249842070674,0,0.11,0
2026-06-27 01:00:00,29.9,78.66,27.9649996,79.5952872,0.0,38.8333336,3.47033798,1,5,Saturday,1,-0.019999999999999574,0.10000000000000853,-1.9350003999999998,0,1.9350003999999998,-0.9352872000000048,0.019999999999999574,29.919999999999998,78.55999999999999,29.985,78.41833333333334,0.039196474790889585,0,0.1,0
2026-06-27 01:05:00,29.9,78.66,28.127499999999998,78.333332,0.0,38.4166664,3.5843493000000004,1,5,Saturday,1,0.0,0.0,-1.7725000000000009,0,1.7725000000000009,0.32666799999999796,-0.0,29.9,78.66,29.973333333333333,78.46,0.04206776639387787,0,0.21,0
2026-06-27 01:10:00,29.9,78.7,28.289999799999997,77.0713838,0.0,38.0,3.69836062,1,5,Saturday,1,0.0,0.04000000000000625,-1.6100002000000018,0,1.6100002000000018,1.6286161999999962,-0.0,29.9,78.66,29.965,78.49333333333334,0.04602370930137404,0,0.22,0
2026-06-27 01:15:00,29.9,78.78,28.452499999999997,75.80942999999999,0.0,37.5833336,3.81237196,1,5,Saturday,1,0.0,0.0799999999999983,-1.4475000000000016,0,1.4475000000000016,2.9705700000000093,-0.0,29.9,78.7,29.956666666666663,78.53166666666667,0.04811602139443521,0,0.22,0
2026-06-27 01:20:00,29.9,78.82000000000001,28.615,74.547478,0.0,37.1666664,3.92638336,1,5,Saturday,1,0.0,0.04000000000000625,-1.2850000000000001,0,1.2850000000000001,4.272522000000009,-0.0,29.9,78.78,29.948333333333334,78.56833333333333,0.048586068582330985,0,0.1,0
2026-06-27 01:25:00,29.9,78.88,28.777499999999996,73.285526,0.0,36.75,4.04039468,1,5,Saturday,1,0.0,0.05999999999998806,-1.1225000000000023,0,1.1225000000000023,5.594473999999991,-0.0,29.9,78.82000000000001,29.939999999999998,78.60499999999999,0.04748205402285219,0,0.1,0
2026-06-27 01:30:00,29.9,78.9,28.939999999999998,72.023573,0.0,36.3333336,4.1544061,1,5,Saturday,1,0.0,0.020000000000010232,-0.9600000000000009,0,0.9600000000000009,6.876427000000007,-0.0,29.9,78.88,29.93166666666667,78.64833333333333,0.04468746688564889,0,0.1,0
2026-06-27 01:35:00,29.9,78.96000000000001,29.1025,70.761621,0.0,35.9166664,4.26841736,1,5,Saturday,1,0.0,0.060000000000002274,-0.7974999999999994,0,0.7974999999999994,8.198379000000003,-0.0,29.9,78.9,29.923333333333332,78.69833333333334,0.03984819679192196,0,0.11,0
2026-06-27 01:40:00,29.839999999999996,78.96000000000001,29.264999999999997,69.49967000000001,0.0,35.5,4.38242874,1,5,Saturday,1,-0.060000000000002274,0.0,-0.5749999999999993,0,0.5749999999999993,9.460329999999999,0.060000000000002274,29.9,78.96000000000001,29.909999999999997,78.74166666666666,0.03861229196256523,0,0.13,0
2026-06-27 01:45:00,29.8,79.03999999999999,29.427500199999997,68.237717,0.0,35.0833336,4.49644004,1,5,Saturday,1,-0.039999999999995595,0.07999999999998408,-0.3724998000000035,0,0.3724998000000035,10.802282999999989,0.039999999999995595,29.839999999999996,78.96000000000001,29.89333333333333,78.78833333333333,0.03938927710956066,0,0.12,0
2026-06-27 01:50:00,29.8,79.03999999999999,29.589999999999996,66.975766,0.0,34.6666664,4.61045138,1,5,Saturday,1,0.0,0.0,-0.2100000000000044,0,0.2100000000000044,12.064233999999999,-0.0,29.8,79.03999999999999,29.88,78.83,0.04177863742581099,0,0.12,0
2026-06-27 01:55:00,29.8,79.1,29.752500400000002,65.7138132,0.0,34.25,4.7244627800000005,1,5,Saturday,1,0.0,0.060000000000002274,-0.04749959999999831,0,0.04749959999999831,13.38618679999999,-0.0,29.8,79.03999999999999,29.87,78.875,0.04552721463513098,0,0.1,0
2026-06-27 02:00:00,29.8,79.16,29.889999999999997,64.675914,0.0,35.0666668,4.898806240000001,2,5,Saturday,1,0.0,0.060000000000002274,0.0899999999999963,0,-0.0899999999999963,14.48408599999999,-0.0,29.8,79.1,29.861666666666668,78.91666666666667,0.04858606858261677,0,0.1,0
2026-06-27 02:05:00,29.8,79.1,29.990000199999997,63.9740934,0.0,37.7333336,5.16364816,2,5,Saturday,1,0.0,-0.060000000000002274,0.1900001999999965,0,-0.1900001999999965,15.125906599999993,-0.0,29.8,79.16,29.853333333333328,78.95333333333333,0.049969687778502886,0,0.09,0
2026-06-27 02:10:00,29.8,79.16,30.0900002,63.272274200000005,0.0,40.3999996,5.42849002,2,5,Saturday,1,0.0,0.060000000000002274,0.29000019999999793,0,-0.29000019999999793,15.887725799999991,-0.0,29.8,79.1,29.845,78.99166666666667,0.049817850029203865,0,0.09,0
2026-06-27 02:15:00,29.8,79.17999999999999,30.189999999999998,62.570454,0.0,43.0666668,5.69333182,2,5,Saturday,1,0.0,0.01999999999999602,0.389999999999997,0,-0.389999999999997,16.609545999999995,-0.0,29.8,79.16,29.83666666666667,79.02499999999999,0.048116021394835826,0,0.09,0
2026-06-27 02:20:00,29.8,79.3,30.29,61.8686338,0.0,45.7333336,5.958173820000001,2,5,Saturday,1,0.0,0.12000000000000455,0.48999999999999844,0,-0.48999999999999844,17.4313662,-0.0,29.8,79.17999999999999,29.828333333333333,79.065,0.04468746688602059,0,0.09,0
2026-06-27 02:25:00,29.76,79.3,30.3899998,61.1668138,0.0,48.3999996,6.22301578,2,5,Saturday,1,-0.03999999999999915,0.0,0.6299997999999967,0,-0.6299997999999967,18.133186199999997,0.03999999999999915,29.8,79.3,29.816666666666666,79.10000000000001,0.04249777177433995,0,0.08,0
2026-06-27 02:30:00,29.72,79.34,30.4899998,60.4649936,0.0,51.0666668,6.487857579999999,2,5,Saturday,1,-0.0400000000000027,0.04000000000000625,0.7699998000000008,0,-0.7699998000000008,18.875006400000004,0.0400000000000027,29.76,79.3,29.801666666666666,79.13666666666666,0.04217567875584311,0,0.08,0
2026-06-27 02:35:00,29.7,79.3,30.589999999999996,59.7631736,0.0,53.7333336,6.752699559999999,2,5,Saturday,1,-0.019999999999999574,-0.04000000000000625,0.889999999999997,0,-0.889999999999997,19.536826399999995,0.019999999999999574,29.72,79.34,29.785,79.165,0.039196474791711886,0,0.1,0
2026-06-27 02:40:00,29.7,79.28,30.6899998,59.06135400000001,0.0,56.3999996,7.01754136,2,5,Saturday,1,0.0,-0.01999999999999602,0.9899997999999997,0,-0.9899997999999997,20.218645999999993,-0.0,29.7,79.3,29.773333333333337,79.19166666666666,0.042067766394646,0,0.08,0
2026-06-27 02:45:00,29.68,79.32000000000001,30.789999799999997,58.359533799999994,0.0,59.06666679999999,7.282383179999999,2,5,Saturday,1,-0.019999999999999574,0.04000000000000625,1.109999799999997,0,-1.109999799999997,20.960466200000013,0.019999999999999574,29.7,79.28,29.763333333333335,79.215,0.04886592665262334,0,0.08,0
2026-06-27 02:50:00,29.68,79.36,30.8899994,57.6577136,0.0,61.7333336,7.5472251,2,5,Saturday,1,0.0,0.03999999999999204,1.209999400000001,0,-1.209999400000001,21.7022864,-0.0,29.68,79.32000000000001,29.753333333333334,79.24166666666666,0.05280036730575629,0,0.07,0
2026-06-27 02:55:00,29.68,79.34,30.9899992,56.9558934,0.0,64.4000002,7.8120669199999995,2,5,Saturday,1,0.0,-0.01999999999999602,1.3099992,0,-1.3099992,22.384106600000003,-0.0,29.68,79.36,29.74333333333333,79.26166666666667,0.054494926088987136,0,0.07,0
2026-06-27 03:00:00,29.68,79.28,31.0666658,56.49317979999999,0.00333333342,67.0333332,7.98127298,3,5,Saturday,1,0.0,-0.060000000000002274,1.3866657999999994,0,-1.3866657999999994,22.786820200000008,-0.0,29.68,79.34,29.73333333333333,79.27166666666666,0.054160256028602166,0,0.07,0
2026-06-27 03:05:00,29.68,79.32000000000001,31.108332400000002,56.3891252,0.0116666672,69.61666720000001,8.0070254,3,5,Saturday,1,0.0,0.04000000000000625,1.4283324000000022,0,-1.4283324000000022,22.930874800000005,-0.0,29.68,79.28,29.723333333333333,79.29,0.05175700801380873,0,0.07,0
2026-06-27 03:10:00,29.660000000000004,79.38000000000001,31.1499996,56.285069199999995,0.0200000002,72.1999996,8.0327774,3,5,Saturday,1,-0.01999999999999602,0.060000000000002274,1.4899995999999973,0,-1.4899995999999973,23.094930800000014,0.01999999999999602,29.68,79.32000000000001,29.71166666666667,79.30833333333332,0.04858606858311641,0,0.08,0
2026-06-27 03:15:00,29.639999999999997,79.36,31.1916658,56.18101420000001,0.0283333336,74.7833332,8.0585299,3,5,Saturday,1,-0.02000000000000668,-0.020000000000010232,1.551665800000002,0,-1.551665800000002,23.178985799999992,0.02000000000000668,29.660000000000004,79.38000000000001,29.698333333333334,79.32333333333334,0.043866187707662936,0,0.08,0
2026-06-27 03:20:00,29.639999999999997,79.32000000000001,31.233332400000002,56.0769588,0.0366666678,77.36666720000001,8.0842823,3,5,Saturday,1,0.0,-0.03999999999999204,1.5933324000000049,0,-1.5933324000000049,23.243041200000008,-0.0,29.639999999999997,79.36,29.685,79.325,0.03316624790002239,0,0.1,0
2026-06-27 03:25:00,29.6,79.34,31.2749996,55.972902999999995,0.0450000008,79.9499996,8.1100346,3,5,Saturday,1,-0.039999999999995595,0.01999999999999602,1.6749995999999996,0,-1.6749995999999996,23.367097000000008,0.039999999999995595,29.639999999999997,79.32000000000001,29.671666666666667,79.32833333333333,0.03242707435593077,0,0.11,0
2026-06-27 03:30:00,29.6,79.34,31.3166658,55.8688496,0.053333334200000006,82.5333332,8.1357868,3,5,Saturday,1,0.0,0.0,1.7166657999999977,0,-1.7166657999999977,23.471150400000006,-0.0,29.6,79.34,29.661666666666672,79.32833333333333,0.03459724984363368,0,0.1,0
2026-06-27 03:35:00,29.6,79.34,31.358332400000002,55.76479379999999,0.061666666599999996,85.11666720000001,8.161539,3,5,Saturday,1,0.0,0.0,1.7583324000000005,0,-1.7583324000000005,23.57520620000001,-0.0,29.6,79.34,29.653333333333332,79.33166666666666,0.036514837163941063,0,0.1,0
2026-06-27 03:40:00,29.6,79.42,31.3999996,55.6607394,0.070000002,87.6999996,8.1872915,3,5,Saturday,1,0.0,0.0799999999999983,1.7999995999999996,0,-1.7999995999999996,23.759260600000005,-0.0,29.6,79.34,29.645,79.34333333333335,0.036306773720069345,0,0.12,0
2026-06-27 03:45:00,29.6,79.46000000000001,31.4416658,55.5566834,0.078333334,90.2833332,8.2130438,3,5,Saturday,1,0.0,0.04000000000000625,1.8416657999999977,0,-1.8416657999999977,23.90331660000001,-0.0,29.6,79.42,29.638333333333332,79.355,0.036639108097835764,0,0.11,0
2026-06-27 03:50:00,29.54,79.47999999999999,31.483332400000002,55.452628600000004,0.08666666640000001,92.86666720000001,8.2387958,3,5,Saturday,1,-0.060000000000002274,0.01999999999998181,1.9433324000000027,0,-1.9433324000000027,24.027371399999986,0.060000000000002274,29.6,79.46000000000001,29.626666666666665,79.365,0.04376244411519941,0,0.09,0
2026-06-27 03:55:00,29.560000000000002,79.46000000000001,31.5249996,55.3485724,0.09500000280000001,95.4499996,8.2645483,3,5,Saturday,1,0.020000000000003126,-0.01999999999998181,1.9649995999999987,0,-1.9649995999999987,24.111427600000006,-0.020000000000003126,29.54,79.47999999999999,29.61666666666667,79.37500000000001,0.044175956710668034,0,0.09,0
2026-06-27 04:00:00,29.560000000000002,79.46000000000001,31.5566664,55.3218528,0.1,96.9333348,8.2860636,4,5,Saturday,1,0.0,0.0,1.9966663999999987,0,-1.9966663999999987,24.138147200000006,-0.0,29.560000000000002,79.46000000000001,29.60666666666667,79.39,0.04206776639528017,0,0.14,0
2026-06-27 04:05:00,29.5,79.44000000000001,31.573332800000003,55.41113299999999,0.1,96.7666672,8.301223,4,5,Saturday,1,-0.060000000000002274,-0.01999999999999602,2.073332800000003,0,-2.073332800000003,24.02886700000002,0.060000000000002274,29.560000000000002,79.46000000000001,29.59166666666667,79.4,0.04549392233576597,0,0.29,0
2026-06-27 04:10:00,29.5,79.44,31.5899992,55.500414,0.1,96.599998,8.3163826,4,5,Saturday,1,0.0,-1.4210854715202004e-14,2.089999200000001,0,-2.089999200000001,23.939586,-0.0,29.5,79.44000000000001,29.578333333333333,79.40500000000002,0.04706539615207197,0,0.29,0
2026-06-27 04:15:00,29.5,79.38,31.606666,55.5896938,0.1,96.4333348,8.331542,4,5,Saturday,1,0.0,-0.060000000000002274,2.1066660000000006,0,-2.1066660000000006,23.790306199999996,-0.0,29.5,79.44,29.566666666666666,79.40666666666668,0.047736651313132136,0,0.29,0
2026-06-27 04:20:00,29.5,79.38000000000001,31.6233332,55.678973799999994,0.1,96.2666672,8.3467016,4,5,Saturday,1,0.0,1.4210854715202004e-14,2.123333200000001,0,-2.123333200000001,23.701026200000015,-0.0,29.5,79.38,29.555000000000003,79.41166666666668,0.045226701684535534,0,0.29,0
2026-06-27 04:25:00,29.48,79.44000000000001,31.6399994,55.7682548,0.1,96.099998,8.3618613,4,5,Saturday,1,-0.019999999999999574,0.060000000000002274,2.1599994000000002,0,-2.1599994000000002,23.67174520000001,0.019999999999999574,29.5,79.38000000000001,29.545,79.42,0.04757768766393514,0,0.29,0
2026-06-27 04:30:00,29.439999999999998,79.4,31.6566668,55.857535600000006,0.1,95.9333348,8.3770206,4,5,Saturday,1,-0.0400000000000027,-0.04000000000000625,2.2166668000000023,0,-2.2166668000000023,23.5424644,0.0400000000000027,29.48,79.44000000000001,29.53166666666667,79.42500000000001,0.052886384795943174,0,0.29,0
2026-06-27 04:35:00,29.4,79.36,31.673332800000004,55.9468158,0.1,95.7666672,8.3921802,4,5,Saturday,1,-0.03999999999999915,-0.04000000000000625,2.2733328000000057,0,-2.2733328000000057,23.413184199999996,0.03999999999999915,29.439999999999998,79.4,29.515,79.42666666666668,0.060377599697857456,0,0.65,0
2026-06-27 04:40:00,29.419999999999998,79.34,31.6899996,56.036095599999996,0.1,95.599998,8.4073399,4,5,Saturday,1,0.019999999999999574,-0.01999999999999602,2.269999600000002,0,-2.269999600000002,23.303904400000008,-0.019999999999999574,29.4,79.36,29.5,79.42,0.059696200578104916,0,0.42,0
2026-06-27 04:45:00,29.4,79.44000000000001,31.7066666,56.1253766,0.1,95.4333348,8.4224992,4,5,Saturday,1,-0.019999999999999574,0.10000000000000853,2.3066666,0,-2.3066666,23.31462340000001,0.019999999999999574,29.419999999999998,79.34,29.483333333333334,79.41833333333334,0.057101716790620906,0,0.61,0
2026-06-27 04:50:00,29.4,79.42,31.7233334,56.2146568,0.1,95.2666672,8.437659,4,5,Saturday,1,0.0,-0.020000000000010232,2.3233334000000028,0,-2.3233334000000028,23.2053432,-0.0,29.4,79.44000000000001,29.471666666666664,79.41333333333334,0.05874959703137566,0,0.6,0
2026-06-27 04:55:00,29.4,79.42,31.74,56.30393779999999,0.1,95.099998,8.4528182,4,5,Saturday,1,0.0,0.0,2.34,0,-2.34,23.11606220000001,-0.0,29.4,79.42,29.458333333333332,79.41000000000001,0.0549103953272015,0,0.6,0
2026-06-27 05:00:00,29.4,79.38000000000001,31.7916668,56.135674400000006,0.1,94.63333320000001,8.4449388,5,5,Saturday,1,0.0,-0.03999999999999204,2.391666800000003,0,-2.391666800000003,23.244325600000003,-0.0,29.4,79.42,29.444999999999997,79.40333333333334,0.04680714785960874,0,1.53,0
2026-06-27 05:05:00,29.4,79.32000000000001,31.8958332,55.5810968,0.1,93.7166672,8.4025011,5,5,Saturday,1,0.0,-0.060000000000002274,2.4958332,0,-2.4958332,23.73890320000001,-0.0,29.4,79.38000000000001,29.436666666666667,79.39333333333333,0.04499158170243849,0,2.1,0
2026-06-27 05:10:00,29.4,79.32000000000001,32.0,55.026520000000005,0.1,92.7999996,8.3600632,5,5,Saturday,1,0.0,0.0,2.6000000000000014,1,-2.6000000000000014,24.293480000000002,-0.0,29.4,79.32000000000001,29.42833333333333,79.38333333333334,0.041304486510644105,1,97.53,0
2026-06-27 05:15:00,29.380000000000003,79.3,32.1041664,54.471941,0.1,91.88333320000001,8.3176252,5,5,Saturday,1,-0.01999999999999602,-0.020000000000010232,2.7241663999999943,1,-2.7241663999999943,24.828058999999996,0.01999999999999602,29.4,79.32000000000001,29.418333333333333,79.37666666666667,0.036639108098788835,1,99.45,0
2026-06-27 05:20:00,29.360000000000003,79.32000000000001,32.2083336,53.9173632,0.1,90.9666672,8.2751875,5,5,Saturday,1,-0.019999999999999574,0.020000000000010232,2.8483336,1,-2.8483336,25.40263680000001,0.019999999999999574,29.380000000000003,79.3,29.406666666666666,79.37166666666667,0.029949452362670482,1,99.48,0
2026-06-27 05:25:00,29.32,79.38000000000001,32.3125,53.3627852,0.1,90.0499996,8.2327496,5,5,Saturday,1,-0.0400000000000027,0.060000000000002274,2.9924999999999997,1,-2.9924999999999997,26.017214800000012,0.0400000000000027,29.360000000000003,79.32000000000001,29.39333333333333,79.36666666666667,0.029949452362741047,1,99.5,0
2026-06-27 05:30:00,29.3,79.36,32.4166664,52.808208,0.1,89.13333320000001,8.1903116,5,5,Saturday,1,-0.019999999999999574,-0.020000000000010232,3.116666399999996,1,-3.116666399999996,26.551792,0.019999999999999574,29.32,79.38000000000001,29.381666666666664,79.36333333333333,0.03663910809894802,1,99.75,0
2026-06-27 05:35:00,29.3,79.34,32.5208336,52.2536298,0.1,88.2166672,8.1478738,5,5,Saturday,1,0.0,-0.01999999999999602,3.2208336000000024,1,-3.2208336000000024,27.086370200000005,-0.0,29.3,79.36,29.373333333333335,79.36166666666666,0.042923469597518034,1,99.75,0
2026-06-27 05:40:00,29.3,79.36,32.625,51.699051399999995,0.1,87.2999996,8.105436000000001,5,5,Saturday,1,0.0,0.01999999999999602,3.3249999999999993,1,-3.3249999999999993,27.660948600000005,-0.0,29.3,79.34,29.363333333333333,79.36333333333334,0.04499158170269722,1,99.75,0
2026-06-27 05:45:00,29.3,79.28,32.7291664,51.144473600000005,0.1,86.38333320000001,8.062997900000001,5,5,Saturday,1,0.0,-0.0799999999999983,3.429166399999996,1,-3.429166399999996,28.135526399999996,-0.0,29.3,79.36,29.355,79.35000000000001,0.04680714785991413,1,99.75,0
2026-06-27 05:50:00,29.3,79.26,32.8333336,50.58989699999999,0.1,85.4666672,8.020560399999999,5,5,Saturday,1,0.0,-0.01999999999999602,3.5333336000000024,1,-3.5333336000000024,28.67010300000001,-0.0,29.3,79.28,29.346666666666668,79.33666666666667,0.04696871944107179,1,99.75,0
2026-06-27 05:55:00,29.3,79.38000000000001,32.9375,50.035319,0.1,84.5499996,7.978122279999999,5,5,Saturday,1,0.0,0.12000000000000455,3.6374999999999993,1,-3.6374999999999993,29.34468100000001,-0.0,29.3,79.26,29.338333333333335,79.33333333333333,0.04549392233665098,1,99.75,0
2026-06-27 06:00:00,29.3,79.34,32.989999999999995,49.7726088,0.113333337,83.76666600000001,7.95116158,6,5,Saturday,1,0.0,-0.04000000000000625,3.689999999999994,1,-3.689999999999994,29.567391200000003,-0.0,29.3,79.38000000000001,29.330000000000002,79.33,0.042211588239453535,1,99.74,0
2026-06-27 06:05:00,29.3,79.34,32.964999999999996,49.947700600000005,0.146666668,83.18333279999999,7.94741624,6,5,Saturday,1,0.0,0.0,3.6649999999999956,1,-3.6649999999999956,29.3922994,-0.0,29.3,79.34,29.32166666666667,79.33166666666668,0.03663910809921452,1,99.74,0
2026-06-27 06:10:00,29.28,79.26,32.94,50.122792600000004,0.18,82.6000012,7.943671140000001,6,5,Saturday,1,-0.019999999999999574,-0.0799999999999983,3.6599999999999966,1,-3.6599999999999966,29.1372074,0.019999999999999574,29.3,79.34,29.311666666666667,79.32666666666667,0.02886751345748831,1,99.74,0
2026-06-27 06:15:00,29.22,79.17999999999999,32.9150004,50.297885199999996,0.213333334,82.01666600000001,7.93992614,6,5,Saturday,1,-0.060000000000002274,-0.0800000000000125,3.695000399999998,1,-3.695000399999998,28.882114799999997,0.060000000000002274,29.28,79.26,29.298333333333336,79.31666666666668,0.03128558579725067,1,99.74,0
2026-06-27 06:20:00,29.2,79.26,32.890000400000005,50.4729772,0.246666666,81.43333279999999,7.93618094,6,5,Saturday,1,-0.019999999999999574,0.0800000000000125,3.690000400000006,1,-3.690000400000006,28.787022800000003,0.019999999999999574,29.22,79.17999999999999,29.285,79.31166666666667,0.03630677372165306,1,99.74,0
2026-06-27 06:25:00,29.2,79.22,32.864999999999995,50.6480686,0.27999999999999997,80.8500012,7.93243586,6,5,Saturday,1,0.0,-0.04000000000000625,3.6649999999999956,1,-3.6649999999999956,28.571931399999997,-0.0,29.2,79.26,29.275000000000002,79.29833333333333,0.04188729466606981,1,99.74,0
2026-06-27 06:30:00,29.2,79.2,32.839999999999996,50.823161,0.31333332999999997,80.26666600000001,7.928690520000001,6,5,Saturday,1,0.0,-0.01999999999999602,3.639999999999997,1,-3.639999999999997,28.376839000000004,-0.0,29.2,79.22,29.266666666666666,79.28500000000001,0.04618802153408099,1,99.74,0
2026-06-27 06:35:00,29.2,79.28,32.815,50.9982524,0.346666664,79.68333279999999,7.924945460000001,6,5,Saturday,1,0.0,0.0799999999999983,3.6149999999999984,1,-3.6149999999999984,28.281747600000003,-0.0,29.2,79.2,29.25833333333333,79.28,0.048586068584607234,1,99.74,0
2026-06-27 06:40:00,29.2,79.28,32.7900004,51.1733454,0.380000002,79.1000012,7.92120024,6,5,Saturday,1,0.0,0.0,3.5900003999999974,1,-3.5900003999999974,28.1066546,-0.0,29.2,79.28,29.25,79.27333333333333,0.049359534400847484,1,99.74,0
2026-06-27 06:45:00,29.2,79.24,32.765000400000005,51.3484378,0.413333336,78.51666600000001,7.91745506,6,5,Saturday,1,0.0,-0.04000000000000625,3.565000400000006,1,-3.565000400000006,27.891562199999996,-0.0,29.2,79.28,29.24166666666667,79.27,0.04858606858466318,1,99.74,0
2026-06-27 06:50:00,29.18,79.24,32.739999999999995,51.523528999999996,0.44666667000000004,77.93333279999999,7.91371,6,5,Saturday,1,-0.019999999999999574,0.0,3.559999999999995,1,-3.559999999999995,27.716471,0.019999999999999574,29.2,79.24,29.23166666666667,79.26833333333333,0.04783177592134289,1,99.74,0
2026-06-27 06:55:00,29.2,79.22,32.7150004,51.6986218,0.48000000400000004,77.3500012,7.90996486,6,5,Saturday,1,0.019999999999999574,-0.01999999999999602,3.5150004000000017,1,-3.5150004000000017,27.5213782,-0.019999999999999574,29.18,79.24,29.223333333333333,79.25500000000001,0.043344986777034904,1,99.43,0
2026-06-27 07:00:00,29.2,79.2,32.681667,51.918988999999996,0.54666666,77.73333399999999,7.83622074,7,5,Saturday,1,0.0,-0.01999999999999602,3.481666999999998,1,-3.481666999999998,27.281011000000007,-0.0,29.2,79.22,29.215,79.24333333333333,0.03630677372196494,1,99.57,0
2026-06-27 07:05:00,29.160000000000004,79.17999999999999,32.6358336,52.2072724,0.663333346,79.56666720000001,7.65747878,7,5,Saturday,1,-0.039999999999995595,-0.020000000000010232,3.4758335999999943,1,-3.4758335999999943,26.972727599999992,0.039999999999995595,29.2,79.2,29.203333333333333,79.23,0.028069178609262734,1,99.57,0
2026-06-27 07:10:00,29.1,79.26,32.5900002,52.495556199999996,0.78,81.3999988,7.4787364400000005,7,5,Saturday,1,-0.060000000000002274,0.0800000000000125,3.490000199999997,1,-3.490000199999997,26.76444380000001,0.060000000000002274,29.160000000000004,79.17999999999999,29.188333333333333,79.23,0.03128558579781772,1,99.57,0
2026-06-27 07:15:00,29.1,79.16,32.5441666,52.783840399999995,0.8966666560000001,83.23333399999999,7.29999448,7,5,Saturday,1,0.0,-0.10000000000000853,3.4441665999999955,1,-3.4441665999999955,26.3761596,-0.0,29.1,79.26,29.17833333333333,79.22833333333334,0.038573031872108955,1,99.53,0
2026-06-27 07:20:00,29.139999999999997,79.08,32.498333,53.0721228,1.013333308,85.06666720000001,7.12125202,7,5,Saturday,1,0.039999999999995595,-0.0799999999999983,3.3583330000000053,1,-3.3583330000000053,26.007877199999996,-0.039999999999995595,29.1,79.16,29.173333333333332,79.21333333333334,0.03938927711249228,1,98.29,0
2026-06-27 07:25:00,29.119999999999997,79.11999999999999,32.452499599999996,53.3604066,1.13,86.8999988,6.94250996,7,5,Saturday,1,-0.019999999999999574,0.03999999999999204,3.3324995999999985,1,-3.3324995999999985,25.759593399999993,0.019999999999999574,29.139999999999997,79.08,29.166666666666668,79.205,0.04119429204272569,1,99.0,0
2026-06-27 07:30:00,29.1,79.0,32.4066696,53.64869160000001,1.2466666800000001,88.73333399999999,6.76376764,7,5,Saturday,1,-0.01999999999999602,-0.11999999999999034,3.3066695999999993,1,-3.3066695999999993,25.351308399999994,0.01999999999999602,29.119999999999997,79.11999999999999,29.15833333333333,79.18833333333333,0.043866187709632354,1,98.97,0
2026-06-27 07:35:00,29.139999999999997,78.97999999999999,32.3608364,53.9369744,1.36333332,90.56666720000001,6.585025880000001,7,5,Saturday,1,0.039999999999995595,-0.020000000000010232,3.2208363999999996,1,-3.2208363999999996,25.043025599999993,-0.039999999999995595,29.1,79.0,29.153333333333336,79.16333333333333,0.04206776639700323,1,96.98,0
2026-06-27 07:40:00,29.18,78.94000000000001,32.3150028,54.2252568,1.47999998,92.3999988,6.406283419999999,7,5,Saturday,1,0.0400000000000027,-0.03999999999997783,3.1350028000000023,1,-3.1350028000000023,24.714743200000015,-0.0400000000000027,29.139999999999997,78.97999999999999,29.151666666666667,79.135,0.040414518842486875,1,96.76,0
2026-06-27 07:45:00,29.2,78.86,32.269169,54.5135404,1.59666666,94.23333399999999,6.22754138,7,5,Saturday,1,0.019999999999999574,-0.0800000000000125,3.0691689999999987,1,-3.0691689999999987,24.346459600000003,-0.019999999999999574,29.18,78.94000000000001,29.151666666666667,79.10333333333334,0.040414518842486875,1,97.88,0
2026-06-27 07:50:00,29.339999999999996,78.53999999999999,32.223335399999996,54.8018234,1.7133333199999998,96.06666720000001,6.04879902,7,5,Saturday,1,0.13999999999999702,-0.3200000000000074,2.8833354,0,-2.8833354,23.73817659999999,-0.13999999999999702,29.2,78.86,29.164999999999996,79.045,0.06775624761482248,0,21.89,0
2026-06-27 07:55:00,29.560000000000002,77.88,32.177502000000004,55.0901062,1.8299999799999997,97.8999988,5.870057040000001,7,5,Saturday,1,0.22000000000000597,-0.6599999999999966,2.6175020000000018,0,-2.6175020000000018,22.789893799999994,-0.22000000000000597,29.339999999999996,78.53999999999999,29.194999999999997,78.93333333333332,0.13297299794221706,0,0.51,0
2026-06-27 08:00:00,29.660000000000004,77.53999999999999,32.1316676,55.292636200000004,1.8533333200000002,98.8,5.82878788,8,5,Saturday,1,0.10000000000000142,-0.3400000000000034,2.4716675999999964,0,-2.4716675999999964,22.247363799999988,-0.10000000000000142,29.560000000000002,77.88,29.233333333333334,78.795,0.1890326250498681,0,0.21,1
2026-06-27 08:05:00,29.8,77.17999999999999,32.0858342,55.366534200000004,1.7366666600000003,98.3,5.99372772,8,5,Saturday,1,0.13999999999999702,-0.35999999999999943,2.2858342,0,-2.2858342,21.81346579999999,-0.13999999999999702,29.660000000000004,77.53999999999999,29.286666666666665,78.62833333333333,0.24765567494654203,0,0.18,1
2026-06-27 08:10:00,29.96,76.67999999999999,32.0400006,55.44043320000001,1.61999998,97.8,6.1586678599999995,8,5,Saturday,1,0.16000000000000014,-0.5,2.080000599999998,0,-2.080000599999998,21.239566799999984,-0.16000000000000014,29.8,77.17999999999999,29.358333333333334,78.41333333333333,0.30623322464856667,0,0.17,1
2026-06-27 08:15:00,30.119999999999997,76.24,31.994166999999997,55.514331600000006,1.5033333199999999,97.3,6.323608,8,5,Saturday,1,0.1599999999999966,-0.4399999999999977,1.874167,0,-1.874167,20.72566839999999,-0.1599999999999966,29.96,76.67999999999999,29.44333333333333,78.17,0.36410121802809403,0,0.17,1
2026-06-27 08:20:00,30.26,75.92,31.9483336,55.5882308,1.38666666,96.8,6.488548,8,5,Saturday,1,0.14000000000000412,-0.3199999999999932,1.6883336,0,-1.6883336,20.331769200000004,-0.14000000000000412,30.119999999999997,76.24,29.536666666666665,77.90666666666665,0.41872823326490494,0,0.15,1
2026-06-27 08:25:00,30.380000000000003,75.67999999999999,31.9025002,55.662130000000005,1.27,96.3,6.653488060000001,8,5,Saturday,1,0.120000000000001,-0.2400000000000091,1.522500199999996,0,-1.522500199999996,20.017869999999988,-0.120000000000001,30.26,75.92,29.641666666666666,77.62,0.4606286876417603,0,0.18,1
2026-06-27 08:30:00,30.380000000000003,75.72,31.856668000000003,55.7360282,1.15333332,95.8,6.818428,8,5,Saturday,1,0.0,0.04000000000000625,1.476668,0,-1.476668,19.9839718,-0.0,30.380000000000003,75.67999999999999,29.748333333333335,77.34666666666666,0.47185963500946404,0,0.24,1
2026-06-27 08:35:00,30.339999999999996,75.96000000000001,31.8108348,55.80992679999999,1.03666666,95.3,6.9833682999999995,8,5,Saturday,1,-0.04000000000000625,0.2400000000000091,1.4708348000000022,0,-1.4708348000000022,20.150073200000016,0.04000000000000625,30.380000000000003,75.72,29.848333333333333,77.095,0.45817490374742237,0,0.22,1
2026-06-27 08:40:00,30.339999999999996,76.08,31.7650014,55.8838254,0.919999984,94.8,7.1483082,8,5,Saturday,1,0.0,0.11999999999999034,1.4250014000000029,0,-1.4250014000000029,20.1961746,-0.0,30.339999999999996,75.96000000000001,29.944999999999997,76.85666666666667,0.425558456618696,0,0.17,1
2026-06-27 08:45:00,30.4,76.1,31.719167600000002,55.9577238,0.8033333300000001,94.3,7.313248400000001,8,5,Saturday,1,0.060000000000002274,0.01999999999999602,1.3191676000000037,0,-1.3191676000000037,20.142276199999998,-0.060000000000002274,30.339999999999996,76.08,30.044999999999998,76.62666666666667,0.37222915717901617,0,0.13,1
2026-06-27 08:50:00,30.439999999999998,76.1,31.6733338,56.031622000000006,0.686666676,93.8,7.478188520000001,8,5,Saturday,1,0.03999999999999915,0.0,1.233333800000004,0,-1.233333800000004,20.06837799999999,-0.03999999999999915,30.4,76.1,30.136666666666667,76.42333333333333,0.31366842172508336,0,0.13,1
2026-06-27 08:55:00,30.5,75.96000000000001,31.627500400000002,56.1055212,0.57,93.3,7.64312848,8,5,Saturday,1,0.060000000000002274,-0.13999999999998636,1.1275004000000024,0,-1.1275004000000024,19.85447880000001,-0.060000000000002274,30.439999999999998,76.1,30.215,76.26333333333334,0.27104176129009766,0,0.07,1
2026-06-27 09:00:00,30.580000000000002,75.82000000000001,31.5783336,56.292733999999996,0.49333333799999995,92.9,7.706346999999999,9,5,Saturday,1,0.08000000000000185,-0.14000000000000057,0.9983335999999987,0,-0.9983335999999987,19.52726600000001,-0.08000000000000185,30.5,75.96000000000001,30.291666666666668,76.12,0.22618710409787945,0,0.06,1
2026-06-27 09:05:00,30.68,75.66,31.5241672,56.649917800000004,0.476666668,92.65,7.61698292,9,5,Saturday,1,0.09999999999999787,-0.1600000000000108,0.8441672000000011,0,-0.8441672000000011,19.010082199999992,-0.09999999999999787,30.580000000000002,75.82000000000001,30.365,75.99333333333333,0.1924247196355741,0,0.04,1
2026-06-27 09:10:00,30.72,75.46000000000001,31.470000399999996,57.007101399999996,0.460000008,92.4,7.5276184,9,5,Saturday,1,0.03999999999999915,-0.19999999999998863,0.7500003999999976,0,-0.7500003999999976,18.45289860000001,-0.03999999999999915,30.68,75.66,30.42833333333333,75.89166666666667,0.17087120792136654,0,0.04,1
2026-06-27 09:15:00,30.82,75.16,31.415833400000004,57.36428539999999,0.443333332,92.15,7.43825432,9,5,Saturday,1,0.10000000000000142,-0.30000000000001137,0.5958334000000036,0,-0.5958334000000036,17.795714600000004,-0.10000000000000142,30.72,75.46000000000001,30.486666666666665,75.80166666666666,0.17546475084015586,0,0.04,1
2026-06-27 09:20:00,30.9,74.86,31.3616672,57.721468,0.42666667799999997,91.9,7.348890299999999,9,5,Saturday,1,0.0799999999999983,-0.29999999999999716,0.46166720000000083,0,-0.46166720000000083,17.138531999999998,-0.0799999999999983,30.82,75.16,30.540000000000003,75.71333333333334,0.19632996344154233,0,0.04,1
2026-06-27 09:25:00,31.0,74.67999999999999,31.3075002,58.0786528,0.410000008,91.65,7.2595262599999995,9,5,Saturday,1,0.10000000000000142,-0.18000000000000682,0.3075001999999998,0,-0.3075001999999998,16.601347199999992,-0.10000000000000142,30.9,74.86,30.59166666666667,75.63,0.22922134333851044,0,0.04,1
2026-06-27 09:30:00,31.04,74.58,31.2533342,58.43583640000001,0.39333334999999997,91.4,7.1701618400000005,9,5,Saturday,1,0.03999999999999915,-0.09999999999999432,0.21333420000000203,0,-0.21333420000000203,16.14416359999999,-0.03999999999999915,31.0,74.67999999999999,30.646666666666665,75.53500000000001,0.2518777962463039,0,0.05,1
2026-06-27 09:35:00,31.119999999999997,74.46000000000001,31.1991674,58.7930204,0.37666666600000004,91.15,7.0807977,9,5,Saturday,1,0.0799999999999983,-0.11999999999999034,0.07916740000000289,0,-0.07916740000000289,15.666979600000005,-0.0799999999999983,31.04,74.58,30.711666666666662,75.41000000000001,0.2658035273486134,0,0.04,1
2026-06-27 09:40:00,31.2,74.3,31.145000800000002,59.15020400000001,0.360000008,90.9,6.9914336399999994,9,5,Saturday,1,0.08000000000000185,-0.1600000000000108,-0.05499919999999747,0,0.05499919999999747,15.149795999999988,-0.08000000000000185,31.119999999999997,74.46000000000001,30.78333333333333,75.26166666666667,0.27234114079427035,0,0.04,1
2026-06-27 09:45:00,31.24,74.22,31.090834,59.507387200000004,0.34333333600000004,90.65,6.902069559999999,9,5,Saturday,1,0.03999999999999915,-0.0799999999999983,-0.14916599999999747,0,0.14916599999999747,14.712612799999995,-0.03999999999999915,31.2,74.3,30.853333333333335,75.105,0.27280806883897013,0,0.05,1
2026-06-27 09:50:00,31.3,74.0,31.036667,59.864572599999995,0.326666678,90.4,6.81270502,9,5,Saturday,1,0.060000000000002274,-0.21999999999999886,-0.2633329999999994,0,0.2633329999999994,14.135427400000005,-0.060000000000002274,31.24,74.22,30.925,74.93,0.267258812252574,0,0.05,1
2026-06-27 09:55:00,31.339999999999996,73.76,30.982501000000003,60.22175560000001,0.31,90.15,6.723341,9,5,Saturday,1,0.039999999999995595,-0.23999999999999488,-0.35749899999999357,0,0.35749899999999357,13.538244399999996,-0.039999999999995595,31.3,74.0,30.995,74.74666666666667,0.2555742197827167,0,0.05,1
2026-06-27 10:00:00,31.439999999999998,73.52000000000001,30.913333599999998,60.7496658,0.290000014,89.6666672,6.55900496,10,5,Saturday,1,0.10000000000000142,-0.23999999999999488,-0.5266663999999999,0,0.5266663999999999,12.770334200000008,-0.10000000000000142,31.339999999999996,73.76,31.066666666666663,74.55499999999999,0.24911966213036543,0,0.04,1
2026-06-27 10:05:00,31.5,73.1,30.821666800000003,61.533666200000006,0.265000008,88.8333328,6.28221086,10,5,Saturday,1,0.060000000000002274,-0.4200000000000159,-0.6783331999999973,0,0.6783331999999973,11.566333799999988,-0.060000000000002274,31.439999999999998,73.52000000000001,31.134999999999994,74.34166666666667,0.24585657311688042,0,0.05,1
2026-06-27 10:10:00,31.6,72.7,30.730000999999998,62.31766699999999,0.24000000400000002,88.0,6.00541676,10,5,Saturday,1,0.10000000000000142,-0.3999999999999915,-0.8699990000000035,0,0.8699990000000035,10.38233300000001,-0.10000000000000142,31.5,73.1,31.208333333333332,74.11166666666666,0.24203055153861883,0,0.04,1
2026-06-27 10:15:00,31.619999999999997,72.38,30.638333999999997,63.101667199999994,0.215000008,87.1666672,5.72862254,10,5,Saturday,1,0.01999999999999602,-0.3200000000000074,-0.9816660000000006,0,0.9816660000000006,9.278332800000001,-0.01999999999999602,31.6,72.7,31.275000000000002,73.88,0.23542997414635497,0,0.05,1
2026-06-27 10:20:00,31.7,72.02000000000001,30.546667000000003,63.885666,0.190000004,86.3333328,5.4518284999999995,10,5,Saturday,1,0.08000000000000185,-0.3599999999999852,-1.1533329999999964,0,1.1533329999999964,8.13433400000001,-0.08000000000000185,31.619999999999997,72.38,31.341666666666665,73.64333333333333,0.23284147292613622,0,0.04,1
2026-06-27 10:25:00,31.72,71.58,30.454999800000003,64.6696688,0.165000004,85.5,5.1750345,10,5,Saturday,1,0.019999999999999574,-0.44000000000001194,-1.2650001999999958,0,1.2650001999999958,6.910331200000002,-0.019999999999999574,31.7,72.02000000000001,31.40166666666666,73.385,0.22953840373044876,0,0.05,1
2026-06-27 10:30:00,31.8,71.24,30.3633348,65.4536682,0.140000004,84.6666672,4.89824046,10,5,Saturday,1,0.08000000000000185,-0.3400000000000034,-1.4366652000000002,0,1.4366652000000002,5.786331799999999,-0.08000000000000185,31.72,71.58,31.465,73.10666666666667,0.22548936681067683,0,0.1,1
2026-06-27 10:35:00,31.880000000000003,70.8,30.271667,66.23767000000001,0.1150000038,83.8333328,4.62144624,10,5,Saturday,1,0.08000000000000185,-0.4399999999999977,-1.6083330000000018,0,1.6083330000000018,4.562329999999989,-0.08000000000000185,31.8,71.24,31.528333333333332,72.80166666666666,0.22650841177596032,0,0.12,1
2026-06-27 10:40:00,31.939999999999998,70.12,30.180000200000002,67.02166919999999,0.0900000024,83.0,4.34465214,10,5,Saturday,1,0.05999999999999517,-0.6799999999999926,-1.7599997999999957,0,1.7599997999999957,3.0983308000000136,-0.05999999999999517,31.880000000000003,70.8,31.59,72.45333333333333,0.22970336602415292,0,0.12,1
2026-06-27 10:45:00,32.0,69.62,30.0883332,67.805669,0.065000002,82.1666672,4.06785804,10,5,Saturday,1,0.060000000000002274,-0.5,-1.911666799999999,0,1.911666799999999,1.81433100000001,-0.060000000000002274,31.939999999999998,70.12,31.653333333333332,72.07,0.229201512500473,0,0.05,1
2026-06-27 10:50:00,32.04,69.0,29.9966674,68.58967,0.040000000800000005,81.3333328,3.79106394,10,5,Saturday,1,0.03999999999999915,-0.6200000000000045,-2.0433325999999994,0,2.0433325999999994,0.41033000000000186,-0.03999999999999915,32.0,69.62,31.715,71.65333333333332,0.22500505044648603,0,0.05,1
2026-06-27 10:55:00,32.1,68.48,29.9050006,69.3736708,0.01500000068,80.5,3.5142698799999996,10,5,Saturday,1,0.060000000000002274,-0.519999999999996,-2.1949994000000004,0,2.1949994000000004,-0.8936707999999953,-0.060000000000002274,32.04,69.0,31.778333333333336,71.21333333333332,0.21666200460984958,0,0.05,1
2026-06-27 11:00:00,32.2,68.08,29.8133336,70.34491399999999,0.0,80.6,3.27258694,11,5,Saturday,1,0.10000000000000142,-0.4000000000000057,-2.386666400000003,0,2.386666400000003,-2.2649139999999903,-0.10000000000000142,32.1,68.48,31.84166666666667,70.76,0.2198277562623935,0,0.04,1
2026-06-27 11:05:00,32.2,67.82000000000001,29.721666399999997,71.5970184,0.0,82.1,3.08357086,11,5,Saturday,1,0.0,-0.2599999999999909,-2.4783336000000062,0,2.4783336000000062,-3.7770183999999887,-0.0,32.2,68.08,31.900000000000002,70.32000000000001,0.2137117855239303,0,0.04,1
2026-06-27 11:10:00,32.279999999999994,67.46000000000001,29.6300012,72.849126,0.0,83.6,2.8945547,11,5,Saturday,1,0.07999999999999119,-0.35999999999999943,-2.649998799999995,0,2.649998799999995,-5.38912599999999,-0.07999999999999119,32.2,67.82000000000001,31.956666666666667,69.88333333333334,0.21706024858143413,0,0.04,1
2026-06-27 11:15:00,32.3,67.06,29.538333599999998,74.1012316,0.0,85.1,2.7055385999999997,11,5,Saturday,1,0.020000000000003126,-0.4000000000000057,-2.7616663999999993,0,2.7616663999999993,-7.041231600000003,-0.020000000000003126,32.279999999999994,67.46000000000001,32.01333333333333,69.44000000000001,0.2098195472860152,0,0.04,1
2026-06-27 11:20:00,32.4,67.22,29.446666800000003,75.353338,0.0,86.6,2.51652248,11,5,Saturday,1,0.10000000000000142,0.1599999999999966,-2.953333199999996,0,2.953333199999996,-8.133337999999995,-0.10000000000000142,32.3,67.06,32.071666666666665,69.04,0.2120820310112042,0,0.04,1
2026-06-27 11:25:00,32.4,66.82000000000001,29.354999600000003,76.60544519999999,0.0,88.1,2.3275064199999997,11,5,Saturday,1,0.0,-0.3999999999999915,-3.0450003999999957,0,3.0450003999999957,-9.785445199999984,-0.0,32.4,67.22,32.12833333333334,68.64333333333333,0.20008331597703732,0,0.05,1
2026-06-27 11:30:00,32.46,66.42,29.263333799999998,77.85754899999999,0.0,89.6,2.1384903,11,5,Saturday,1,0.060000000000002274,-0.4000000000000057,-3.196666200000003,0,3.196666200000003,-11.43754899999999,-0.060000000000002274,32.4,66.82000000000001,32.18333333333333,68.24166666666667,0.19218047073610847,0,0.04,1
2026-06-27 11:35:00,32.519999999999996,66.3,29.171667000000003,79.10965999999999,0.0,91.1,1.9494742000000003,11,5,Saturday,1,0.05999999999999517,-0.12000000000000455,-3.348332999999993,0,3.348332999999993,-12.809659999999994,-0.05999999999999517,32.46,66.42,32.23666666666667,67.86666666666667,0.1891287840829664,0,0.04,1
2026-06-27 11:40:00,32.6,66.44000000000001,29.079999800000003,80.361762,0.0,92.6,1.76045804,11,5,Saturday,1,0.0800000000000054,0.14000000000001478,-3.5200001999999984,0,3.5200001999999984,-13.921761999999987,-0.0800000000000054,32.519999999999996,66.3,32.291666666666664,67.56,0.19097040862051431,0,0.04,1
2026-06-27 11:45:00,32.68,66.22,28.988333,81.61387119999999,0.0,94.1,1.5714419400000001,11,5,Saturday,1,0.0799999999999983,-0.22000000000001307,-3.691666999999999,0,3.691666999999999,-15.393871199999992,-0.0799999999999983,32.6,66.44000000000001,32.348333333333336,67.27666666666667,0.19733834964699082,0,0.04,1
2026-06-27 11:50:00,32.7,66.0,28.896667,82.8659756,0.0,95.6,1.38242584,11,5,Saturday,1,0.020000000000003126,-0.21999999999999886,-3.803333000000002,0,3.803333000000002,-16.8659756,-0.020000000000003126,32.68,66.22,32.40333333333333,67.02666666666666,0.1955567033915824,0,0.03,1
2026-06-27 11:55:00,32.8,65.84,28.805000200000002,84.118084,0.0,97.1,1.1934097,11,5,Saturday,1,0.09999999999999432,-0.1599999999999966,-3.994999799999995,0,3.994999799999995,-18.278083999999993,-0.09999999999999432,32.7,66.0,32.461666666666666,66.80666666666667,0.20117081539984974,0,0.04,1
2026-06-27 12:00:00,32.86,65.7,28.7216666,84.9951892,0.0,97.26666600000001,1.12405,12,5,Saturday,1,0.060000000000002274,-0.14000000000000057,-4.1383334000000005,0,4.1383334000000005,-19.295189199999996,-0.060000000000002274,32.8,65.84,32.516666666666666,66.60833333333333,0.21300163607030334,0,0.06,1
2026-06-27 12:05:00,32.94,65.64,28.6508334,85.309796,0.0,95.43333279999999,1.234175,12,5,Saturday,1,0.0799999999999983,-0.060000000000002274,-4.289166599999998,0,4.289166599999998,-19.669796000000005,-0.0799999999999983,32.86,65.7,32.57833333333333,66.42666666666666,0.2199931128373855,0,0.08,1
2026-06-27 12:10:00,33.0,65.78,28.580000000000002,85.62440380000001,0.0,93.6000012,1.3442999,12,5,Saturday,1,0.060000000000002274,0.14000000000000057,-4.419999999999998,0,4.419999999999998,-19.84440380000001,-0.060000000000002274,32.94,65.64,32.63833333333333,66.28666666666668,0.2292213433372228,0,0.08,1
2026-06-27 12:15:00,33.0,65.46000000000001,28.509166400000005,85.93901000000001,0.0,91.76666600000001,1.45442486,12,5,Saturday,1,0.0,-0.3199999999999932,-4.490833599999995,0,4.490833599999995,-20.479010000000002,-0.0,33.0,65.78,32.696666666666665,66.15333333333334,0.22431039100771083,0,0.08,1
2026-06-27 12:20:00,33.0,65.22,28.438333399999998,86.2536192,0.0,89.93333279999999,1.5645498,12,5,Saturday,1,0.0,-0.2400000000000091,-4.561666600000002,0,4.561666600000002,-21.033619200000004,-0.0,33.0,65.46000000000001,32.74666666666666,65.98666666666666,0.21897834402146243,0,0.12,1
2026-06-27 12:25:00,33.06,65.12,28.3675,86.568224,0.0,88.1000012,1.67467474,12,5,Saturday,1,0.060000000000002274,-0.09999999999999432,-4.692500000000003,0,4.692500000000003,-21.448223999999996,-0.060000000000002274,33.0,65.22,32.80166666666667,65.84500000000001,0.20652243255967856,0,0.14,1
2026-06-27 12:30:00,33.120000000000005,65.03999999999999,28.2966666,86.882832,0.0,86.26666600000001,1.7847998,12,5,Saturday,1,0.060000000000002274,-0.0800000000000125,-4.823333400000006,0,4.823333400000006,-21.842832,-0.060000000000002274,33.06,65.12,32.85666666666667,65.73,0.1948114861869086,0,0.14,1
2026-06-27 12:35:00,33.2,64.9,28.2258332,87.1974376,0.0,84.43333279999999,1.8949247599999999,12,5,Saturday,1,0.0799999999999983,-0.13999999999998636,-4.9741668000000026,0,4.9741668000000026,-22.297437599999995,-0.0799999999999983,33.120000000000005,65.03999999999999,32.913333333333334,65.61333333333333,0.1867099516882441,0,0.14,1
2026-06-27 12:40:00,33.239999999999995,64.86,28.154999600000004,87.5120472,0.0,82.6000012,2.00504968,12,5,Saturday,1,0.03999999999999204,-0.04000000000000625,-5.085000399999991,0,5.085000399999991,-22.6520472,-0.03999999999999204,33.2,64.9,32.96666666666667,65.48166666666667,0.1803699901096024,0,0.14,1
2026-06-27 12:45:00,33.339999999999996,64.82000000000001,28.084166600000003,87.82664919999999,0.0,80.76666600000001,2.11517458,12,5,Saturday,1,0.10000000000000142,-0.03999999999999204,-5.255833399999993,0,5.255833399999993,-23.006649199999984,-0.10000000000000142,33.239999999999995,64.86,33.02166666666667,65.36500000000001,0.18556220879296048,0,0.14,1
2026-06-27 12:50:00,33.4,64.76,28.0076662,88.16643,0.0,78.7866668,2.23410954,12,5,Saturday,1,0.060000000000002274,-0.060000000000002274,-5.392333799999999,0,5.392333799999999,-23.40643,-0.060000000000002274,33.339999999999996,64.82000000000001,33.080000000000005,65.26166666666667,0.18527620658369903,0,0.14,1
2026-06-27 12:55:00,33.480000000000004,64.8,27.928333,88.5187876,0.0,76.73333399999999,2.35744948,12,5,Saturday,1,0.0800000000000054,0.03999999999999204,-5.5516670000000055,0,5.5516670000000055,-23.7187876,-0.0800000000000054,33.4,64.76,33.13666666666666,65.175,0.19555670339106648,0,0.11,1
2026-06-27 13:00:00,33.54,64.62,27.8649998,88.82991,0.0,73.8000004,2.4721311,13,5,Saturday,1,0.05999999999999517,-0.1799999999999926,-5.6750001999999995,0,5.6750001999999995,-24.209909999999994,-0.05999999999999517,33.480000000000004,64.8,33.193333333333335,65.085,0.20632425201230906,0,0.13,1
2026-06-27 13:05:00,33.6,64.38,27.8066666,89.138704,0.0,70.13333279999999,2.58985042,13,5,Saturday,1,0.060000000000002274,-0.2400000000000091,-5.793333400000002,0,5.793333400000002,-24.75870400000001,-0.060000000000002274,33.54,64.62,33.248333333333335,64.98,0.2201583452164002,0,0.13,1
2026-06-27 13:10:00,33.620000000000005,64.12,27.748333000000002,89.4475,0.0,66.4666668,2.7075698,13,5,Saturday,1,0.020000000000003126,-0.2599999999999909,-5.871667000000002,0,5.871667000000002,-25.3275,-0.020000000000003126,33.6,64.38,33.300000000000004,64.84166666666667,0.2291486218762902,0,0.18,1
2026-06-27 13:15:00,33.7,63.64,27.6899996,89.7563,0.0,62.8000002,2.8252891,13,5,Saturday,1,0.0799999999999983,-0.480000000000004,-6.010000400000003,0,6.010000400000003,-26.116299999999995,-0.0799999999999983,33.620000000000005,64.12,33.358333333333334,64.69,0.23486295165330298,0,0.17,1
2026-06-27 13:20:00,33.739999999999995,63.220000000000006,27.6316666,90.06509639999999,0.0,59.1333336,2.94300842,13,5,Saturday,1,0.03999999999999204,-0.4199999999999946,-6.108333399999996,0,6.108333399999996,-26.84509639999998,-0.03999999999999204,33.7,63.64,33.42,64.52333333333333,0.22930725714747036,0,0.26,1
2026-06-27 13:25:00,33.8,63.160000000000004,27.573333400000003,90.3738908,0.0,55.46666700000001,3.0607278,13,5,Saturday,1,0.060000000000002274,-0.060000000000002274,-6.226666599999994,0,6.226666599999994,-27.213890799999994,-0.060000000000002274,33.739999999999995,63.220000000000006,33.48166666666666,64.36,0.22311160408514893,0,0.25,1
2026-06-27 13:30:00,33.82,63.160000000000004,27.515000399999998,90.68269000000001,0.0,51.799999400000004,3.1784471,13,5,Saturday,1,0.020000000000003126,0.0,-6.304999600000002,0,6.304999600000002,-27.522690000000004,-0.020000000000003126,33.8,63.160000000000004,33.54,64.20333333333333,0.2111440697260099,0,0.25,1
2026-06-27 13:35:00,33.879999999999995,63.160000000000004,27.456667,90.99148740000001,0.0,48.1333336,3.29616642,13,5,Saturday,1,0.05999999999999517,0.0,-6.423332999999996,0,6.423332999999996,-27.831487400000007,-0.05999999999999517,33.82,63.160000000000004,33.596666666666664,64.05833333333334,0.20267902673294763,0,0.26,1
2026-06-27 13:40:00,33.9,63.220000000000006,27.3983338,91.300285,0.0,44.466667,3.4138858,13,5,Saturday,1,0.020000000000003126,0.060000000000002274,-6.501666199999999,0,6.501666199999999,-28.080284999999996,-0.020000000000003126,33.879999999999995,63.160000000000004,33.651666666666664,63.921666666666674,0.18595372509685773,0,0.25,1
2026-06-27 13:45:00,33.9,63.52,27.340001,91.60908500000001,0.0,40.799999400000004,3.5316051,13,5,Saturday,1,0.0,0.29999999999999716,-6.559998999999998,0,6.559998999999998,-28.089085000000004,-0.0,33.9,63.220000000000006,33.69833333333333,63.81333333333333,0.17023157132971375,0,0.21,1
2026-06-27 13:50:00,33.9,63.959999999999994,27.2816668,91.91788199999999,0.0,37.1333336,3.6493244000000002,13,5,Saturday,1,0.0,0.4399999999999906,-6.618333199999999,0,6.618333199999999,-27.957881999999998,-0.0,33.9,63.52,33.74,63.74666666666667,0.15063501946589963,0,0.2,1
2026-06-27 13:55:00,33.8,64.38,27.2233338,92.22668,0.0,33.466667,3.7670437999999997,13,5,Saturday,1,-0.10000000000000142,0.4200000000000017,-6.576666199999998,0,6.576666199999998,-27.846680000000006,0.10000000000000142,33.9,63.959999999999994,33.766666666666666,63.71166666666667,0.1268738337701857,0,2.35,1
2026-06-27 14:00:00,33.8,64.6,27.1725004,92.3486936,0.0,34.299999400000004,3.81070274,14,5,Saturday,1,0.0,0.21999999999999886,-6.627499599999997,0,6.627499599999997,-27.74869360000001,-0.0,33.8,64.38,33.788333333333334,63.71,0.10495309196836411,0,0.2,1
2026-06-27 14:05:00,33.7,65.03999999999999,27.126666999999998,92.34618880000001,0.0,38.1333336,3.8049881999999995,14,5,Saturday,1,-0.09999999999999432,0.4399999999999977,-6.573333000000005,0,6.573333000000005,-27.306188800000015,0.09999999999999432,33.8,64.6,33.79666666666666,63.76500000000001,0.09178367187473122,0,1.93,1
2026-06-27 14:10:00,33.68,65.38,27.0808334,92.343681,0.0,41.966667,3.79927372,14,5,Saturday,1,-0.020000000000003126,0.3400000000000034,-6.5991666,0,6.5991666,-26.96368100000001,0.020000000000003126,33.7,65.03999999999999,33.80166666666666,63.870000000000005,0.08244373654519975,0,0.18,1
2026-06-27 14:15:00,33.6,65.46000000000001,27.0349998,92.34117599999999,0.0,45.799999400000004,3.79355914,14,5,Saturday,1,-0.0799999999999983,0.0800000000000125,-6.5650002,0,6.5650002,-26.881175999999982,0.0799999999999983,33.68,65.38,33.79333333333333,64.02166666666666,0.09735906674447432,0,0.15,1
2026-06-27 14:20:00,33.58,65.42,26.9891664,92.3386712,0.0,49.6333336,3.78784462,14,5,Saturday,1,-0.020000000000003126,-0.04000000000000625,-6.5908336,0,6.5908336,-26.91867119999999,0.020000000000003126,33.6,65.46000000000001,33.779999999999994,64.205,0.11473289137038013,0,0.18,1
2026-06-27 14:25:00,33.6,65.46000000000001,26.943333000000003,92.33616520000001,0.0,53.46666700000001,3.78213012,14,5,Saturday,1,0.020000000000003126,0.04000000000000625,-6.656666999999999,0,6.656666999999999,-26.876165200000003,-0.020000000000003126,33.58,65.42,33.763333333333335,64.39666666666666,0.12557745406032503,0,0.13,1
2026-06-27 14:30:00,33.6,65.36,26.897501,92.33366,0.0,57.299999400000004,3.7764156,14,5,Saturday,1,0.0,-0.10000000000000853,-6.702499000000003,0,6.702499000000003,-26.973659999999995,-0.0,33.6,65.46000000000001,33.745,64.58,0.13242493585025886,0,0.18,1
2026-06-27 14:35:00,33.6,65.28,26.851667,92.3311536,0.0,61.1333336,3.77070108,14,5,Saturday,1,0.0,-0.0799999999999983,-6.748333000000002,0,6.748333000000002,-27.051153599999992,-0.0,33.6,65.36,33.721666666666664,64.75666666666667,0.1311372170497696,0,0.13,1
2026-06-27 14:40:00,33.6,65.06,26.8058336,92.3286488,0.0,64.9666668,3.7649864600000003,14,5,Saturday,1,0.0,-0.21999999999999886,-6.794166400000002,0,6.794166400000002,-27.268648799999994,-0.0,33.6,65.28,33.696666666666665,64.91,0.1223507129864528,0,0.13,1
2026-06-27 14:45:00,33.6,65.1,26.760000400000003,92.326144,0.0,68.8000004,3.75927194,14,5,Saturday,1,0.0,0.03999999999999204,-6.839999599999999,0,6.839999599999999,-27.226144000000005,-0.0,33.6,65.06,33.67166666666667,65.04166666666667,0.10667140140352456,0,0.09,1
2026-06-27 14:50:00,33.6,64.86,26.7141666,92.323636,0.0,72.63333279999999,3.7535574400000002,14,5,Saturday,1,0.0,-0.23999999999999488,-6.885833400000003,0,6.885833400000003,-27.463635999999994,-0.0,33.6,65.1,33.64666666666667,65.11666666666666,0.08015137193369695,0,0.11,1
2026-06-27 14:55:00,33.6,64.55999999999999,26.668333,92.3211312,0.0,76.4666668,3.74784286,14,5,Saturday,1,0.0,-0.30000000000001137,-6.931667000000001,0,6.931667000000001,-27.76113120000001,-0.0,33.6,64.86,33.63,65.13166666666666,0.06466697905758881,0,0.11,1
2026-06-27 15:00:00,33.6,64.5,26.6149998,92.29068199999999,0.0,77.7,3.8156855,15,5,Saturday,1,0.0,-0.05999999999998806,-6.985000200000002,0,6.985000200000002,-27.79068199999999,-0.0,33.6,64.55999999999999,33.61333333333334,65.12333333333333,0.036514837148136095,0,0.14,1
2026-06-27 15:05:00,33.620000000000005,64.4,26.5566666,92.24160400000001,0.0,77.2,3.9325662800000005,15,5,Saturday,1,0.020000000000003126,-0.09999999999999432,-7.063333400000005,0,7.063333400000005,-27.841604000000004,-0.020000000000003126,33.6,64.5,33.60666666666667,65.07,0.02461829816791088,0,0.15,1
2026-06-27 15:10:00,33.720000000000006,64.24,26.498333000000002,92.19252800000001,0.0,76.7,4.04944684,15,5,Saturday,1,0.10000000000000142,-0.1600000000000108,-7.221667000000004,0,7.221667000000004,-27.952528000000015,-0.10000000000000142,33.620000000000005,64.4,33.61000000000001,64.975,0.03567530338132968,0,0.14,1
2026-06-27 15:15:00,33.8,63.98,26.4399996,92.143448,0.0,76.2,4.1663277,15,5,Saturday,1,0.07999999999999119,-0.259999999999998,-7.360000399999997,0,7.360000399999997,-28.16344800000001,-0.07999999999999119,33.720000000000006,64.24,33.626666666666665,64.85166666666667,0.06513389471727951,0,0.16,1
2026-06-27 15:20:00,33.9,63.67999999999999,26.3816666,92.09437,0.0,75.7,4.28320844,15,5,Saturday,1,0.10000000000000142,-0.30000000000000426,-7.5183333999999995,0,7.5183333999999995,-28.414370000000005,-0.10000000000000142,33.8,63.98,33.653333333333336,64.70666666666666,0.10030257254535072,0,0.14,1
2026-06-27 15:25:00,33.980000000000004,63.48,26.323333400000003,92.04529199999999,0.0,75.2,4.40008916,15,5,Saturday,1,0.0800000000000054,-0.19999999999999574,-7.656666600000001,0,7.656666600000001,-28.565291999999992,-0.0800000000000054,33.9,63.67999999999999,33.685,64.54166666666667,0.13568010505483485,0,0.18,1
2026-06-27 15:30:00,34.08,63.18000000000001,26.265000399999998,91.996212,0.0,74.7,4.51696982,15,5,Saturday,1,0.09999999999999432,-0.29999999999999005,-7.8149996,0,7.8149996,-28.816211999999993,-0.09999999999999432,33.980000000000004,63.48,33.725,64.36,0.1737553138453529,0,0.23,1
2026-06-27 15:35:00,34.160000000000004,63.02,26.206667,91.947134,0.0,74.2,4.63385056,15,5,Saturday,1,0.0800000000000054,-0.1600000000000037,-7.953333000000004,0,7.953333000000004,-28.927134000000002,-0.0800000000000054,34.08,63.18000000000001,33.77166666666667,64.17166666666667,0.20879887378897466,0,0.24,1
2026-06-27 15:40:00,34.220000000000006,62.86,26.1483338,91.8980552,0.0,73.7,4.750731180000001,15,5,Saturday,1,0.060000000000002274,-0.1600000000000037,-8.071666200000006,0,8.071666200000006,-29.038055200000002,-0.060000000000002274,34.160000000000004,63.02,33.82333333333333,63.98833333333334,0.23723150692382164,0,0.27,1
2026-06-27 15:45:00,34.32,62.8,26.090001,91.8489764,0.0,73.2,4.867611940000001,15,5,Saturday,1,0.09999999999999432,-0.060000000000002274,-8.229999,0,8.229999,-29.0489764,-0.09999999999999432,34.220000000000006,62.86,33.88333333333333,63.79666666666666,0.26503287388730823,0,0.23,1
2026-06-27 15:50:00,34.4,63.0,26.0316668,91.7998982,0.0,72.7,4.98449268,15,5,Saturday,1,0.0799999999999983,0.20000000000000284,-8.368333199999999,0,8.368333199999999,-28.7998982,-0.0799999999999983,34.32,62.8,33.95,63.64166666666666,0.2869906555310791,0,0.24,1
2026-06-27 15:55:00,34.480000000000004,62.98,25.9733338,91.7508192,0.0,72.2,5.10137326,15,5,Saturday,1,0.0800000000000054,-0.020000000000003126,-8.506666200000005,0,8.506666200000005,-28.7708192,-0.0800000000000054,34.4,63.0,34.02333333333333,63.51,0.30149124314890313,0,0.24,1
2026-06-27 16:00:00,34.54,62.8,25.920000400000003,91.6882292,0.0,72.6,5.13653634,16,5,Saturday,1,0.05999999999999517,-0.17999999999999972,-8.619999599999996,0,8.619999599999996,-28.888229199999998,-0.05999999999999517,34.480000000000004,62.98,34.10166666666667,63.36833333333333,0.30360959780162744,0,0.27,1
2026-06-27 16:05:00,34.6,62.86,25.870000400000002,91.616641,0.0,73.6,5.11722084,16,5,Saturday,1,0.060000000000002274,0.060000000000002274,-8.7299996,0,8.7299996,-28.756641000000002,-0.060000000000002274,34.54,62.8,34.18333333333334,63.24,0.29391814980761855,0,0.27,1
2026-06-27 16:10:00,34.6,62.839999999999996,25.820000800000003,91.5450466,0.0,74.6,5.09790544,16,5,Saturday,1,0.0,-0.020000000000003126,-8.779999199999999,0,8.779999199999999,-28.70504660000001,-0.0,34.6,62.86,34.25666666666667,63.123333333333335,0.2771062590168497,0,0.26,1
2026-06-27 16:15:00,34.6,62.739999999999995,25.77,91.47345800000001,0.0,75.6,5.0785899400000005,16,5,Saturday,1,0.0,-0.10000000000000142,-8.830000000000002,0,8.830000000000002,-28.733458000000013,-0.0,34.6,62.839999999999996,34.32333333333333,63.02,0.2523825859590659,0,0.26,1
2026-06-27 16:20:00,34.620000000000005,62.720000000000006,25.7200006,91.4018628,0.0,76.6,5.05927438,16,5,Saturday,1,0.020000000000003126,-0.019999999999988916,-8.899999400000006,0,8.899999400000006,-28.681862799999998,-0.020000000000003126,34.6,62.739999999999995,34.38333333333333,62.940000000000005,0.2268893736541798,0,0.16,1
2026-06-27 16:25:00,34.7,62.620000000000005,25.670000400000003,91.3302724,0.0,77.6,5.03995894,16,5,Saturday,1,0.0799999999999983,-0.10000000000000142,-9.0299996,0,9.0299996,-28.710272399999994,-0.0799999999999983,34.620000000000005,62.720000000000006,34.443333333333335,62.86833333333334,0.20464307434450146,0,0.15,1
2026-06-27 16:30:00,34.7,62.6,25.620000400000002,91.258679,0.0,78.6,5.0206435,16,5,Saturday,1,0.0,-0.020000000000003126,-9.0799996,0,9.0799996,-28.658679,-0.0,34.7,62.620000000000005,34.495,62.81999999999999,0.18153386861109969,0,0.16,1
2026-06-27 16:35:00,34.7,62.5,25.5700004,91.187091,0.0,79.6,5.001328,16,5,Saturday,1,0.0,-0.10000000000000142,-9.129999600000001,0,9.129999600000001,-28.687090999999995,-0.0,34.7,62.6,34.54,62.776666666666664,0.15608855294988827,0,0.03,1
2026-06-27 16:40:00,34.7,62.6,25.52,91.11549579999999,0.0,80.6,4.98201244,16,5,Saturday,1,0.0,0.10000000000000142,-9.180000000000003,0,9.180000000000003,-28.51549579999999,-0.0,34.7,62.5,34.580000000000005,62.754999999999995,0.12504544627736827,0,0.04,1
2026-06-27 16:45:00,34.7,62.6,25.470000399999996,91.043908,0.0,81.6,4.96269702,16,5,Saturday,1,0.0,0.0,-9.229999600000006,0,9.229999600000006,-28.443908,-0.0,34.7,62.6,34.61166666666667,62.73833333333334,0.09851934127060515,0,0.04,1
2026-06-27 16:50:00,34.7,62.660000000000004,25.419999999999998,90.972312,0.0,82.6,4.9433816,16,5,Saturday,1,0.0,0.060000000000002274,-9.280000000000005,0,9.280000000000005,-28.312312,-0.0,34.7,62.6,34.63666666666666,62.71,0.075236999268526,0,0.04,1
2026-06-27 16:55:00,34.660000000000004,62.58,25.370000400000002,90.90072239999999,0.0,83.6,4.9240660599999995,16,5,Saturday,1,-0.03999999999999915,-0.0800000000000054,-9.289999600000002,0,9.289999600000002,-28.320722399999994,0.03999999999999915,34.7,62.660000000000004,34.65166666666667,62.67666666666667,0.056862407016018315,0,0.04,1
2026-06-27 17:00:00,34.64,62.620000000000005,25.4075002,90.372888,0.0,83.150002,4.830763299999999,17,5,Saturday,1,-0.020000000000003126,0.04000000000000625,-9.2324998,0,9.2324998,-27.752888,0.020000000000003126,34.660000000000004,62.58,34.660000000000004,62.66166666666667,0.04512608596680205,0,0.03,1
2026-06-27 17:05:00,34.6,62.64,25.503334000000002,89.540892,0.0,81.7333328,4.68813576,17,5,Saturday,1,-0.03999999999999915,0.01999999999999602,-9.096665999999999,0,9.096665999999999,-26.900892,0.03999999999999915,34.64,62.620000000000005,34.660000000000004,62.64333333333334,0.04512608596680205,0,0.03,1
2026-06-27 17:10:00,34.6,62.58,25.5991668,88.7088982,0.0,80.3166652,4.54550806,17,5,Saturday,1,0.0,-0.060000000000002274,-9.000833200000002,0,9.000833200000002,-26.128898199999995,-0.0,34.6,62.64,34.660000000000004,62.62166666666667,0.04512608596680205,0,0.1,1
2026-06-27 17:15:00,34.56,62.5,25.695000399999998,87.87690119999999,0.0,78.900002,4.40288052,17,5,Saturday,1,-0.03999999999999915,-0.0799999999999983,-8.864999600000004,0,8.864999600000004,-25.376901199999992,0.03999999999999915,34.6,62.58,34.656666666666666,62.60166666666667,0.051049589659281906,0,0.1,1
2026-06-27 17:20:00,34.480000000000004,62.44,25.790833400000004,87.044905,0.0,77.4833328,4.26025298,17,5,Saturday,1,-0.0799999999999983,-0.060000000000002274,-8.6891666,0,8.6891666,-24.604905000000002,0.0799999999999983,34.56,62.5,34.645,62.578333333333326,0.07192167455677612,0,0.2,1
2026-06-27 17:25:00,34.4,62.42,25.8866668,86.21291,0.0,76.0666652,4.11762538,17,5,Saturday,1,-0.0800000000000054,-0.01999999999999602,-8.513333199999998,0,8.513333199999998,-23.792909999999992,0.0800000000000054,34.480000000000004,62.44,34.620000000000005,62.56166666666667,0.09835002425550106,0,0.2,1
2026-06-27 17:30:00,34.4,62.42,25.982499999999998,85.38091419999999,0.0,74.650002,3.97499776,17,5,Saturday,1,0.0,0.0,-8.4175,0,8.4175,-22.96091419999999,-0.0,34.4,62.42,34.595000000000006,62.546666666666674,0.11317725437307717,0,0.16,1
2026-06-27 17:35:00,34.4,62.44,26.078333199999996,84.5489188,0.0,73.2333328,3.8323701,17,5,Saturday,1,0.0,0.01999999999999602,-8.321666800000003,0,8.321666800000003,-22.108918799999998,-0.0,34.4,62.42,34.57,62.541666666666664,0.12075519939183665,0,0.15,1
2026-06-27 17:40:00,34.4,62.5,26.174167,83.716923,0.0,71.8166652,3.68974254,17,5,Saturday,1,0.0,0.060000000000002274,-8.225832999999998,0,8.225832999999998,-21.216922999999994,-0.0,34.4,62.44,34.545,62.53333333333334,0.12243736802651274,0,0.09,1
2026-06-27 17:45:00,34.4,62.56,26.270000399999997,82.8849272,0.0,70.400002,3.54711494,17,5,Saturday,1,0.0,0.060000000000002274,-8.129999600000001,0,8.129999600000001,-20.324927200000005,-0.0,34.4,62.5,34.52,62.53,0.11847516041230312,0,0.09,1
2026-06-27 17:50:00,34.4,62.54,26.365833199999997,82.0529312,0.0,68.9833328,3.40448738,17,5,Saturday,1,0.0,-0.020000000000003126,-8.034166800000001,0,8.034166800000001,-19.512931200000004,-0.0,34.4,62.56,34.495000000000005,62.52,0.10825055111428156,0,0.09,1
2026-06-27 17:55:00,34.36,62.58,26.4616666,81.2209378,0.0,67.5666652,3.26185974,17,5,Saturday,1,-0.03999999999999915,0.03999999999999915,-7.8983333999999985,0,7.8983333999999985,-18.640937800000003,0.03999999999999915,34.4,62.54,34.47,62.52,0.10108502271133997,0,0.08,1
2026-06-27 18:00:00,34.3,62.36,26.4724998,80.84790000000001,0.0,68.65,3.2174525599999995,18,5,Saturday,1,-0.060000000000002274,-0.21999999999999886,-7.827500199999996,0,7.827500199999996,-18.48790000000001,0.060000000000002274,34.36,62.58,34.44166666666667,62.498333333333335,0.09665621677265332,0,0.08,1
2026-06-27 18:05:00,34.3,62.44,26.4266664,80.7808372,0.0,71.4,3.2385258200000004,18,5,Saturday,1,0.0,0.0799999999999983,-7.873333599999999,0,7.873333599999999,-18.340837199999996,-0.0,34.3,62.36,34.416666666666664,62.48166666666666,0.09058730929023869,0,0.07,1
2026-06-27 18:10:00,34.2,62.14,26.380833000000003,80.7137752,0.0,74.15,3.2595990200000005,18,5,Saturday,1,-0.09999999999999432,-0.29999999999999716,-7.819167,0,7.819167,-18.5737752,0.09999999999999432,34.3,62.44,34.38333333333333,62.44499999999999,0.09058730929028712,0,0.86,1
2026-06-27 18:15:00,34.18,62.120000000000005,26.335001,80.6467204,0.0,76.9,3.28067224,18,5,Saturday,1,-0.020000000000003126,-0.01999999999999602,-7.844999000000001,0,7.844999000000001,-18.526720400000002,0.020000000000003126,34.2,62.14,34.35166666666667,62.41333333333333,0.08962886438940867,0,0.08,1
2026-06-27 18:20:00,34.120000000000005,62.0,26.289167,80.5796572,0.0,79.65,3.30174548,18,5,Saturday,1,-0.05999999999999517,-0.12000000000000455,-7.8308330000000055,0,7.8308330000000055,-18.5796572,0.05999999999999517,34.18,62.120000000000005,34.321666666666665,62.376666666666665,0.10214368963251036,0,0.09,1
2026-06-27 18:25:00,34.1,62.0,26.2433336,80.51259519999999,0.0,82.4,3.32281868,18,5,Saturday,1,-0.020000000000003126,0.0,-7.856666400000002,0,7.856666400000002,-18.512595199999993,0.020000000000003126,34.120000000000005,62.0,34.29666666666666,62.34166666666666,0.1168785953843642,0,0.09,1
2026-06-27 18:30:00,34.08,61.720000000000006,26.197500400000003,80.445534,0.0,85.15,3.3438918,18,5,Saturday,1,-0.020000000000003126,-0.27999999999999403,-7.882499599999996,0,7.882499599999996,-18.72553399999999,0.020000000000003126,34.1,62.0,34.27,62.28333333333333,0.1272077756280685,0,0.09,1
2026-06-27 18:35:00,34.019999999999996,61.54,26.1516666,80.3784728,0.0,87.9,3.3649650200000005,18,5,Saturday,1,-0.060000000000002274,-0.18000000000000682,-7.868333399999997,0,7.868333399999997,-18.838472799999998,0.060000000000002274,34.08,61.720000000000006,34.23833333333334,62.20833333333334,0.13868429374577518,0,0.09,1
2026-06-27 18:40:00,34.0,61.36,26.1058334,80.3114108,0.0,90.65,3.38603824,18,5,Saturday,1,-0.01999999999999602,-0.17999999999999972,-7.894166599999998,0,7.894166599999998,-18.951410800000005,0.01999999999999602,34.019999999999996,61.54,34.205,62.11333333333332,0.14425356462677355,0,0.08,1
2026-06-27 18:45:00,34.0,60.82000000000001,26.060001399999997,80.2443548,0.0,93.4,3.4071114600000003,18,5,Saturday,1,0.0,-0.539999999999992,-7.939998600000003,0,7.939998600000003,-19.42435479999999,-0.0,34.0,61.36,34.17166666666667,61.968333333333334,0.14128200897161125,0,0.07,1
2026-06-27 18:50:00,33.9,60.6,26.014167800000003,80.1772928,0.0,96.15,3.4281847,18,5,Saturday,1,-0.10000000000000142,-0.22000000000000597,-7.885832199999996,0,7.885832199999996,-19.577292800000002,0.10000000000000142,34.0,60.82000000000001,34.129999999999995,61.80666666666667,0.14154986271566147,0,1.88,1
2026-06-27 18:55:00,33.9,59.779999999999994,25.9683338,80.1102298,0.0,98.9,3.4492579,18,5,Saturday,1,0.0,-0.8200000000000074,-7.931666199999999,0,7.931666199999999,-20.330229800000005,-0.0,33.9,60.6,34.09166666666667,61.57333333333333,0.1357694123571364,0,0.06,1
2026-06-27 19:00:00,33.839999999999996,59.82000000000001,25.932500800000003,80.11785,0.0,99.9499996,3.4900343200000004,19,5,Saturday,1,-0.060000000000002274,0.04000000000001336,-7.907499199999993,0,7.907499199999993,-20.297849999999997,0.060000000000002274,33.9,59.779999999999994,34.053333333333335,61.36166666666667,0.1365372631954477,0,0.07,1
2026-06-27 19:05:00,33.8,59.82000000000001,25.903333800000002,80.175255,0.0,99.86666720000001,3.54394634,19,5,Saturday,1,-0.03999999999999915,0.0,-7.896666199999995,0,7.896666199999995,-20.355255,0.03999999999999915,33.839999999999996,59.82000000000001,34.01166666666666,61.14333333333334,0.13058145025234147,0,0.07,1
2026-06-27 19:10:00,33.8,59.58,25.8741672,80.23266,0.0,99.7833332,3.59785846,19,5,Saturday,1,0.0,-0.2400000000000091,-7.9258327999999985,0,7.9258327999999985,-20.652659999999997,-0.0,33.8,59.82000000000001,33.97833333333333,60.93000000000001,0.12918157293661015,0,0.06,1
2026-06-27 19:15:00,33.720000000000006,60.04,25.845000600000002,80.2900698,0.0,99.6999996,3.6517704199999996,19,5,Saturday,1,-0.07999999999999119,0.46000000000000085,-7.874999400000004,0,7.874999400000004,-20.2500698,0.07999999999999119,33.8,59.58,33.94,60.75666666666667,0.13211565180951304,0,0.08,1
2026-06-27 19:20:00,33.7,60.02,25.815834000000002,80.347475,0.0,99.61666720000001,3.70568242,19,5,Saturday,1,-0.020000000000003126,-0.01999999999999602,-7.8841660000000005,0,7.8841660000000005,-20.327475,0.020000000000003126,33.720000000000006,60.04,33.905,60.59166666666667,0.13568010505452163,0,0.07,1
2026-06-27 19:25:00,33.64,60.120000000000005,25.786667599999998,80.4048828,0.0,99.5333332,3.7595945,19,5,Saturday,1,-0.060000000000002274,0.10000000000000142,-7.853332400000003,0,7.853332400000003,-20.28488279999999,0.060000000000002274,33.7,60.02,33.86666666666667,60.435,0.14047538336611629,0,0.07,1
2026-06-27 19:30:00,33.6,60.42,25.757500399999998,80.46228719999999,0.0,99.4499996,3.81350648,19,5,Saturday,1,-0.03999999999999915,0.29999999999999716,-7.842499600000004,0,7.842499600000004,-20.04228719999999,0.03999999999999915,33.64,60.120000000000005,33.82666666666666,60.326666666666675,0.14253122995920903,0,0.04,1
2026-06-27 19:35:00,33.6,60.48,25.728333600000003,80.5196962,0.0,99.36666720000001,3.8674185000000003,19,5,Saturday,1,0.0,0.05999999999999517,-7.871666399999999,0,7.871666399999999,-20.0396962,-0.0,33.6,60.42,33.791666666666664,60.23833333333334,0.14230781830263858,0,0.04,1
2026-06-27 19:40:00,33.6,60.6,25.6991674,80.577103,0.0,99.2833332,3.92133056,19,5,Saturday,1,0.0,0.12000000000000455,-7.900832600000001,0,7.900832600000001,-19.977102999999993,-0.0,33.6,60.48,33.75833333333333,60.175000000000004,0.13576941235743256,0,0.04,1
2026-06-27 19:45:00,33.519999999999996,60.64,25.6700004,80.63451,0.0,99.1999996,3.9752425199999997,19,5,Saturday,1,-0.0800000000000054,0.03999999999999915,-7.849999599999997,0,7.849999599999997,-19.994510000000005,0.0800000000000054,33.6,60.6,33.718333333333334,60.160000000000004,0.12861735590884704,0,0.05,1
2026-06-27 19:50:00,33.5,60.9,25.6408336,80.691917,0.0,99.11666720000001,4.0291546600000006,19,5,Saturday,1,-0.01999999999999602,0.259999999999998,-7.859166399999999,0,7.859166399999999,-19.791917000000005,0.01999999999999602,33.519999999999996,60.64,33.685,60.185,0.12908770802134034,0,0.04,1
2026-06-27 19:55:00,33.5,61.1,25.611666800000002,80.749321,0.0,99.0333332,4.08306658,19,5,Saturday,1,0.0,0.20000000000000284,-7.888333199999998,0,7.888333199999998,-19.649320999999993,-0.0,33.5,60.9,33.651666666666664,60.29500000000001,0.11983574616607538,0,0.04,1
2026-06-27 20:00:00,33.42,61.379999999999995,25.5850004,80.895318,0.0,99.0,3.99336262,20,5,Saturday,1,-0.0799999999999983,0.27999999999999403,-7.834999600000003,0,7.834999600000003,-19.515318000000008,0.0799999999999983,33.5,61.1,33.61666666666667,60.425000000000004,0.12115604763019362,0,0.03,0
2026-06-27 20:05:00,33.42,61.379999999999995,25.56,81.100372,0.0,99.0,3.8079145599999995,20,5,Saturday,1,0.0,0.0,-7.860000000000003,0,7.860000000000003,-19.720371999999998,-0.0,33.42,61.379999999999995,33.585,60.55500000000001,0.11851352051155739,0,0.03,0
2026-06-27 20:10:00,33.4,61.56,25.535,81.305428,0.0,99.0,3.6224665799999998,20,5,Saturday,1,-0.020000000000003126,0.18000000000000682,-7.864999999999998,0,7.864999999999998,-19.745428000000004,0.020000000000003126,33.42,61.379999999999995,33.55166666666667,60.72,0.1083624669386064,0,0.03,0
2026-06-27 20:15:00,33.379999999999995,61.64,25.509999999999998,81.510483,0.0,99.0,3.43701856,20,5,Saturday,1,-0.020000000000003126,0.0799999999999983,-7.869999999999997,0,7.869999999999997,-19.870482999999993,0.020000000000003126,33.4,61.56,33.52333333333333,60.85333333333333,0.10473632115125793,0,0.03,0
2026-06-27 20:20:00,33.339999999999996,61.94,25.485,81.715536,0.0,99.0,3.25157046,20,5,Saturday,1,-0.03999999999999915,0.29999999999999716,-7.854999999999997,0,7.854999999999997,-19.775536000000002,0.03999999999999915,33.379999999999995,61.64,33.49333333333333,61.01333333333334,0.10102504939206683,0,0.03,0
2026-06-27 20:25:00,33.3,61.9,25.46,81.92059,0.0,99.0,3.06612252,20,5,Saturday,1,-0.03999999999999915,-0.03999999999999915,-7.839999999999996,0,7.839999999999996,-20.020590000000006,0.03999999999999915,33.339999999999996,61.94,33.464999999999996,61.16166666666667,0.10379174953406714,0,0.03,0
2026-06-27 20:30:00,33.3,62.08,25.435,82.1256458,0.0,99.0,2.8806745200000003,20,5,Saturday,1,0.0,0.17999999999999972,-7.864999999999998,0,7.864999999999998,-20.045645800000003,-0.0,33.3,61.9,33.440000000000005,61.29999999999999,0.1044465935668171,0,0.04,0
2026-06-27 20:35:00,33.260000000000005,62.239999999999995,25.4099996,82.3307,0.0,99.0,2.69522642,20,5,Saturday,1,-0.03999999999999204,0.1599999999999966,-7.850000400000006,0,7.850000400000006,-20.0907,0.03999999999999204,33.3,62.08,33.41166666666667,61.44666666666666,0.1032061778681017,0,0.04,0
2026-06-27 20:40:00,33.220000000000006,62.42,25.384999999999998,82.535754,0.0,99.0,2.5097785,20,5,Saturday,1,-0.03999999999999915,0.18000000000000682,-7.835000000000008,0,7.835000000000008,-20.115753999999995,0.03999999999999915,33.260000000000005,62.239999999999995,33.379999999999995,61.598333333333336,0.09835002425704398,0,0.04,0
2026-06-27 20:45:00,33.2,62.58,25.359999199999997,82.74081,0.0,99.0,2.32433038,20,5,Saturday,1,-0.020000000000003126,0.1599999999999966,-7.840000800000006,0,7.840000800000006,-20.160809999999998,0.020000000000003126,33.220000000000006,62.42,33.35333333333333,61.75999999999999,0.1003025725455035,0,0.05,0
2026-06-27 20:50:00,33.2,62.660000000000004,25.3349998,82.945865,0.0,99.0,2.1388824,20,5,Saturday,1,0.0,0.0800000000000054,-7.865000200000004,0,7.865000200000004,-20.285864999999994,-0.0,33.2,62.58,33.32833333333333,61.906666666666666,0.09777835169019639,0,0.05,0
2026-06-27 20:55:00,33.2,62.67999999999999,25.309999400000002,83.150918,0.0,99.0,1.95343436,20,5,Saturday,1,0.0,0.019999999999988916,-7.8900006000000005,0,7.8900006000000005,-20.47091800000001,-0.0,33.2,62.660000000000004,33.303333333333335,62.03833333333333,0.08773237541307692,0,0.05,0
2026-06-27 21:00:00,33.14,62.660000000000004,25.2849996,83.346796,0.0,98.9499996,2.03873468,21,5,Saturday,1,-0.060000000000002274,-0.019999999999988916,-7.8550004000000015,0,7.8550004000000015,-20.686795999999994,0.060000000000002274,33.2,62.67999999999999,33.28,62.14499999999999,0.09105442926934355,0,0.05,0
2026-06-27 21:05:00,33.1,62.760000000000005,25.2599998,83.5365578,0.0,98.86666720000001,2.3045340199999997,21,5,Saturday,1,-0.03999999999999915,0.10000000000000142,-7.840000200000002,0,7.840000200000002,-20.776557799999992,0.03999999999999915,33.14,62.660000000000004,33.25333333333334,62.25999999999999,0.09316001222332976,0,0.05,0
2026-06-27 21:10:00,33.1,62.879999999999995,25.234999199999997,83.726316,0.0,98.7833332,2.57033326,21,5,Saturday,1,0.0,0.11999999999999034,-7.865000800000004,0,7.865000800000004,-20.846316,-0.0,33.1,62.760000000000005,33.22833333333333,62.370000000000005,0.09043665118444545,0,0.03,0
2026-06-27 21:15:00,33.1,63.1,25.2099998,83.916078,0.0,98.6999996,2.83613248,21,5,Saturday,1,0.0,0.22000000000000597,-7.890000200000003,0,7.890000200000003,-20.816077999999997,-0.0,33.1,62.879999999999995,33.205,62.49166666666667,0.0836116564217223,0,0.04,0
2026-06-27 21:20:00,33.1,63.36,25.1849998,84.105837,0.0,98.61666720000001,3.1019317600000003,21,5,Saturday,1,0.0,0.259999999999998,-7.9150002000000015,0,7.9150002000000015,-20.745836999999995,-0.0,33.1,63.1,33.185,62.60999999999999,0.07681145747009398,0,0.03,0
2026-06-27 21:25:00,33.04,63.839999999999996,25.1599996,84.29559939999999,0.0,98.5333332,3.36773098,21,5,Saturday,1,-0.060000000000002274,0.4799999999999969,-7.8800004,0,7.8800004,-20.45559939999999,0.060000000000002274,33.1,63.36,33.163333333333334,62.77166666666667,0.07808309481350796,0,0.03,0
2026-06-27 21:30:00,33.019999999999996,63.9,25.134999999999998,84.4853576,0.0,98.4499996,3.6335302,21,5,Saturday,1,-0.020000000000003126,0.060000000000002274,-7.884999999999998,0,7.884999999999998,-20.585357600000002,0.020000000000003126,33.04,63.839999999999996,33.14,62.92333333333334,0.07531750972661573,0,0.03,0
2026-06-27 21:35:00,33.0,64.08,25.1099998,84.675118,0.0,98.36666720000001,3.8993294599999997,21,5,Saturday,1,-0.01999999999999602,0.17999999999999972,-7.890000199999999,0,7.890000199999999,-20.595118,0.01999999999999602,33.019999999999996,63.9,33.11833333333333,63.076666666666675,0.07505553498597003,0,0.03,0
2026-06-27 21:40:00,33.0,64.06,25.085,84.8648772,0.0,98.2833332,4.1651288,21,5,Saturday,1,0.0,-0.01999999999999602,-7.914999999999999,0,7.914999999999999,-20.804877199999993,-0.0,33.0,64.08,33.1,63.21333333333333,0.07483314772680051,0,0.03,0
2026-06-27 21:45:00,33.0,64.36,25.06,85.054639,0.0,98.1999996,4.430928,21,5,Saturday,1,0.0,0.29999999999999716,-7.940000000000001,0,7.940000000000001,-20.694638999999995,-0.0,33.0,64.06,33.083333333333336,63.36166666666667,0.07278028370152662,0,0.03,0
2026-06-27 21:50:00,32.980000000000004,64.84,25.0349998,85.244398,0.0,98.11666720000001,4.69672726,21,5,Saturday,1,-0.01999999999999602,0.480000000000004,-7.945000200000003,0,7.945000200000003,-20.404398,0.01999999999999602,33.0,64.36,33.065000000000005,63.54333333333333,0.06829082194808915,0,0.03,0
2026-06-27 21:55:00,32.9,65.11999999999999,25.009999999999998,85.434159,0.0,98.0333332,4.96252648,21,5,Saturday,1,-0.0800000000000054,0.2799999999999869,-7.890000000000001,0,7.890000000000001,-20.314159000000004,0.0800000000000054,32.980000000000004,64.84,33.04,63.74666666666667,0.06928203229348384,0,0.03,0
2026-06-27 22:00:00,32.9,65.03999999999999,25.005000000000003,85.4077588,0.0,97.6000012,5.08389968,22,5,Saturday,1,0.0,-0.0799999999999983,-7.894999999999996,0,7.894999999999996,-20.367758800000004,-0.0,32.9,65.11999999999999,33.02,63.945,0.07236272268982037,0,0.03,0
2026-06-27 22:05:00,32.9,65.64,25.0133334,85.2372448,0.0,96.93333279999999,5.108988999999999,22,5,Saturday,1,0.0,0.6000000000000085,-7.886666599999998,0,7.886666599999998,-19.5972448,-0.0,32.9,65.03999999999999,33.00333333333334,64.18499999999999,0.07523699927117072,0,0.04,0
2026-06-27 22:10:00,32.9,65.74,25.0216666,85.0667358,0.0,96.26666600000001,5.13407806,22,5,Saturday,1,0.0,0.09999999999999432,-7.878333399999999,0,7.878333399999999,-19.32673580000001,-0.0,32.9,65.64,32.986666666666665,64.42333333333333,0.0740188346133314,0,0.04,0
2026-06-27 22:15:00,32.9,65.94,25.0300004,84.896225,0.0,95.6000012,5.15916736,22,5,Saturday,1,0.0,0.20000000000000284,-7.8699996,0,7.8699996,-18.956225000000003,-0.0,32.9,65.74,32.97,64.66000000000001,0.06849021163378541,0,0.06,0
2026-06-27 22:20:00,32.9,66.26,25.0383334,84.7257142,0.0,94.93333279999999,5.1842565800000004,22,5,Saturday,1,0.0,0.3200000000000074,-7.8616665999999995,0,7.8616665999999995,-18.465714199999994,-0.0,32.9,65.94,32.95333333333333,64.90166666666667,0.05741924499421041,0,0.04,0
2026-06-27 22:25:00,32.9,66.44,25.0466668,84.555205,0.0,94.26666600000001,5.2093457,22,5,Saturday,1,0.0,0.1799999999999926,-7.853333199999998,0,7.853333199999998,-18.115205000000003,-0.0,32.9,66.26,32.94166666666666,65.11833333333333,0.0521942757683309,0,0.05,0
2026-06-27 22:30:00,32.879999999999995,66.84,25.055,84.38469119999999,0.0,93.6000012,5.23443492,22,5,Saturday,1,-0.020000000000003126,0.4000000000000057,-7.824999999999996,0,7.824999999999996,-17.54469119999999,0.020000000000003126,32.9,66.44,32.93,65.36333333333333,0.048617243467489815,0,0.06,0
2026-06-27 22:35:00,32.839999999999996,66.97999999999999,25.0633336,84.2141828,0.0,92.93333279999999,5.259524000000001,22,5,Saturday,1,-0.03999999999999915,0.13999999999998636,-7.776666399999996,0,7.776666399999996,-17.234182800000013,0.03999999999999915,32.879999999999995,66.84,32.916666666666664,65.605,0.04960449636222264,0,0.07,0
2026-06-27 22:40:00,32.8,67.36,25.0716668,84.04367160000001,0.0,92.26666600000001,5.2846132,22,5,Saturday,1,-0.03999999999999915,0.38000000000000966,-7.728333199999998,0,7.728333199999998,-16.68367160000001,0.03999999999999915,32.839999999999996,66.97999999999999,32.9,65.88,0.05257029924190678,0,0.06,0
2026-06-27 22:45:00,32.8,67.76,25.0800004,83.87316200000001,0.0,91.6000012,5.309702400000001,22,5,Saturday,1,0.0,0.4000000000000057,-7.719999599999998,0,7.719999599999998,-16.113162000000003,-0.0,32.8,67.36,32.88333333333333,66.16333333333334,0.04960449636229491,0,0.07,0
2026-06-27 22:50:00,32.8,67.9,25.0883334,83.702652,0.0,90.93333279999999,5.33479156,22,5,Saturday,1,0.0,0.14000000000000057,-7.711666599999997,0,7.711666599999997,-15.802651999999995,-0.0,32.8,67.76,32.86833333333333,66.41833333333334,0.0446874668752185,0,0.05,0
2026-06-27 22:55:00,32.8,68.05999999999999,25.0966668,83.5321392,0.0,90.26666600000001,5.35988082,22,5,Saturday,1,0.0,0.15999999999998238,-7.703333199999996,0,7.703333199999996,-15.472139200000015,-0.0,32.8,67.9,32.86,66.66333333333333,0.04748205401308317,0,0.05,0
2026-06-27 23:00:00,32.760000000000005,68.28,25.1525,83.4572298,0.0,90.3500012,5.39568082,23,5,Saturday,1,-0.03999999999999204,0.22000000000001307,-7.607500000000005,0,7.607500000000005,-15.177229799999992,0.03999999999999204,32.8,68.05999999999999,32.848333333333336,66.93333333333334,0.053569552625118616,0,0.05,0
2026-06-27 23:05:00,32.7,68.5,25.24,83.4460602,0.0,90.93333279999999,5.43862108,23,5,Saturday,1,-0.060000000000002274,0.21999999999999886,-7.460000000000004,0,7.460000000000004,-14.946060200000005,0.060000000000002274,32.760000000000005,68.28,32.83166666666666,67.17166666666667,0.0657589721863452,0,0.05,0
2026-06-27 23:10:00,32.7,68.76,25.3275,83.43488479999999,0.0,91.51666600000001,5.4815616,23,5,Saturday,1,0.0,0.2600000000000051,-7.372500000000002,0,7.372500000000002,-14.674884799999987,-0.0,32.7,68.5,32.815,67.42333333333333,0.07192167455985123,0,0.05,0
2026-06-27 23:15:00,32.7,68.78,25.4150004,83.42371299999999,0.0,92.1000012,5.5245019200000005,23,5,Saturday,1,0.0,0.01999999999999602,-7.284999600000003,0,7.284999600000003,-14.643712999999991,-0.0,32.7,68.76,32.79833333333334,67.66000000000001,0.07358771306353476,0,0.05,0
2026-06-27 23:20:00,32.7,68.97999999999999,25.5025,83.4125372,0.0,92.68333279999999,5.56744232,23,5,Saturday,1,0.0,0.19999999999998863,-7.197500000000002,0,7.197500000000002,-14.432537200000013,-0.0,32.7,68.78,32.781666666666666,67.88666666666667,0.07107401177848736,0,0.05,0
2026-06-27 23:25:00,32.64,69.24,25.59,83.401368,0.0,93.26666600000001,5.61038268,23,5,Saturday,1,-0.060000000000002274,0.2600000000000051,-7.050000000000001,0,7.050000000000001,-14.16136800000001,0.060000000000002274,32.7,68.97999999999999,32.76,68.12,0.07135060679270726,0,0.05,0
2026-06-27 23:30:00,32.6,69.44000000000001,25.6775,83.3901922,0.0,93.8500012,5.65332322,23,5,Saturday,1,-0.03999999999999915,0.20000000000001705,-6.922500000000003,0,6.922500000000003,-13.95019219999999,0.03999999999999915,32.64,69.24,32.73666666666667,68.33666666666666,0.07426406610154973,0,0.05,0
2026-06-27 23:35:00,32.6,69.47999999999999,25.764999999999997,83.37902019999999,0.0,94.43333279999999,5.69626374,23,5,Saturday,1,0.0,0.03999999999997783,-6.835000000000004,0,6.835000000000004,-13.899020199999995,-0.0,32.6,69.44000000000001,32.71666666666666,68.545,0.07619751048983808,0,0.04,0
2026-06-27 23:40:00,32.6,69.61999999999999,25.852499599999998,83.3678428,0.0,95.01666600000001,5.73920404,23,5,Saturday,1,0.0,0.14000000000000057,-6.747500400000003,0,6.747500400000003,-13.747842800000015,-0.0,32.6,69.47999999999999,32.7,68.73333333333333,0.07816067366574422,0,0.04,0
2026-06-27 23:45:00,32.58,69.66,25.939999999999998,83.3566738,0.0,95.6000012,5.7821444,23,5,Saturday,1,-0.020000000000003126,0.04000000000000625,-6.640000000000001,0,6.640000000000001,-13.6966738,0.020000000000003126,32.6,69.61999999999999,32.681666666666665,68.89166666666667,0.07837361954905797,0,0.04,0
2026-06-27 23:50:00,32.519999999999996,69.8,26.027499999999996,83.3454988,0.0,96.18333279999999,5.82508484,23,5,Saturday,1,-0.060000000000002274,0.14000000000000057,-6.4925,0,6.4925,-13.545498800000004,0.060000000000002274,32.58,69.66,32.65833333333333,69.05,0.08155682160504354,0,0.04,0
2026-06-27 23:55:00,32.5,69.84,26.115,83.334328,0.0,96.76666600000001,5.86802516,23,5,Saturday,1,-0.01999999999999602,0.04000000000000625,-6.385000000000002,0,6.385000000000002,-13.494327999999996,0.01999999999999602,32.519999999999996,69.8,32.63333333333333,69.19833333333334,0.08015137193492093,0,0.04,0
2026-06-28 00:00:00,32.5,69.92,26.27,82.8606316,0.0,97.0500004,5.7457832799999995,0,6,Sunday,1,0.0,0.0799999999999983,-6.23,0,6.23,-12.940631600000003,-0.0,32.5,69.84,32.61166666666667,69.335,0.07790825995046655,0,0.05,0
2026-06-28 00:05:00,32.480000000000004,70.16,26.47,82.078592,0.0,97.13333279999999,5.51341944,0,6,Sunday,1,-0.01999999999999602,0.23999999999999488,-6.010000000000005,0,6.010000000000005,-11.918592000000004,0.01999999999999602,32.5,69.92,32.593333333333334,69.47333333333333,0.08105366721199864,0,0.05,0
2026-06-28 00:10:00,32.42,70.47999999999999,26.669999999999998,81.2965516,0.0,97.2166668,5.28105588,0,6,Sunday,1,-0.060000000000002274,0.3199999999999932,-5.7500000000000036,0,5.7500000000000036,-10.816551600000011,0.060000000000002274,32.480000000000004,70.16,32.57,69.61666666666666,0.08759410523287908,0,0.05,0
2026-06-28 00:15:00,32.4,70.5,26.8699994,80.5145088,0.0,97.3000004,5.04869214,0,6,Sunday,1,-0.020000000000003126,0.020000000000010232,-5.5300005999999975,0,5.5300005999999975,-10.014508800000002,0.020000000000003126,32.42,70.47999999999999,32.544999999999995,69.75999999999999,0.08989893314519966,0,0.05,0
2026-06-28 00:20:00,32.4,70.47999999999999,27.0699996,79.732471,0.0,97.38333279999999,4.816328400000001,0,6,Sunday,1,0.0,-0.020000000000010232,-5.330000399999999,0,5.330000399999999,-9.252471000000014,-0.0,32.4,70.5,32.52,69.88499999999999,0.08442317647485752,0,0.05,0
2026-06-28 00:25:00,32.4,70.47999999999999,27.2699992,78.9504266,0.0,97.4666668,4.5839647999999995,0,6,Sunday,1,0.0,0.0,-5.130000799999998,0,5.130000799999998,-8.47042660000001,-0.0,32.4,70.47999999999999,32.5,69.98833333333333,0.08179797729617491,0,0.05,0
2026-06-28 00:30:00,32.4,70.6,27.47,78.16838800000001,0.0,97.5500004,4.35160098,0,6,Sunday,1,0.0,0.12000000000000455,-4.93,0,4.93,-7.568388000000013,-0.0,32.4,70.47999999999999,32.48333333333333,70.085,0.07992420651291353,0,0.03,0
2026-06-28 00:35:00,32.4,70.74,27.669999999999998,77.386346,0.0,97.63333279999999,4.11923736,0,6,Sunday,1,0.0,0.14000000000000057,-4.73,0,4.73,-6.646346000000008,-0.0,32.4,70.6,32.46666666666667,70.19,0.07401883461411422,0,0.03,0
2026-06-28 00:40:00,32.339999999999996,70.72,27.8699994,76.604304,0.0,97.7166668,3.8868736200000003,0,6,Sunday,1,-0.060000000000002274,-0.01999999999999602,-4.470000599999995,0,4.470000599999995,-5.884304,0.060000000000002274,32.4,70.74,32.445,70.28166666666665,0.06934760924458375,0,0.04,0
2026-06-28 00:45:00,32.32,70.66,28.0699996,75.8222644,0.0,97.8000004,3.65450992,0,6,Sunday,1,-0.01999999999999602,-0.060000000000002274,-4.250000400000001,0,4.250000400000001,-5.162264399999998,0.01999999999999602,32.339999999999996,70.72,32.42333333333333,70.365,0.06372288489592581,0,0.04,0
2026-06-28 00:50:00,32.3,70.84,28.2699992,75.040222,0.0,97.88333279999999,3.4221462199999997,0,6,Sunday,1,-0.020000000000003126,0.18000000000000682,-4.030000799999996,0,4.030000799999996,-4.200221999999997,0.020000000000003126,32.32,70.66,32.404999999999994,70.45166666666667,0.06501748015826314,0,0.03,0
2026-06-28 00:55:00,32.3,71.0,28.4699992,74.2581824,0.0,97.9666668,3.18978252,0,6,Sunday,1,0.0,0.1599999999999966,-3.830000799999997,0,3.830000799999997,-3.2581823999999955,-0.0,32.3,70.84,32.388333333333335,70.54833333333333,0.06407855027169164,0,0.03,0
2026-06-28 01:00:00,32.3,71.11999999999999,28.649999200000003,73.3023752,0.0,97.6000012,3.0122874,1,6,Sunday,1,0.0,0.11999999999999034,-3.6500007999999937,0,3.6500007999999937,-2.18237520000001,-0.0,32.3,71.0,32.37166666666666,70.64833333333333,0.058127341911124106,0,0.03,0
2026-06-28 01:05:00,32.279999999999994,71.08,28.816665999999998,72.2307284,0.0,96.93333279999999,2.87137144,1,6,Sunday,1,-0.020000000000003126,-0.03999999999999204,-3.463333999999996,0,3.463333999999996,-1.1507284000000055,0.020000000000003126,32.3,71.11999999999999,32.355,70.725,0.052656692562255095,0,0.04,0
2026-06-28 01:10:00,32.260000000000005,71.12,28.9833326,71.15907899999999,0.0,96.26666600000001,2.7304554,1,6,Sunday,1,-0.019999999999988916,0.04000000000000625,-3.2766674000000044,0,3.2766674000000044,-0.03907899999998676,0.019999999999988916,32.279999999999994,71.08,32.34166666666666,70.77833333333334,0.05491039531840109,0,0.04,0
2026-06-28 01:15:00,32.239999999999995,71.03999999999999,29.149999200000003,70.08743,0.0,95.6000012,2.5895394,1,6,Sunday,1,-0.020000000000010232,-0.0800000000000125,-3.0900007999999914,0,3.0900007999999914,0.9525699999999944,0.020000000000010232,32.260000000000005,71.12,32.32833333333333,70.82333333333332,0.058749597023214126,0,0.04,0
2026-06-28 01:20:00,32.2,71.11999999999999,29.316665999999998,69.01577999999999,0.0,94.93333279999999,2.4486234199999997,1,6,Sunday,1,-0.03999999999999204,0.0799999999999983,-2.883334000000005,0,2.883334000000005,2.104219999999998,0.03999999999999204,32.239999999999995,71.03999999999999,32.31166666666666,70.87666666666667,0.06464354474862063,0,0.04,0
2026-06-28 01:25:00,32.2,71.1,29.4833326,67.944132,0.0,94.26666600000001,2.3077072999999997,1,6,Sunday,1,0.0,-0.01999999999999602,-2.716667400000002,0,2.716667400000002,3.155867999999998,-0.0,32.2,71.11999999999999,32.294999999999995,70.92833333333333,0.06557438523450396,0,0.05,0
2026-06-28 01:30:00,32.2,71.16,29.649999200000003,66.872482,0.0,93.6000012,2.1667914600000002,1,6,Sunday,1,0.0,0.060000000000002274,-2.5500007999999994,0,2.5500007999999994,4.2875179999999915,-0.0,32.2,71.1,32.278333333333336,70.975,0.06176691277730178,0,0.05,0
2026-06-28 01:35:00,32.2,71.24,29.816665999999998,65.800835,0.0,92.93333279999999,2.0258753599999997,1,6,Sunday,1,0.0,0.0799999999999983,-2.383334000000005,0,2.383334000000005,5.4391649999999885,-0.0,32.2,71.16,32.26166666666666,71.01666666666667,0.052194275769800104,0,0.05,0
2026-06-28 01:40:00,32.2,71.32000000000001,29.9833326,64.7291838,0.0,92.26666600000001,1.8849593599999999,1,6,Sunday,1,0.0,0.0800000000000125,-2.216667400000002,0,2.216667400000002,6.590816200000006,-0.0,32.2,71.24,32.25,71.06666666666666,0.048617243469071196,0,0.05,0
2026-06-28 01:45:00,32.1,71.52000000000001,30.149999200000003,63.657537000000005,0.0,91.6000012,1.7440433599999998,1,6,Sunday,1,-0.10000000000000142,0.20000000000000284,-1.950000799999998,0,1.950000799999998,7.862463000000005,0.10000000000000142,32.2,71.32000000000001,32.23166666666667,71.13833333333334,0.059974742149250956,0,0.92,0
2026-06-28 01:50:00,32.1,71.64,30.316665999999998,62.585887400000004,0.0,90.93333279999999,1.60312734,1,6,Sunday,1,0.0,0.11999999999999034,-1.7833340000000035,0,1.7833340000000035,9.054112599999996,-0.0,32.1,71.52000000000001,32.215,71.205,0.06667424198563124,0,0.11,0
2026-06-28 01:55:00,32.1,71.72,30.4833326,61.5142392,0.0,90.26666600000001,1.46221134,1,6,Sunday,1,0.0,0.0799999999999983,-1.6166674000000008,0,1.6166674000000008,10.2057608,-0.0,32.1,71.64,32.19833333333333,71.265,0.06846808589983619,0,0.12,0
2026-06-28 02:00:00,32.1,71.66,30.5824994,60.9743104,0.0,89.7999996,1.5717919999999999,2,6,Sunday,1,0.0,-0.060000000000002274,-1.5175006000000018,0,1.5175006000000018,10.685689599999996,-0.0,32.1,71.72,32.181666666666665,71.31,0.06575897218749292,0,0.12,0
2026-06-28 02:05:00,32.1,71.55999999999999,30.636666400000003,60.788865599999994,0.0,89.4666672,1.84837038,2,6,Sunday,1,0.0,-0.10000000000000853,-1.4633335999999986,0,1.4633335999999986,10.771134399999994,-0.0,32.1,71.66,32.166666666666664,71.35,0.06169327844244941,0,0.12,0
2026-06-28 02:10:00,32.019999999999996,71.53999999999999,30.690832999999998,60.60342000000001,0.0,89.13333320000001,2.12494878,2,6,Sunday,1,-0.0800000000000054,-0.01999999999999602,-1.3291669999999982,0,1.3291669999999982,10.936579999999985,0.0800000000000054,32.1,71.55999999999999,32.14666666666667,71.38499999999999,0.06733003291440895,0,0.06,0
2026-06-28 02:15:00,32.019999999999996,71.53999999999999,30.7449996,60.4179742,0.0,88.7999996,2.40152724,2,6,Sunday,1,0.0,0.0,-1.2750003999999961,0,1.2750003999999961,11.122025799999989,-0.0,32.019999999999996,71.53999999999999,32.12833333333334,71.42666666666666,0.06952217870766189,0,0.04,0
2026-06-28 02:20:00,32.0,71.61999999999999,30.7991666,60.2325286,0.0,88.4666672,2.6781055799999995,2,6,Sunday,1,-0.01999999999999602,0.0799999999999983,-1.2008334000000005,0,1.2008334000000005,11.387471399999988,0.01999999999999602,32.019999999999996,71.53999999999999,32.11166666666667,71.46833333333333,0.07456947136420405,0,0.04,0
2026-06-28 02:25:00,32.0,71.64,30.853333199999998,60.0470818,0.0,88.13333320000001,2.95468398,2,6,Sunday,1,0.0,0.020000000000010232,-1.146666800000002,0,1.146666800000002,11.5929182,-0.0,32.0,71.61999999999999,32.095,71.51333333333334,0.0753778361373749,0,0.04,0
2026-06-28 02:30:00,32.0,71.61999999999999,30.907500199999998,59.861636999999995,0.0,87.7999996,3.2312624,2,6,Sunday,1,0.0,-0.020000000000010232,-1.0924998000000024,0,1.0924998000000024,11.758362999999996,-0.0,32.0,71.64,32.07833333333333,71.55166666666666,0.07209001106886082,0,0.04,0
2026-06-28 02:35:00,32.0,71.67999999999999,30.9616668,59.67619119999999,0.0,87.4666672,3.5078408000000003,2,6,Sunday,1,0.0,0.060000000000002274,-1.0383332000000003,0,1.0383332000000003,12.003808800000002,-0.0,32.0,71.61999999999999,32.06166666666667,71.58833333333332,0.06407855027232941,0,0.04,0
2026-06-28 02:40:00,32.0,71.67999999999999,31.0158336,59.4907448,0.0,87.13333320000001,3.7844192,2,6,Sunday,1,0.0,0.0,-0.9841663999999994,0,0.9841663999999994,12.189255199999991,-0.0,32.0,71.67999999999999,32.045,71.61833333333333,0.04908249084997479,0,0.04,0
2026-06-28 02:45:00,32.0,71.61999999999999,31.070000399999998,59.3052996,0.0,86.7999996,4.06099766,2,6,Sunday,1,0.0,-0.060000000000002274,-0.9299996000000021,0,0.9299996000000021,12.314700399999992,-0.0,32.0,71.67999999999999,32.03666666666667,71.62666666666665,0.04735424206312763,0,0.04,0
2026-06-28 02:50:00,32.0,71.6,31.124167,59.1198538,0.0,86.4666672,4.33757604,2,6,Sunday,1,0.0,-0.01999999999999602,-0.8758330000000001,0,0.8758330000000001,12.480146199999993,-0.0,32.0,71.61999999999999,32.028333333333336,71.62333333333332,0.04386618769842639,0,0.04,0
2026-06-28 02:55:00,31.919999999999998,71.58,31.1783338,58.934408,0.0,86.13333320000001,4.6141545200000005,2,6,Sunday,1,-0.08000000000000185,-0.01999999999999602,-0.7416661999999974,0,0.7416661999999974,12.645592,0.08000000000000185,32.0,71.6,32.013333333333335,71.61166666666666,0.04773665130424296,0,0.05,0
2026-06-28 03:00:00,31.9,71.58,31.232501000000003,58.796977600000005,0.0,86.25,4.79414926,3,6,Sunday,1,-0.019999999999999574,0.0,-0.6674989999999958,0,0.6674989999999958,12.783022399999993,0.019999999999999574,31.919999999999998,71.58,31.996666666666666,71.60499999999999,0.04960449636439417,0,0.04,0
2026-06-28 03:05:00,31.9,71.58,31.286667,58.6915564,0.0,86.6666672,4.90975486,3,6,Sunday,1,0.0,0.0,-0.6133329999999972,0,0.6133329999999972,12.888443599999995,-0.0,31.9,71.58,31.98,71.60666666666667,0.0451260859739334,0,0.04,0
2026-06-28 03:10:00,31.9,71.53999999999999,31.340834,58.5861364,0.0,87.0833328,5.02536048,3,6,Sunday,1,0.0,-0.04000000000000625,-0.5591659999999976,0,0.5591659999999976,12.953863599999991,-0.0,31.9,71.58,31.97,71.60666666666667,0.04861724346980231,0,0.05,0
2026-06-28 03:15:00,31.9,71.52000000000001,31.395000800000002,58.4807168,0.0,87.5,5.140966000000001,3,6,Sunday,1,0.0,-0.01999999999998181,-0.5049991999999968,0,0.5049991999999968,13.039283200000007,-0.0,31.9,71.53999999999999,31.959999999999997,71.60499999999999,0.04972652483027017,0,0.05,0
2026-06-28 03:20:00,31.860000000000003,71.5,31.4491674,58.37529500000001,0.0,87.9166672,5.2565717,3,6,Sunday,1,-0.039999999999995595,-0.020000000000010232,-0.41083260000000266,0,0.41083260000000266,13.124704999999992,0.039999999999995595,31.9,71.52000000000001,31.948333333333334,71.59499999999998,0.05556868530791292,0,0.05,0
2026-06-28 03:25:00,31.8,71.58,31.5033342,58.269874800000004,0.0,88.3333328,5.37217734,3,6,Sunday,1,-0.060000000000002274,0.0799999999999983,-0.29666579999999954,0,0.29666579999999954,13.310125199999995,0.060000000000002274,31.860000000000003,71.5,31.93166666666667,71.58999999999999,0.06739750916316926,0,0.05,0
2026-06-28 03:30:00,31.839999999999996,71.53999999999999,31.5575002,58.1644552,0.0,88.75,5.487783,3,6,Sunday,1,0.039999999999995595,-0.04000000000000625,-0.2824997999999965,0,0.2824997999999965,13.375544799999993,-0.039999999999995595,31.8,71.58,31.918333333333333,71.58333333333333,0.06846808590034785,0,0.06,0
2026-06-28 03:35:00,31.82,71.4,31.6116672,58.0590342,0.0,89.1666672,5.60338872,3,6,Sunday,1,-0.01999999999999602,-0.13999999999998636,-0.20833280000000087,0,0.20833280000000087,13.340965800000006,0.01999999999999602,31.839999999999996,71.53999999999999,31.903333333333332,71.56,0.06866696086280388,0,0.07,0
2026-06-28 03:40:00,31.8,71.32000000000001,31.665833400000004,57.95361319999999,0.0,89.5833328,5.71899424,3,6,Sunday,1,-0.019999999999999574,-0.0799999999999983,-0.1341665999999968,0,0.1341665999999968,13.366386800000015,0.019999999999999574,31.82,71.4,31.886666666666667,71.53,0.06733003291488707,0,0.07,0
2026-06-28 03:45:00,31.8,71.3,31.720000399999996,57.8481936,0.0,90.0,5.83459986,3,6,Sunday,1,0.0,-0.020000000000010232,-0.07999960000000428,0,0.07999960000000428,13.451806399999995,-0.0,31.8,71.32000000000001,31.87,71.50333333333333,0.06120011882705033,0,0.07,0
2026-06-28 03:50:00,31.8,71.26,31.7741672,57.7427726,0.0,90.4166672,5.9502054,3,6,Sunday,1,0.0,-0.03999999999999204,-0.025832799999999878,0,0.025832799999999878,13.517227400000003,-0.0,31.8,71.3,31.853333333333335,71.47500000000001,0.04849242364029391,0,0.08,0
2026-06-28 03:55:00,31.8,71.34,31.8283336,57.6373524,0.0,90.8333328,6.0658110800000005,3,6,Sunday,1,0.0,0.0799999999999983,0.028333599999999848,0,-0.028333599999999848,13.702647600000006,-0.0,31.8,71.26,31.84333333333333,71.455,0.045792681685687786,0,0.08,0
2026-06-28 04:00:00,31.74,71.32000000000001,31.8425002,57.6374866,0.030000001200000005,90.6499988,6.20183658,4,6,Sunday,1,-0.060000000000002274,-0.01999999999999602,0.10250020000000148,0,-0.10250020000000148,13.682513400000005,0.060000000000002274,31.8,71.34,31.83,71.43333333333334,0.05081159494464333,0,0.09,0
2026-06-28 04:05:00,31.7,71.32000000000001,31.8300004,57.707989,0.08000000160000001,90.06666720000001,6.35147528,4,6,Sunday,1,-0.03999999999999915,0.0,0.13000040000000013,0,-0.13000040000000013,13.61201100000001,0.03999999999999915,31.74,71.32000000000001,31.813333333333333,71.41166666666668,0.05804909102390316,0,0.08,0
2026-06-28 04:10:00,31.7,71.34,31.8175002,57.7784918,0.130000005,89.48333399999999,6.50111388,4,6,Sunday,1,0.0,0.01999999999999602,0.11750020000000205,0,-0.11750020000000205,13.561508200000006,-0.0,31.7,71.32000000000001,31.796666666666667,71.395,0.05959458994341463,0,0.08,0
2026-06-28 04:15:00,31.7,71.36,31.8050004,57.848995,0.180000004,88.8999988,6.650752559999999,4,6,Sunday,1,0.0,0.01999999999999602,0.10500040000000155,0,-0.10500040000000155,13.511004999999997,-0.0,31.7,71.34,31.78,71.38166666666667,0.05592202362473597,0,0.08,0
2026-06-28 04:20:00,31.7,71.24,31.7925002,57.919498,0.23000000599999998,88.31666720000001,6.80039118,4,6,Sunday,1,0.0,-0.12000000000000455,0.09250019999999992,0,-0.09250019999999992,13.320501999999998,-0.0,31.7,71.36,31.766666666666666,71.36,0.054160256021823054,0,0.08,0
2026-06-28 04:25:00,31.7,71.28,31.7800006,57.9900008,0.280000008,87.73333399999999,6.95003,4,6,Sunday,1,0.0,0.04000000000000625,0.08000060000000175,0,-0.08000060000000175,13.289999200000004,-0.0,31.7,71.24,31.75833333333333,71.335,0.056219267690216325,0,0.08,0
2026-06-28 04:30:00,31.660000000000004,71.28,31.7675004,58.0605034,0.330000008,87.1499988,7.09966896,4,6,Sunday,1,-0.039999999999995595,0.0,0.10750039999999572,0,-0.10750039999999572,13.2194966,0.039999999999995595,31.7,71.28,31.743333333333336,71.31333333333335,0.05646130344670257,0,0.09,0
2026-06-28 04:35:00,31.6,71.28,31.7550002,58.1310068,0.38000001,86.56666720000001,7.2493076,4,6,Sunday,1,-0.060000000000002274,0.0,0.15500019999999992,0,-0.15500019999999992,13.1489932,0.060000000000002274,31.660000000000004,71.28,31.724999999999998,71.30333333333334,0.06445576354036729,0,0.09,0
2026-06-28 04:40:00,31.6,71.26,31.7425004,58.201509599999994,0.4300000199999999,85.98333399999999,7.39894632,4,6,Sunday,1,0.0,-0.01999999999999602,0.14250039999999942,0,-0.14250039999999942,13.05849040000001,-0.0,31.6,71.28,31.708333333333332,71.29833333333333,0.06899714530063088,0,0.07,0
2026-06-28 04:45:00,31.6,71.32000000000001,31.7300002,58.272012,0.48000001000000003,85.3999988,7.548584920000001,4,6,Sunday,1,0.0,0.060000000000002274,0.1300001999999978,0,-0.1300001999999978,13.04798800000001,-0.0,31.6,71.26,31.691666666666666,71.3,0.06899714530066042,0,0.07,0
2026-06-28 04:50:00,31.6,71.3,31.7175006,58.3425156,0.530000014,84.81666720000001,7.69822358,4,6,Sunday,1,0.0,-0.020000000000010232,0.11750059999999962,0,-0.11750059999999962,12.957484399999998,-0.0,31.6,71.32000000000001,31.674999999999997,71.30333333333333,0.06445576354046152,0,0.07,0
2026-06-28 04:55:00,31.560000000000002,71.36,31.7050004,58.4130184,0.5800000240000001,84.23333399999999,7.847862279999999,4,6,Sunday,1,-0.03999999999999915,0.060000000000002274,0.14500039999999714,0,-0.14500039999999714,12.9469816,0.03999999999999915,31.6,71.3,31.655,71.305,0.05916079782290991,0,0.07,0
2026-06-28 05:00:00,31.5,71.4,31.687500399999998,58.6583804,0.6300000179999999,84.0,7.79350078,5,6,Sunday,1,-0.060000000000002274,0.04000000000000625,0.18750039999999757,0,-0.18750039999999757,12.741619600000007,0.060000000000002274,31.560000000000002,71.36,31.635,71.31166666666667,0.06775624760829962,0,0.07,0
2026-06-28 05:05:00,31.5,71.44000000000001,31.6666676,59.0203138,0.680000022,84.0,7.6031393199999995,5,6,Sunday,1,0.0,0.04000000000000625,0.16666760000000025,0,-0.16666760000000025,12.419686200000015,-0.0,31.5,71.4,31.618333333333336,71.32166666666667,0.07456947136501772,0,0.07,0
2026-06-28 05:10:00,31.5,71.46000000000001,31.645834200000003,59.382248600000004,0.730000008,84.0,7.412777780000001,5,6,Sunday,1,0.0,0.01999999999999602,0.14583420000000302,0,-0.14583420000000302,12.077751400000004,-0.0,31.5,71.44000000000001,31.601666666666663,71.33166666666666,0.07696910044490943,0,0.07,0
2026-06-28 05:15:00,31.5,71.47999999999999,31.625000399999998,59.744183199999995,0.780000024,84.0,7.222416320000001,5,6,Sunday,1,0.0,0.01999999999998181,0.12500039999999757,0,-0.12500039999999757,11.735816799999995,-0.0,31.5,71.46000000000001,31.584999999999997,71.34166666666667,0.07537783613820685,0,0.07,0
2026-06-28 05:20:00,31.46,71.6,31.6041676,60.106117,0.830000036,84.0,7.03205478,5,6,Sunday,1,-0.03999999999999915,0.12000000000000455,0.1441675999999994,0,-0.1441675999999994,11.493882999999997,0.03999999999999915,31.5,71.47999999999999,31.565,71.37166666666667,0.0739164147040519,0,0.07,0
2026-06-28 05:25:00,31.419999999999998,71.58,31.583334200000003,60.468051200000005,0.8800000280000001,84.0,6.84169332,5,6,Sunday,1,-0.0400000000000027,-0.01999999999999602,0.16333420000000487,0,-0.16333420000000487,11.111948799999993,0.0400000000000027,31.46,71.6,31.541666666666668,71.39666666666668,0.07158381397573893,0,0.07,0
2026-06-28 05:30:00,31.4,71.55999999999999,31.562500399999998,60.82998619999999,0.930000036,84.0,6.65133178,5,6,Sunday,1,-0.019999999999999574,-0.020000000000010232,0.162500399999999,0,-0.162500399999999,10.730013799999995,0.019999999999999574,31.419999999999998,71.58,31.52,71.42,0.07185844670400496,0,0.07,0
2026-06-28 05:35:00,31.4,71.53999999999999,31.5416676,61.1919206,0.980000008,84.0,6.4609703199999995,5,6,Sunday,1,0.0,-0.01999999999999602,0.14166760000000167,0,-0.14166760000000167,10.348079399999989,-0.0,31.4,71.55999999999999,31.503333333333334,71.44166666666666,0.07475211560189285,0,0.04,0
2026-06-28 05:40:00,31.4,71.55999999999999,31.520834200000003,61.5538546,1.03000006,84.0,6.27060878,5,6,Sunday,1,0.0,0.01999999999999602,0.12083420000000444,0,-0.12083420000000444,10.006145399999987,-0.0,31.4,71.53999999999999,31.486666666666668,71.46666666666667,0.07352591791432886,0,0.04,0
2026-06-28 05:45:00,31.4,71.58,31.500000399999998,61.915788799999994,1.08000002,84.0,6.08024732,5,6,Sunday,1,0.0,0.020000000000010232,0.10000039999999899,0,-0.10000039999999899,9.664211200000004,-0.0,31.4,71.55999999999999,31.47,71.48833333333333,0.06795720577885672,0,0.04,0
2026-06-28 05:50:00,31.4,71.55999999999999,31.4791676,62.277724,1.13000004,84.0,5.88988578,5,6,Sunday,1,0.0,-0.020000000000010232,0.07916760000000167,0,-0.07916760000000167,9.282275999999989,-0.0,31.4,71.58,31.453333333333333,71.51,0.05678241297562625,0,0.04,0
2026-06-28 05:55:00,31.4,71.58,31.458334200000003,62.6396572,1.18000006,84.0,5.69952432,5,6,Sunday,1,0.0,0.020000000000010232,0.058334200000004444,0,-0.058334200000004444,8.940342799999996,-0.0,31.4,71.55999999999999,31.44,71.52833333333332,0.047482054016658094,0,0.05,0
2026-06-28 06:00:00,31.339999999999996,71.52000000000001,31.3200012,63.400996,1.19500004,84.8000004,5.57621068,6,6,Sunday,1,-0.060000000000002274,-0.05999999999998806,-0.01999879999999621,0,0.01999879999999621,8.119004000000011,0.060000000000002274,31.4,71.58,31.426666666666666,71.53833333333334,0.051404515769754,0,0.05,0
2026-06-28 06:05:00,31.339999999999996,71.55999999999999,31.103333600000003,64.4286028,1.18666672,86.13333279999999,5.49759592,6,6,Sunday,1,0.0,0.03999999999997783,-0.23666639999999362,0,0.23666639999999362,7.131397199999995,-0.0,31.339999999999996,71.52000000000001,31.41333333333333,71.54833333333333,0.05140451576978525,0,0.05,0
2026-06-28 06:10:00,31.3,71.55999999999999,30.886667,65.4562126,1.1783334,87.4666668,5.41898092,6,6,Sunday,1,-0.039999999999995595,0.0,-0.4133330000000015,0,0.4133330000000015,6.103787399999987,0.039999999999995595,31.339999999999996,71.55999999999999,31.396666666666665,71.55666666666666,0.05314360190416335,0,0.05,0
2026-06-28 06:15:00,31.3,71.58,30.670000400000003,66.48382,1.17000006,88.8000004,5.34036592,6,6,Sunday,1,0.0,0.020000000000010232,-0.6299995999999979,0,0.6299995999999979,5.096180000000004,-0.0,31.3,71.55999999999999,31.38,71.565,0.04898979484657647,0,0.04,0
2026-06-28 06:20:00,31.3,71.64,30.453334,67.511428,1.16166676,90.13333279999999,5.261750879999999,6,6,Sunday,1,0.0,0.060000000000002274,-0.846665999999999,0,0.846665999999999,4.1285720000000055,-0.0,31.3,71.58,31.366666666666664,71.56833333333333,0.04696871943297288,0,0.04,0
2026-06-28 06:25:00,31.3,71.66,30.2366678,68.53903,1.1533334400000002,91.4666668,5.1831359599999995,6,6,Sunday,1,0.0,0.01999999999999602,-1.0633322000000014,0,1.0633322000000014,3.12097,-0.0,31.3,71.64,31.35666666666667,71.57499999999999,0.047354242064880904,0,0.04,0
2026-06-28 06:30:00,31.3,71.76,30.020000399999997,69.5666408,1.1449999800000001,92.8000004,5.104521119999999,6,6,Sunday,1,0.0,0.10000000000000853,-1.2799996000000036,0,1.2799996000000036,2.1933592000000033,-0.0,31.3,71.66,31.34833333333333,71.59166666666665,0.04783177591304632,0,0.04,0
2026-06-28 06:35:00,31.28,71.78,29.803333400000003,70.594249,1.13666666,94.13333279999999,5.02590606,6,6,Sunday,1,-0.019999999999999574,0.01999999999999602,-1.476666599999998,0,1.476666599999998,1.1857509999999962,0.019999999999999574,31.3,71.76,31.338333333333335,71.61166666666666,0.04858606857655358,0,0.09,0
2026-06-28 06:40:00,31.22,71.78,29.5866672,71.62185819999999,1.12833334,95.4666668,4.94729108,6,6,Sunday,1,-0.060000000000002274,0.0,-1.633332799999998,0,1.633332799999998,0.15814180000000988,0.060000000000002274,31.28,71.78,31.323333333333327,71.63,0.05515817474814961,0,0.09,0
2026-06-28 06:45:00,31.22,71.82000000000001,29.3700004,72.64946599999999,1.1199999999999999,96.8000004,4.86867608,6,6,Sunday,1,0.0,0.04000000000000625,-1.8499996000000003,0,1.8499996000000003,-0.8294659999999823,-0.0,31.22,71.78,31.308333333333334,71.64999999999999,0.05686240702309534,0,0.08,0
2026-06-28 06:50:00,31.2,71.86,29.153333800000002,73.67707,1.11166666,98.13333279999999,4.79006124,6,6,Sunday,1,-0.019999999999999574,0.03999999999999204,-2.046666199999997,0,2.046666199999997,-1.817070000000001,0.019999999999999574,31.22,71.82000000000001,31.291666666666668,71.675,0.0568624070231312,0,0.03,0
2026-06-28 06:55:00,31.2,71.86,28.9366668,74.70468,1.10333336,99.4666668,4.71144628,6,6,Sunday,1,0.0,0.0,-2.263333199999998,0,2.263333199999998,-2.8446799999999968,-0.0,31.2,71.86,31.274999999999995,71.69833333333334,0.0512569285697815,0,0.03,0
2026-06-28 07:00:00,31.2,71.84,28.7875,75.4479908,1.2,99.9499996,4.68360708,7,6,Sunday,1,0.0,-0.01999999999999602,-2.412499999999998,0,2.412499999999998,-3.607990799999996,-0.0,31.2,71.86,31.263333333333332,71.725,0.05104958966728696,0,0.03,0
2026-06-28 07:05:00,31.2,71.88000000000001,28.6833332,76.00177,1.3666667000000001,99.86666720000001,4.68961846,7,6,Sunday,1,0.0,0.04000000000000625,-2.5166667999999994,0,2.5166667999999994,-4.121769999999984,-0.0,31.2,71.84,31.25166666666667,71.75166666666667,0.04783177591329199,0,0.03,0
2026-06-28 07:10:00,31.160000000000004,71.86,28.579166800000003,76.5555492,1.53333332,99.7833332,4.69562976,7,6,Sunday,1,-0.039999999999995595,-0.020000000000010232,-2.5808332000000007,0,2.5808332000000007,-4.695549200000002,0.039999999999995595,31.2,71.88000000000001,31.24,71.77666666666667,0.051873973146968407,0,0.03,0
2026-06-28 07:15:00,31.1,71.97999999999999,28.475,77.109329,1.69999998,99.6999996,4.70164108,7,6,Sunday,1,-0.060000000000002274,0.11999999999999034,-2.625,0,2.625,-5.129329000000013,0.060000000000002274,31.160000000000004,71.86,31.223333333333333,71.81,0.06198729096816059,0,0.05,0
2026-06-28 07:20:00,31.1,71.96000000000001,28.3708332,77.66310899999999,1.86666666,99.61666720000001,4.70765246,7,6,Sunday,1,0.0,-0.01999999999998181,-2.7291668000000016,0,2.7291668000000016,-5.7031089999999836,-0.0,31.1,71.97999999999999,31.206666666666667,71.83666666666666,0.0662410657147798,0,0.05,0
2026-06-28 07:25:00,31.1,72.02000000000001,28.266666800000003,78.2168888,2.0333333199999997,99.5333332,4.71366376,7,6,Sunday,1,0.0,0.060000000000002274,-2.8333331999999984,0,2.8333331999999984,-6.196888799999996,-0.0,31.1,71.96000000000001,31.189999999999998,71.86666666666667,0.06578200913948738,0,0.05,0
2026-06-28 07:30:00,31.1,72.0,28.1625,78.7706688,2.19999994,99.4499996,4.71967504,7,6,Sunday,1,0.0,-0.020000000000010232,-2.9375,0,2.9375,-6.770668799999996,-0.0,31.1,72.02000000000001,31.173333333333336,71.88666666666667,0.060502942571124735,0,0.05,0
2026-06-28 07:35:00,31.1,71.96000000000001,28.0583332,79.3244472,2.36666664,99.36666720000001,4.72568646,7,6,Sunday,1,0.0,-0.03999999999999204,-3.0416668000000016,0,3.0416668000000016,-7.3644471999999865,-0.0,31.1,72.0,31.15833333333333,71.90166666666666,0.05356955262888827,0,0.05,0
2026-06-28 07:40:00,31.2,71.86,27.954166800000003,79.87822700000001,2.5333333199999997,99.2833332,4.73169772,7,6,Sunday,1,0.09999999999999787,-0.10000000000000853,-3.2458331999999963,0,3.2458331999999963,-8.01822700000001,-0.09999999999999787,31.1,71.96000000000001,31.15666666666667,71.90833333333333,0.05175700800810018,0,0.04,0
2026-06-28 07:45:00,31.2,71.74,27.85,80.432007,2.6999999,99.1999996,4.73770902,7,6,Sunday,1,0.0,-0.12000000000000455,-3.349999999999998,0,3.349999999999998,-8.692007000000004,-0.0,31.2,71.86,31.155,71.90166666666666,0.04981785002367375,0,0.05,0
2026-06-28 07:50:00,31.28,71.53999999999999,27.7458332,80.985787,2.8666666,99.11666720000001,4.74372036,7,6,Sunday,1,0.08000000000000185,-0.20000000000000284,-3.5341668000000013,0,3.5341668000000013,-9.44578700000001,-0.08000000000000185,31.2,71.74,31.161666666666665,71.875,0.06057802381110277,0,0.05,0
2026-06-28 07:55:00,31.439999999999998,71.24,27.641666800000003,81.53956600000001,3.0333333199999997,99.0333332,4.74973164,7,6,Sunday,1,0.1599999999999966,-0.29999999999999716,-3.7983331999999947,0,3.7983331999999947,-10.299566000000013,-0.1599999999999966,31.28,71.53999999999999,31.18166666666667,71.82333333333334,0.10070960352211256,0,0.04,0
2026-06-28 08:00:00,31.5,71.1,27.6300004,81.56162,2.96499992,98.9499996,4.5975053,8,6,Sunday,1,0.060000000000002274,-0.14000000000000057,-3.8699996,0,3.8699996,-10.46162000000001,-0.060000000000002274,31.439999999999998,71.24,31.206666666666667,71.76166666666667,0.1365372631979104,0,0.05,1
2026-06-28 08:05:00,31.619999999999997,70.9,27.68,81.2291938,2.7399999399999997,98.86666720000001,4.33978708,8,6,Sunday,1,0.11999999999999744,-0.19999999999998863,-3.9399999999999977,0,3.9399999999999977,-10.329193799999999,-0.11999999999999744,31.5,71.1,31.241666666666664,71.67999999999999,0.18119970566332727,0,0.03,1
2026-06-28 08:10:00,31.74,70.66,27.7300004,80.8967668,2.51499998,98.7833332,4.082068919999999,8,6,Sunday,1,0.120000000000001,-0.2400000000000091,-4.009999599999997,0,4.009999599999997,-10.236766799999998,-0.120000000000001,31.619999999999997,70.9,31.290000000000003,71.58,0.22859253149146785,0,0.03,1
2026-06-28 08:15:00,31.860000000000003,70.4,27.7800002,80.5643372,2.28999998,98.6999996,3.8243507200000004,8,6,Sunday,1,0.12000000000000455,-0.2599999999999909,-4.079999800000003,0,4.079999800000003,-10.164337199999991,-0.12000000000000455,31.74,70.66,31.353333333333335,71.44833333333334,0.2722743714205431,0,0.03,1
2026-06-28 08:20:00,31.98,70.26,27.8300002,80.231908,2.06499998,98.61666720000001,3.5666325999999997,8,6,Sunday,1,0.11999999999999744,-0.14000000000000057,-4.1499998,0,4.1499998,-9.971907999999999,-0.11999999999999744,31.860000000000003,70.4,31.426666666666666,71.30666666666667,0.3132624033177873,0,0.03,1
2026-06-28 08:25:00,32.08,70.08,27.880000799999998,79.89948,1.83999998,98.5333332,3.3089144,8,6,Sunday,1,0.09999999999999787,-0.18000000000000682,-4.199999200000001,0,4.199999200000001,-9.819479999999999,-0.09999999999999787,31.98,70.26,31.508333333333336,71.145,0.34635329659134345,0,0.03,1
2026-06-28 08:30:00,32.1,70.2,27.93,79.567054,1.61499996,98.4499996,3.0511961800000003,8,6,Sunday,1,0.020000000000003126,0.12000000000000455,-4.170000000000002,0,4.170000000000002,-9.367053999999996,-0.020000000000003126,32.08,70.08,31.591666666666665,70.99499999999999,0.35923740778290686,0,0.04,1
2026-06-28 08:35:00,32.1,70.22,27.9800006,79.2346268,1.3900000000000001,98.36666720000001,2.793478,8,6,Sunday,1,0.0,0.01999999999999602,-4.119999400000001,0,4.119999400000001,-9.014626800000002,-0.0,32.1,70.2,31.675,70.85000000000001,0.3507005975044225,0,0.04,1
2026-06-28 08:40:00,32.14,70.34,28.0300002,78.9021972,1.1649999599999998,98.2833332,2.53575982,8,6,Sunday,1,0.03999999999999915,0.12000000000000455,-4.109999800000001,0,4.109999800000001,-8.5621972,-0.03999999999999915,32.1,70.22,31.75333333333333,70.72333333333334,0.33976819192128244,0,0.04,1
2026-06-28 08:45:00,32.2,70.38000000000001,28.080000599999998,78.569768,0.939999982,98.1999996,2.2780416800000003,8,6,Sunday,1,0.060000000000002274,0.04000000000000625,-4.119999400000005,0,4.119999400000005,-8.189767999999987,-0.060000000000002274,32.14,70.34,31.836666666666662,70.61,0.31332043815990185,0,0.05,1
2026-06-28 08:50:00,32.2,70.32000000000001,28.130000799999998,78.2373402,0.7150000000000001,98.11666720000001,2.02032344,8,6,Sunday,1,0.0,-0.060000000000002274,-4.069999200000005,0,4.069999200000005,-7.917340199999998,-0.0,32.2,70.38000000000001,31.913333333333338,70.50833333333333,0.27493249860080055,0,0.05,1
2026-06-28 08:55:00,32.14,70.52000000000001,28.18,77.904914,0.49000000000000005,98.0333332,1.7626052600000002,8,6,Sunday,1,-0.060000000000002274,0.20000000000000284,-3.960000000000001,0,3.960000000000001,-7.384913999999995,0.060000000000002274,32.2,70.32000000000001,31.971666666666668,70.44833333333334,0.23702064863166739,0,0.05,1
2026-06-28 09:00:00,32.1,70.6,28.1975002,77.759908,0.38000001,97.85,1.7174143999999998,9,6,Sunday,1,-0.03999999999999915,0.07999999999998408,-3.902499800000001,0,3.902499800000001,-7.1599080000000015,0.03999999999999915,32.14,70.52000000000001,32.02166666666667,70.40666666666668,0.18634441881425046,0,0.05,1
2026-06-28 09:05:00,32.18,70.5,28.193334400000005,77.73985,0.346666664,97.6,1.8139083200000001,9,6,Sunday,1,0.0799999999999983,-0.09999999999999432,-3.986665599999995,0,3.986665599999995,-7.239850000000004,-0.0799999999999983,32.1,70.6,32.068333333333335,70.37333333333333,0.1412820089734521,0,0.04,1
2026-06-28 09:10:00,32.279999999999994,70.34,28.189166999999998,77.719791,0.313333336,97.35,1.9104023,9,6,Sunday,1,0.09999999999999432,-0.1599999999999966,-4.090832999999996,0,4.090832999999996,-7.379790999999997,-0.09999999999999432,32.18,70.5,32.11333333333334,70.34666666666666,0.10965510669002797,0,0.04,1
2026-06-28 09:15:00,32.32,70.16,28.1850004,77.699734,0.28000000599999997,97.1,2.00689626,9,6,Sunday,1,0.04000000000000625,-0.18000000000000682,-4.1349996,0,4.1349996,-7.53973400000001,-0.04000000000000625,32.279999999999994,70.34,32.151666666666664,70.32666666666667,0.09203095657792618,0,0.05,1
2026-06-28 09:20:00,32.36,70.02000000000001,28.1808336,77.679677,0.24666666800000003,96.85,2.1033902,9,6,Sunday,1,0.03999999999999915,-0.13999999999998636,-4.1791664,0,4.1791664,-7.659676999999988,-0.03999999999999915,32.32,70.16,32.18333333333334,70.30666666666667,0.09296463973666971,0,0.05,1
2026-06-28 09:25:00,32.379999999999995,70.02000000000001,28.1766664,77.6596192,0.213333334,96.6,2.1998842,9,6,Sunday,1,0.01999999999999602,0.0,-4.203333599999997,0,4.203333599999997,-7.639619199999984,-0.01999999999999602,32.36,70.02000000000001,32.208333333333336,70.30166666666666,0.10249907611778668,0,0.04,1
2026-06-28 09:30:00,32.4,69.97999999999999,28.1725006,77.639561,0.180000002,96.35,2.2963781400000003,9,6,Sunday,1,0.020000000000003126,-0.040000000000020464,-4.227499399999999,0,4.227499399999999,-7.659561000000011,-0.020000000000003126,32.379999999999995,70.02000000000001,32.233333333333334,70.28333333333335,0.10998622502797267,0,0.04,1
2026-06-28 09:35:00,32.5,69.9,28.1683332,77.619503,0.146666672,96.1,2.3928721,9,6,Sunday,1,0.10000000000000142,-0.07999999999998408,-4.331666800000001,0,4.331666800000001,-7.719502999999989,-0.10000000000000142,32.4,69.97999999999999,32.266666666666666,70.25666666666667,0.12543258481056885,0,0.03,1
2026-06-28 09:40:00,32.56,69.74,28.164166799999997,77.5994462,0.113333337,95.85,2.48936604,9,6,Sunday,1,0.060000000000002274,-0.1600000000000108,-4.3958332000000055,0,4.3958332000000055,-7.859446200000008,-0.060000000000002274,32.5,69.9,32.30166666666667,70.20666666666666,0.1440854123758742,0,0.03,1
2026-06-28 09:45:00,32.68,69.66,28.1599998,77.579389,0.080000002,95.6,2.58586,9,6,Sunday,1,0.11999999999999744,-0.0799999999999983,-4.520000199999998,0,4.520000199999998,-7.91938900000001,-0.11999999999999744,32.56,69.74,32.34166666666666,70.14666666666666,0.17631755098908822,0,0.04,1
2026-06-28 09:50:00,32.739999999999995,69.55999999999999,28.155832800000002,77.55933,0.0466666678,95.35,2.682354,9,6,Sunday,1,0.05999999999999517,-0.10000000000000853,-4.5841671999999924,0,4.5841671999999924,-7.999330000000015,-0.05999999999999517,32.68,69.66,32.38666666666666,70.08333333333333,0.20366341811353486,0,0.05,1
2026-06-28 09:55:00,32.8,69.28,28.151666799999997,77.5392722,0.0133333336,95.1,2.77884792,9,6,Sunday,1,0.060000000000002274,-0.2799999999999869,-4.6483332,0,4.6483332,-8.259272199999998,-0.060000000000002274,32.739999999999995,69.55999999999999,32.44166666666666,69.98,0.21949666939996165,0,0.04,1
2026-06-28 10:00:00,32.9,69.2,28.1416665,77.608645,0.0,95.0833315,2.816483275,10,6,Sunday,1,0.10000000000000142,-0.0799999999999983,-4.758333499999999,0,4.758333499999999,-8.408644999999993,-0.10000000000000142,32.8,69.28,32.50833333333333,69.86333333333333,0.22762941706647896,0,0.03,1
2026-06-28 10:05:00,32.94,68.92,28.126666399999998,77.74795800000001,0.0,95.2333328,2.81475118,10,6,Sunday,1,0.03999999999999915,-0.28000000000000114,-4.8133336,0,4.8133336,-8.82795800000001,-0.03999999999999915,32.9,69.2,32.571666666666665,69.73166666666667,0.23362103474997192,0,0.04,1
2026-06-28 10:10:00,33.019999999999996,68.82000000000001,28.110000000000003,77.90275360000001,0.0,95.400002,2.81282668,10,6,Sunday,1,0.0799999999999983,-0.09999999999999432,-4.909999999999993,0,4.909999999999993,-9.082753600000004,-0.0799999999999983,32.94,68.92,32.63333333333333,69.605,0.2469204263898446,0,0.03,1
2026-06-28 10:15:00,33.1,68.55999999999999,28.0933332,78.057546,0.0,95.5666652,2.81090216,10,6,Sunday,1,0.0800000000000054,-0.2600000000000193,-5.006666800000001,0,5.006666800000001,-9.497546000000014,-0.0800000000000054,33.019999999999996,68.82000000000001,32.69833333333333,69.47166666666666,0.2592939130256728,0,0.03,1
2026-06-28 10:20:00,33.1,68.4,28.076666799999998,78.2123368,0.0,95.7333328,2.80897766,10,6,Sunday,1,0.0,-0.15999999999998238,-5.023333200000003,0,5.023333200000003,-9.812336799999997,-0.0,33.1,68.55999999999999,32.76,69.33666666666666,0.25951002782989613,0,0.04,1
2026-06-28 10:25:00,33.1,68.44,28.0600004,78.3671324,0.0,95.900002,2.80705312,10,6,Sunday,1,0.0,0.03999999999999204,-5.039999600000002,0,5.039999600000002,-9.927132400000005,-0.0,33.1,68.4,32.82,69.205,0.2465765601163373,0,0.04,1
2026-06-28 10:30:00,33.14,68.42,28.0433334,78.521926,0.0,96.0666652,2.80512862,10,6,Sunday,1,0.03999999999999915,-0.01999999999999602,-5.096666599999999,0,5.096666599999999,-10.101925999999992,-0.03999999999999915,33.1,68.44,32.88166666666667,69.075,0.2234373344430932,0,0.04,1
2026-06-28 10:35:00,33.14,68.32000000000001,28.026666999999996,78.676716,0.0,96.2333328,2.8032041,10,6,Sunday,1,0.0,-0.09999999999999432,-5.113333000000004,0,5.113333000000004,-10.356715999999992,-0.0,33.14,68.42,32.935,68.94333333333333,0.19911166350627227,0,0.04,1
2026-06-28 10:40:00,33.18,68.28,28.01,78.831508,0.0,96.400002,2.80127958,10,6,Sunday,1,0.03999999999999915,-0.04000000000000625,-5.169999999999998,0,5.169999999999998,-10.551507999999998,-0.03999999999999915,33.14,68.32000000000001,32.986666666666665,68.82166666666667,0.17148195416669815,0,0.03,1
2026-06-28 10:45:00,33.220000000000006,68.11999999999999,27.993333999999997,78.98630299999999,0.0,96.5666652,2.79935508,10,6,Sunday,1,0.04000000000000625,-0.1600000000000108,-5.226666000000009,0,5.226666000000009,-10.866303000000002,-0.04000000000000625,33.18,68.28,33.031666666666666,68.69333333333334,0.15361305184042315,0,0.03,1
2026-06-28 10:50:00,33.32,67.9,27.976667199999998,79.14109599999999,0.0,96.7333328,2.79743058,10,6,Sunday,1,0.09999999999999432,-0.21999999999998465,-5.343332800000002,0,5.343332800000002,-11.241095999999985,-0.09999999999999432,33.220000000000006,68.11999999999999,33.08,68.55499999999999,0.14447396745252958,0,0.03,1
2026-06-28 10:55:00,33.42,67.7,27.9600006,79.295886,0.0,96.900002,2.7955060400000002,10,6,Sunday,1,0.10000000000000142,-0.20000000000000284,-5.459999400000001,0,5.459999400000001,-11.595885999999993,-0.10000000000000142,33.32,67.9,33.13166666666667,68.42333333333333,0.14609046594887512,0,0.03,1
2026-06-28 11:00:00,33.5,67.44,27.925000599999997,79.5660862,0.0,96.4666668,2.81504832,11,6,Sunday,1,0.0799999999999983,-0.2600000000000051,-5.574999400000003,0,5.574999400000003,-12.126086200000003,-0.0799999999999983,33.42,67.7,33.181666666666665,68.27666666666667,0.16146113144785182,0,0.03,1
2026-06-28 11:05:00,33.54,67.2,27.862500599999997,80.0093908,0.0,95.13333279999999,2.8667906000000003,11,6,Sunday,1,0.03999999999999915,-0.23999999999999488,-5.677499400000002,0,5.677499400000002,-12.809390800000003,-0.03999999999999915,33.5,67.44,33.23166666666666,68.13333333333334,0.17235446209707678,0,0.03,1
2026-06-28 11:10:00,33.6,67.2,27.800000599999997,80.4527048,0.0,93.8000004,2.9185329799999997,11,6,Sunday,1,0.060000000000002274,0.0,-5.799999400000004,0,5.799999400000004,-13.252704800000004,-0.060000000000002274,33.54,67.2,33.28,67.99833333333333,0.18819718865297383,0,0.03,1
2026-06-28 11:15:00,33.6,67.14,27.737500599999997,80.89601,0.0,92.4666668,2.9702753,11,6,Sunday,1,0.0,-0.060000000000002274,-5.862499400000004,0,5.862499400000004,-13.756010000000003,-0.0,33.6,67.2,33.321666666666665,67.88,0.1997195002661762,0,0.03,1
2026-06-28 11:20:00,33.7,67.03999999999999,27.675000599999997,81.33931820000001,0.0,91.13333279999999,3.02201772,11,6,Sunday,1,0.10000000000000142,-0.10000000000000853,-6.024999400000006,0,6.024999400000006,-14.299318200000016,-0.10000000000000142,33.6,67.14,33.37166666666667,67.76666666666667,0.2137897579509886,0,0.03,1
2026-06-28 11:25:00,33.6,67.02000000000001,27.612500599999997,81.782622,0.0,89.8000004,3.07376006,11,6,Sunday,1,-0.10000000000000142,-0.01999999999998181,-5.987499400000004,0,5.987499400000004,-14.762621999999993,0.10000000000000142,33.7,67.03999999999999,33.413333333333334,67.64833333333333,0.20455420856363948,0,1.44,1
2026-06-28 11:30:00,33.6,67.08,27.550000599999997,82.2259382,0.0,88.4666668,3.12550246,11,6,Sunday,1,0.0,0.05999999999998806,-6.049999400000004,0,6.049999400000004,-15.145938200000003,-0.0,33.6,67.02000000000001,33.45166666666667,67.53666666666668,0.19135085971538252,0,0.04,1
2026-06-28 11:35:00,33.6,67.08,27.487500599999997,82.6692418,0.0,87.13333279999999,3.17724476,11,6,Sunday,1,0.0,0.0,-6.112499400000004,0,6.112499400000004,-15.589241799999996,-0.0,33.6,67.08,33.49,67.43333333333334,0.1678744119289008,0,0.03,1
2026-06-28 11:40:00,33.6,67.16,27.425000599999997,83.11255,0.0,85.8000004,3.2289870800000005,11,6,Sunday,1,0.0,0.0799999999999983,-6.174999400000004,0,6.174999400000004,-15.952550000000002,-0.0,33.6,67.08,33.525000000000006,67.33999999999999,0.13859686471107202,0,0.03,1
2026-06-28 11:45:00,33.68,67.16,27.362500599999997,83.5558542,0.0,84.4666668,3.2807294999999996,11,6,Sunday,1,0.0799999999999983,0.0,-6.317499400000003,0,6.317499400000003,-16.395854200000002,-0.0799999999999983,33.6,67.16,33.56333333333333,67.26,0.10645812947808697,0,0.03,1
2026-06-28 11:50:00,33.739999999999995,67.17999999999999,27.300000599999997,83.999168,0.0,83.13333279999999,3.33247184,11,6,Sunday,1,0.05999999999999517,0.01999999999999602,-6.439999399999998,0,6.439999399999998,-16.819168000000005,-0.05999999999999517,33.68,67.16,33.598333333333336,67.2,0.08632215909108643,0,0.05,1
2026-06-28 11:55:00,33.8,67.17999999999999,27.237500599999997,84.442474,0.0,81.8000004,3.38421416,11,6,Sunday,1,0.060000000000002274,0.0,-6.5624994,0,6.5624994,-17.26247400000001,-0.060000000000002274,33.739999999999995,67.17999999999999,33.63,67.15666666666667,0.0846382677177471,0,0.05,1
2026-06-28 12:00:00,33.9,67.08,27.176667199999997,84.8536548,0.0,81.1,3.42379402,12,6,Sunday,1,0.10000000000000142,-0.09999999999999432,-6.723332800000001,0,6.723332800000001,-17.773654800000003,-0.10000000000000142,33.8,67.17999999999999,33.663333333333334,67.12666666666667,0.1050829398191801,0,0.04,1
2026-06-28 12:05:00,33.92,67.05999999999999,27.1183338,85.21664799999999,0.0,81.35,3.4451303600000003,12,6,Sunday,1,0.020000000000003126,-0.020000000000010232,-6.801666200000003,0,6.801666200000003,-18.156648000000004,-0.020000000000003126,33.9,67.08,33.695,67.115,0.12064222085636404,0,0.04,1
2026-06-28 12:10:00,34.0,67.02000000000001,27.060000600000002,85.5796392,0.0,81.6,3.4664664199999997,12,6,Sunday,1,0.0799999999999983,-0.03999999999997783,-6.939999399999998,0,6.939999399999998,-18.559639199999992,-0.0799999999999983,33.92,67.05999999999999,33.72833333333333,67.10000000000001,0.1448405601942738,0,0.04,1
2026-06-28 12:15:00,34.0,66.97999999999999,27.001667400000002,85.94263,0.0,81.85,3.48780268,12,6,Sunday,1,0.0,-0.040000000000020464,-6.998332599999998,0,6.998332599999998,-18.962630000000004,-0.0,34.0,67.02000000000001,33.76166666666666,67.08666666666666,0.15804679015210588,0,0.04,1
2026-06-28 12:20:00,34.0,66.96000000000001,26.943333799999998,86.30562219999999,0.0,82.1,3.5091388199999995,12,6,Sunday,1,0.0,-0.01999999999998181,-7.056666200000002,0,7.056666200000002,-19.34562219999998,-0.0,34.0,66.97999999999999,33.78666666666667,67.08,0.17063162518637004,0,0.05,1
2026-06-28 12:25:00,34.06,66.9,26.8850002,86.66861420000001,0.0,82.35,3.5304751600000004,12,6,Sunday,1,0.060000000000002274,-0.060000000000002274,-7.174999800000002,0,7.174999800000002,-19.768614200000002,-0.060000000000002274,34.0,66.96000000000001,33.824999999999996,67.07,0.17645499039399754,0,0.06,1
2026-06-28 12:30:00,34.1,66.76,26.826666799999998,87.031606,0.0,82.6,3.5518112000000004,12,6,Sunday,1,0.03999999999999915,-0.14000000000000057,-7.273333200000003,0,7.273333200000003,-20.27160599999999,-0.03999999999999915,34.06,66.9,33.86666666666667,67.04333333333334,0.1775250729156997,0,0.06,1
2026-06-28 12:35:00,34.2,66.64,26.7683334,87.394598,0.0,82.85,3.5731475,12,6,Sunday,1,0.10000000000000142,-0.12000000000000455,-7.431666600000003,0,7.431666600000003,-20.754598,-0.10000000000000142,34.1,66.76,33.916666666666664,67.00666666666667,0.18006732747171247,0,0.05,1
2026-06-28 12:40:00,34.239999999999995,66.5,26.710000200000003,87.757592,0.0,83.1,3.5944836000000002,12,6,Sunday,1,0.03999999999999204,-0.14000000000000057,-7.529999799999992,0,7.529999799999992,-21.257592000000002,-0.03999999999999204,34.2,66.64,33.97,66.95166666666667,0.1723632527763441,0,0.07,1
2026-06-28 12:45:00,34.3,66.38000000000001,26.651666999999996,88.1205828,0.0,83.35,3.61581994,12,6,Sunday,1,0.060000000000002274,-0.11999999999999034,-7.648333000000001,0,7.648333000000001,-21.740582799999984,-0.060000000000002274,34.239999999999995,66.5,34.02166666666667,66.88666666666667,0.1704450502362995,0,0.06,1
2026-06-28 12:50:00,34.36,66.34,26.5933336,88.4835738,0.0,83.6,3.637156,12,6,Sunday,1,0.060000000000002274,-0.04000000000000625,-7.766666399999998,0,7.766666399999998,-22.1435738,-0.060000000000002274,34.3,66.38000000000001,34.07333333333333,66.81666666666666,0.1712697677112365,0,0.06,1
2026-06-28 12:55:00,34.4,66.17999999999999,26.535000200000002,88.84656700000001,0.0,83.85,3.65849226,12,6,Sunday,1,0.03999999999999915,-0.1600000000000108,-7.864999799999996,0,7.864999799999996,-22.666567000000015,-0.03999999999999915,34.36,66.34,34.123333333333335,66.73333333333333,0.17179974247264532,0,0.06,1
2026-06-28 13:00:00,34.4,65.96000000000001,26.491666600000002,89.1721522,0.0,84.4666668,3.62191068,13,6,Sunday,1,0.0,-0.21999999999998465,-7.9083333999999965,0,7.9083333999999965,-23.21215219999999,-0.0,34.4,66.17999999999999,34.165,66.64,0.17333624705744718,0,0.06,1
2026-06-28 13:05:00,34.4,66.05999999999999,26.470833199999998,89.441633,0.0,85.63333279999999,3.4984523199999997,13,6,Sunday,1,0.0,0.0999999999999801,-7.929166800000001,0,7.929166800000001,-23.381633000000008,-0.0,34.4,65.96000000000001,34.205,66.55666666666667,0.16692404369093466,0,0.05,1
2026-06-28 13:10:00,34.36,66.02000000000001,26.450000199999998,89.711114,0.0,86.8000004,3.3749941399999996,13,6,Sunday,1,-0.03999999999999915,-0.03999999999997783,-7.909999800000001,0,7.909999800000001,-23.691113999999985,0.03999999999999915,34.4,66.05999999999999,34.235,66.47333333333333,0.15888818251822345,0,0.04,1
2026-06-28 13:15:00,34.3,66.08,26.429166600000002,89.980593,0.0,87.9666668,3.2515358,13,6,Sunday,1,-0.060000000000002274,0.05999999999998806,-7.870833399999995,0,7.870833399999995,-23.900593,0.060000000000002274,34.36,66.02000000000001,34.26,66.39833333333334,0.14116399231304239,0,0.04,1
2026-06-28 13:20:00,34.2,66.28,26.408333199999998,90.2500738,0.0,89.13333279999999,3.1280775,13,6,Sunday,1,-0.09999999999999432,0.20000000000000284,-7.791666800000005,0,7.791666800000005,-23.970073799999994,0.09999999999999432,34.3,66.08,34.276666666666664,66.34166666666667,0.11749919405911158,0,0.48,1
2026-06-28 13:25:00,34.160000000000004,66.47999999999999,26.387500199999998,90.5195508,0.0,90.3000004,3.00461922,13,6,Sunday,1,-0.03999999999999915,0.19999999999998863,-7.772499800000006,0,7.772499800000006,-24.039550800000015,0.03999999999999915,34.2,66.28,34.285000000000004,66.30666666666667,0.1034408043205304,0,0.04,1
2026-06-28 13:30:00,34.1,66.8,26.366666600000002,90.78903199999999,0.0,91.4666668,2.881161,13,6,Sunday,1,-0.060000000000002274,0.3200000000000074,-7.733333399999999,0,7.733333399999999,-23.989031999999995,0.060000000000002274,34.160000000000004,66.47999999999999,34.285,66.31,0.1034408043205304,0,0.04,1
2026-06-28 13:35:00,34.0,67.12,26.345833199999998,91.0585124,0.0,92.63333279999999,2.75770268,13,6,Sunday,1,-0.10000000000000142,0.3200000000000074,-7.654166800000002,0,7.654166800000002,-23.938512399999993,0.10000000000000142,34.1,66.8,34.26833333333333,66.35,0.1308596286970297,0,1.26,1
2026-06-28 13:40:00,33.980000000000004,67.56,26.325000199999998,91.32799,0.0,93.8000004,2.63424432,13,6,Sunday,1,-0.01999999999999602,0.4399999999999977,-7.654999800000006,0,7.654999800000006,-23.767989999999998,0.01999999999999602,34.0,67.12,34.24666666666666,66.43833333333333,0.15523198670202168,0,0.05,1
2026-06-28 13:45:00,33.9,68.1,26.304166600000002,91.59747200000001,0.0,94.9666668,2.51078606,13,6,Sunday,1,-0.0800000000000054,0.539999999999992,-7.5958333999999965,0,7.5958333999999965,-23.497472000000016,0.0800000000000054,33.980000000000004,67.56,34.21333333333333,66.58166666666666,0.1831707267824482,0,0.12,1
2026-06-28 13:50:00,33.839999999999996,68.84,26.283333199999998,91.866952,0.0,96.13333279999999,2.3873278,13,6,Sunday,1,-0.060000000000002274,0.7400000000000091,-7.556666799999999,0,7.556666799999999,-23.026951999999994,0.060000000000002274,33.9,68.1,34.17,66.79,0.20547063492549963,0,0.09,1
2026-06-28 13:55:00,33.760000000000005,69.34,26.262500199999998,92.13642999999999,0.0,97.3000004,2.26386952,13,6,Sunday,1,-0.07999999999999119,0.5,-7.497499800000007,0,7.497499800000007,-22.796429999999987,0.07999999999999119,33.839999999999996,68.84,34.11666666666667,67.05333333333333,0.22268335992255484,0,0.14,1
2026-06-28 14:00:00,33.68,70.06,26.2383334,92.325188,0.0,98.0333332,2.2440805,14,6,Sunday,1,-0.0800000000000054,0.7199999999999989,-7.441666600000001,0,7.441666600000001,-22.265187999999995,0.0800000000000054,33.760000000000005,69.34,34.056666666666665,67.395,0.23600205443068478,0,0.13,1
2026-06-28 14:05:00,33.6,70.17999999999999,26.209166600000003,92.392854,0.0,98.11666720000001,2.3797958,14,6,Sunday,1,-0.0799999999999983,0.11999999999999034,-7.390833399999998,0,7.390833399999998,-22.212854000000007,0.0799999999999983,33.68,70.06,33.99,67.73833333333333,0.24308621739921665,0,0.12,1
2026-06-28 14:10:00,33.6,70.47999999999999,26.179999600000002,92.4605262,0.0,98.1999996,2.51551088,14,6,Sunday,1,0.0,0.29999999999999716,-7.420000399999999,0,7.420000399999999,-21.980526200000014,-0.0,33.6,70.17999999999999,33.92666666666667,68.11,0.23684798858241285,0,0.08,1
2026-06-28 14:15:00,33.58,70.5,26.150833,92.52819600000001,0.0,98.2833332,2.6512260000000003,14,6,Sunday,1,-0.020000000000003126,0.020000000000010232,-7.429167,0,7.429167,-22.02819600000001,0.020000000000003126,33.6,70.47999999999999,33.86666666666667,68.47833333333334,0.22455342888235313,0,0.08,1
2026-06-28 14:20:00,33.5,71.22,26.1216664,92.59586279999999,0.0,98.36666720000001,2.7869411800000004,14,6,Sunday,1,-0.0799999999999983,0.7199999999999989,-7.378333600000001,0,7.378333600000001,-21.375862799999993,0.0799999999999983,33.58,70.5,33.80833333333333,68.89,0.2209826539163788,0,0.14,1
2026-06-28 14:25:00,33.519999999999996,71.8,26.092499600000004,92.6635362,0.0,98.4499996,2.9226563,14,6,Sunday,1,0.01999999999999602,0.5799999999999983,-7.4275003999999925,0,7.4275003999999925,-20.8635362,-0.01999999999999602,33.5,71.22,33.755,69.33333333333333,0.2050498830627784,0,0.08,1
2026-06-28 14:30:00,33.5,72.1,26.063333,92.7312012,0.0,98.5333332,3.0583715,14,6,Sunday,1,-0.01999999999999602,0.29999999999999716,-7.436667,0,7.436667,-20.631201200000007,0.01999999999999602,33.519999999999996,71.8,33.705000000000005,69.77499999999999,0.18549687573570156,0,0.08,1
2026-06-28 14:35:00,33.5,72.1,26.034166600000002,92.7988738,0.0,98.61666720000001,3.19408662,14,6,Sunday,1,0.0,0.0,-7.4658333999999975,0,7.4658333999999975,-20.6988738,-0.0,33.5,72.1,33.663333333333334,70.19,0.16859490627793833,0,0.07,1
2026-06-28 14:40:00,33.480000000000004,72.22,26.005000000000003,92.866544,0.0,98.6999996,3.3298018,14,6,Sunday,1,-0.01999999999999602,0.12000000000000455,-7.475000000000001,0,7.475000000000001,-20.646544000000006,0.01999999999999602,33.5,72.1,33.62166666666666,70.57833333333333,0.14307234872025504,0,0.07,1
2026-06-28 14:45:00,33.4,72.3,25.975833599999998,92.934212,0.0,98.7833332,3.46551688,14,6,Sunday,1,-0.0800000000000054,0.0799999999999983,-7.424166400000001,0,7.424166400000001,-20.634212000000005,0.0800000000000054,33.480000000000004,72.22,33.580000000000005,70.92833333333333,0.12649110640137018,0,0.08,1
2026-06-28 14:50:00,33.46,72.26,25.9466662,93.00188299999999,0.0,98.86666720000001,3.6012320000000004,14,6,Sunday,1,0.060000000000002274,-0.03999999999999204,-7.513333800000002,0,7.513333800000002,-20.741882999999987,-0.060000000000002274,33.4,72.3,33.54833333333333,71.21333333333332,0.10034787974016726,0,0.07,1
2026-06-28 14:55:00,33.5,72.24,25.917499600000003,93.0695498,0.0,98.9499996,3.73694724,14,6,Sunday,1,0.03999999999999915,-0.020000000000010232,-7.582500399999997,0,7.582500399999997,-20.82954980000001,-0.03999999999999915,33.46,72.26,33.526666666666664,71.455,0.07547827300372327,0,0.07,1
2026-06-28 15:00:00,33.5,72.36,25.835,93.240968,0.0866666658,98.9666668,3.81709708,15,6,Sunday,1,0.0,0.12000000000000455,-7.664999999999999,0,7.664999999999999,-20.880967999999996,-0.0,33.5,72.24,33.51166666666666,71.64666666666666,0.05812734190934772,0,0.07,1
2026-06-28 15:05:00,33.5,72.3,25.672500000000003,93.56800799999999,0.30333332199999996,98.88333279999999,3.81389906,15,6,Sunday,1,0.0,-0.060000000000002274,-7.827499999999997,0,7.827499999999997,-21.268007999999995,-0.0,33.5,72.36,33.50333333333333,71.82333333333334,0.05104958966260916,0,0.07,1
2026-06-28 15:10:00,33.5,72.28,25.5099998,93.8950472,0.519999978,98.8000004,3.8107010199999998,15,6,Sunday,1,0.0,-0.01999999999999602,-7.990000200000001,0,7.990000200000001,-21.615047199999992,-0.0,33.5,72.3,33.495,71.97333333333333,0.04100997659692325,0,0.09,1
2026-06-28 15:15:00,33.5,72.26,25.3475,94.2220858,0.7366666399999999,98.7166668,3.80750292,15,6,Sunday,1,0.0,-0.01999999999999602,-8.1525,0,8.1525,-21.962085799999997,-0.0,33.5,72.28,33.48833333333334,72.11999999999999,0.031285585777661495,0,0.11,1
2026-06-28 15:20:00,33.5,72.3,25.185,94.5491252,0.9533332940000001,98.63333279999999,3.80430492,15,6,Sunday,1,0.0,0.03999999999999204,-8.315000000000001,0,8.315000000000001,-22.24912520000001,-0.0,33.5,72.26,33.48833333333334,72.21,0.031285585777661495,0,0.11,1
2026-06-28 15:25:00,33.5,72.55999999999999,25.0225002,94.87616399999999,1.16999998,98.5500004,3.80110686,15,6,Sunday,1,0.0,0.2599999999999909,-8.4774998,0,8.4774998,-22.316164,-0.0,33.5,72.3,33.486666666666665,72.27333333333333,0.0299494523427997,0,0.11,1
2026-06-28 15:30:00,33.44,72.58,24.86,95.2032028,1.38666662,98.4666668,3.79790882,15,6,Sunday,1,-0.060000000000002274,0.020000000000010232,-8.579999999999998,0,8.579999999999998,-22.6232028,0.060000000000002274,33.5,72.55999999999999,33.48166666666666,72.31333333333333,0.03242707433889505,0,0.11,1
2026-06-28 15:35:00,33.36,72.2,24.697499999999998,95.5302432,1.60333328,98.38333279999999,3.79471072,15,6,Sunday,1,-0.0799999999999983,-0.37999999999999545,-8.662500000000001,0,8.662500000000001,-23.330243199999998,0.0799999999999983,33.44,72.58,33.47,72.32166666666667,0.047097577611268426,0,0.1,1
2026-06-28 15:40:00,33.279999999999994,71.74,24.5350004,95.857281,1.8199998999999998,98.3000004,3.79151266,15,6,Sunday,1,-0.0800000000000054,-0.46000000000000796,-8.744999599999993,0,8.744999599999993,-24.117281000000006,0.0800000000000054,33.36,72.2,33.45333333333333,72.28166666666667,0.07202693098105865,0,0.09,1
2026-06-28 15:45:00,33.160000000000004,71.32000000000001,24.3725002,96.18432,2.03666658,98.2166668,3.7883147,15,6,Sunday,1,-0.11999999999999034,-0.4199999999999875,-8.787499800000003,0,8.787499800000003,-24.864319999999992,0.11999999999999034,33.279999999999994,71.74,33.43333333333333,72.2,0.11097365234066671,0,1.66,1
2026-06-28 15:50:00,33.04,70.84,24.2100006,96.51136,2.25333328,98.13333279999999,3.78511656,15,6,Sunday,1,-0.12000000000000455,-0.480000000000004,-8.829999399999998,0,8.829999399999998,-25.671359999999993,0.12000000000000455,33.160000000000004,71.32000000000001,33.39833333333333,72.08166666666666,0.15804679015238363,0,2.22,1
2026-06-28 15:55:00,32.92,70.44000000000001,24.0475004,96.838399,2.46999988,98.0500004,3.78191856,15,6,Sunday,1,-0.11999999999999744,-0.3999999999999915,-8.872499600000001,0,8.872499600000001,-26.398398999999984,0.11999999999999744,33.04,70.84,33.35,71.93166666666667,0.20564753606499617,0,3.57,1
2026-06-28 16:00:00,32.9,70.3,23.9450006,97.07378200000001,2.5533333199999997,97.9,3.7812789199999997,16,6,Sunday,1,-0.020000000000003126,-0.14000000000001478,-8.954999399999998,0,8.954999399999998,-26.77378200000001,0.020000000000003126,32.92,70.44000000000001,33.300000000000004,71.76,0.23648947698783485,0,0.1,1
2026-06-28 16:05:00,32.9,70.26,23.9325002,97.171682,2.43666658,97.65,3.78447698,16,6,Sunday,1,0.0,-0.03999999999999204,-8.967499799999999,0,8.967499799999999,-26.911682,-0.0,32.9,70.3,33.25,71.58999999999999,0.2531977308504365,0,0.1,1
2026-06-28 16:10:00,32.9,70.05999999999999,23.9200002,97.269583,2.3199999399999998,97.4,3.78767506,16,6,Sunday,1,0.0,-0.20000000000001705,-8.979999799999998,0,8.979999799999998,-27.20958300000001,-0.0,32.9,70.26,33.199999999999996,71.405,0.25852729765944554,0,0.1,1
2026-06-28 16:15:00,32.9,70.02000000000001,23.9075002,97.36748300000001,2.20333328,97.15,3.7908731,16,6,Sunday,1,0.0,-0.03999999999997783,-8.992499799999997,0,8.992499799999997,-27.347482999999997,-0.0,32.9,70.05999999999999,33.15,71.21833333333333,0.2531977308504871,0,0.1,1
2026-06-28 16:20:00,32.86,70.22,23.8950002,97.465383,2.08666662,96.9,3.7940710799999997,16,6,Sunday,1,-0.03999999999999915,0.19999999999998863,-8.964999800000001,0,8.964999800000001,-27.245383000000004,0.03999999999999915,32.9,70.02000000000001,33.096666666666664,71.045,0.23982316717512928,0,0.1,1
2026-06-28 16:25:00,32.8,70.34,23.8825,97.563284,1.96999998,96.65,3.7972692,16,6,Sunday,1,-0.060000000000002274,0.12000000000000455,-8.917499999999997,0,8.917499999999997,-27.223283999999992,0.060000000000002274,32.86,70.22,33.038333333333334,70.86,0.21682977543207788,0,0.12,1
2026-06-28 16:30:00,32.8,70.5,23.869999999999997,97.661185,1.8533333200000002,96.4,3.8004672800000003,16,6,Sunday,1,0.0,0.1599999999999966,-8.93,0,8.93,-27.161185000000003,-0.0,32.8,70.34,32.985,70.68666666666667,0.18549687573616744,0,0.1,1
2026-06-28 16:35:00,32.8,70.66,23.8574998,97.759085,1.7366666800000001,96.15,3.8036652799999997,16,6,Sunday,1,0.0,0.1599999999999966,-8.942500199999998,0,8.942500199999998,-27.099085000000002,-0.0,32.8,70.5,32.93833333333333,70.55833333333334,0.14953463163898387,0,0.08,1
2026-06-28 16:40:00,32.8,70.8,23.8449998,97.8569858,1.6200000000000003,95.9,3.80686336,16,6,Sunday,1,0.0,0.14000000000000057,-8.955000199999997,0,8.955000199999997,-27.056985800000007,-0.0,32.8,70.66,32.89833333333333,70.48,0.10836246693959964,0,0.07,1
2026-06-28 16:45:00,32.8,71.02000000000001,23.8325,97.954886,1.5033333199999999,95.65,3.8100613799999996,16,6,Sunday,1,0.0,0.22000000000001307,-8.967499999999998,0,8.967499999999998,-26.93488599999999,-0.0,32.8,70.8,32.86833333333333,70.455,0.07358771306387193,0,0.07,1
2026-06-28 16:50:00,32.8,71.2,23.8199996,98.0527862,1.3866667,95.4,3.81325946,16,6,Sunday,1,0.0,0.1799999999999926,-8.980000399999998,0,8.980000399999998,-26.852786199999997,-0.0,32.8,71.02000000000001,32.848333333333336,70.485,0.05219427576915904,0,0.07,1
2026-06-28 16:55:00,32.8,71.32000000000001,23.8074994,98.150687,1.27000004,95.15,3.81645746,16,6,Sunday,1,0.0,0.12000000000000455,-8.992500599999996,0,8.992500599999996,-26.830686999999998,-0.0,32.8,71.2,32.83833333333333,70.55833333333334,0.04858606857354669,0,0.07,1
2026-06-28 17:00:00,32.8,71.3,23.8749994,97.912356,1.26000002,95.0,3.7909570199999996,17,6,Sunday,1,0.0,-0.020000000000010232,-8.925000599999997,0,8.925000599999997,-26.612356000000005,-0.0,32.8,71.32000000000001,32.82999999999999,70.64166666666667,0.045527214625506365,0,0.07,1
2026-06-28 17:05:00,32.8,71.38,24.0624994,97.1696776,1.41000002,95.0,3.7224087,17,6,Sunday,1,0.0,0.0799999999999983,-8.737500599999997,0,8.737500599999997,-25.789677600000005,-0.0,32.8,71.3,32.821666666666665,70.735,0.040414518828823374,0,0.09,1
2026-06-28 17:10:00,32.8,71.26,24.2499994,96.427002,1.56000004,95.0,3.6538603600000004,17,6,Sunday,1,0.0,-0.11999999999999034,-8.550000599999997,0,8.550000599999997,-25.167001999999997,-0.0,32.8,71.38,32.81333333333333,70.835,0.032286595380414104,0,0.1,1
2026-06-28 17:15:00,32.8,71.24,24.4374994,95.6843222,1.71000004,95.0,3.5853121999999997,17,6,Sunday,1,0.0,-0.020000000000010232,-8.362500599999997,0,8.362500599999997,-24.444322200000002,-0.0,32.8,71.26,32.805,70.93666666666667,0.017320508042107066,0,0.1,1
2026-06-28 17:20:00,32.8,71.22,24.6249994,94.9416444,1.8600000399999999,95.0,3.5167639,17,6,Sunday,1,0.0,-0.01999999999999602,-8.175000599999997,0,8.175000599999997,-23.721644400000002,-0.0,32.8,71.24,32.8,71.02,0.0,0,0.1,1
2026-06-28 17:25:00,32.739999999999995,71.22,24.8124994,94.198966,2.01,95.0,3.44821556,17,6,Sunday,1,-0.060000000000002274,0.0,-7.927500599999995,0,7.927500599999995,-22.978966,0.060000000000002274,32.8,71.22,32.794999999999995,71.09333333333335,0.017320508042189486,0,0.12,1
2026-06-28 17:30:00,32.720000000000006,71.36,24.9999994,93.456291,2.16,95.0,3.3796673200000003,17,6,Sunday,1,-0.019999999999988916,0.14000000000000057,-7.720000600000006,0,7.720000600000006,-22.096290999999994,0.019999999999988916,32.739999999999995,71.22,32.788333333333334,71.165,0.027579087357044316,0,0.12,1
2026-06-28 17:35:00,32.7,71.36,25.1874994,92.7136118,2.31000002,95.0,3.3111190200000005,17,6,Sunday,1,-0.020000000000003126,0.0,-7.512500600000003,0,7.512500600000003,-21.353611799999996,0.020000000000003126,32.720000000000006,71.36,32.779999999999994,71.22333333333333,0.03717281507583277,0,0.12,1
2026-06-28 17:40:00,32.7,71.28,25.3749994,91.970934,2.46,95.0,3.2425706599999997,17,6,Sunday,1,0.0,-0.0799999999999983,-7.325000600000003,0,7.325000600000003,-20.690934,-0.0,32.7,71.36,32.77166666666666,71.26333333333334,0.04302923599555899,0,0.07,1
2026-06-28 17:45:00,32.7,71.36,25.5624994,91.228256,2.6100000000000003,95.0,3.17402248,17,6,Sunday,1,0.0,0.0799999999999983,-7.137500600000003,0,7.137500600000003,-19.868256000000002,-0.0,32.7,71.28,32.763333333333335,71.29166666666667,0.04658000610289538,0,0.07,1
2026-06-28 17:50:00,32.7,71.44000000000001,25.7499994,90.48558,2.7600000000000002,95.0,3.10547422,17,6,Sunday,1,0.0,0.0800000000000125,-6.950000600000003,0,6.950000600000003,-19.045579999999987,-0.0,32.7,71.36,32.755,71.31166666666667,0.04833594558105699,0,0.07,1
2026-06-28 17:55:00,32.7,71.58,25.9374994,89.74290099999999,2.91,95.0,3.03692584,17,6,Sunday,1,0.0,0.13999999999998636,-6.762500600000003,0,6.762500600000003,-18.16290099999999,-0.0,32.7,71.44000000000001,32.74666666666666,71.33333333333333,0.04849242363884183,0,0.06,1
2026-06-28 18:00:00,32.7,71.53999999999999,26.0383332,89.24313,2.9,94.9666668,3.04118168,18,6,Sunday,1,0.0,-0.04000000000000625,-6.6616668000000026,0,6.6616668000000026,-17.70313,-0.0,32.7,71.58,32.73833333333333,71.35333333333334,0.04706539614204666,0,0.06,1
2026-06-28 18:05:00,32.68,71.58,26.0091662,89.107719,2.65,94.88333279999999,3.15464342,18,6,Sunday,1,-0.020000000000003126,0.04000000000000625,-6.6708338000000005,0,6.6708338000000005,-17.527719000000005,0.020000000000003126,32.7,71.53999999999999,32.72833333333333,71.37,0.04549392232547441,0,0.06,1
2026-06-28 18:10:00,32.6,71.64,25.979999600000003,88.97230959999999,2.4,94.8000004,3.2681052399999997,18,6,Sunday,1,-0.0799999999999983,0.060000000000002274,-6.620000399999999,0,6.620000399999999,-17.332309599999988,0.0799999999999983,32.68,71.58,32.711666666666666,71.40166666666667,0.05288638478695778,0,0.07,1
2026-06-28 18:15:00,32.6,71.88000000000001,25.950833199999998,88.8369008,2.15,94.7166668,3.3815669999999995,18,6,Sunday,1,0.0,0.2400000000000091,-6.649166800000003,0,6.649166800000003,-16.956900799999985,-0.0,32.6,71.64,32.695,71.455,0.054020198232249024,0,0.07,1
2026-06-28 18:20:00,32.6,72.02000000000001,25.9216664,88.701488,1.9,94.63333279999999,3.4950288,18,6,Sunday,1,0.0,0.14000000000000057,-6.678333600000002,0,6.678333600000002,-16.681487999999987,-0.0,32.6,71.88000000000001,32.678333333333335,71.52166666666666,0.0493288286117587,0,0.07,1
2026-06-28 18:25:00,32.6,72.1,25.892500000000002,88.5660788,1.65,94.5500004,3.6084906400000003,18,6,Sunday,1,0.0,0.07999999999998408,-6.7075,0,6.7075,-16.466078800000005,-0.0,32.6,72.02000000000001,32.66666666666667,71.595,0.04996968777017007,0,0.07,1
2026-06-28 18:30:00,32.6,72.28,25.8633334,88.430668,1.4,94.4666668,3.7219523199999998,18,6,Sunday,1,0.0,0.18000000000000682,-6.736666600000003,0,6.736666600000003,-16.150667999999996,-0.0,32.6,72.1,32.656666666666666,71.67166666666667,0.05033222955736109,0,0.07,1
2026-06-28 18:35:00,32.6,72.32000000000001,25.834166600000003,88.29526,1.15,94.38333279999999,3.83541416,18,6,Sunday,1,0.0,0.04000000000000625,-6.765833399999998,0,6.765833399999998,-15.975259999999992,-0.0,32.6,72.28,32.64833333333333,71.75166666666668,0.050781767177521135,0,0.07,1
2026-06-28 18:40:00,32.6,72.4,25.8050004,88.159848,0.9,94.3000004,3.94887602,18,6,Sunday,1,0.0,0.0799999999999983,-6.794999600000001,0,6.794999600000001,-15.759847999999991,-0.0,32.6,72.32000000000001,32.64000000000001,71.845,0.04972652482944985,0,0.07,1
2026-06-28 18:45:00,32.6,72.46000000000001,25.775833799999997,88.0244372,0.65,94.2166668,4.06233766,18,6,Sunday,1,0.0,0.060000000000002274,-6.824166200000004,0,6.824166200000004,-15.564437199999986,-0.0,32.6,72.4,32.63166666666667,71.93666666666668,0.04706539614239619,0,0.07,1
2026-06-28 18:50:00,32.58,72.53999999999999,25.746666800000003,87.88902720000002,0.4,94.13333279999999,4.17579954,18,6,Sunday,1,-0.020000000000003126,0.07999999999998408,-6.833333199999995,0,6.833333199999995,-15.349027200000023,0.020000000000003126,32.6,72.46000000000001,32.62166666666667,72.02833333333334,0.043866187697755285,0,0.08,1
2026-06-28 18:55:00,32.519999999999996,72.52000000000001,25.7175004,87.75361799999999,0.15,94.0500004,4.28926126,18,6,Sunday,1,-0.060000000000002274,-0.01999999999998181,-6.802499599999997,0,6.802499599999997,-15.233617999999979,0.060000000000002274,32.58,72.53999999999999,32.60666666666667,72.10666666666667,0.045393898923788284,0,0.08,1
2026-06-28 19:00:00,32.54,72.61999999999999,25.686667,87.706738,0.0,93.4666668,4.25536042,19,6,Sunday,1,0.020000000000003126,0.0999999999999801,-6.853332999999999,0,6.853332999999999,-15.086738000000011,-0.020000000000003126,32.519999999999996,72.52000000000001,32.593333333333334,72.19666666666667,0.038455011086841476,0,0.1,1
2026-06-28 19:05:00,32.5,72.6,25.653334,87.79266179999999,0.0,92.13333279999999,4.00041546,19,6,Sunday,1,-0.03999999999999915,-0.01999999999999602,-6.846665999999999,0,6.846665999999999,-15.192661799999996,0.03999999999999915,32.54,72.61999999999999,32.57833333333333,72.28166666666667,0.03663910808589843,0,0.1,1
2026-06-28 19:10:00,32.5,72.78,25.620000400000002,87.87858800000001,0.0,90.8000004,3.74547042,19,6,Sunday,1,0.0,0.18000000000000682,-6.879999599999998,0,6.879999599999998,-15.098588000000007,-0.0,32.5,72.6,32.57,72.37666666666667,0.0422115882279581,0,0.08,1
2026-06-28 19:15:00,32.5,72.78,25.5866668,87.964513,0.0,89.4666668,3.49052542,19,6,Sunday,1,0.0,0.0,-6.9133332,0,6.9133332,-15.184512999999995,-0.0,32.5,72.78,32.56166666666667,72.45166666666667,0.045493922326043004,0,0.08,1
2026-06-28 19:20:00,32.5,72.8,25.5533336,88.050436,0.0,88.13333279999999,3.2355804399999997,19,6,Sunday,1,0.0,0.01999999999999602,-6.946666400000002,0,6.946666400000002,-15.250436000000008,-0.0,32.5,72.78,32.553333333333335,72.51666666666667,0.046968719430853526,0,0.07,1
2026-06-28 19:25:00,32.5,72.74,25.52,88.136358,0.0,86.8000004,2.9806353999999997,19,6,Sunday,1,0.0,-0.060000000000002274,-6.98,0,6.98,-15.396358000000006,-0.0,32.5,72.8,32.544999999999995,72.57,0.046807147849717366,0,0.07,1
2026-06-28 19:30:00,32.42,72.82000000000001,25.4866666,88.22227799999999,0.0,85.4666668,2.72569046,19,6,Sunday,1,-0.0799999999999983,0.0800000000000125,-6.933333400000002,0,6.933333400000002,-15.402277999999981,0.0799999999999983,32.5,72.74,32.53,72.615,0.05559594490455153,0,0.08,1
2026-06-28 19:35:00,32.42,72.88000000000001,25.4533334,88.308204,0.0,84.13333279999999,2.47074542,19,6,Sunday,1,0.0,0.060000000000002274,-6.9666666,0,6.9666666,-15.428203999999994,-0.0,32.42,72.82000000000001,32.515,72.66166666666666,0.059160797821914725,0,0.06,1
2026-06-28 19:40:00,32.4,72.86,25.4199996,88.39413019999999,0.0,82.8000004,2.21580042,19,6,Sunday,1,-0.020000000000003126,-0.020000000000010232,-6.980000399999998,0,6.980000399999998,-15.534130199999993,0.020000000000003126,32.42,72.88000000000001,32.49833333333333,72.7,0.06117535648735472,0,0.08,1
2026-06-28 19:45:00,32.4,72.92,25.3866662,88.480052,0.0,81.4666668,1.9608554200000001,19,6,Sunday,1,0.0,0.060000000000002274,-7.013333799999998,0,7.013333799999998,-15.560051999999999,-0.0,32.4,72.86,32.48166666666667,72.73833333333333,0.058127341911735776,0,0.08,1
2026-06-28 19:50:00,32.4,73.02000000000001,25.353333,88.565976,0.0,80.13333279999999,1.70591042,19,6,Sunday,1,0.0,0.10000000000000853,-7.046666999999999,0,7.046666999999999,-15.545975999999996,-0.0,32.4,72.92,32.46666666666667,72.77833333333334,0.053484633863819485,0,0.08,1
2026-06-28 19:55:00,32.3,73.17999999999999,25.3199994,88.65189799999999,0.0,78.8000004,1.45096544,19,6,Sunday,1,-0.10000000000000142,0.15999999999998238,-6.980000599999997,0,6.980000599999997,-15.471897999999996,0.10000000000000142,32.4,73.02000000000001,32.44833333333333,72.83333333333333,0.06899714530002389,0,1.73,1
2026-06-28 20:00:00,32.32,73.22,25.3,88.6679312,0.0,77.5666652,1.27947044,20,6,Sunday,1,0.020000000000003126,0.04000000000000625,-7.02,0,7.02,-15.4479312,-0.020000000000003126,32.3,73.17999999999999,32.43,72.88333333333334,0.07160497696546604,0,0.08,0
2026-06-28 20:05:00,32.3,73.3,25.3,88.579131,0.0,76.4833328,1.2331505,20,6,Sunday,1,-0.020000000000003126,0.0799999999999983,-6.9999999999999964,0,6.9999999999999964,-15.279131000000007,0.020000000000003126,32.32,73.22,32.413333333333334,72.94166666666666,0.07691002219547814,0,0.08,0
2026-06-28 20:10:00,32.3,73.46000000000001,25.3,88.49033,0.0,75.400002,1.1868305,20,6,Sunday,1,0.0,0.1600000000000108,-6.9999999999999964,0,6.9999999999999964,-15.030329999999992,-0.0,32.3,73.3,32.39666666666667,72.99833333333333,0.07808309481528249,0,0.08,0
2026-06-28 20:15:00,32.3,73.58,25.3,88.4015292,0.0,74.3166652,1.1405105800000002,20,6,Sunday,1,0.0,0.11999999999999034,-6.9999999999999964,0,6.9999999999999964,-14.8215292,-0.0,32.3,73.46000000000001,32.38,73.06500000000001,0.07531750972845087,0,0.08,0
2026-06-28 20:20:00,32.279999999999994,73.7,25.3,88.31273,0.0,73.2333328,1.0941906,20,6,Sunday,1,-0.020000000000003126,0.12000000000000455,-6.979999999999993,0,6.979999999999993,-14.612729999999999,0.020000000000003126,32.3,73.58,32.36166666666667,73.14,0.07004327665832322,0,0.08,0
2026-06-28 20:25:00,32.220000000000006,73.67999999999999,25.3,88.2239278,0.0,72.150002,1.0478706199999999,20,6,Sunday,1,-0.05999999999998806,-0.020000000000010232,-6.920000000000005,0,6.920000000000005,-14.543927800000006,0.05999999999998806,32.279999999999994,73.7,32.33833333333333,73.21833333333335,0.0663096500967277,0,0.09,0
2026-06-28 20:30:00,32.220000000000006,73.76,25.3,88.1351258,0.0,71.0666652,1.001550758,20,6,Sunday,1,0.0,0.0800000000000125,-6.920000000000005,0,6.920000000000005,-14.375125799999992,-0.0,32.220000000000006,73.67999999999999,32.321666666666665,73.29666666666667,0.06899714530030789,0,0.08,0
2026-06-28 20:35:00,32.2,73.86,25.3,88.046326,0.0,69.9833328,0.9552307839999999,20,6,Sunday,1,-0.020000000000003126,0.09999999999999432,-6.900000000000002,0,6.900000000000002,-14.186325999999994,0.020000000000003126,32.220000000000006,73.76,32.303333333333335,73.37833333333334,0.06971804687164879,0,0.09,0
2026-06-28 20:40:00,32.2,73.9,25.3,87.9575242,0.0,68.900002,0.9089107999999999,20,6,Sunday,1,0.0,0.04000000000000625,-6.900000000000002,0,6.900000000000002,-14.057524199999989,-0.0,32.2,73.86,32.28666666666667,73.465,0.06840166575299514,0,0.09,0
2026-06-28 20:45:00,32.2,73.84,25.3,87.86872120000001,0.0,67.8166652,0.8625909,20,6,Sunday,1,0.0,-0.060000000000002274,-6.900000000000002,0,6.900000000000002,-14.028721200000007,-0.0,32.2,73.9,32.27,73.54166666666667,0.06237715198621193,0,0.09,0
2026-06-28 20:50:00,32.120000000000005,73.96000000000001,25.3,87.779921,0.0,66.7333328,0.816270948,20,6,Sunday,1,-0.0799999999999983,0.12000000000000455,-6.820000000000004,0,6.820000000000004,-13.819920999999994,0.0799999999999983,32.2,73.84,32.24666666666667,73.61999999999999,0.06169327844319638,0,0.1,0
2026-06-28 20:55:00,32.14,74.1,25.3,87.6911208,0.0,65.650002,0.769951,20,6,Sunday,1,0.01999999999999602,0.13999999999998636,-6.84,0,6.84,-13.591120799999999,-0.01999999999999602,32.120000000000005,73.96000000000001,32.233333333333334,73.69666666666667,0.0662410657137409,0,0.09,0
2026-06-28 21:00:00,32.1,74.1,25.2949996,87.610985,0.0,65.5666652,0.7858308860000001,21,6,Sunday,1,-0.03999999999999915,0.0,-6.805000400000001,0,6.805000400000001,-13.510985000000005,0.03999999999999915,32.14,74.1,32.214999999999996,73.77,0.07038853211684802,0,0.09,0
2026-06-28 21:05:00,32.1,74.17999999999999,25.2824994,87.5438492,0.0,66.9833328,0.895010632,21,6,Sunday,1,0.0,0.0799999999999983,-6.8175006000000025,0,6.8175006000000025,-13.363849200000004,-0.0,32.1,74.1,32.19833333333333,73.84333333333333,0.07209001106945485,0,0.09,0
2026-06-28 21:10:00,32.1,74.4,25.2699998,87.476715,0.0,68.400002,1.00419034,21,6,Sunday,1,0.0,0.22000000000001307,-6.830000200000001,0,6.830000200000001,-13.076714999999993,-0.0,32.1,74.17999999999999,32.18166666666667,73.92166666666667,0.06952217870840328,0,0.09,0
2026-06-28 21:15:00,32.08,74.52000000000001,25.2574996,87.4095768,0.0,69.8166652,1.11337006,21,6,Sunday,1,-0.020000000000003126,0.12000000000000455,-6.822500399999999,0,6.822500399999999,-12.889576799999986,0.020000000000003126,32.1,74.4,32.163333333333334,74.0,0.06429100506578844,0,0.09,0
2026-06-28 21:20:00,32.06,74.5,25.2449998,87.342441,0.0,71.2333328,1.2225498,21,6,Sunday,1,-0.01999999999999602,-0.020000000000010232,-6.815000200000004,0,6.815000200000004,-12.842440999999994,0.01999999999999602,32.08,74.52000000000001,32.145,74.06666666666668,0.05916079782290018,0,0.09,0
2026-06-28 21:25:00,32.0,74.55999999999999,25.2324996,87.2753068,0.0,72.650002,1.33172954,21,6,Sunday,1,-0.060000000000002274,0.05999999999998806,-6.767500399999999,0,6.767500399999999,-12.715306800000008,0.060000000000002274,32.06,74.5,32.12666666666667,74.14,0.06733003291534495,0,0.09,0
2026-06-28 21:30:00,32.019999999999996,74.66,25.2199994,87.2081672,0.0,74.0666652,1.44090924,21,6,Sunday,1,0.01999999999999602,0.10000000000000853,-6.800000599999997,0,6.800000599999997,-12.548167200000009,-0.01999999999999602,32.0,74.55999999999999,32.11,74.21499999999999,0.06687845147565086,0,0.09,0
2026-06-28 21:35:00,32.0,74.62,25.2074998,87.14103300000001,0.0,75.4833328,1.55008896,21,6,Sunday,1,-0.01999999999999602,-0.03999999999999204,-6.792500199999999,0,6.792500199999999,-12.521033000000003,0.01999999999999602,32.019999999999996,74.66,32.093333333333334,74.27833333333332,0.06733003291542844,0,0.09,0
2026-06-28 21:40:00,32.0,74.56,25.1949996,87.0738972,0.0,76.900002,1.65926872,21,6,Sunday,1,0.0,-0.060000000000002274,-6.805000400000001,0,6.805000400000001,-12.513897200000002,-0.0,32.0,74.62,32.07666666666667,74.33333333333333,0.06314965389409358,0,0.09,0
2026-06-28 21:45:00,32.0,74.66,25.1824998,87.0067598,0.0,78.3166652,1.76844842,21,6,Sunday,1,0.0,0.09999999999999432,-6.817500200000001,0,6.817500200000001,-12.346759800000001,-0.0,32.0,74.56,32.06,74.40166666666666,0.05325752186719147,0,0.09,0
2026-06-28 21:50:00,31.98,74.7,25.1699996,86.93962400000001,0.0,79.7333328,1.8776281400000001,21,6,Sunday,1,-0.019999999999999574,0.04000000000000625,-6.8100004,0,6.8100004,-12.239624000000006,0.019999999999999574,32.0,74.66,32.04833333333334,74.46333333333334,0.054244117114198756,0,0.09,0
2026-06-28 21:55:00,31.96,74.74,25.1574998,86.8724898,0.0,81.150002,1.98680786,21,6,Sunday,1,-0.019999999999999574,0.03999999999999204,-6.802500200000001,0,6.802500200000001,-12.132489800000002,0.019999999999999574,31.98,74.7,32.03333333333333,74.51666666666667,0.05140451576956996,0,0.09,0
2026-06-28 22:00:00,31.96,74.78,25.15,86.76277400000001,0.0,82.2,2.0476861,22,6,Sunday,1,0.0,0.04000000000000625,-6.810000000000002,0,6.810000000000002,-11.982774000000006,-0.0,31.96,74.74,32.02166666666667,74.57333333333334,0.05078176717948547,0,0.09,0
2026-06-28 22:05:00,31.919999999999998,74.78,25.15,86.589186,0.0,82.7,2.03611192,22,6,Sunday,1,-0.0400000000000027,0.0,-6.77,0,6.77,-11.809185999999997,0.0400000000000027,31.96,74.78,32.00666666666667,74.62333333333333,0.052107115773568226,0,0.09,0
2026-06-28 22:10:00,31.9,74.9,25.15,86.41559720000001,0.0,83.2,2.0245378,22,6,Sunday,1,-0.019999999999999574,0.12000000000000455,-6.75,0,6.75,-11.515597200000002,0.019999999999999574,31.919999999999998,74.78,31.99,74.66499999999999,0.051522281137770604,0,0.09,0
2026-06-28 22:15:00,31.9,74.92,25.15,86.242014,0.0,83.7,2.0129638,22,6,Sunday,1,0.0,0.01999999999999602,-6.75,0,6.75,-11.322013999999996,-0.0,31.9,74.9,31.974999999999998,74.69833333333334,0.049082490851523955,0,0.09,0
2026-06-28 22:20:00,31.9,75.02000000000001,25.15,86.068426,0.0,84.2,2.0013895,22,6,Sunday,1,0.0,0.10000000000000853,-6.75,0,6.75,-11.048425999999992,-0.0,31.9,74.92,31.961666666666662,74.74166666666666,0.045493922328156876,0,0.09,0
2026-06-28 22:25:00,31.880000000000003,75.05999999999999,25.15,85.89483800000001,0.0,84.7,1.9898155,22,6,Sunday,1,-0.01999999999999602,0.03999999999997783,-6.730000000000004,0,6.730000000000004,-10.834838000000019,0.01999999999999602,31.9,75.02000000000001,31.951666666666664,74.78333333333333,0.04932882861410766,0,0.09,0
2026-06-28 22:30:00,31.9,75.16,25.15,85.7212548,0.0,85.2,1.97824132,22,6,Sunday,1,0.01999999999999602,0.10000000000000853,-6.75,0,6.75,-10.5612548,-0.01999999999999602,31.880000000000003,75.05999999999999,31.941666666666666,74.825,0.04628632888374544,0,0.09,0
2026-06-28 22:35:00,31.839999999999996,75.17999999999999,25.15,85.547666,0.0,85.7,1.96666724,22,6,Sunday,1,-0.060000000000002274,0.01999999999999602,-6.689999999999998,0,6.689999999999998,-10.367666000000014,0.060000000000002274,31.9,75.16,31.92833333333333,74.87166666666667,0.05078176717978845,0,0.09,0
2026-06-28 22:40:00,31.8,75.17999999999999,25.15,85.37407800000001,0.0,86.2,1.9550931200000001,22,6,Sunday,1,-0.039999999999995595,0.0,-6.650000000000002,0,6.650000000000002,-10.194078000000019,0.039999999999995595,31.839999999999996,75.17999999999999,31.911666666666665,74.92333333333333,0.0574983530649383,0,0.09,0
2026-06-28 22:45:00,31.8,75.2,25.15,85.2004948,0.0,86.7,1.9435189999999998,22,6,Sunday,1,0.0,0.020000000000010232,-6.650000000000002,0,6.650000000000002,-10.000494799999998,-0.0,31.8,75.17999999999999,31.895,74.96833333333333,0.05854291354551641,0,0.09,0
2026-06-28 22:50:00,31.8,75.26,25.15,85.0269068,0.0,87.2,1.9319448399999999,22,6,Sunday,1,0.0,0.060000000000002274,-6.650000000000002,0,6.650000000000002,-9.766906800000001,-0.0,31.8,75.2,31.88,75.015,0.0578399044309764,0,0.09,0
2026-06-28 22:55:00,31.8,75.32000000000001,25.15,84.853318,0.0,87.7,1.9203707399999999,22,6,Sunday,1,0.0,0.060000000000002274,-6.650000000000002,0,6.650000000000002,-9.533317999999994,-0.0,31.8,75.26,31.866666666666664,75.06333333333333,0.05613835721366802,0,0.09,0
2026-06-28 23:00:00,31.8,75.22,25.178333,84.7692648,0.00666666688,88.4,2.0052989,23,6,Sunday,1,0.0,-0.10000000000000853,-6.621667000000002,0,6.621667000000002,-9.549264800000003,-0.0,31.8,75.32000000000001,31.853333333333328,75.10000000000001,0.05069217857653749,0,0.09,0
2026-06-28 23:05:00,31.72,75.16,25.249166199999998,84.819498,0.0233333338,89.4,2.2349803,23,6,Sunday,1,-0.08000000000000185,-0.060000000000002274,-6.470833800000001,0,6.470833800000001,-9.659498,0.08000000000000185,31.8,75.22,31.83666666666667,75.13166666666667,0.058981250223541136,0,0.11,0
2026-06-28 23:10:00,31.7,75.24,25.319999799999998,84.86973520000001,0.040000001,90.4,2.46466178,23,6,Sunday,1,-0.019999999999999574,0.0799999999999983,-6.380000200000001,0,6.380000200000001,-9.629735200000013,0.019999999999999574,31.72,75.16,31.819999999999997,75.16000000000001,0.06714976476682838,0,0.07,0
2026-06-28 23:15:00,31.7,75.17999999999999,25.3908332,84.9199672,0.056666667399999995,91.4,2.69434322,23,6,Sunday,1,0.0,-0.060000000000002274,-6.3091668,0,6.3091668,-9.73996720000001,-0.0,31.7,75.24,31.80333333333333,75.18166666666666,0.07023769167966848,0,0.07,0
2026-06-28 23:20:00,31.7,75.03999999999999,25.461666400000002,84.970207,0.073333336,92.4,2.92402474,23,6,Sunday,1,0.0,-0.14000000000000057,-6.238333599999997,0,6.238333599999997,-9.93020700000001,-0.0,31.7,75.17999999999999,31.786666666666665,75.18333333333332,0.06893123494233515,0,0.07,0
2026-06-28 23:25:00,31.68,74.97999999999999,25.5324998,85.020441,0.0900000012,93.4,3.15370616,23,6,Sunday,1,-0.019999999999999574,-0.060000000000002274,-6.1475002,0,6.1475002,-10.040441000000015,0.019999999999999574,31.7,75.03999999999999,31.769999999999996,75.17666666666666,0.06849021163695374,0,0.07,0
2026-06-28 23:30:00,31.619999999999997,74.97999999999999,25.603333199999998,85.070679,0.10666666799999999,94.4,3.38338768,23,6,Sunday,1,-0.060000000000002274,0.0,-6.016666799999999,0,6.016666799999999,-10.090679000000009,0.060000000000002274,31.68,74.97999999999999,31.746666666666666,75.16166666666666,0.06786796449897341,0,0.08,0
2026-06-28 23:35:00,31.6,74.88,25.674166800000002,85.120911,0.123333336,95.4,3.61306908,23,6,Sunday,1,-0.01999999999999602,-0.09999999999999432,-5.9258332,0,5.9258332,-10.240911000000011,0.01999999999999602,31.619999999999997,74.97999999999999,31.72666666666667,75.13666666666667,0.07302967432840704,0,0.08,0
2026-06-28 23:40:00,31.6,74.8,25.7449998,85.17115,0.140000004,96.4,3.8427505600000003,23,6,Sunday,1,0.0,-0.0799999999999983,-5.855000200000003,0,5.855000200000003,-10.37115,-0.0,31.6,74.88,31.709999999999997,75.105,0.07745966691888913,0,0.08,0
2026-06-28 23:45:00,31.6,74.76,25.815833199999997,85.2213836,0.15666667,97.4,4.072432,23,6,Sunday,1,0.0,-0.03999999999999204,-5.784166800000005,0,5.784166800000005,-10.46138359999999,-0.0,31.6,74.8,31.69333333333333,75.06833333333333,0.07784989441095441,0,0.08,0
2026-06-28 23:50:00,31.6,74.67999999999999,25.8866668,85.2716212,0.173333332,98.4,4.3021135,23,6,Sunday,1,0.0,-0.0800000000000125,-5.713333200000001,0,5.713333200000001,-10.591621200000006,-0.0,31.6,74.76,31.676666666666666,75.02,0.07426406610432544,0,0.07,0
2026-06-28 23:55:00,31.52,74.62,25.9575,85.32185319999999,0.190000004,99.4,4.53179488,23,6,Sunday,1,-0.08000000000000185,-0.05999999999998806,-5.5625,0,5.5625,-10.701853199999988,0.08000000000000185,31.6,74.67999999999999,31.653333333333336,74.96166666666666,0.07595852137121041,0,0.09,0
2026-06-29 00:00:00,31.5,74.6,26.0283334,85.2872332,0.2,99.9666668,4.63274438,0,0,Monday,0,-0.019999999999999574,-0.020000000000010232,-5.471666599999999,0,5.471666599999999,-10.687233200000009,0.019999999999999574,31.52,74.62,31.628333333333334,74.90999999999998,0.07259267848005498,0,0.08,0
2026-06-29 00:05:00,31.5,74.5,26.0991666,85.125319,0.2,99.88333279999999,4.54059556,0,0,Monday,0,0.0,-0.09999999999999432,-5.4008334,0,5.4008334,-10.625319000000005,-0.0,31.5,74.6,31.61,74.85499999999999,0.075075719347744,0,0.07,0
2026-06-29 00:10:00,31.5,74.34,26.169999999999998,84.96340599999999,0.2,99.8000004,4.44844672,0,0,Monday,0,0.0,-0.1599999999999966,-5.330000000000002,0,5.330000000000002,-10.623405999999989,-0.0,31.5,74.5,31.593333333333334,74.77999999999999,0.0754782730074869,0,0.06,0
2026-06-29 00:15:00,31.48,74.34,26.240833599999995,84.80149300000001,0.2,99.7166668,4.35629794,0,0,Monday,0,-0.019999999999999574,0.0,-5.2391664000000056,0,5.2391664000000056,-10.461493000000004,0.019999999999999574,31.5,74.34,31.575000000000003,74.71,0.07391641470516105,0,0.06,0
2026-06-29 00:20:00,31.48,74.4,26.311666600000002,84.63958199999999,0.2,99.63333279999999,4.26414916,0,0,Monday,0,0.0,0.060000000000002274,-5.168333399999998,0,5.168333399999998,-10.239581999999984,-0.0,31.48,74.34,31.55666666666667,74.65666666666667,0.06705944897033253,0,0.06,0
2026-06-29 00:25:00,31.4,74.3,26.3825,84.477667,0.2,99.5500004,4.17200042,0,0,Monday,0,-0.08000000000000185,-0.10000000000000853,-5.017499999999998,0,5.017499999999998,-10.177667,0.08000000000000185,31.48,74.4,31.533333333333335,74.60000000000001,0.06893123494293166,0,0.07,0
2026-06-29 00:30:00,31.4,74.24,26.4533334,84.315756,0.2,99.4666668,4.07985114,0,0,Monday,0,0.0,-0.060000000000002274,-4.946666599999997,0,4.946666599999997,-10.075755999999998,-0.0,31.4,74.3,31.515,74.53833333333333,0.07292586521550717,0,0.06,0
2026-06-29 00:35:00,31.4,74.17999999999999,26.5241668,84.1538402,0.2,99.38333279999999,3.9877025,0,0,Monday,0,0.0,-0.060000000000002274,-4.875833199999999,0,4.875833199999999,-9.973840200000012,-0.0,31.4,74.24,31.49833333333333,74.48,0.07456947136637104,0,0.06,0
2026-06-29 00:40:00,31.4,74.22,26.595000399999996,83.99192980000001,0.2,99.3000004,3.8955537999999996,0,0,Monday,0,0.0,0.04000000000000625,-4.804999600000002,0,4.804999600000002,-9.77192980000001,-0.0,31.4,74.17999999999999,31.48166666666667,74.43166666666667,0.07209001107108454,0,0.04,0
2026-06-29 00:45:00,31.4,74.16,26.665833399999997,83.830016,0.2,99.2166668,3.8034048,0,0,Monday,0,0.0,-0.060000000000002274,-4.734166600000002,0,4.734166600000002,-9.670016000000004,-0.0,31.4,74.22,31.465,74.38166666666667,0.06501748016139582,0,0.04,0
2026-06-29 00:50:00,31.360000000000003,74.14,26.7366672,83.668103,0.2,99.13333279999999,3.7112560199999995,0,0,Monday,0,-0.039999999999995595,-0.01999999999999602,-4.623332800000004,0,4.623332800000004,-9.528103000000002,0.039999999999995595,31.4,74.16,31.444999999999997,74.33666666666666,0.056003246652625904,0,0.03,0
2026-06-29 00:55:00,31.3,74.1,26.807500400000002,83.50618879999999,0.2,99.0500004,3.6191072400000004,0,0,Monday,0,-0.060000000000002274,-0.04000000000000625,-4.492499599999999,0,4.492499599999999,-9.406188799999995,0.060000000000002274,31.360000000000003,74.14,31.426666666666666,74.29333333333334,0.0645731907913349,0,0.03,0
2026-06-29 01:00:00,31.3,74.12,26.848333200000003,83.3673,0.19666667200000001,98.73333399999999,3.7639284,1,0,Monday,0,0.0,0.020000000000010232,-4.451666799999998,0,4.451666799999998,-9.247299999999996,-0.0,31.3,74.1,31.41,74.25333333333334,0.06954396908177006,0,0.03,0
2026-06-29 01:05:00,31.3,74.05999999999999,26.844167199999998,83.26295,0.188333332,98.06666720000001,4.2642045,1,0,Monday,0,0.0,-0.060000000000016485,-4.455832800000003,0,4.455832800000003,-9.202950000000016,-0.0,31.3,74.12,31.39333333333333,74.21666666666667,0.06997835162575419,0,0.03,0
2026-06-29 01:10:00,31.3,74.08,26.8400002,83.1585992,0.18000000200000002,97.3999988,4.764480600000001,1,0,Monday,0,0.0,0.020000000000010232,-4.459999800000002,0,4.459999800000002,-9.0785992,-0.0,31.3,74.05999999999999,31.376666666666665,74.19500000000001,0.06596601511997344,0,0.05,0
2026-06-29 01:15:00,31.3,74.1,26.835833200000003,83.054243,0.171666668,96.73333399999999,5.2647562,1,0,Monday,0,0.0,0.01999999999999602,-4.464166799999997,0,4.464166799999997,-8.954243000000005,-0.0,31.3,74.08,31.361666666666665,74.175,0.06057802381223058,0,0.05,0
2026-06-29 01:20:00,31.28,74.14,26.8316668,82.9498908,0.163333338,96.06666720000001,5.7650323,1,0,Monday,0,-0.019999999999999574,0.04000000000000625,-4.4483332,0,4.4483332,-8.809890800000005,0.019999999999999574,31.3,74.1,31.345000000000002,74.15333333333332,0.05196152422036461,0,0.05,0
2026-06-29 01:25:00,31.26,74.1,26.8274994,82.84554,0.15500000200000003,95.3999988,6.2653084,1,0,Monday,0,-0.019999999999999574,-0.04000000000000625,-4.432500600000001,0,4.432500600000001,-8.745540000000005,0.019999999999999574,31.28,74.14,31.333333333333332,74.13666666666667,0.05416025602451192,0,0.05,0
2026-06-29 01:30:00,31.2,74.2,26.8233336,82.7411876,0.14666667,94.73333399999999,6.7655845,1,0,Monday,0,-0.060000000000002274,0.10000000000000853,-4.376666399999998,0,4.376666399999998,-8.5411876,0.060000000000002274,31.26,74.1,31.316666666666666,74.13333333333334,0.06198729096949701,0,0.05,0
2026-06-29 01:35:00,31.2,74.3,26.8191664,82.636834,0.138333336,94.06666720000001,7.26586058,1,0,Monday,0,0.0,0.09999999999999432,-4.380833599999999,0,4.380833599999999,-8.336833999999996,-0.0,31.2,74.2,31.3,74.14333333333333,0.06438520439334536,0,0.04,0
2026-06-29 01:40:00,31.2,74.3,26.8149996,82.5324844,0.130000004,93.3999988,7.7661366,1,0,Monday,0,0.0,0.0,-4.385000399999999,0,4.385000399999999,-8.232484400000004,-0.0,31.2,74.3,31.28333333333333,74.15,0.06198729096958571,0,0.04,0
2026-06-29 01:45:00,31.2,74.3,26.810833000000002,82.42813,0.121666668,92.73333399999999,8.2664124,1,0,Monday,0,0.0,0.0,-4.389166999999997,0,4.389166999999997,-8.128129999999999,-0.0,31.2,74.3,31.26666666666667,74.16166666666666,0.05416025602471519,0,0.04,0
2026-06-29 01:50:00,31.2,74.24,26.806665599999995,82.3237792,0.11333333599999999,92.06666720000001,8.7666886,1,0,Monday,0,0.0,-0.060000000000002274,-4.393334400000004,0,4.393334400000004,-8.08377920000001,-0.0,31.2,74.3,31.253333333333334,74.17,0.04849242364379108,0,0.05,0
2026-06-29 01:55:00,31.2,74.2,26.8024998,82.21942800000001,0.1050000016,91.3999988,9.266964699999999,1,0,Monday,0,0.0,-0.03999999999999204,-4.3975002,0,4.3975002,-8.019428000000005,-0.0,31.2,74.24,31.245,74.17833333333333,0.0483359455860769,0,0.05,0
2026-06-29 02:00:00,31.139999999999997,74.22,26.82,82.094095,0.1,90.5333332,9.380362,2,0,Monday,0,-0.060000000000002274,0.01999999999999602,-4.319999999999997,0,4.319999999999997,-7.874094999999997,0.060000000000002274,31.2,74.2,31.231666666666666,74.18666666666665,0.053569552630557474,0,0.05,0
2026-06-29 02:05:00,31.1,74.24,26.869999200000002,81.9372918,0.1,89.36666720000001,8.913442,2,0,Monday,0,-0.039999999999995595,0.01999999999999602,-4.230000799999999,0,4.230000799999999,-7.697291800000002,0.039999999999995595,31.139999999999997,74.22,31.215000000000003,74.20166666666667,0.06097689576822083,0,0.05,0
2026-06-29 02:10:00,31.1,74.34,26.919999400000002,81.7804892,0.1,88.1999996,8.4465218,2,0,Monday,0,0.0,0.10000000000000853,-4.1800006,0,4.1800006,-7.440489200000002,-0.0,31.1,74.24,31.198333333333334,74.22333333333333,0.06293334616845218,0,0.05,0
2026-06-29 02:15:00,31.1,74.34,26.9699998,81.62368699999999,0.1,87.0333332,7.979601579999999,2,0,Monday,0,0.0,0.0,-4.130000200000001,0,4.130000200000001,-7.283686999999986,-0.0,31.1,74.34,31.18166666666667,74.24333333333334,0.05997474215307185,0,0.05,0
2026-06-29 02:20:00,31.1,74.4,27.0199994,81.4668818,0.1,85.86666720000001,7.51268144,2,0,Monday,0,0.0,0.060000000000002274,-4.080000600000002,0,4.080000600000002,-7.06688179999999,-0.0,31.1,74.34,31.166666666666668,74.265,0.05548682616757484,0,0.05,0
2026-06-29 02:25:00,31.080000000000002,74.44000000000001,27.07,81.31008,0.1,84.6999996,7.04576136,2,0,Monday,0,-0.019999999999999574,0.04000000000000625,-4.010000000000002,0,4.010000000000002,-6.870079999999987,0.019999999999999574,31.1,74.4,31.151666666666667,74.29333333333334,0.05219427577436253,0,0.05,0
2026-06-29 02:30:00,31.060000000000002,74.46000000000001,27.119999200000002,81.15328,0.1,83.5333332,6.57884114,2,0,Monday,0,-0.019999999999999574,0.01999999999999602,-3.9400008,0,3.9400008,-6.693279999999987,0.019999999999999574,31.080000000000002,74.44000000000001,31.14,74.315,0.05592202362794461,0,0.05,0
2026-06-29 02:35:00,31.0,74.55999999999999,27.1699998,80.99647780000001,0.1,82.36666720000001,6.11192106,2,0,Monday,0,-0.060000000000002274,0.0999999999999801,-3.8300002000000006,0,3.8300002000000006,-6.43647780000002,0.060000000000002274,31.060000000000002,74.46000000000001,31.123333333333335,74.33666666666667,0.06541244436775902,0,0.05,0
2026-06-29 02:40:00,31.0,74.58,27.2199998,80.8396742,0.1,81.1999996,5.64500094,2,0,Monday,0,0.0,0.020000000000010232,-3.7800002,0,3.7800002,-6.259674200000006,-0.0,31.0,74.55999999999999,31.10666666666667,74.36,0.06945676657911262,0,0.05,0
2026-06-29 02:45:00,31.0,74.66,27.2699996,80.68287000000001,0.1,80.0333332,5.17808092,2,0,Monday,0,0.0,0.0799999999999983,-3.7300004000000015,0,3.7300004000000015,-6.022870000000012,-0.0,31.0,74.58,31.090000000000003,74.39,0.06901910143594274,0,0.05,0
2026-06-29 02:50:00,31.0,74.76,27.32,80.526069,0.1,78.86666720000001,4.71116068,2,0,Monday,0,0.0,0.10000000000000853,-3.6799999999999997,0,3.6799999999999997,-5.766069000000002,-0.0,31.0,74.66,31.073333333333334,74.43333333333334,0.06400757530452107,0,0.05,0
2026-06-29 02:55:00,31.0,74.78,27.3699996,80.369264,0.1,77.6999996,4.24424042,2,0,Monday,0,0.0,0.01999999999999602,-3.6300004,0,3.6300004,-5.589264,-0.0,31.0,74.76,31.05666666666667,74.48166666666667,0.053143601906930155,0,0.04,0
2026-06-29 03:00:00,31.0,74.88000000000001,27.4616666,80.0312598,0.0966666688,77.5333332,3.89372592,3,0,Monday,0,0.0,0.10000000000000853,-3.538333399999999,0,3.538333399999999,-5.151259799999991,-0.0,31.0,74.78,31.045,74.53666666666668,0.048335945586772816,0,0.04,0
2026-06-29 03:05:00,30.96,75.0,27.615833199999997,79.4214478,0.0883333332,78.86666720000001,3.7178196999999997,3,0,Monday,0,-0.03999999999999915,0.11999999999999034,-3.3441668000000035,0,3.3441668000000035,-4.421447799999996,0.03999999999999915,31.0,74.88000000000001,31.03333333333333,74.60000000000001,0.05069217857919221,0,0.04,0
2026-06-29 03:10:00,30.9,75.02000000000001,27.7699996,78.81163480000001,0.0800000012,80.1999996,3.54191342,3,0,Monday,0,-0.060000000000002274,0.020000000000010232,-3.1300004,0,3.1300004,-3.791634799999997,0.060000000000002274,30.96,75.0,31.01666666666667,74.65666666666667,0.05898125022582344,0,0.04,0
2026-06-29 03:15:00,30.919999999999998,75.1,27.924166200000002,78.2018228,0.071666668,81.5333332,3.36600714,3,0,Monday,0,0.019999999999999574,0.07999999999998408,-2.995833799999996,0,2.995833799999996,-3.101822800000008,-0.019999999999999574,30.9,75.02000000000001,31.001666666666665,74.72,0.05874959702783879,0,0.04,0
2026-06-29 03:20:00,30.9,75.17999999999999,28.078333199999996,77.5920108,0.0633333338,82.86666720000001,3.19010092,3,0,Monday,0,-0.019999999999999574,0.0799999999999983,-2.8216668000000027,0,2.8216668000000027,-2.4120108000000045,0.019999999999999574,30.919999999999998,75.1,30.985,74.785,0.056648838545152284,0,0.04,0
2026-06-29 03:25:00,30.9,75.14,28.2324998,76.982198,0.055000001,84.1999996,3.01419462,3,0,Monday,0,0.0,-0.03999999999999204,-2.667500199999999,0,2.667500199999999,-1.8421979999999962,-0.0,30.9,75.17999999999999,30.97,74.84333333333335,0.052915026215894494,0,0.04,0
2026-06-29 03:30:00,30.9,75.2,28.3866668,76.372384,0.0466666672,85.5333332,2.83828836,3,0,Monday,0,0.0,0.060000000000002274,-2.513333199999998,0,2.513333199999998,-1.1723839999999939,-0.0,30.9,75.14,30.956666666666663,74.905,0.04811602139188903,0,0.04,0
2026-06-29 03:35:00,30.9,75.17999999999999,28.540833,75.762574,0.038333334399999995,86.86666720000001,2.6623821199999997,3,0,Monday,0,0.0,-0.020000000000010232,-2.3591669999999993,0,2.3591669999999993,-0.5825740000000081,-0.0,30.9,75.2,30.948333333333334,74.95666666666666,0.04858606857981071,0,0.04,0
2026-06-29 03:40:00,30.9,75.17999999999999,28.695,75.15276,0.0300000006,88.1999996,2.48647588,3,0,Monday,0,0.0,0.0,-2.2049999999999983,0,2.2049999999999983,0.027239999999991937,-0.0,30.9,75.17999999999999,30.939999999999998,75.00666666666667,0.04748205402027461,0,0.04,0
2026-06-29 03:45:00,30.880000000000003,75.32000000000001,28.8491666,74.5429472,0.021666666600000002,89.5333332,2.3105695400000004,3,0,Monday,0,-0.01999999999999602,0.14000000000001478,-2.0308334000000023,0,2.0308334000000023,0.777052800000007,0.01999999999999602,30.9,75.17999999999999,30.929999999999996,75.06166666666667,0.04631905164073127,0,0.05,0
2026-06-29 03:50:00,30.860000000000003,75.26,29.003333199999997,73.93313520000001,0.013333333999999999,90.86666720000001,2.1346633400000004,3,0,Monday,0,-0.019999999999999574,-0.060000000000002274,-1.8566668000000064,0,1.8566668000000064,1.3268647999999956,0.019999999999999574,30.880000000000003,75.32000000000001,30.918333333333333,75.10333333333334,0.044687466882961775,0,0.11,0
2026-06-29 03:55:00,30.82,75.28,29.1575,73.32332219999999,0.00500000022,92.1999996,1.95875704,3,0,Monday,0,-0.0400000000000027,0.01999999999999602,-1.6625000000000014,0,1.6625000000000014,1.9566778000000085,0.0400000000000027,30.860000000000003,75.26,30.903333333333332,75.145,0.04499158169806462,0,0.12,0
2026-06-29 04:00:00,30.8,75.24,29.2866668,72.83586399999999,0.0,93.1666672,1.8982664599999999,4,0,Monday,0,-0.019999999999999574,-0.04000000000000625,-1.5133332000000017,0,1.5133332000000017,2.4041360000000083,0.019999999999999574,30.82,75.28,30.886666666666667,75.175,0.04292346959276598,0,0.12,0
2026-06-29 04:05:00,30.8,75.22,29.3783336,72.5319312,0.0,93.5833328,2.01089942,4,0,Monday,0,0.0,-0.01999999999999602,-1.4216663999999994,0,1.4216663999999994,2.6880687999999964,-0.0,30.8,75.24,30.873333333333335,75.19333333333333,0.04292346959281838,0,0.1,0
2026-06-29 04:10:00,30.8,75.34,29.4699998,72.22800079999999,0.0,94.0,2.12353238,4,0,Monday,0,0.0,0.12000000000000455,-1.3300002000000006,0,1.3300002000000006,3.111999200000014,-0.0,30.8,75.22,30.865,75.22,0.046807147855570615,0,0.05,0
2026-06-29 04:15:00,30.8,75.34,29.5616664,71.92406919999999,0.0,94.4166672,2.23616532,4,0,Monday,0,0.0,0.0,-1.2383336000000007,0,1.2383336000000007,3.4159308000000124,-0.0,30.8,75.34,30.855,75.24,0.046807147855607044,0,0.05,0
2026-06-29 04:20:00,30.8,75.26,29.653333600000003,71.62014,0.0,94.8333328,2.3487982799999996,4,0,Monday,0,0.0,-0.0799999999999983,-1.1466663999999973,0,1.1466663999999973,3.6398599999999988,-0.0,30.8,75.34,30.846666666666664,75.24666666666667,0.04696871943678083,0,0.04,0
2026-06-29 04:25:00,30.7,75.32000000000001,29.745000600000004,71.3162068,0.0,95.25,2.46143128,4,0,Monday,0,-0.10000000000000142,0.060000000000002274,-0.9549993999999948,0,0.9549993999999948,4.003793200000004,0.10000000000000142,30.8,75.26,30.830000000000002,75.26166666666667,0.05999999999563501,0,1.16,0
2026-06-29 04:30:00,30.7,75.36,29.836666400000002,71.0122792,0.0,95.6666672,2.5740641799999997,4,0,Monday,0,0.0,0.03999999999999204,-0.8633335999999971,0,0.8633335999999971,4.347720800000005,-0.0,30.7,75.32000000000001,30.813333333333336,75.275,0.06624106571727784,0,0.03,0
2026-06-29 04:35:00,30.7,75.3,29.928333199999997,70.708347,0.0,96.0833328,2.68669712,4,0,Monday,0,0.0,-0.060000000000002274,-0.771666800000002,0,0.771666800000002,4.591652999999994,-0.0,30.7,75.36,30.796666666666667,75.28500000000001,0.06759953379413654,0,0.03,0
2026-06-29 04:40:00,30.7,75.36,30.020000399999997,70.4044162,0.0,96.5,2.79933008,4,0,Monday,0,0.0,0.060000000000002274,-0.6799996000000021,0,0.6799996000000021,4.955583799999999,-0.0,30.7,75.3,30.78,75.3,0.06438520439470503,0,0.03,0
2026-06-29 04:45:00,30.7,75.36,30.111667599999997,70.10048520000001,0.0,96.9166672,2.91196308,4,0,Monday,0,0.0,0.0,-0.5883324000000023,0,0.5883324000000023,5.259514799999991,-0.0,30.7,75.36,30.765,75.30333333333333,0.059772295189542426,0,0.04,0
2026-06-29 04:50:00,30.7,75.34,30.203333399999998,69.796555,0.0,97.3333328,3.02459598,4,0,Monday,0,0.0,-0.01999999999999602,-0.49666660000000107,0,0.49666660000000107,5.5434450000000055,-0.0,30.7,75.36,30.751666666666665,75.31,0.054244117118147486,0,0.04,0
2026-06-29 04:55:00,30.639999999999997,75.36,30.295000199999997,69.4926232,0.0,97.75,3.13722898,4,0,Monday,0,-0.060000000000002274,0.01999999999999602,-0.3449998000000001,0,0.3449998000000001,5.867376800000002,0.060000000000002274,30.7,75.34,30.736666666666668,75.31666666666666,0.05836146507387274,0,0.04,0
2026-06-29 05:00:00,30.68,75.38000000000001,30.26,69.6369038,0.10666666900000002,98.0333332,3.30798168,5,0,Monday,0,0.0400000000000027,0.020000000000010232,-0.41999999999999815,0,0.41999999999999815,5.743096200000011,-0.0400000000000027,30.639999999999997,75.36,30.72666666666667,75.32833333333333,0.05678241297932088,0,0.04,0
2026-06-29 05:05:00,30.6,75.36,30.035000000000004,70.4534992,0.373333342,98.11666720000001,3.56591432,5,0,Monday,0,-0.0799999999999983,-0.020000000000010232,-0.5649999999999977,0,0.5649999999999977,4.906500800000003,0.0799999999999983,30.68,75.38000000000001,30.709999999999997,75.33999999999999,0.06237715199034446,0,0.05,0
2026-06-29 05:10:00,30.6,75.36,29.810000000000002,71.27009319999999,0.640000006,98.1999996,3.8238467999999997,5,0,Monday,0,0.0,0.0,-0.7899999999999991,0,0.7899999999999991,4.0899068000000085,-0.0,30.6,75.36,30.69333333333333,75.34166666666667,0.0628610781886398,0,0.04,0
2026-06-29 05:15:00,30.6,75.44000000000001,29.585000400000002,72.0866912,0.906666678,98.2833332,4.08177932,5,0,Monday,0,0.0,0.0800000000000125,-1.0149995999999994,0,1.0149995999999994,3.3533088000000077,-0.0,30.6,75.36,30.676666666666662,75.35000000000001,0.0583614650740494,0,0.04,0
2026-06-29 05:20:00,30.6,75.5,29.360000000000003,72.90328600000001,1.17333336,98.36666720000001,4.33971196,5,0,Monday,0,0.0,0.05999999999998806,-1.2399999999999984,0,1.2399999999999984,2.5967139999999915,-0.0,30.6,75.44000000000001,30.66,75.37,0.04748205402128347,0,0.04,0
2026-06-29 05:25:00,30.6,75.5,29.135,73.7198808,1.4400000199999998,98.4499996,4.59764442,5,0,Monday,0,0.0,0.0,-1.4649999999999999,0,1.4649999999999999,1.7801192000000015,-0.0,30.6,75.5,30.65166666666667,75.385,0.04858606858085542,0,0.09,0
2026-06-29 05:30:00,30.6,75.46000000000001,28.910000000000004,74.53647720000001,1.70666668,98.5333332,4.855577,5,0,Monday,0,0.0,-0.03999999999999204,-1.6899999999999977,0,1.6899999999999977,0.9235228000000006,-0.0,30.6,75.5,30.64333333333333,75.39333333333333,0.048116021393003354,0,0.09,0
2026-06-29 05:35:00,30.6,75.53999999999999,28.685000000000002,75.3530724,1.9733333600000003,98.61666720000001,5.11350956,5,0,Monday,0,0.0,0.07999999999998408,-1.9149999999999991,0,1.9149999999999991,0.18692759999998998,-0.0,30.6,75.46000000000001,30.635,75.41333333333334,0.04602370929993791,0,0.03,0
2026-06-29 05:40:00,30.54,75.52000000000001,28.459999600000003,76.169669,2.24000004,98.6999996,5.37144204,5,0,Monday,0,-0.060000000000002274,-0.01999999999998181,-2.080000399999996,0,2.080000399999996,-0.6496689999999887,0.060000000000002274,30.6,75.53999999999999,30.62166666666667,75.42666666666666,0.04858606858096447,0,0.03,0
2026-06-29 05:45:00,30.5,75.53999999999999,28.235000000000003,76.9862638,2.5066667199999997,98.7833332,5.62937468,5,0,Monday,0,-0.03999999999999915,0.01999999999998181,-2.264999999999997,0,2.264999999999997,-1.4462638000000112,0.03999999999999915,30.54,75.52000000000001,30.605,75.44166666666666,0.05334280218556721,0,0.03,0
2026-06-29 05:50:00,30.52,75.62,28.01,77.80286,2.77333332,98.86666720000001,5.88730718,5,0,Monday,0,0.019999999999999574,0.0800000000000125,-2.509999999999998,0,2.509999999999998,-2.182859999999991,-0.019999999999999574,30.5,75.53999999999999,30.590000000000003,75.465,0.049359534397347304,0,0.03,0
2026-06-29 05:55:00,30.5,75.53999999999999,27.785000000000004,78.6194544,3.04000008,98.9499996,6.14523964,5,0,Monday,0,-0.019999999999999574,-0.0800000000000125,-2.7149999999999963,0,2.7149999999999963,-3.079454400000003,0.019999999999999574,30.52,75.62,30.578333333333333,75.48,0.05288638479356543,0,0.03,0
2026-06-29 06:00:00,30.5,75.58,27.685000000000002,79.0057552,3.12333334,98.9333348,6.17160792,6,0,Monday,0,0.0,0.04000000000000625,-2.8149999999999977,0,2.8149999999999977,-3.4257551999999976,-0.0,30.5,75.53999999999999,30.563333333333333,75.49666666666667,0.04658000611062201,0,0.03,0
2026-06-29 06:05:00,30.5,75.6,27.772499600000003,78.7466092,2.93166668,98.7666672,5.850630300000001,6,0,Monday,0,0.0,0.01999999999999602,-2.7275003999999967,0,2.7275003999999967,-3.1466092000000003,-0.0,30.5,75.58,30.555000000000003,75.51666666666667,0.04833594558850721,0,0.03,0
2026-06-29 06:10:00,30.5,75.58,27.860000000000003,78.487468,2.7399999999999998,98.599998,5.5296523,6,0,Monday,0,0.0,-0.01999999999999602,-2.639999999999997,0,2.639999999999997,-2.9074680000000086,-0.0,30.5,75.6,30.546666666666667,75.53500000000001,0.04849242364627216,0,0.03,0
2026-06-29 06:15:00,30.5,75.6,27.9475,78.2283218,2.5483333200000002,98.4333348,5.2086744199999995,6,0,Monday,0,0.0,0.01999999999999602,-2.5524999999999984,0,2.5524999999999984,-2.628321800000009,-0.0,30.5,75.58,30.538333333333338,75.54833333333333,0.04706539614970644,0,0.03,0
2026-06-29 06:20:00,30.5,75.6,28.035000000000004,77.969178,2.35666672,98.2666672,4.88769654,6,0,Monday,0,0.0,0.0,-2.4649999999999963,0,2.4649999999999963,-2.369178000000005,-0.0,30.5,75.6,30.53,75.55666666666666,0.04390071442303561,0,0.03,0
2026-06-29 06:25:00,30.48,75.6,28.122500000000002,77.710032,2.16500008,98.099998,4.56671858,6,0,Monday,0,-0.019999999999999574,0.0,-2.357499999999998,0,2.357499999999998,-2.110032000000004,0.019999999999999574,30.5,75.6,30.52,75.565,0.03999999999479583,0,0.07,0
2026-06-29 06:30:00,30.46,75.58,28.210000400000002,77.4508892,1.9733333800000001,97.9333348,4.24574088,6,0,Monday,0,-0.019999999999999574,-0.01999999999999602,-2.249999599999999,0,2.249999599999999,-1.8708892000000077,0.019999999999999574,30.48,75.6,30.508333333333336,75.57499999999999,0.03459724984095388,0,0.08,0
2026-06-29 06:35:00,30.4,75.66,28.297500000000003,77.19174419999999,1.7816666399999999,97.7666672,3.9247628800000003,6,0,Monday,0,-0.060000000000002274,0.0799999999999983,-2.1024999999999956,0,2.1024999999999956,-1.5317441999999915,0.060000000000002274,30.46,75.58,30.491666666666664,75.585,0.03459724984103782,0,0.08,0
2026-06-29 06:40:00,30.4,75.67999999999999,28.385,76.93259900000001,1.58999996,97.599998,3.6037849800000004,6,0,Monday,0,0.0,0.01999999999999602,-2.014999999999997,0,2.014999999999997,-1.2525990000000178,-0.0,30.4,75.66,30.480000000000004,75.59833333333333,0.03999999999497007,0,0.07,0
2026-06-29 06:45:00,30.4,75.76,28.472500000000004,76.67345379999999,1.3983333,97.4333348,3.28280702,6,0,Monday,0,0.0,0.0800000000000125,-1.9274999999999949,0,1.9274999999999949,-0.913453799999985,-0.0,30.4,75.67999999999999,30.471666666666664,75.61666666666666,0.045493922333620825,0,0.06,0
2026-06-29 06:50:00,30.4,75.76,28.5600012,76.4143108,1.20666666,97.2666672,2.96182926,6,0,Monday,0,0.0,0.0,-1.8399988,0,1.8399988,-0.6543107999999904,-0.0,30.4,75.76,30.461666666666662,75.62833333333333,0.04706539614999101,0,0.13,0
2026-06-29 06:55:00,30.4,75.67999999999999,28.6475006,76.15516720000001,1.0149999859999999,97.099998,2.64085138,6,0,Monday,0,0.0,-0.0800000000000125,-1.7524993999999978,0,1.7524993999999978,-0.47516720000001555,-0.0,30.4,75.76,30.453333333333333,75.64,0.04849242364660825,0,0.15,0
2026-06-29 07:00:00,30.4,75.7,28.7183338,75.883692,0.87999999,97.1,2.51313448,7,0,Monday,0,0.0,0.020000000000010232,-1.6816661999999987,0,1.6816661999999987,-0.18369199999999353,-0.0,30.4,75.67999999999999,30.444999999999997,75.64999999999999,0.04833594558890447,0,0.15,0
2026-06-29 07:05:00,30.4,75.67999999999999,28.764167800000003,75.593718,0.829999992,97.35,2.6753090999999998,7,0,Monday,0,0.0,-0.020000000000010232,-1.6358321999999959,0,1.6358321999999959,0.08628199999999708,-0.0,30.4,75.7,30.436666666666667,75.65666666666667,0.0465800061110966,0,0.15,0
2026-06-29 07:10:00,30.4,75.74,28.810001399999997,75.303748,0.779999982,97.6,2.83748364,7,0,Monday,0,0.0,0.060000000000002274,-1.5899986000000013,0,1.5899986000000013,0.4362519999999961,-0.0,30.4,75.67999999999999,30.42833333333333,75.67,0.043029236004499524,0,0.15,0
2026-06-29 07:15:00,30.4,75.67999999999999,28.8558334,75.01377199999999,0.7299999859999999,97.85,2.99965834,7,0,Monday,0,0.0,-0.060000000000002274,-1.544166599999997,0,1.544166599999997,0.6662280000000038,-0.0,30.4,75.74,30.419999999999998,75.67666666666666,0.03717281508625441,0,0.19,0
2026-06-29 07:20:00,30.4,75.66,28.9016666,74.723802,0.679999994,98.1,3.16183292,7,0,Monday,0,0.0,-0.01999999999999602,-1.4983334,0,1.4983334,0.9361979999999903,-0.0,30.4,75.67999999999999,30.411666666666665,75.68166666666666,0.02757908737118786,0,0.2,0
2026-06-29 07:25:00,30.4,75.72,28.947500400000003,74.43382799999999,0.63,98.35,3.32400752,7,0,Monday,0,0.0,0.060000000000002274,-1.452499599999996,0,1.452499599999996,1.2861720000000076,-0.0,30.4,75.66,30.405,75.69166666666666,0.017320508064830053,0,0.21,0
2026-06-29 07:30:00,30.380000000000003,75.74,28.9933336,74.143856,0.58,98.6,3.4861821999999996,7,0,Monday,0,-0.01999999999999602,0.01999999999999602,-1.3866664000000029,0,1.3866664000000029,1.5961439999999953,0.01999999999999602,30.4,75.72,30.39833333333333,75.705,0.005773502659517807,0,0.2,0
2026-06-29 07:35:00,30.339999999999996,75.8,29.039167,73.853882,0.53,98.85,3.6483568399999995,7,0,Monday,0,-0.04000000000000625,0.060000000000002274,-1.3008329999999972,0,1.3008329999999972,1.9461179999999985,0.04000000000000625,30.380000000000003,75.74,30.393333333333334,75.71666666666665,0.017752507281492053,0,0.09,0
2026-06-29 07:40:00,30.32,75.88000000000001,29.085001,73.563912,0.48,99.1,3.8105313799999996,7,0,Monday,0,-0.01999999999999602,0.0800000000000125,-1.234999000000002,0,1.234999000000002,2.3160880000000077,0.01999999999999602,30.339999999999996,75.8,30.386666666666667,75.73333333333333,0.027413776666949743,0,0.09,0
2026-06-29 07:45:00,30.339999999999996,75.92,29.130833000000003,73.273938,0.43000000399999994,99.35,3.972706,7,0,Monday,0,0.01999999999999602,0.03999999999999204,-1.2091669999999937,0,1.2091669999999937,2.6460620000000006,-0.01999999999999602,30.32,75.88000000000001,30.381666666666664,75.74666666666667,0.030100840614385477,0,0.09,0
2026-06-29 07:50:00,30.32,75.92,29.1766664,72.983968,0.380000004,99.6,4.13488054,7,0,Monday,0,-0.01999999999999602,0.0,-1.1433336000000018,0,1.1433336000000018,2.9360319999999973,0.01999999999999602,30.339999999999996,75.92,30.375,75.76,0.034245105816184424,0,0.08,0
2026-06-29 07:55:00,30.360000000000003,75.94000000000001,29.2224998,72.69399200000001,0.330000008,99.85,4.297055179999999,7,0,Monday,0,0.0400000000000027,0.020000000000010232,-1.1375002000000016,0,1.1375002000000016,3.2460080000000033,-0.0400000000000027,30.32,75.92,30.371666666666666,75.78166666666667,0.03352972448258435,0,0.08,0
2026-06-29 08:00:00,30.4,76.0,29.126666999999998,73.0423428,0.40000000799999996,99.8333328,4.57459212,8,0,Monday,0,0.039999999999995595,0.05999999999998806,-1.273333000000001,0,1.273333000000001,2.9576572,-0.039999999999995595,30.360000000000003,75.94000000000001,30.371666666666666,75.80666666666667,0.03352972448258435,0,0.08,1
2026-06-29 08:05:00,30.4,76.08,28.818333000000003,74.3481766,0.65,99.4166672,5.02517272,8,0,Monday,0,0.0,0.0799999999999983,-1.581666999999996,0,1.581666999999996,1.7318233999999961,-0.0,30.4,76.0,30.371666666666666,75.83999999999999,0.03352972448258435,0,0.2,1
2026-06-29 08:10:00,30.4,76.02000000000001,28.5100002,75.6540114,0.9,99.0,5.475753259999999,8,0,Monday,0,0.0,-0.05999999999998806,-1.8899997999999982,0,1.8899997999999982,0.36598860000000855,-0.0,30.4,76.08,30.371666666666666,75.86333333333333,0.03352972448258435,0,0.19,1
2026-06-29 08:15:00,30.4,76.08,28.2016662,76.959844,1.15,98.5833328,5.92633376,8,0,Monday,0,0.0,0.05999999999998806,-2.1983338000000003,0,2.1983338000000003,-0.8798440000000056,-0.0,30.4,76.02000000000001,30.371666666666666,75.89666666666666,0.03352972448258435,0,0.07,1
2026-06-29 08:20:00,30.4,76.02000000000001,27.8933332,78.26567600000001,1.4,98.1666672,6.3769141000000005,8,0,Monday,0,0.0,-0.05999999999998806,-2.506666799999998,0,2.506666799999998,-2.245676000000003,-0.0,30.4,76.08,30.371666666666666,75.92666666666668,0.03352972448258435,0,0.07,1
2026-06-29 08:25:00,30.46,76.14,27.584999399999997,79.571506,1.64999998,97.75,6.82749462,8,0,Monday,0,0.060000000000002274,0.11999999999999034,-2.8750006000000035,0,2.8750006000000035,-3.431505999999999,-0.060000000000002274,30.4,76.02000000000001,30.376666666666665,75.96166666666667,0.041633319984924366,0,0.07,1
2026-06-29 08:30:00,30.5,75.97999999999999,27.276666799999997,80.87733879999999,1.8999999799999998,97.3333328,7.278075100000001,8,0,Monday,0,0.03999999999999915,-0.1600000000000108,-3.2233332000000026,0,3.2233332000000026,-4.8973388,-0.03999999999999915,30.46,76.14,30.386666666666667,75.98166666666667,0.05482755334401415,0,0.05,1
2026-06-29 08:35:00,30.6,75.94000000000001,26.968332800000002,82.183172,2.14999998,96.9166672,7.728655720000001,8,0,Monday,0,0.10000000000000142,-0.03999999999997783,-3.631667199999999,0,3.631667199999999,-6.243171999999987,-0.10000000000000142,30.5,75.97999999999999,30.40833333333333,75.99333333333334,0.08020806276775193,0,0.04,1
2026-06-29 08:40:00,30.439999999999998,75.58,26.5983328,83.7501742,2.4499999800000003,96.4166672,8.269352,8,0,Monday,0,-0.1600000000000037,-0.36000000000001364,-3.8416671999999963,1,3.8416671999999963,-8.170174200000005,0.1600000000000037,30.6,75.94000000000001,30.418333333333333,75.96833333333335,0.07553847103085495,0,6.01,1
2026-06-29 08:45:00,29.54,71.3,26.289999,85.056006,2.6999999800000003,96.0,8.7199329,8,0,Monday,0,-0.8999999999999986,-4.280000000000001,-3.2500009999999975,1,3.2500009999999975,-13.756006,0.8999999999999986,30.439999999999998,75.58,30.351666666666663,75.58333333333333,0.26539279065750043,1,84.13,1
2026-06-29 08:50:00,28.52,68.52000000000001,25.9816668,86.361836,2.9499999800000003,95.5833328,9.170513199999998,8,0,Monday,0,-1.0199999999999996,-2.779999999999987,-2.5383332000000003,1,2.5383332000000003,-17.841835999999986,1.0199999999999996,29.54,71.3,30.201666666666668,74.96666666666667,0.5922811576410869,1,99.07,1
2026-06-29 08:55:00,27.839999999999996,67.26,25.6733324,87.667668,3.1999999800000003,95.1666672,9.6210936,8,0,Monday,0,-0.6800000000000033,-1.2600000000000051,-2.1666675999999967,1,2.1666675999999967,-20.407668,0.6800000000000033,28.52,68.52000000000001,29.991666666666664,74.24333333333333,0.8985830596841272,1,99.08,1
2026-06-29 09:00:00,27.3,66.28,25.5599996,88.257674,3.18999996,94.0499996,9.7107218,9,0,Monday,0,-0.5399999999999956,-0.980000000000004,-1.7400003999999996,1,1.7400003999999996,-21.977673999999993,0.5399999999999956,27.839999999999996,67.26,29.733333333333334,73.43333333333334,1.1739392374962165,1,99.52,1
2026-06-29 09:05:00,26.860000000000003,65.52000000000001,25.576666,88.370456,3.00666668,92.4666672,9.5597144,9,0,Monday,0,-0.4399999999999977,-0.7599999999999909,-1.2833340000000035,1,1.2833340000000035,-22.850455999999994,0.4399999999999977,27.3,66.28,29.438333333333333,72.55333333333334,1.4118577917915085,1,99.54,1
2026-06-29 09:10:00,26.5,65.1,25.5933324,88.4832404,2.82333328,90.88333320000001,9.4087081,9,0,Monday,0,-0.360000000000003,-0.4200000000000159,-0.9066675999999987,1,0.9066675999999987,-23.383240400000005,0.360000000000003,26.860000000000003,65.52000000000001,29.113333333333333,71.64333333333333,1.6059057672645125,1,99.81,1
2026-06-29 09:15:00,26.24,66.03999999999999,25.609999800000004,88.5960232,2.63999996,89.2999996,9.257701,9,0,Monday,0,-0.26000000000000156,0.9399999999999977,-0.6300001999999942,1,0.6300001999999942,-22.556023200000013,0.26000000000000156,26.5,65.1,28.76666666666667,70.80666666666667,1.745817512765582,1,99.71,1
2026-06-29 09:20:00,26.060000000000002,66.67999999999999,25.626666399999998,88.70881,2.45666664,87.7166672,9.106693799999999,9,0,Monday,0,-0.17999999999999616,0.6400000000000006,-0.43333360000000454,1,0.43333360000000454,-22.028810000000007,0.17999999999999616,26.24,66.03999999999999,28.405,70.02833333333334,1.8244625609652783,1,98.1,1
2026-06-29 09:25:00,26.1,68.74,25.643332800000003,88.8215936,2.27333332,86.13333320000001,8.955687399999999,9,0,Monday,0,0.03999999999999915,2.0600000000000023,-0.4566671999999983,1,0.4566671999999983,-20.081593600000005,-0.03999999999999915,26.060000000000002,66.67999999999999,28.041666666666668,69.41166666666666,1.8121099371293394,1,93.41,1
2026-06-29 09:30:00,26.160000000000004,69.2,25.660000000000004,88.93437800000001,2.08999998,84.5499996,8.804680399999999,9,0,Monday,0,0.060000000000002274,0.46000000000000796,-0.5,1,0.5,-19.734378000000007,-0.060000000000002274,26.1,68.74,27.680000000000003,68.84666666666668,1.7069057597676198,0,48.19,1
2026-06-29 09:35:00,26.119999999999997,69.42,25.676666,89.047163,1.90666668,82.9666672,8.6536732,9,0,Monday,0,-0.04000000000000625,0.21999999999999886,-0.44333399999999656,1,0.44333399999999656,-19.627162999999996,0.04000000000000625,26.160000000000004,69.2,27.30666666666667,68.30333333333333,1.485795369083042,1,95.2,1
2026-06-29 09:40:00,26.18,69.84,25.6933332,89.159944,1.72333334,81.38333320000001,8.5026663,9,0,Monday,0,0.060000000000002274,0.4200000000000017,-0.4866667999999983,0,0.4866667999999983,-19.319943999999992,-0.060000000000002274,26.119999999999997,69.42,26.951666666666668,67.825,1.1370922512618091,0,20.79,1
2026-06-29 09:45:00,26.26,69.14,25.71,89.27273,1.54,79.7999996,8.3516598,9,0,Monday,0,0.08000000000000185,-0.7000000000000028,-0.5500000000000007,0,0.5500000000000007,-20.132729999999995,-0.08000000000000185,26.18,69.84,26.678333333333338,67.645,0.8036941224279298,0,10.39,1
2026-06-29 09:50:00,26.1,68.94,25.726666799999997,89.3855112,1.35666668,78.2166672,8.200652600000002,9,0,Monday,0,-0.16000000000000014,-0.20000000000000284,-0.3733332000000047,0,0.3733332000000047,-20.4455112,0.16000000000000014,26.26,69.14,26.476666666666663,67.68,0.5688798136911442,1,96.63,1
2026-06-29 09:55:00,26.22,71.42,25.743333200000002,89.4982972,1.17333336,76.63333320000001,8.0496454,9,0,Monday,0,0.11999999999999744,2.480000000000004,-0.4766667999999967,0,0.4766667999999967,-18.078297199999994,-0.11999999999999744,26.1,68.94,26.34166666666667,68.02666666666667,0.3751807645144969,0,8.28,1
2026-06-29 10:00:00,26.32,71.06,25.747499799999996,89.5567076,1.05500004,76.3999988,7.78069974,10,0,Monday,0,0.10000000000000142,-0.35999999999999943,-0.5725002000000039,0,0.5725002000000039,-18.496707599999993,-0.10000000000000142,26.22,71.42,26.26,68.425,0.22368809453671892,0,7.12,1
2026-06-29 10:05:00,26.380000000000003,72.9,25.7433336,89.578863,0.980000016,77.06666720000001,7.43312738,10,0,Monday,0,0.060000000000002274,1.8400000000000034,-0.6366664000000029,0,0.6366664000000029,-16.678862999999993,-0.060000000000002274,26.32,71.06,26.22,69.04,0.12989506254606148,0,32.2,1
2026-06-29 10:10:00,26.54,74.4,25.7391664,89.60102020000001,0.905000016,77.73333399999999,7.0855553,10,0,Monday,0,0.1599999999999966,1.5,-0.8008336000000007,0,0.8008336000000007,-15.201020200000002,-0.1599999999999966,26.380000000000003,72.9,26.223333333333333,69.815,0.13799429061936208,0,21.19,1
2026-06-29 10:15:00,26.5,72.9,25.7350006,89.6231788,0.8300000080000001,78.3999988,6.737983,10,0,Monday,0,-0.03999999999999915,-1.5,-0.7649994000000007,0,0.7649994000000007,-16.7231788,0.03999999999999915,26.54,74.4,26.245,70.38666666666667,0.15957329464777462,1,86.04,1
2026-06-29 10:20:00,26.68,72.72,25.7308336,89.64533800000001,0.755000008,79.06666720000001,6.3904106800000005,10,0,Monday,0,0.17999999999999972,-0.18000000000000682,-0.9491663999999993,0,0.9491663999999993,-16.92533800000001,-0.17999999999999972,26.5,72.9,26.296666666666667,70.89,0.1914221101218859,0,15.82,1
2026-06-29 10:25:00,26.580000000000002,72.12,25.726667,89.6674952,0.6800000159999999,79.73333399999999,6.0428386000000005,10,0,Monday,0,-0.09999999999999787,-0.5999999999999943,-0.8533330000000028,0,0.8533330000000028,-17.5474952,0.09999999999999787,26.68,72.72,26.33666666666667,71.17166666666667,0.1966692347060544,1,93.49,1
2026-06-29 10:30:00,26.7,73.56,25.7224998,89.689652,0.605000006,80.3999988,5.6952663,10,0,Monday,0,0.11999999999999744,1.4399999999999977,-0.9775001999999979,1,0.9775001999999979,-16.129651999999993,-0.11999999999999744,26.580000000000002,72.12,26.381666666666664,71.535,0.21361959960264593,0,6.27,1
2026-06-29 10:35:00,26.860000000000003,73.86,25.718334,89.71180899999999,0.5300000060000001,81.06666720000001,5.34769414,10,0,Monday,0,0.1600000000000037,0.29999999999999716,-1.1416660000000043,1,1.1416660000000043,-15.851808999999989,-0.1600000000000037,26.7,73.56,26.44333333333333,71.905,0.23677121037331791,0,6.27,1
2026-06-29 10:40:00,26.9,72.06,25.7141672,89.7339682,0.45499999999999996,81.73333399999999,5.00012184,10,0,Monday,0,0.039999999999995595,-1.7999999999999972,-1.1858328,1,1.1858328,-17.673968200000004,-0.039999999999995595,26.860000000000003,73.86,26.50333333333333,72.09,0.25453463180655306,1,59.41,1
2026-06-29 10:45:00,26.74,70.94,25.710001,89.7561248,0.38,82.3999988,4.65254968,10,0,Monday,0,-0.16000000000000014,-1.1200000000000045,-1.029999,1,1.029999,-18.816124799999997,0.16000000000000014,26.9,72.06,26.543333333333333,72.24,0.25050252524180244,1,94.54,1
2026-06-29 10:50:00,26.72,70.1,25.7058332,89.778283,0.305,83.06666720000001,4.30497738,10,0,Monday,0,-0.019999999999999574,-0.8400000000000034,-1.0141667999999981,1,1.0141667999999981,-19.678283000000008,0.019999999999999574,26.74,70.94,26.595000000000002,72.33666666666667,0.2116815790523064,1,93.2,1
2026-06-29 10:55:00,26.78,70.74,25.7016676,89.800439,0.22999999999999998,83.73333399999999,3.9574052199999996,10,0,Monday,0,0.060000000000002274,0.6400000000000006,-1.0783324000000007,1,1.0783324000000007,-19.060439000000002,-0.060000000000002274,26.72,70.1,26.641666666666666,72.28,0.18099891176904,0,37.32,1
2026-06-29 11:00:00,26.8,69.78,25.7050008,89.796194,0.190000004,84.25,3.92568226,11,0,Monday,0,0.019999999999999574,-0.9599999999999937,-1.0949992000000002,1,1.0949992000000002,-20.016194,-0.019999999999999574,26.78,70.74,26.68166666666667,72.17333333333333,0.15455704056702022,1,86.95,1
2026-06-29 11:05:00,26.839999999999996,71.05999999999999,25.713333799999997,89.774349,0.173333332,84.6666672,4.104525359999999,11,0,Monday,0,0.039999999999995595,1.279999999999987,-1.126666199999999,1,1.126666199999999,-18.714349000000013,-0.039999999999995595,26.8,69.78,26.72,72.02,0.1276358456384898,1,84.79,1
2026-06-29 11:10:00,27.0,71.84,25.7216668,89.7525,0.15666667,85.0833328,4.28336864,11,0,Monday,0,0.1600000000000037,0.7800000000000153,-1.2783331999999987,1,1.2783331999999987,-17.912499999999994,-0.1600000000000037,26.839999999999996,71.05999999999999,26.75833333333333,71.80666666666666,0.13736701558462536,0,34.89,1
2026-06-29 11:15:00,27.080000000000002,71.97999999999999,25.7300004,89.730653,0.140000004,85.5,4.46221176,11,0,Monday,0,0.08000000000000185,0.13999999999998636,-1.3499996000000003,1,1.3499996000000003,-17.750653000000014,-0.08000000000000185,27.0,71.84,26.80666666666667,71.73,0.140216283153986,0,30.9,1
2026-06-29 11:20:00,27.04,71.46000000000001,25.738333599999997,89.7088062,0.123333336,85.9166672,4.64105496,11,0,Monday,0,-0.0400000000000027,-0.5199999999999818,-1.301666400000002,1,1.301666400000002,-18.24880619999999,0.0400000000000027,27.080000000000002,71.97999999999999,26.836666666666662,71.625,0.14889491922358886,1,91.78,1
2026-06-29 11:25:00,27.04,71.02000000000001,25.746666600000005,89.6869588,0.10666666799999999,86.3333328,4.81989816,11,0,Monday,0,0.0,-0.4399999999999977,-1.2933333999999945,1,1.2933333999999945,-18.66695879999999,-0.0,27.04,71.46000000000001,26.875,71.53333333333333,0.13541182975372637,1,92.62,1
2026-06-29 11:30:00,27.0,73.3,25.755000000000003,89.66511,0.0900000012,86.75,4.9987413599999995,11,0,Monday,0,-0.03999999999999915,2.279999999999987,-1.2449999999999974,1,1.2449999999999974,-16.36511,0.03999999999999915,27.04,71.02000000000001,26.900000000000002,71.51166666666667,0.1276358456382404,1,92.47,1
2026-06-29 11:35:00,27.080000000000002,73.14,25.763333,89.64326100000001,0.073333336,87.1666672,5.17758446,11,0,Monday,0,0.08000000000000185,-0.1599999999999966,-1.3166670000000025,1,1.3166670000000025,-16.50326100000001,-0.08000000000000185,27.0,73.3,26.918333333333333,71.45166666666667,0.13683655368765923,0,30.71,1
2026-06-29 11:40:00,27.02,71.64,25.771666399999997,89.621416,0.0566666674,87.5833328,5.35642782,11,0,Monday,0,-0.060000000000002274,-1.5,-1.2483336000000023,1,1.2483336000000023,-17.981415999999996,0.060000000000002274,27.080000000000002,73.14,26.92833333333333,71.41666666666667,0.13972917528244433,1,92.47,1
2026-06-29 11:45:00,27.119999999999997,71.36,25.779999800000002,89.599569,0.040000001,88.0,5.535270880000001,11,0,Monday,0,0.09999999999999787,-0.28000000000000114,-1.340000199999995,1,1.340000199999995,-18.239569000000003,-0.09999999999999787,27.02,71.64,26.959999999999997,71.45166666666667,0.13618169681096143,0,16.57,1
2026-06-29 11:50:00,27.139999999999997,71.44,25.7883328,89.577721,0.0233333338,88.4166672,5.714114220000001,11,0,Monday,0,0.019999999999999574,0.0799999999999983,-1.3516671999999978,1,1.3516671999999978,-18.137721,-0.019999999999999574,27.119999999999997,71.36,26.995,71.56333333333333,0.12214000908394916,1,74.54,1
2026-06-29 11:55:00,27.119999999999997,71.1,25.796666,89.555872,0.00666666688,88.8333328,5.89295728,11,0,Monday,0,-0.019999999999999574,-0.3400000000000034,-1.3233339999999991,1,1.3233339999999991,-18.455872,0.019999999999999574,27.139999999999997,71.44,27.02333333333333,71.59333333333333,0.10611600285273326,1,83.17,1
2026-06-29 12:00:00,27.04,71.97999999999999,25.7949992,89.65559820000001,0.0200000006,89.45,5.77903978,12,0,Monday,0,-0.0799999999999983,0.8799999999999955,-1.2450007999999997,0,1.2450007999999997,-17.675598200000024,0.0799999999999983,27.119999999999997,71.1,27.043333333333333,71.77666666666666,0.07946792759333585,1,93.84,1
2026-06-29 12:05:00,27.48,74.02000000000001,25.786666200000003,89.83637200000001,0.0533333348,90.2,5.46994792,12,0,Monday,0,0.4400000000000013,2.0400000000000205,-1.6933337999999978,1,1.6933337999999978,-15.816372000000001,-0.4400000000000013,27.04,71.97999999999999,27.096666666666668,72.02333333333334,0.12956804694324825,0,22.7,1
2026-06-29 12:10:00,27.68,74.67999999999999,25.7783332,90.017145,0.086666668,90.95,5.16085614,12,0,Monday,0,0.1999999999999993,0.6599999999999824,-1.901666800000001,1,1.901666800000001,-15.337145000000007,-0.1999999999999993,27.48,74.02000000000001,27.153333333333336,72.26,0.2082539242619111,0,18.86,1
2026-06-29 12:15:00,27.939999999999998,72.66,25.7699996,90.1979184,0.120000005,91.7,4.8517643,12,0,Monday,0,0.259999999999998,-2.019999999999996,-2.1700003999999993,1,2.1700003999999993,-17.53791840000001,-0.259999999999998,27.68,74.67999999999999,27.224999999999998,72.31666666666666,0.30583715215311374,0,2.8,1
2026-06-29 12:20:00,27.560000000000002,69.2,25.761666400000003,90.3786928,0.15333333799999999,92.45,4.54267256,12,0,Monday,0,-0.37999999999999545,-3.4599999999999937,-1.7983335999999994,0,1.7983335999999994,-21.178692799999993,0.37999999999999545,27.939999999999998,72.66,27.268333333333334,72.12833333333333,0.31397259096860036,1,99.6,1
2026-06-29 12:25:00,27.3,69.67999999999999,25.753333399999995,90.559465,0.186666668,93.2,4.23358074,12,0,Monday,0,-0.26000000000000156,0.47999999999998977,-1.5466666000000053,1,1.5466666000000053,-20.87946500000001,0.26000000000000156,27.560000000000002,69.2,27.289999999999996,72.01666666666667,0.3056438807156498,1,99.69,1
2026-06-29 12:30:00,27.32,69.28,25.744999999999997,90.74023919999999,0.22000000000000003,93.95,3.92448902,12,0,Monday,0,0.019999999999999574,-0.3999999999999915,-1.5750000000000028,1,1.5750000000000028,-21.46023919999999,-0.019999999999999574,27.3,69.67999999999999,27.316666666666666,71.68166666666667,0.29168268354415405,1,88.7,1
2026-06-29 12:35:00,27.46,71.06,25.736667,90.9210128,0.253333338,94.7,3.61539724,12,0,Monday,0,0.14000000000000057,1.7800000000000011,-1.7233330000000002,1,1.7233330000000002,-19.861012799999997,-0.14000000000000057,27.32,69.28,27.348333333333333,71.50833333333333,0.28418410592664456,0,27.62,1
2026-06-29 12:40:00,27.5,68.55999999999999,25.728333600000003,91.10178499999999,0.28666667,95.45,3.3063054000000003,12,0,Monday,0,0.03999999999999915,-2.500000000000014,-1.7716663999999973,1,1.7716663999999973,-22.541785000000004,-0.03999999999999915,27.46,71.06,27.388333333333332,71.25166666666667,0.2670319467905796,1,80.04,1
2026-06-29 12:45:00,27.060000000000002,64.4,25.720000199999998,91.28255920000001,0.320000004,96.2,2.99721382,12,0,Monday,0,-0.4399999999999977,-4.159999999999982,-1.3399998000000046,1,1.3399998000000046,-26.882559200000003,0.4399999999999977,27.5,68.55999999999999,27.383333333333336,70.67166666666667,0.27300793639387305,1,99.37,1
2026-06-29 12:50:00,26.48,61.4,25.7116672,91.463333,0.35333333,96.95,2.6881220399999997,12,0,Monday,0,-0.5800000000000018,-3.000000000000007,-0.7683327999999996,1,0.7683327999999996,-30.063333000000007,0.5800000000000018,27.060000000000002,64.4,27.328333333333333,69.835,0.3742102795675977,1,99.62,1
2026-06-29 12:55:00,26.1,59.3,25.703334,91.6441058,0.38666667600000004,97.7,2.37903024,12,0,Monday,0,-0.379999999999999,-2.1000000000000014,-0.39666599999999974,1,0.39666599999999974,-32.34410580000001,0.379999999999999,26.48,61.4,27.243333333333336,68.85166666666666,0.515140463340293,1,99.6,1
2026-06-29 13:00:00,25.8,58.7,25.7,91.702685,0.40500000199999997,98.0,2.29667904,13,0,Monday,0,-0.3000000000000007,-0.5999999999999943,-0.10000000000000142,1,0.10000000000000142,-33.002685,0.3000000000000007,26.1,59.3,27.14,67.745,0.6628313922456031,1,99.63,1
2026-06-29 13:05:00,25.76,61.52,25.7,91.67980279999999,0.413333338,98.0,2.36548818,13,0,Monday,0,-0.03999999999999915,2.8200000000000003,-0.060000000000002274,1,0.060000000000002274,-30.159802799999987,0.03999999999999915,25.8,58.7,26.996666666666666,66.70333333333333,0.761282808916866,1,98.9,1
2026-06-29 13:10:00,26.04,65.44,25.7,91.6569192,0.42166667999999996,98.0,2.4342973,13,0,Monday,0,0.2799999999999976,3.9199999999999946,-0.33999999999999986,1,0.33999999999999986,-26.216919200000007,-0.2799999999999976,25.76,61.52,26.86,65.93333333333334,0.7745497225667036,1,78.82,1
2026-06-29 13:15:00,26.139999999999997,64.56,25.7,91.6340352,0.43000000600000005,98.0,2.50310648,13,0,Monday,0,0.09999999999999787,-0.8799999999999955,-0.4399999999999977,0,0.4399999999999977,-27.074035199999997,-0.09999999999999787,26.04,65.44,26.709999999999997,65.25833333333334,0.7186603699061638,1,93.78,1
2026-06-29 13:20:00,25.7,63.05999999999999,25.7,91.611153,0.438333332,98.0,2.5719157000000004,13,0,Monday,0,-0.4399999999999977,-1.5000000000000142,0.0,0,0.0,-28.551153000000014,0.4399999999999977,26.139999999999997,64.56,26.554999999999996,64.74666666666667,0.7192483450235887,1,99.76,1
2026-06-29 13:25:00,25.95,68.45,25.7,91.595135,0.444166665,98.0,2.6200821000000003,13,0,Monday,0,0.25,5.390000000000015,-0.25,0,0.25,-23.145134999999996,-0.25,25.7,63.05999999999999,26.4425,64.64416666666666,0.6973733185716052,0,38.97,1
